1,20,source_url,scraped_at,Set Name,Card,Description,Team City,Team Name,Auto,#'d,Odds,Point,Base Set,Oliver Bonk,London,Knights,,"14 Base Cards per Hobby & e-Pack, Six per Blaster",checklist_title,checklist_slug
,,http://upperdeck.com/checklist/2024-25-chl-hockey-checklist/,2025-12-24T04:16:46.152Z,Base Set,1,Oliver Bonk,London,Knights,,,"14 Base Cards per Hobby & e-Pack, Six per Blaster",20,,,,,,,2024-25 CHL Hockey Checklist,2024-25-chl-hockey-checklist
,,http://upperdeck.com/checklist/2024-25-chl-hockey-checklist/,2025-12-24T04:16:46.152Z,Base Set,2,Tyler MacKenzie,Everett,Silvertips,,,"14 Base Cards per Hobby & e-Pack, Six per Blaster",20,,,,,,,2024-25 CHL Hockey Checklist,2024-25-chl-hockey-checklist
,,http://upperdeck.com/checklist/2024-25-chl-hockey-checklist/,2025-12-24T04:16:46.152Z,Base Set,3,Jules Boilard,Baie-Comeau,Drakkar,,,"14 Base Cards per Hobby & e-Pack, Six per Blaster",20,,,,,,,2024-25 CHL Hockey Checklist,2024-25-chl-hockey-checklist
,,http://upperdeck.com/checklist/2024-25-chl-hockey-checklist/,2025-12-24T04:16:46.152Z,Base Set,4,Kevin He,Niagara,IceDogs,,,"14 Base Cards per Hobby & e-Pack, Six per Blaster",20,,,,,,,2024-25 CHL Hockey Checklist,2024-25-chl-hockey-checklist
,,http://upperdeck.com/checklist/2024-25-chl-hockey-checklist/,2025-12-24T04:16:46.152Z,Base Set,5,Clarke Caswell,Swift Current,Broncos,,,"14 Base Cards per Hobby & e-Pack, Six per Blaster",20,,,,,,,2024-25 CHL Hockey Checklist,2024-25-chl-hockey-checklist
,,http://upperdeck.com/checklist/2024-25-chl-hockey-checklist/,2025-12-24T04:16:46.152Z,Base Set,6,Felix Lacerte,Shawinigan,Cataractes,,,"14 Base Cards per Hobby & e-Pack, Six per Blaster",20,,,,,,,2024-25 CHL Hockey Checklist,2024-25-chl-hockey-checklist
,,http://upperdeck.com/checklist/2024-25-chl-hockey-checklist/,2025-12-24T04:16:46.152Z,Base Set,7,Ethan Belchetz,Windsor,Spitfires,,,"14 Base Cards per Hobby & e-Pack, Six per Blaster",20,,,,,,,2024-25 CHL Hockey Checklist,2024-25-chl-hockey-checklist
,,http://upperdeck.com/checklist/2024-25-chl-hockey-checklist/,2025-12-24T04:16:46.152Z,Base Set,8,Dominik Rymon,Everett,Silvertips,,,"14 Base Cards per Hobby & e-Pack, Six per Blaster",20,,,,,,,2024-25 CHL Hockey Checklist,2024-25-chl-hockey-checklist
,,http://upperdeck.com/checklist/2024-25-chl-hockey-checklist/,2025-12-24T04:16:46.152Z,Base Set,9,Emmanuel Vermette,Chicoutimi,Sagueneens,,,"14 Base Cards per Hobby & e-Pack, Six per Blaster",20,,,,,,,2024-25 CHL Hockey Checklist,2024-25-chl-hockey-checklist
,,http://upperdeck.com/checklist/2024-25-chl-hockey-checklist/,2025-12-24T04:16:46.152Z,Base Set,10,Beau Jelsma,Barrie,Colts,,,"14 Base Cards per Hobby & e-Pack, Six per Blaster",20,,,,,,,2024-25 CHL Hockey Checklist,2024-25-chl-hockey-checklist
,,http://upperdeck.com/checklist/2024-25-chl-hockey-checklist/,2025-12-24T04:16:46.152Z,Base Set,11,Carson Wetsch,Calgary,Flames,,,"14 Base Cards per Hobby & e-Pack, Six per Blaster",20,,,,,,,2024-25 CHL Hockey Checklist,2024-25-chl-hockey-checklist
,,http://upperdeck.com/checklist/2024-25-chl-hockey-checklist/,2025-12-24T04:16:46.152Z,Base Set,12,Matthew Butler,Charlottetown,Islanders,,,"14 Base Cards per Hobby & e-Pack, Six per Blaster",20,,,,,,,2024-25 CHL Hockey Checklist,2024-25-chl-hockey-checklist
,,http://upperdeck.com/checklist/2024-25-chl-hockey-checklist/,2025-12-24T04:16:46.152Z,Base Set,13,Dylan Edwards,Erie,Otters,,,"14 Base Cards per Hobby & e-Pack, Six per Blaster",20,,,,,,,2024-25 CHL Hockey Checklist,2024-25-chl-hockey-checklist
,,http://upperdeck.com/checklist/2024-25-chl-hockey-checklist/,2025-12-24T04:16:46.152Z,Base Set,14,Max Graham,Kelowna,Rockets,,,"14 Base Cards per Hobby & e-Pack, Six per Blaster",20,,,,,,,2024-25 CHL Hockey Checklist,2024-25-chl-hockey-checklist
,,http://upperdeck.com/checklist/2024-25-chl-hockey-checklist/,2025-12-24T04:16:46.152Z,Base Set,15,Nathan Baril,Drummondville,Voltigeurs,,,"14 Base Cards per Hobby & e-Pack, Six per Blaster",20,,,,,,,2024-25 CHL Hockey Checklist,2024-25-chl-hockey-checklist
,,http://upperdeck.com/checklist/2024-25-chl-hockey-checklist/,2025-12-24T04:16:46.152Z,Base Set,16,Calem Mangone,Saginaw,Spirit,,,"14 Base Cards per Hobby & e-Pack, Six per Blaster",20,,,,,,,2024-25 CHL Hockey Checklist,2024-25-chl-hockey-checklist
,,http://upperdeck.com/checklist/2024-25-chl-hockey-checklist/,2025-12-24T04:16:46.152Z,Base Set,17,Brady Birnie,Swift Current,Broncos,,,"14 Base Cards per Hobby & e-Pack, Six per Blaster",20,,,,,,,2024-25 CHL Hockey Checklist,2024-25-chl-hockey-checklist
,,http://upperdeck.com/checklist/2024-25-chl-hockey-checklist/,2025-12-24T04:16:46.152Z,Base Set,18,Vince Elie,Shawinigan,Cataractes,,,"14 Base Cards per Hobby & e-Pack, Six per Blaster",20,,,,,,,2024-25 CHL Hockey Checklist,2024-25-chl-hockey-checklist
,,http://upperdeck.com/checklist/2024-25-chl-hockey-checklist/,2025-12-24T04:16:46.152Z,Base Set,19,Jacob Oster,Oshawa,Generals,,,"14 Base Cards per Hobby & e-Pack, Six per Blaster",20,,,,,,,2024-25 CHL Hockey Checklist,2024-25-chl-hockey-checklist
,,http://upperdeck.com/checklist/2024-25-chl-hockey-checklist/,2025-12-24T04:16:46.152Z,Base Set,20,Ty Halaburda,Vancouver,Giants,,,"14 Base Cards per Hobby & e-Pack, Six per Blaster",20,,,,,,,2024-25 CHL Hockey Checklist,2024-25-chl-hockey-checklist
,,http://upperdeck.com/checklist/2024-25-chl-hockey-checklist/,2025-12-24T04:16:46.152Z,Base Set,21,Yoan Loshing,Shawinigan,Cataractes,,,"14 Base Cards per Hobby & e-Pack, Six per Blaster",20,,,,,,,2024-25 CHL Hockey Checklist,2024-25-chl-hockey-checklist
,,http://upperdeck.com/checklist/2024-25-chl-hockey-checklist/,2025-12-24T04:16:46.152Z,Base Set,22,Cedrick Guindon,Kingston,Frontenacs,,,"14 Base Cards per Hobby & e-Pack, Six per Blaster",20,,,,,,,2024-25 CHL Hockey Checklist,2024-25-chl-hockey-checklist
,,http://upperdeck.com/checklist/2024-25-chl-hockey-checklist/,2025-12-24T04:16:46.152Z,Base Set,23,Cole Reschny,Victoria,Royals,,,"14 Base Cards per Hobby & e-Pack, Six per Blaster",20,,,,,,,2024-25 CHL Hockey Checklist,2024-25-chl-hockey-checklist
,,http://upperdeck.com/checklist/2024-25-chl-hockey-checklist/,2025-12-24T04:16:46.152Z,Base Set,24,Paille Julien,Gatineau,Olympiques,,,"14 Base Cards per Hobby & e-Pack, Six per Blaster",20,,,,,,,2024-25 CHL Hockey Checklist,2024-25-chl-hockey-checklist
,,http://upperdeck.com/checklist/2024-25-chl-hockey-checklist/,2025-12-24T04:16:46.152Z,Base Set,25,Cam Allen,London,Knights,,,"14 Base Cards per Hobby & e-Pack, Six per Blaster",20,,,,,,,2024-25 CHL Hockey Checklist,2024-25-chl-hockey-checklist
,,http://upperdeck.com/checklist/2024-25-chl-hockey-checklist/,2025-12-24T04:16:46.152Z,Base Set,26,Logan McCutcheon,Lethbridge,Hurricanes,,,"14 Base Cards per Hobby & e-Pack, Six per Blaster",20,,,,,,,2024-25 CHL Hockey Checklist,2024-25-chl-hockey-checklist
,,http://upperdeck.com/checklist/2024-25-chl-hockey-checklist/,2025-12-24T04:16:46.152Z,Base Set,27,Mael St-Denis,Rimouski,Oceanic,,,"14 Base Cards per Hobby & e-Pack, Six per Blaster",20,,,,,,,2024-25 CHL Hockey Checklist,2024-25-chl-hockey-checklist
,,http://upperdeck.com/checklist/2024-25-chl-hockey-checklist/,2025-12-24T04:16:46.152Z,Base Set,28,Patrick Thomas,Brantford,Bulldogs,,,"14 Base Cards per Hobby & e-Pack, Six per Blaster",20,,,,,,,2024-25 CHL Hockey Checklist,2024-25-chl-hockey-checklist
,,http://upperdeck.com/checklist/2024-25-chl-hockey-checklist/,2025-12-24T04:16:46.152Z,Base Set,29,Gavin Hodnett,Edmonton,Oil Kings,,,"14 Base Cards per Hobby & e-Pack, Six per Blaster",20,,,,,,,2024-25 CHL Hockey Checklist,2024-25-chl-hockey-checklist
,,http://upperdeck.com/checklist/2024-25-chl-hockey-checklist/,2025-12-24T04:16:46.153Z,Base Set,30,Nate Tivey,Saint John,Sea Dogs,,,"14 Base Cards per Hobby & e-Pack, Six per Blaster",20,,,,,,,2024-25 CHL Hockey Checklist,2024-25-chl-hockey-checklist
,,http://upperdeck.com/checklist/2024-25-chl-hockey-checklist/,2025-12-24T04:16:46.153Z,Base Set,31,Jacob Julien,London,Knights,,,"14 Base Cards per Hobby & e-Pack, Six per Blaster",20,,,,,,,2024-25 CHL Hockey Checklist,2024-25-chl-hockey-checklist
,,http://upperdeck.com/checklist/2024-25-chl-hockey-checklist/,2025-12-24T04:16:46.153Z,Base Set,32,Miguel Marques,Lethbridge,Hurricanes,,,"14 Base Cards per Hobby & e-Pack, Six per Blaster",20,,,,,,,2024-25 CHL Hockey Checklist,2024-25-chl-hockey-checklist
,,http://upperdeck.com/checklist/2024-25-chl-hockey-checklist/,2025-12-24T04:16:46.153Z,Base Set,33,Jacob Newcombe,Cape Breton,Eagles,,,"14 Base Cards per Hobby & e-Pack, Six per Blaster",20,,,,,,,2024-25 CHL Hockey Checklist,2024-25-chl-hockey-checklist
,,http://upperdeck.com/checklist/2024-25-chl-hockey-checklist/,2025-12-24T04:16:46.153Z,Base Set,34,Nolan Collins,Flint,Firebirds,,,"14 Base Cards per Hobby & e-Pack, Six per Blaster",20,,,,,,,2024-25 CHL Hockey Checklist,2024-25-chl-hockey-checklist
,,http://upperdeck.com/checklist/2024-25-chl-hockey-checklist/,2025-12-24T04:16:46.153Z,Base Set,35,Tyson Jugnauth,Portland,Winterhawks,,,"14 Base Cards per Hobby & e-Pack, Six per Blaster",20,,,,,,,2024-25 CHL Hockey Checklist,2024-25-chl-hockey-checklist
,,http://upperdeck.com/checklist/2024-25-chl-hockey-checklist/,2025-12-24T04:16:46.153Z,Base Set,36,Mathis Rousseau,Moncton,Wildcats,,,"14 Base Cards per Hobby & e-Pack, Six per Blaster",20,,,,,,,2024-25 CHL Hockey Checklist,2024-25-chl-hockey-checklist
,,http://upperdeck.com/checklist/2024-25-chl-hockey-checklist/,2025-12-24T04:16:46.153Z,Base Set,37,Sam Alfano,Erie,Otters,,,"14 Base Cards per Hobby & e-Pack, Six per Blaster",20,,,,,,,2024-25 CHL Hockey Checklist,2024-25-chl-hockey-checklist
,,http://upperdeck.com/checklist/2024-25-chl-hockey-checklist/,2025-12-24T04:16:46.153Z,Base Set,38,Austin Elliot,London,Knights,,,"14 Base Cards per Hobby & e-Pack, Six per Blaster",20,,,,,,,2024-25 CHL Hockey Checklist,2024-25-chl-hockey-checklist
,,http://upperdeck.com/checklist/2024-25-chl-hockey-checklist/,2025-12-24T04:16:46.153Z,Base Set,39,Emile Guite,Chicoutimi,Sagueneens,,,"14 Base Cards per Hobby & e-Pack, Six per Blaster",20,,,,,,,2024-25 CHL Hockey Checklist,2024-25-chl-hockey-checklist
,,http://upperdeck.com/checklist/2024-25-chl-hockey-checklist/,2025-12-24T04:16:46.153Z,Base Set,40,Cameron Reid,Kitchener,Rangers,,,"14 Base Cards per Hobby & e-Pack, Six per Blaster",20,,,,,,,2024-25 CHL Hockey Checklist,2024-25-chl-hockey-checklist
,,http://upperdeck.com/checklist/2024-25-chl-hockey-checklist/,2025-12-24T04:16:46.153Z,Base Set,41,Jackson Unger,Lethbridge,Hurricanes,,,"14 Base Cards per Hobby & e-Pack, Six per Blaster",20,,,,,,,2024-25 CHL Hockey Checklist,2024-25-chl-hockey-checklist
,,http://upperdeck.com/checklist/2024-25-chl-hockey-checklist/,2025-12-24T04:16:46.153Z,Base Set,42,Luke Woodworth,Drummondville,Voltigeurs,,,"14 Base Cards per Hobby & e-Pack, Six per Blaster",20,,,,,,,2024-25 CHL Hockey Checklist,2024-25-chl-hockey-checklist
,,http://upperdeck.com/checklist/2024-25-chl-hockey-checklist/,2025-12-24T04:16:46.153Z,Base Set,43,Ilya Protas,Windsor,Spitfires,,,"14 Base Cards per Hobby & e-Pack, Six per Blaster",20,,,,,,,2024-25 CHL Hockey Checklist,2024-25-chl-hockey-checklist
,,http://upperdeck.com/checklist/2024-25-chl-hockey-checklist/,2025-12-24T04:16:46.153Z,Base Set,44,Tarin Smith,Everett,Silvertips,,,"14 Base Cards per Hobby & e-Pack, Six per Blaster",20,,,,,,,2024-25 CHL Hockey Checklist,2024-25-chl-hockey-checklist
,,http://upperdeck.com/checklist/2024-25-chl-hockey-checklist/,2025-12-24T04:16:46.153Z,Base Set,45,Justin Carbonneau,Blainville-Boisbriand,Armada,,,"14 Base Cards per Hobby & e-Pack, Six per Blaster",20,,,,,,,2024-25 CHL Hockey Checklist,2024-25-chl-hockey-checklist
,,http://upperdeck.com/checklist/2024-25-chl-hockey-checklist/,2025-12-24T04:16:46.153Z,Base Set,46,Cole Beaudoin,Barrie,Colts,,,"14 Base Cards per Hobby & e-Pack, Six per Blaster",20,,,,,,,2024-25 CHL Hockey Checklist,2024-25-chl-hockey-checklist
,,http://upperdeck.com/checklist/2024-25-chl-hockey-checklist/,2025-12-24T04:16:46.153Z,Base Set,47,Aiden Oiring,Prince Albert,Raiders,,,"14 Base Cards per Hobby & e-Pack, Six per Blaster",20,,,,,,,2024-25 CHL Hockey Checklist,2024-25-chl-hockey-checklist
,,http://upperdeck.com/checklist/2024-25-chl-hockey-checklist/,2025-12-24T04:16:46.153Z,Base Set,48,Julius Sumpf,Moncton,Wildcats,,,"14 Base Cards per Hobby & e-Pack, Six per Blaster",20,,,,,,,2024-25 CHL Hockey Checklist,2024-25-chl-hockey-checklist
,,http://upperdeck.com/checklist/2024-25-chl-hockey-checklist/,2025-12-24T04:16:46.153Z,Base Set,49,Ryan Roobroeck,Niagara,IceDogs,,,"14 Base Cards per Hobby & e-Pack, Six per Blaster",20,,,,,,,2024-25 CHL Hockey Checklist,2024-25-chl-hockey-checklist
,,http://upperdeck.com/checklist/2024-25-chl-hockey-checklist/,2025-12-24T04:16:46.153Z,Base Set,50,Jackson Smith,Tri-City,Americans,,,"14 Base Cards per Hobby & e-Pack, Six per Blaster",20,,,,,,,2024-25 CHL Hockey Checklist,2024-25-chl-hockey-checklist
,,http://upperdeck.com/checklist/2024-25-chl-hockey-checklist/,2025-12-24T04:16:46.153Z,Base Set,51,Olivier Houde,Victoriaville,Tigres,,,"14 Base Cards per Hobby & e-Pack, Six per Blaster",20,,,,,,,2024-25 CHL Hockey Checklist,2024-25-chl-hockey-checklist
,,http://upperdeck.com/checklist/2024-25-chl-hockey-checklist/,2025-12-24T04:16:46.153Z,Base Set,52,Nick Lardis,Brantford,Bulldogs,,,"14 Base Cards per Hobby & e-Pack, Six per Blaster",20,,,,,,,2024-25 CHL Hockey Checklist,2024-25-chl-hockey-checklist
,,http://upperdeck.com/checklist/2024-25-chl-hockey-checklist/,2025-12-24T04:16:46.153Z,Base Set,53,Tanner Scott,Saskatoon,Blades,,,"14 Base Cards per Hobby & e-Pack, Six per Blaster",20,,,,,,,2024-25 CHL Hockey Checklist,2024-25-chl-hockey-checklist
,,http://upperdeck.com/checklist/2024-25-chl-hockey-checklist/,2025-12-24T04:16:46.153Z,Base Set,54,Colby Huggan,Acadie-Bathurst,Titan,,,"14 Base Cards per Hobby & e-Pack, Six per Blaster",20,,,,,,,2024-25 CHL Hockey Checklist,2024-25-chl-hockey-checklist
,,http://upperdeck.com/checklist/2024-25-chl-hockey-checklist/,2025-12-24T04:16:46.153Z,Base Set,55,Tyler Challenger,Erie,Otters,,,"14 Base Cards per Hobby & e-Pack, Six per Blaster",20,,,,,,,2024-25 CHL Hockey Checklist,2024-25-chl-hockey-checklist
,,http://upperdeck.com/checklist/2024-25-chl-hockey-checklist/,2025-12-24T04:16:46.153Z,Base Set,56,Brandon Lisowsky,Victoria,Royals,,,"14 Base Cards per Hobby & e-Pack, Six per Blaster",20,,,,,,,2024-25 CHL Hockey Checklist,2024-25-chl-hockey-checklist
,,http://upperdeck.com/checklist/2024-25-chl-hockey-checklist/,2025-12-24T04:16:46.153Z,Base Set,57,Bill Zonnon,Rouyn-Noranda,Huskies,,,"14 Base Cards per Hobby & e-Pack, Six per Blaster",20,,,,,,,2024-25 CHL Hockey Checklist,2024-25-chl-hockey-checklist
,,http://upperdeck.com/checklist/2024-25-chl-hockey-checklist/,2025-12-24T04:16:46.153Z,Base Set,58,Denver Barkey,London,Knights,,,"14 Base Cards per Hobby & e-Pack, Six per Blaster",20,,,,,,,2024-25 CHL Hockey Checklist,2024-25-chl-hockey-checklist
,,http://upperdeck.com/checklist/2024-25-chl-hockey-checklist/,2025-12-24T04:16:46.153Z,Base Set,59,Vincent Collard,Moncton,Wildcats,,,"14 Base Cards per Hobby & e-Pack, Six per Blaster",20,,,,,,,2024-25 CHL Hockey Checklist,2024-25-chl-hockey-checklist
,,http://upperdeck.com/checklist/2024-25-chl-hockey-checklist/,2025-12-24T04:16:46.153Z,Base Set,60,Luca Marrelli,Oshawa,Generals,,,"14 Base Cards per Hobby & e-Pack, Six per Blaster",20,,,,,,,2024-25 CHL Hockey Checklist,2024-25-chl-hockey-checklist
,,http://upperdeck.com/checklist/2024-25-chl-hockey-checklist/,2025-12-24T04:16:46.153Z,Base Set,61,Tanner Molendyk,Medicine Hat,Tigers,,,"14 Base Cards per Hobby & e-Pack, Six per Blaster",20,,,,,,,2024-25 CHL Hockey Checklist,2024-25-chl-hockey-checklist
,,http://upperdeck.com/checklist/2024-25-chl-hockey-checklist/,2025-12-24T04:16:46.153Z,Base Set,62,Jeremy Leroux,Val-d'Or,Foreurs,,,"14 Base Cards per Hobby & e-Pack, Six per Blaster",20,,,,,,,2024-25 CHL Hockey Checklist,2024-25-chl-hockey-checklist
,,http://upperdeck.com/checklist/2024-25-chl-hockey-checklist/,2025-12-24T04:16:46.153Z,Base Set,63,Owen Van Steensel,North Bay,Battalion,,,"14 Base Cards per Hobby & e-Pack, Six per Blaster",20,,,,,,,2024-25 CHL Hockey Checklist,2024-25-chl-hockey-checklist
,,http://upperdeck.com/checklist/2024-25-chl-hockey-checklist/,2025-12-24T04:16:46.153Z,Base Set,64,Tanner Howe,Calgary,Hitmen,,,"14 Base Cards per Hobby & e-Pack, Six per Blaster",20,,,,,,,2024-25 CHL Hockey Checklist,2024-25-chl-hockey-checklist
,,http://upperdeck.com/checklist/2024-25-chl-hockey-checklist/,2025-12-24T04:16:46.153Z,Base Set,65,Carey Terrance,Erie,Otters,,,"14 Base Cards per Hobby & e-Pack, Six per Blaster",20,,,,,,,2024-25 CHL Hockey Checklist,2024-25-chl-hockey-checklist
,,http://upperdeck.com/checklist/2024-25-chl-hockey-checklist/,2025-12-24T04:16:46.153Z,Base Set,66,Lewis Gendron,Cape Breton,Screaming Eagles,,,"14 Base Cards per Hobby & e-Pack, Six per Blaster",20,,,,,,,2024-25 CHL Hockey Checklist,2024-25-chl-hockey-checklist
,,http://upperdeck.com/checklist/2024-25-chl-hockey-checklist/,2025-12-24T04:16:46.153Z,Base Set,67,Adrian Misaljevic,Kitchener,Rangers,,,"14 Base Cards per Hobby & e-Pack, Six per Blaster",20,,,,,,,2024-25 CHL Hockey Checklist,2024-25-chl-hockey-checklist
,,http://upperdeck.com/checklist/2024-25-chl-hockey-checklist/,2025-12-24T04:16:46.153Z,Base Set,68,Hiroki Gojsic,Kelowna,Rockets,,,"14 Base Cards per Hobby & e-Pack, Six per Blaster",20,,,,,,,2024-25 CHL Hockey Checklist,2024-25-chl-hockey-checklist
,,http://upperdeck.com/checklist/2024-25-chl-hockey-checklist/,2025-12-24T04:16:46.153Z,Base Set,69,Thomas Desruisseaux,Chicoutimi,Sagueneens,,,"14 Base Cards per Hobby & e-Pack, Six per Blaster",20,,,,,,,2024-25 CHL Hockey Checklist,2024-25-chl-hockey-checklist
,,http://upperdeck.com/checklist/2024-25-chl-hockey-checklist/,2025-12-24T04:16:46.153Z,Base Set,70,Anthony Cristoforo,Windsor,Spitfires,,,"14 Base Cards per Hobby & e-Pack, Six per Blaster",20,,,,,,,2024-25 CHL Hockey Checklist,2024-25-chl-hockey-checklist
,,http://upperdeck.com/checklist/2024-25-chl-hockey-checklist/,2025-12-24T04:16:46.153Z,Base Set,71,Kyle Chyzowski,Portland,Winterhawks,,,"14 Base Cards per Hobby & e-Pack, Six per Blaster",20,,,,,,,2024-25 CHL Hockey Checklist,2024-25-chl-hockey-checklist
,,http://upperdeck.com/checklist/2024-25-chl-hockey-checklist/,2025-12-24T04:16:46.153Z,Base Set,72,Anthony Romani,Barrie,Colts,,,"14 Base Cards per Hobby & e-Pack, Six per Blaster",20,,,,,,,2024-25 CHL Hockey Checklist,2024-25-chl-hockey-checklist
,,http://upperdeck.com/checklist/2024-25-chl-hockey-checklist/,2025-12-24T04:16:46.153Z,Base Set,73,Louis-Francois Belanger,Acadie-Bathurst,Titan,,,"14 Base Cards per Hobby & e-Pack, Six per Blaster",20,,,,,,,2024-25 CHL Hockey Checklist,2024-25-chl-hockey-checklist
,,http://upperdeck.com/checklist/2024-25-chl-hockey-checklist/,2025-12-24T04:16:46.153Z,Base Set,74,Emil Hemming,Barrie,Colts,,,"14 Base Cards per Hobby & e-Pack, Six per Blaster",20,,,,,,,2024-25 CHL Hockey Checklist,2024-25-chl-hockey-checklist
,,http://upperdeck.com/checklist/2024-25-chl-hockey-checklist/,2025-12-24T04:16:46.153Z,Base Set,75,Josh Fluker,Wenatchee,Wild,,,"14 Base Cards per Hobby & e-Pack, Six per Blaster",20,,,,,,,2024-25 CHL Hockey Checklist,2024-25-chl-hockey-checklist
,,http://upperdeck.com/checklist/2024-25-chl-hockey-checklist/,2025-12-24T04:16:46.153Z,Base Set,76,Thomas Verdon,Rouyn-Noranda,Huskies,,,"14 Base Cards per Hobby & e-Pack, Six per Blaster",20,,,,,,,2024-25 CHL Hockey Checklist,2024-25-chl-hockey-checklist
,,http://upperdeck.com/checklist/2024-25-chl-hockey-checklist/,2025-12-24T04:16:46.153Z,Base Set,77,Jack Ivankovic,Brampton,Steelheads,,,"14 Base Cards per Hobby & e-Pack, Six per Blaster",20,,,,,,,2024-25 CHL Hockey Checklist,2024-25-chl-hockey-checklist
,,http://upperdeck.com/checklist/2024-25-chl-hockey-checklist/,2025-12-24T04:16:46.153Z,Base Set,78,Borya Valis,Prince George,Cougars,,,"14 Base Cards per Hobby & e-Pack, Six per Blaster",20,,,,,,,2024-25 CHL Hockey Checklist,2024-25-chl-hockey-checklist
,,http://upperdeck.com/checklist/2024-25-chl-hockey-checklist/,2025-12-24T04:16:46.153Z,Base Set,79,Mael Lavigne,Rimouski,Oceanic,,,"14 Base Cards per Hobby & e-Pack, Six per Blaster",20,,,,,,,2024-25 CHL Hockey Checklist,2024-25-chl-hockey-checklist
,,http://upperdeck.com/checklist/2024-25-chl-hockey-checklist/,2025-12-24T04:16:46.153Z,Base Set,80,Christopher Thibodeau,Flint,Firebirds,,,"14 Base Cards per Hobby & e-Pack, Six per Blaster",20,,,,,,,2024-25 CHL Hockey Checklist,2024-25-chl-hockey-checklist
,,http://upperdeck.com/checklist/2024-25-chl-hockey-checklist/,2025-12-24T04:16:46.153Z,Base Set,81,Shea Van Olm,Spokane,Chiefs,,,"14 Base Cards per Hobby & e-Pack, Six per Blaster",20,,,,,,,2024-25 CHL Hockey Checklist,2024-25-chl-hockey-checklist
,,http://upperdeck.com/checklist/2024-25-chl-hockey-checklist/,2025-12-24T04:16:46.153Z,Base Set,82,Matthew Schaefer,Erie,Otters,,,"14 Base Cards per Hobby & e-Pack, Six per Blaster",20,,,,,,,2024-25 CHL Hockey Checklist,2024-25-chl-hockey-checklist
,,http://upperdeck.com/checklist/2024-25-chl-hockey-checklist/,2025-12-24T04:16:46.153Z,Base Set,83,Brayden Edwards,Lethbridge,Hurricanes,,,"14 Base Cards per Hobby & e-Pack, Six per Blaster",20,,,,,,,2024-25 CHL Hockey Checklist,2024-25-chl-hockey-checklist
,,http://upperdeck.com/checklist/2024-25-chl-hockey-checklist/,2025-12-24T04:16:46.153Z,Base Set,84,Nick DeAngelis,Sudbury,Wolves,,,"14 Base Cards per Hobby & e-Pack, Six per Blaster",20,,,,,,,2024-25 CHL Hockey Checklist,2024-25-chl-hockey-checklist
,,http://upperdeck.com/checklist/2024-25-chl-hockey-checklist/,2025-12-24T04:16:46.153Z,Base Set,85,Joshua Ravensbergen,Prince George,Cougars,,,"14 Base Cards per Hobby & e-Pack, Six per Blaster",20,,,,,,,2024-25 CHL Hockey Checklist,2024-25-chl-hockey-checklist
,,http://upperdeck.com/checklist/2024-25-chl-hockey-checklist/,2025-12-24T04:16:46.153Z,Base Set,86,Aiden O'Donnell,Brantford,Bulldogs,,,"14 Base Cards per Hobby & e-Pack, Six per Blaster",20,,,,,,,2024-25 CHL Hockey Checklist,2024-25-chl-hockey-checklist
,,http://upperdeck.com/checklist/2024-25-chl-hockey-checklist/,2025-12-24T04:16:46.153Z,Base Set,87,Riley Mercer,Drummondville,Voltigeurs,,,"14 Base Cards per Hobby & e-Pack, Six per Blaster",20,,,,,,,2024-25 CHL Hockey Checklist,2024-25-chl-hockey-checklist
,,http://upperdeck.com/checklist/2024-25-chl-hockey-checklist/,2025-12-24T04:16:46.153Z,Base Set,88,Trent Swick,Kitchener,Rangers,,,"14 Base Cards per Hobby & e-Pack, Six per Blaster",20,,,,,,,2024-25 CHL Hockey Checklist,2024-25-chl-hockey-checklist
,,http://upperdeck.com/checklist/2024-25-chl-hockey-checklist/,2025-12-24T04:16:46.153Z,Base Set,89,Luke Mistelbacher,Swift Current,Broncos,,,"14 Base Cards per Hobby & e-Pack, Six per Blaster",20,,,,,,,2024-25 CHL Hockey Checklist,2024-25-chl-hockey-checklist
,,http://upperdeck.com/checklist/2024-25-chl-hockey-checklist/,2025-12-24T04:16:46.153Z,Base Set,90,Ryan Abraham,Windsor,Spitfires,,,"14 Base Cards per Hobby & e-Pack, Six per Blaster",20,,,,,,,2024-25 CHL Hockey Checklist,2024-25-chl-hockey-checklist
,,http://upperdeck.com/checklist/2024-25-chl-hockey-checklist/,2025-12-24T04:16:46.153Z,Base Set,91,Diego Buttazzoni,Portland,Winterhawks,,,"14 Base Cards per Hobby & e-Pack, Six per Blaster",20,,,,,,,2024-25 CHL Hockey Checklist,2024-25-chl-hockey-checklist
,,http://upperdeck.com/checklist/2024-25-chl-hockey-checklist/,2025-12-24T04:16:46.153Z,Base Set,92,Jack Nesbitt,Windsor,Spitfires,,,"14 Base Cards per Hobby & e-Pack, Six per Blaster",20,,,,,,,2024-25 CHL Hockey Checklist,2024-25-chl-hockey-checklist
,,http://upperdeck.com/checklist/2024-25-chl-hockey-checklist/,2025-12-24T04:16:46.154Z,Base Set,93,Braeden Cootes,Seattle,Thunderbirds,,,"14 Base Cards per Hobby & e-Pack, Six per Blaster",20,,,,,,,2024-25 CHL Hockey Checklist,2024-25-chl-hockey-checklist
,,http://upperdeck.com/checklist/2024-25-chl-hockey-checklist/,2025-12-24T04:16:46.154Z,Base Set,94,Pano Fimis,Erie,Otters,,,"14 Base Cards per Hobby & e-Pack, Six per Blaster",20,,,,,,,2024-25 CHL Hockey Checklist,2024-25-chl-hockey-checklist
,,http://upperdeck.com/checklist/2024-25-chl-hockey-checklist/,2025-12-24T04:16:46.154Z,Base Set,95,Raoul Boilard,Baie-Comeau,Drakkar,,,"14 Base Cards per Hobby & e-Pack, Six per Blaster",20,,,,,,,2024-25 CHL Hockey Checklist,2024-25-chl-hockey-checklist
,,http://upperdeck.com/checklist/2024-25-chl-hockey-checklist/,2025-12-24T04:16:46.154Z,Base Set,96,Angus MacDonell,Brampton,Steelheads,,,"14 Base Cards per Hobby & e-Pack, Six per Blaster",20,,,,,,,2024-25 CHL Hockey Checklist,2024-25-chl-hockey-checklist
,,http://upperdeck.com/checklist/2024-25-chl-hockey-checklist/,2025-12-24T04:16:46.154Z,Base Set,97,Julius Miettinen,Everett,Silvertips,,,"14 Base Cards per Hobby & e-Pack, Six per Blaster",20,,,,,,,2024-25 CHL Hockey Checklist,2024-25-chl-hockey-checklist
,,http://upperdeck.com/checklist/2024-25-chl-hockey-checklist/,2025-12-24T04:16:46.154Z,Base Set,98,Riley Patterson,Barrie,Colts,,,"14 Base Cards per Hobby & e-Pack, Six per Blaster",20,,,,,,,2024-25 CHL Hockey Checklist,2024-25-chl-hockey-checklist
,,http://upperdeck.com/checklist/2024-25-chl-hockey-checklist/,2025-12-24T04:16:46.154Z,Base Set,99,Maxim Masse,Chicoutimi,Sagueneens,,,"14 Base Cards per Hobby & e-Pack, Six per Blaster",20,,,,,,,2024-25 CHL Hockey Checklist,2024-25-chl-hockey-checklist
,,http://upperdeck.com/checklist/2024-25-chl-hockey-checklist/,2025-12-24T04:16:46.154Z,Base Set,100,Jacob Battaglia,Kingston,Frontenacs,,,"14 Base Cards per Hobby & e-Pack, Six per Blaster",20,,,,,,,2024-25 CHL Hockey Checklist,2024-25-chl-hockey-checklist
,,http://upperdeck.com/checklist/2024-25-chl-hockey-checklist/,2025-12-24T04:16:46.154Z,Base Set,101,Gavin Bryant,Peterborough,Petes,,,"14 Base Cards per Hobby & e-Pack, Six per Blaster",20,,,,,,,2024-25 CHL Hockey Checklist,2024-25-chl-hockey-checklist
,,http://upperdeck.com/checklist/2024-25-chl-hockey-checklist/,2025-12-24T04:16:46.154Z,Base Set,102,Rylen Roersma,Edmonton,Oil Kings,,,"14 Base Cards per Hobby & e-Pack, Six per Blaster",20,,,,,,,2024-25 CHL Hockey Checklist,2024-25-chl-hockey-checklist
,,http://upperdeck.com/checklist/2024-25-chl-hockey-checklist/,2025-12-24T04:16:46.154Z,Base Set,103,Alexis Bernier,Baie-Comeau,Drakkar,,,"14 Base Cards per Hobby & e-Pack, Six per Blaster",20,,,,,,,2024-25 CHL Hockey Checklist,2024-25-chl-hockey-checklist
,,http://upperdeck.com/checklist/2024-25-chl-hockey-checklist/,2025-12-24T04:16:46.154Z,Base Set,104,Wil McFadden,Guelph,Storm,,,"14 Base Cards per Hobby & e-Pack, Six per Blaster",20,,,,,,,2024-25 CHL Hockey Checklist,2024-25-chl-hockey-checklist
,,http://upperdeck.com/checklist/2024-25-chl-hockey-checklist/,2025-12-24T04:16:46.154Z,Base Set,105,Miles Cooper,Wenatchee,Wild,,,"14 Base Cards per Hobby & e-Pack, Six per Blaster",20,,,,,,,2024-25 CHL Hockey Checklist,2024-25-chl-hockey-checklist
,,http://upperdeck.com/checklist/2024-25-chl-hockey-checklist/,2025-12-24T04:16:46.154Z,Base Set,106,Eriks Mateiko,Rimouski,Oceanic,,,"14 Base Cards per Hobby & e-Pack, Six per Blaster",20,,,,,,,2024-25 CHL Hockey Checklist,2024-25-chl-hockey-checklist
,,http://upperdeck.com/checklist/2024-25-chl-hockey-checklist/,2025-12-24T04:16:46.154Z,Base Set,107,Kristian Epperson,Saginaw,Spirit,,,"14 Base Cards per Hobby & e-Pack, Six per Blaster",20,,,,,,,2024-25 CHL Hockey Checklist,2024-25-chl-hockey-checklist
,,http://upperdeck.com/checklist/2024-25-chl-hockey-checklist/,2025-12-24T04:16:46.154Z,Base Set,108,Tyler Thorpe,Vancouver,Giants,,,"14 Base Cards per Hobby & e-Pack, Six per Blaster",20,,,,,,,2024-25 CHL Hockey Checklist,2024-25-chl-hockey-checklist
,,http://upperdeck.com/checklist/2024-25-chl-hockey-checklist/,2025-12-24T04:16:46.154Z,Base Set,109,Simon Hughes,Charlottetown,Islanders,,,"14 Base Cards per Hobby & e-Pack, Six per Blaster",20,,,,,,,2024-25 CHL Hockey Checklist,2024-25-chl-hockey-checklist
,,http://upperdeck.com/checklist/2024-25-chl-hockey-checklist/,2025-12-24T04:16:46.154Z,Base Set,110,Rowan Henderson,Sudbury,Wolves,,,"14 Base Cards per Hobby & e-Pack, Six per Blaster",20,,,,,,,2024-25 CHL Hockey Checklist,2024-25-chl-hockey-checklist
,,http://upperdeck.com/checklist/2024-25-chl-hockey-checklist/,2025-12-24T04:16:46.154Z,Base Set,111,Layton Feist,Kamloops,Blazers,,,"14 Base Cards per Hobby & e-Pack, Six per Blaster",20,,,,,,,2024-25 CHL Hockey Checklist,2024-25-chl-hockey-checklist
,,http://upperdeck.com/checklist/2024-25-chl-hockey-checklist/,2025-12-24T04:16:46.154Z,Base Set,112,Loic Goyette,Quebec,Remparts,,,"14 Base Cards per Hobby & e-Pack, Six per Blaster",20,,,,,,,2024-25 CHL Hockey Checklist,2024-25-chl-hockey-checklist
,,http://upperdeck.com/checklist/2024-25-chl-hockey-checklist/,2025-12-24T04:16:46.154Z,Base Set,113,Gabriel Frasca,Erie,Otters,,,"14 Base Cards per Hobby & e-Pack, Six per Blaster",20,,,,,,,2024-25 CHL Hockey Checklist,2024-25-chl-hockey-checklist
,,http://upperdeck.com/checklist/2024-25-chl-hockey-checklist/,2025-12-24T04:16:46.154Z,Base Set,114,Justice Christensen,Prince Albert,Raiders,,,"14 Base Cards per Hobby & e-Pack, Six per Blaster",20,,,,,,,2024-25 CHL Hockey Checklist,2024-25-chl-hockey-checklist
,,http://upperdeck.com/checklist/2024-25-chl-hockey-checklist/,2025-12-24T04:16:46.154Z,Base Set,115,Lucas Romeo,Cape Breton,Eagles,,,"14 Base Cards per Hobby & e-Pack, Six per Blaster",20,,,,,,,2024-25 CHL Hockey Checklist,2024-25-chl-hockey-checklist
,,http://upperdeck.com/checklist/2024-25-chl-hockey-checklist/,2025-12-24T04:16:46.154Z,Base Set,116,Jackson Parsons,Kitchener,Rangers,,,"14 Base Cards per Hobby & e-Pack, Six per Blaster",20,,,,,,,2024-25 CHL Hockey Checklist,2024-25-chl-hockey-checklist
,,http://upperdeck.com/checklist/2024-25-chl-hockey-checklist/,2025-12-24T04:16:46.154Z,Base Set,117,Tomas Mrsic,Prince Albert,Raiders,,,"14 Base Cards per Hobby & e-Pack, Six per Blaster",20,,,,,,,2024-25 CHL Hockey Checklist,2024-25-chl-hockey-checklist
,,http://upperdeck.com/checklist/2024-25-chl-hockey-checklist/,2025-12-24T04:16:46.154Z,Base Set,118,Marcus Kearsey,Charlottetown,Islanders,,,"14 Base Cards per Hobby & e-Pack, Six per Blaster",20,,,,,,,2024-25 CHL Hockey Checklist,2024-25-chl-hockey-checklist
,,http://upperdeck.com/checklist/2024-25-chl-hockey-checklist/,2025-12-24T04:16:46.154Z,Base Set,119,Zach Filak,Sarnia,Sting,,,"14 Base Cards per Hobby & e-Pack, Six per Blaster",20,,,,,,,2024-25 CHL Hockey Checklist,2024-25-chl-hockey-checklist
,,http://upperdeck.com/checklist/2024-25-chl-hockey-checklist/,2025-12-24T04:16:46.154Z,Base Set,120,Krzysztof Macias,Moose Jaw,Warriors,,,"14 Base Cards per Hobby & e-Pack, Six per Blaster",20,,,,,,,2024-25 CHL Hockey Checklist,2024-25-chl-hockey-checklist
,,http://upperdeck.com/checklist/2024-25-chl-hockey-checklist/,2025-12-24T04:16:46.154Z,Base Set,121,Spencer Gill,Rimouski,Oceanic,,,"14 Base Cards per Hobby & e-Pack, Six per Blaster",20,,,,,,,2024-25 CHL Hockey Checklist,2024-25-chl-hockey-checklist
,,http://upperdeck.com/checklist/2024-25-chl-hockey-checklist/,2025-12-24T04:16:46.154Z,Base Set,122,Martin Misiak,Erie,Otters,,,"14 Base Cards per Hobby & e-Pack, Six per Blaster",20,,,,,,,2024-25 CHL Hockey Checklist,2024-25-chl-hockey-checklist
,,http://upperdeck.com/checklist/2024-25-chl-hockey-checklist/,2025-12-24T04:16:46.154Z,Base Set,123,Cohen Klassen,Regina,Pats,,,"14 Base Cards per Hobby & e-Pack, Six per Blaster",20,,,,,,,2024-25 CHL Hockey Checklist,2024-25-chl-hockey-checklist
,,http://upperdeck.com/checklist/2024-25-chl-hockey-checklist/,2025-12-24T04:16:46.154Z,Base Set,124,Louis-Felix Charrois,Drummondville,Voltigeurs,,,"14 Base Cards per Hobby & e-Pack, Six per Blaster",20,,,,,,,2024-25 CHL Hockey Checklist,2024-25-chl-hockey-checklist
,,http://upperdeck.com/checklist/2024-25-chl-hockey-checklist/,2025-12-24T04:16:46.154Z,Base Set,125,Christopher Brown,Sault Ste. Marie,Greyhounds,,,"14 Base Cards per Hobby & e-Pack, Six per Blaster",20,,,,,,,2024-25 CHL Hockey Checklist,2024-25-chl-hockey-checklist
,,http://upperdeck.com/checklist/2024-25-chl-hockey-checklist/,2025-12-24T04:16:46.154Z,Base Set,126,Carter Bear,Everett,Silvertips,,,"14 Base Cards per Hobby & e-Pack, Six per Blaster",20,,,,,,,2024-25 CHL Hockey Checklist,2024-25-chl-hockey-checklist
,,http://upperdeck.com/checklist/2024-25-chl-hockey-checklist/,2025-12-24T04:16:46.154Z,Base Set,127,Antoine Dorion,Quebec,Remparts,,,"14 Base Cards per Hobby & e-Pack, Six per Blaster",20,,,,,,,2024-25 CHL Hockey Checklist,2024-25-chl-hockey-checklist
,,http://upperdeck.com/checklist/2024-25-chl-hockey-checklist/,2025-12-24T04:16:46.154Z,Base Set,128,Evan Van Gorp,London,Knights,,,"14 Base Cards per Hobby & e-Pack, Six per Blaster",20,,,,,,,2024-25 CHL Hockey Checklist,2024-25-chl-hockey-checklist
,,http://upperdeck.com/checklist/2024-25-chl-hockey-checklist/,2025-12-24T04:16:46.154Z,Base Set,129,Evan Friesen,Wenatchee,Wild,,,"14 Base Cards per Hobby & e-Pack, Six per Blaster",20,,,,,,,2024-25 CHL Hockey Checklist,2024-25-chl-hockey-checklist
,,http://upperdeck.com/checklist/2024-25-chl-hockey-checklist/,2025-12-24T04:16:46.154Z,Base Set,130,Jordan Tourigny,Shawinigan,Cataractes,,,"14 Base Cards per Hobby & e-Pack, Six per Blaster",20,,,,,,,2024-25 CHL Hockey Checklist,2024-25-chl-hockey-checklist
,,http://upperdeck.com/checklist/2024-25-chl-hockey-checklist/,2025-12-24T04:16:46.154Z,Base Set,131,Saige Weinstein,Spokane,Chiefs,,,"14 Base Cards per Hobby & e-Pack, Six per Blaster",20,,,,,,,2024-25 CHL Hockey Checklist,2024-25-chl-hockey-checklist
,,http://upperdeck.com/checklist/2024-25-chl-hockey-checklist/,2025-12-24T04:16:46.154Z,Base Set,132,Cole Burbidge,Cape Breton,Eagles,,,"14 Base Cards per Hobby & e-Pack, Six per Blaster",20,,,,,,,2024-25 CHL Hockey Checklist,2024-25-chl-hockey-checklist
,,http://upperdeck.com/checklist/2024-25-chl-hockey-checklist/,2025-12-24T04:16:46.154Z,Base Set,133,Charlie Paquette,Guelph,Storm,,,"14 Base Cards per Hobby & e-Pack, Six per Blaster",20,,,,,,,2024-25 CHL Hockey Checklist,2024-25-chl-hockey-checklist
,,http://upperdeck.com/checklist/2024-25-chl-hockey-checklist/,2025-12-24T04:16:46.154Z,Base Set,134,Connor Levis,Vancouver,Giants,,,"14 Base Cards per Hobby & e-Pack, Six per Blaster",20,,,,,,,2024-25 CHL Hockey Checklist,2024-25-chl-hockey-checklist
,,http://upperdeck.com/checklist/2024-25-chl-hockey-checklist/,2025-12-24T04:16:46.154Z,Base Set,135,Jiri Klima,Shawinigan,Cataractes,,,"14 Base Cards per Hobby & e-Pack, Six per Blaster",20,,,,,,,2024-25 CHL Hockey Checklist,2024-25-chl-hockey-checklist
,,http://upperdeck.com/checklist/2024-25-chl-hockey-checklist/,2025-12-24T04:16:46.154Z,Base Set,136,Ryder McIntyre,Peterborough,Petes,,,"14 Base Cards per Hobby & e-Pack, Six per Blaster",20,,,,,,,2024-25 CHL Hockey Checklist,2024-25-chl-hockey-checklist
,,http://upperdeck.com/checklist/2024-25-chl-hockey-checklist/,2025-12-24T04:16:46.154Z,Base Set,137,Sam Oremba,Spokane,Chiefs,,,"14 Base Cards per Hobby & e-Pack, Six per Blaster",20,,,,,,,2024-25 CHL Hockey Checklist,2024-25-chl-hockey-checklist
,,http://upperdeck.com/checklist/2024-25-chl-hockey-checklist/,2025-12-24T04:16:46.154Z,Base Set,138,Tomas Lavoie,Cape Breton,Screaming Eagles,,,"14 Base Cards per Hobby & e-Pack, Six per Blaster",20,,,,,,,2024-25 CHL Hockey Checklist,2024-25-chl-hockey-checklist
,,http://upperdeck.com/checklist/2024-25-chl-hockey-checklist/,2025-12-24T04:16:46.154Z,Base Set,139,Easton Wainwright,Sarnia,Sting,,,"14 Base Cards per Hobby & e-Pack, Six per Blaster",20,,,,,,,2024-25 CHL Hockey Checklist,2024-25-chl-hockey-checklist
,,http://upperdeck.com/checklist/2024-25-chl-hockey-checklist/,2025-12-24T04:16:46.154Z,Base Set,140,Reid Andresen,Wenatchee,Wild,,,"14 Base Cards per Hobby & e-Pack, Six per Blaster",20,,,,,,,2024-25 CHL Hockey Checklist,2024-25-chl-hockey-checklist
,,http://upperdeck.com/checklist/2024-25-chl-hockey-checklist/,2025-12-24T04:16:46.154Z,Base Set,141,Charles-Antoine Beauregard,Sherbrooke,Phoenix,,,"14 Base Cards per Hobby & e-Pack, Six per Blaster",20,,,,,,,2024-25 CHL Hockey Checklist,2024-25-chl-hockey-checklist
,,http://upperdeck.com/checklist/2024-25-chl-hockey-checklist/,2025-12-24T04:16:46.154Z,Base Set,142,Jake Karabela,Guelph,Storm,,,"14 Base Cards per Hobby & e-Pack, Six per Blaster",20,,,,,,,2024-25 CHL Hockey Checklist,2024-25-chl-hockey-checklist
,,http://upperdeck.com/checklist/2024-25-chl-hockey-checklist/,2025-12-24T04:16:46.154Z,Base Set,143,Gracyn Sawchyn,Edmonton,Oil Kings,,,"14 Base Cards per Hobby & e-Pack, Six per Blaster",20,,,,,,,2024-25 CHL Hockey Checklist,2024-25-chl-hockey-checklist
,,http://upperdeck.com/checklist/2024-25-chl-hockey-checklist/,2025-12-24T04:16:46.154Z,Base Set,144,Samuel Fiala,Val-d'Or,Foreurs,,,"14 Base Cards per Hobby & e-Pack, Six per Blaster",20,,,,,,,2024-25 CHL Hockey Checklist,2024-25-chl-hockey-checklist
,,http://upperdeck.com/checklist/2024-25-chl-hockey-checklist/,2025-12-24T04:16:46.154Z,Base Set,145,Ben Danford,Oshawa,Generals,,,"14 Base Cards per Hobby & e-Pack, Six per Blaster",20,,,,,,,2024-25 CHL Hockey Checklist,2024-25-chl-hockey-checklist
,,http://upperdeck.com/checklist/2024-25-chl-hockey-checklist/,2025-12-24T04:16:46.154Z,Base Set,146,Ollie Josephson,Red Deer,Rebels,,,"14 Base Cards per Hobby & e-Pack, Six per Blaster",20,,,,,,,2024-25 CHL Hockey Checklist,2024-25-chl-hockey-checklist
,,http://upperdeck.com/checklist/2024-25-chl-hockey-checklist/,2025-12-24T04:16:46.154Z,Base Set,147,Maxime Coursol,Rimouski,Oceanic,,,"14 Base Cards per Hobby & e-Pack, Six per Blaster",20,,,,,,,2024-25 CHL Hockey Checklist,2024-25-chl-hockey-checklist
,,http://upperdeck.com/checklist/2024-25-chl-hockey-checklist/,2025-12-24T04:16:46.154Z,Base Set,148,Cole Davis,Windsor,Spitfires,,,"14 Base Cards per Hobby & e-Pack, Six per Blaster",20,,,,,,,2024-25 CHL Hockey Checklist,2024-25-chl-hockey-checklist
,,http://upperdeck.com/checklist/2024-25-chl-hockey-checklist/,2025-12-24T04:16:46.154Z,Base Set,149,Max Curran,Tri-City,Americans,,,"14 Base Cards per Hobby & e-Pack, Six per Blaster",20,,,,,,,2024-25 CHL Hockey Checklist,2024-25-chl-hockey-checklist
,,http://upperdeck.com/checklist/2024-25-chl-hockey-checklist/,2025-12-24T04:16:46.154Z,Base Set,150,Tyson Goguen,Acadie-Bathurst,Titan,,,"14 Base Cards per Hobby & e-Pack, Six per Blaster",20,,,,,,,2024-25 CHL Hockey Checklist,2024-25-chl-hockey-checklist
,,http://upperdeck.com/checklist/2024-25-chl-hockey-checklist/,2025-12-24T04:16:46.154Z,Base Set,151,Tyson Doucette,Sarnia,Sting,,,"14 Base Cards per Hobby & e-Pack, Six per Blaster",20,,,,,,,2024-25 CHL Hockey Checklist,2024-25-chl-hockey-checklist
,,http://upperdeck.com/checklist/2024-25-chl-hockey-checklist/,2025-12-24T04:16:46.154Z,Base Set,152,Dominik Petr,Brandon,Wheat Kings,,,"14 Base Cards per Hobby & e-Pack, Six per Blaster",20,,,,,,,2024-25 CHL Hockey Checklist,2024-25-chl-hockey-checklist
,,http://upperdeck.com/checklist/2024-25-chl-hockey-checklist/,2025-12-24T04:16:46.154Z,Base Set,153,Juraj Pekarcik,Moncton,Wildcats,,,"14 Base Cards per Hobby & e-Pack, Six per Blaster",20,,,,,,,2024-25 CHL Hockey Checklist,2024-25-chl-hockey-checklist
,,http://upperdeck.com/checklist/2024-25-chl-hockey-checklist/,2025-12-24T04:16:46.154Z,Base Set,154,Justin Cloutier,Sault Ste. Marie,Greyhounds,,,"14 Base Cards per Hobby & e-Pack, Six per Blaster",20,,,,,,,2024-25 CHL Hockey Checklist,2024-25-chl-hockey-checklist
,,http://upperdeck.com/checklist/2024-25-chl-hockey-checklist/,2025-12-24T04:16:46.154Z,Base Set,155,Jordan Gavin,Brandon,Wheat Kings,,,"14 Base Cards per Hobby & e-Pack, Six per Blaster",20,,,,,,,2024-25 CHL Hockey Checklist,2024-25-chl-hockey-checklist
,,http://upperdeck.com/checklist/2024-25-chl-hockey-checklist/,2025-12-24T04:16:46.154Z,Base Set,156,Gabriel D'Aigle,Victoriaville,Tigres,,,"14 Base Cards per Hobby & e-Pack, Six per Blaster",20,,,,,,,2024-25 CHL Hockey Checklist,2024-25-chl-hockey-checklist
,,http://upperdeck.com/checklist/2024-25-chl-hockey-checklist/,2025-12-24T04:16:46.154Z,Base Set,157,Ruslan Karimov,Sarnia,Sting,,,"14 Base Cards per Hobby & e-Pack, Six per Blaster",20,,,,,,,2024-25 CHL Hockey Checklist,2024-25-chl-hockey-checklist
,,http://upperdeck.com/checklist/2024-25-chl-hockey-checklist/,2025-12-24T04:16:46.154Z,Base Set,158,Noah Chadwick,Lethbridge,Hurricanes,,,"14 Base Cards per Hobby & e-Pack, Six per Blaster",20,,,,,,,2024-25 CHL Hockey Checklist,2024-25-chl-hockey-checklist
,,http://upperdeck.com/checklist/2024-25-chl-hockey-checklist/,2025-12-24T04:16:46.155Z,Base Set,159,Isaac Menard,Shawinigan,Cataractes,,,"14 Base Cards per Hobby & e-Pack, Six per Blaster",20,,,,,,,2024-25 CHL Hockey Checklist,2024-25-chl-hockey-checklist
,,http://upperdeck.com/checklist/2024-25-chl-hockey-checklist/,2025-12-24T04:16:46.155Z,Base Set,160,Kaden Pitre,Flint,Firebirds,,,"14 Base Cards per Hobby & e-Pack, Six per Blaster",20,,,,,,,2024-25 CHL Hockey Checklist,2024-25-chl-hockey-checklist
,,http://upperdeck.com/checklist/2024-25-chl-hockey-checklist/,2025-12-24T04:16:46.155Z,Base Set,161,Adam Jecho,Edmonton,Oil Kings,,,"14 Base Cards per Hobby & e-Pack, Six per Blaster",20,,,,,,,2024-25 CHL Hockey Checklist,2024-25-chl-hockey-checklist
,,http://upperdeck.com/checklist/2024-25-chl-hockey-checklist/,2025-12-24T04:16:46.155Z,Base Set,162,Owen Phillips,Halifax,Mooseheads,,,"14 Base Cards per Hobby & e-Pack, Six per Blaster",20,,,,,,,2024-25 CHL Hockey Checklist,2024-25-chl-hockey-checklist
,,http://upperdeck.com/checklist/2024-25-chl-hockey-checklist/,2025-12-24T04:16:46.155Z,Base Set,163,Ethan Procyszyn,North Bay,Battalion,,,"14 Base Cards per Hobby & e-Pack, Six per Blaster",20,,,,,,,2024-25 CHL Hockey Checklist,2024-25-chl-hockey-checklist
,,http://upperdeck.com/checklist/2024-25-chl-hockey-checklist/,2025-12-24T04:16:46.155Z,Base Set,164,Scott Ratzlaff,Seattle,Thunderbirds,,,"14 Base Cards per Hobby & e-Pack, Six per Blaster",20,,,,,,,2024-25 CHL Hockey Checklist,2024-25-chl-hockey-checklist
,,http://upperdeck.com/checklist/2024-25-chl-hockey-checklist/,2025-12-24T04:16:46.155Z,Base Set,165,Alexandre Lallier,Acadie-Bathurst,Titan,,,"14 Base Cards per Hobby & e-Pack, Six per Blaster",20,,,,,,,2024-25 CHL Hockey Checklist,2024-25-chl-hockey-checklist
,,http://upperdeck.com/checklist/2024-25-chl-hockey-checklist/,2025-12-24T04:16:46.155Z,Base Set,166,Luke Ellinas,Kitchener,Rangers,,,"14 Base Cards per Hobby & e-Pack, Six per Blaster",20,,,,,,,2024-25 CHL Hockey Checklist,2024-25-chl-hockey-checklist
,,http://upperdeck.com/checklist/2024-25-chl-hockey-checklist/,2025-12-24T04:16:46.155Z,Base Set,167,Carlin Dezainde,Swift Current,Broncos,,,"14 Base Cards per Hobby & e-Pack, Six per Blaster",20,,,,,,,2024-25 CHL Hockey Checklist,2024-25-chl-hockey-checklist
,,http://upperdeck.com/checklist/2024-25-chl-hockey-checklist/,2025-12-24T04:16:46.155Z,Base Set,168,Owen Conrad,Charlottetown,Islanders,,,"14 Base Cards per Hobby & e-Pack, Six per Blaster",20,,,,,,,2024-25 CHL Hockey Checklist,2024-25-chl-hockey-checklist
,,http://upperdeck.com/checklist/2024-25-chl-hockey-checklist/,2025-12-24T04:16:46.155Z,Base Set,169,Sam McCue,Flint,Firebirds,,,"14 Base Cards per Hobby & e-Pack, Six per Blaster",20,,,,,,,2024-25 CHL Hockey Checklist,2024-25-chl-hockey-checklist
,,http://upperdeck.com/checklist/2024-25-chl-hockey-checklist/,2025-12-24T04:16:46.155Z,Base Set,170,Ben Kindel,Calgary,Hitmen,,,"14 Base Cards per Hobby & e-Pack, Six per Blaster",20,,,,,,,2024-25 CHL Hockey Checklist,2024-25-chl-hockey-checklist
,,http://upperdeck.com/checklist/2024-25-chl-hockey-checklist/,2025-12-24T04:16:46.155Z,Base Set,171,Mavrick Lachance,Sherbrooke,Phoenix,,,"14 Base Cards per Hobby & e-Pack, Six per Blaster",20,,,,,,,2024-25 CHL Hockey Checklist,2024-25-chl-hockey-checklist
,,http://upperdeck.com/checklist/2024-25-chl-hockey-checklist/,2025-12-24T04:16:46.155Z,Base Set,172,Connor Clattenburg,Flint,Firebirds,,,"14 Base Cards per Hobby & e-Pack, Six per Blaster",20,,,,,,,2024-25 CHL Hockey Checklist,2024-25-chl-hockey-checklist
,,http://upperdeck.com/checklist/2024-25-chl-hockey-checklist/,2025-12-24T04:16:46.155Z,Base Set,173,Nate Misskey,Victoria,Royals,,,"14 Base Cards per Hobby & e-Pack, Six per Blaster",20,,,,,,,2024-25 CHL Hockey Checklist,2024-25-chl-hockey-checklist
,,http://upperdeck.com/checklist/2024-25-chl-hockey-checklist/,2025-12-24T04:16:46.155Z,Base Set,174,Jan Golicic,Gatineau,Olympiques,,,"14 Base Cards per Hobby & e-Pack, Six per Blaster",20,,,,,,,2024-25 CHL Hockey Checklist,2024-25-chl-hockey-checklist
,,http://upperdeck.com/checklist/2024-25-chl-hockey-checklist/,2025-12-24T04:16:46.155Z,Base Set,175,AJ Spellacy,Windsor,Spitfires,,,"14 Base Cards per Hobby & e-Pack, Six per Blaster",20,,,,,,,2024-25 CHL Hockey Checklist,2024-25-chl-hockey-checklist
,,http://upperdeck.com/checklist/2024-25-chl-hockey-checklist/,2025-12-24T04:16:46.155Z,Base Set,176,Daxon Rudolph,Prince Albert,Raiders,,,"14 Base Cards per Hobby & e-Pack, Six per Blaster",20,,,,,,,2024-25 CHL Hockey Checklist,2024-25-chl-hockey-checklist
,,http://upperdeck.com/checklist/2024-25-chl-hockey-checklist/,2025-12-24T04:16:46.155Z,Base Set,177,Gabe Smith,Moncton,Wildcats,,,"14 Base Cards per Hobby & e-Pack, Six per Blaster",20,,,,,,,2024-25 CHL Hockey Checklist,2024-25-chl-hockey-checklist
,,http://upperdeck.com/checklist/2024-25-chl-hockey-checklist/,2025-12-24T04:16:46.155Z,Base Set,178,Kieron Walton,Sudbury,Wolves,,,"14 Base Cards per Hobby & e-Pack, Six per Blaster",20,,,,,,,2024-25 CHL Hockey Checklist,2024-25-chl-hockey-checklist
,,http://upperdeck.com/checklist/2024-25-chl-hockey-checklist/,2025-12-24T04:16:46.155Z,Base Set,179,Roan Woodward,Edmonton,Oil Kings,,,"14 Base Cards per Hobby & e-Pack, Six per Blaster",20,,,,,,,2024-25 CHL Hockey Checklist,2024-25-chl-hockey-checklist
,,http://upperdeck.com/checklist/2024-25-chl-hockey-checklist/,2025-12-24T04:16:46.155Z,Base Set,180,Francois-James Buteau,Acadie-Bathurst,Titan,,,"14 Base Cards per Hobby & e-Pack, Six per Blaster",20,,,,,,,2024-25 CHL Hockey Checklist,2024-25-chl-hockey-checklist
,,http://upperdeck.com/checklist/2024-25-chl-hockey-checklist/,2025-12-24T04:16:46.155Z,Base Set,181,Carson Cameron,Peterborough,Petes,,,"14 Base Cards per Hobby & e-Pack, Six per Blaster",20,,,,,,,2024-25 CHL Hockey Checklist,2024-25-chl-hockey-checklist
,,http://upperdeck.com/checklist/2024-25-chl-hockey-checklist/,2025-12-24T04:16:46.155Z,Base Set,182,Vojtech Port,Lethbridge,Hurricanes,,,"14 Base Cards per Hobby & e-Pack, Six per Blaster",20,,,,,,,2024-25 CHL Hockey Checklist,2024-25-chl-hockey-checklist
,,http://upperdeck.com/checklist/2024-25-chl-hockey-checklist/,2025-12-24T04:16:46.155Z,Base Set,183,Xavier Villeneuve,Blainville-Boisbriand,Armada,,,"14 Base Cards per Hobby & e-Pack, Six per Blaster",20,,,,,,,2024-25 CHL Hockey Checklist,2024-25-chl-hockey-checklist
,,http://upperdeck.com/checklist/2024-25-chl-hockey-checklist/,2025-12-24T04:16:46.155Z,Base Set,184,Brady Martin,Sault Ste. Marie,Greyhounds,,,"14 Base Cards per Hobby & e-Pack, Six per Blaster",20,,,,,,,2024-25 CHL Hockey Checklist,2024-25-chl-hockey-checklist
,,http://upperdeck.com/checklist/2024-25-chl-hockey-checklist/,2025-12-24T04:16:46.155Z,Base Set,185,Evan Gardner,Saskatoon,Blades,,,"14 Base Cards per Hobby & e-Pack, Six per Blaster",20,,,,,,,2024-25 CHL Hockey Checklist,2024-25-chl-hockey-checklist
,,http://upperdeck.com/checklist/2024-25-chl-hockey-checklist/,2025-12-24T04:16:46.155Z,Base Set,186,Oliver Samson,Baie-Comeau,Drakkar,,,"14 Base Cards per Hobby & e-Pack, Six per Blaster",20,,,,,,,2024-25 CHL Hockey Checklist,2024-25-chl-hockey-checklist
,,http://upperdeck.com/checklist/2024-25-chl-hockey-checklist/,2025-12-24T04:16:46.155Z,Base Set,187,Kocha Delic,Sudbury,Wolves,,,"14 Base Cards per Hobby & e-Pack, Six per Blaster",20,,,,,,,2024-25 CHL Hockey Checklist,2024-25-chl-hockey-checklist
,,http://upperdeck.com/checklist/2024-25-chl-hockey-checklist/,2025-12-24T04:16:46.155Z,Base Set,188,Logan Wormald,Lethbridge,Hurricanes,,,"14 Base Cards per Hobby & e-Pack, Six per Blaster",20,,,,,,,2024-25 CHL Hockey Checklist,2024-25-chl-hockey-checklist
,,http://upperdeck.com/checklist/2024-25-chl-hockey-checklist/,2025-12-24T04:16:46.155Z,Base Set,189,Jacob Steinman,Halifax,Mooseheads,,,"14 Base Cards per Hobby & e-Pack, Six per Blaster",20,,,,,,,2024-25 CHL Hockey Checklist,2024-25-chl-hockey-checklist
,,http://upperdeck.com/checklist/2024-25-chl-hockey-checklist/,2025-12-24T04:16:46.155Z,Base Set,190,Ethan Hay,Kingston,Frontenacs,,,"14 Base Cards per Hobby & e-Pack, Six per Blaster",20,,,,,,,2024-25 CHL Hockey Checklist,2024-25-chl-hockey-checklist
,,http://upperdeck.com/checklist/2024-25-chl-hockey-checklist/,2025-12-24T04:16:46.155Z,Base Set,191,Harrison Meneghin,Medicine Hat,Tigers,,,"14 Base Cards per Hobby & e-Pack, Six per Blaster",20,,,,,,,2024-25 CHL Hockey Checklist,2024-25-chl-hockey-checklist
,,http://upperdeck.com/checklist/2024-25-chl-hockey-checklist/,2025-12-24T04:16:46.155Z,Base Set,192,Xavier Lebel,Quebec,Remparts,,,"14 Base Cards per Hobby & e-Pack, Six per Blaster",20,,,,,,,2024-25 CHL Hockey Checklist,2024-25-chl-hockey-checklist
,,http://upperdeck.com/checklist/2024-25-chl-hockey-checklist/,2025-12-24T04:16:46.155Z,Base Set,193,Caden Taylor,Peterborough,Petes,,,"14 Base Cards per Hobby & e-Pack, Six per Blaster",20,,,,,,,2024-25 CHL Hockey Checklist,2024-25-chl-hockey-checklist
,,http://upperdeck.com/checklist/2024-25-chl-hockey-checklist/,2025-12-24T04:16:46.155Z,Base Set,194,Will McIsaac,Spokane,Chiefs,,,"14 Base Cards per Hobby & e-Pack, Six per Blaster",20,,,,,,,2024-25 CHL Hockey Checklist,2024-25-chl-hockey-checklist
,,http://upperdeck.com/checklist/2024-25-chl-hockey-checklist/,2025-12-24T04:16:46.155Z,Base Set,195,Raphael Precourt,Chicoutimi,Sagueneens,,,"14 Base Cards per Hobby & e-Pack, Six per Blaster",20,,,,,,,2024-25 CHL Hockey Checklist,2024-25-chl-hockey-checklist
,,http://upperdeck.com/checklist/2024-25-chl-hockey-checklist/,2025-12-24T04:16:46.155Z,Base Set,196,Owen Allard,Sault Ste. Marie,Greyhounds,,,"14 Base Cards per Hobby & e-Pack, Six per Blaster",20,,,,,,,2024-25 CHL Hockey Checklist,2024-25-chl-hockey-checklist
,,http://upperdeck.com/checklist/2024-25-chl-hockey-checklist/,2025-12-24T04:16:46.155Z,Base Set,197,Tyson Zimmer,Vancouver,Giants,,,"14 Base Cards per Hobby & e-Pack, Six per Blaster",20,,,,,,,2024-25 CHL Hockey Checklist,2024-25-chl-hockey-checklist
,,http://upperdeck.com/checklist/2024-25-chl-hockey-checklist/,2025-12-24T04:16:46.155Z,Base Set,198,Thomas Rousseau,Sherbrooke,Phoenix,,,"14 Base Cards per Hobby & e-Pack, Six per Blaster",20,,,,,,,2024-25 CHL Hockey Checklist,2024-25-chl-hockey-checklist
,,http://upperdeck.com/checklist/2024-25-chl-hockey-checklist/,2025-12-24T04:16:46.155Z,Base Set,199,Will Gerrior,Ottawa,67's,,,"14 Base Cards per Hobby & e-Pack, Six per Blaster",20,,,,,,,2024-25 CHL Hockey Checklist,2024-25-chl-hockey-checklist
,,http://upperdeck.com/checklist/2024-25-chl-hockey-checklist/,2025-12-24T04:16:46.155Z,Base Set,200,Lukas Dragicevic,Prince Albert,Raiders,,,"14 Base Cards per Hobby & e-Pack, Six per Blaster",20,,,,,,,2024-25 CHL Hockey Checklist,2024-25-chl-hockey-checklist
,,http://upperdeck.com/checklist/2024-25-chl-hockey-checklist/,2025-12-24T04:16:46.155Z,Base Set,201,Nathan Levesque,Gatineau,Olympiques,,,"14 Base Cards per Hobby & e-Pack, Six per Blaster",20,,,,,,,2024-25 CHL Hockey Checklist,2024-25-chl-hockey-checklist
,,http://upperdeck.com/checklist/2024-25-chl-hockey-checklist/,2025-12-24T04:16:46.155Z,Base Set,202,Ryerson Leenders,Brantford,Bulldogs,,,"14 Base Cards per Hobby & e-Pack, Six per Blaster",20,,,,,,,2024-25 CHL Hockey Checklist,2024-25-chl-hockey-checklist
,,http://upperdeck.com/checklist/2024-25-chl-hockey-checklist/,2025-12-24T04:16:46.155Z,Base Set,203,Jake Sloan,Tri-City,Americans,,,"14 Base Cards per Hobby & e-Pack, Six per Blaster",20,,,,,,,2024-25 CHL Hockey Checklist,2024-25-chl-hockey-checklist
,,http://upperdeck.com/checklist/2024-25-chl-hockey-checklist/,2025-12-24T04:16:46.155Z,Base Set,204,Philippe Veilleux,Val-d'Or,Foreurs,,,"14 Base Cards per Hobby & e-Pack, Six per Blaster",20,,,,,,,2024-25 CHL Hockey Checklist,2024-25-chl-hockey-checklist
,,http://upperdeck.com/checklist/2024-25-chl-hockey-checklist/,2025-12-24T04:16:46.155Z,Base Set,205,Alex Pharand,Sudbury,Wolves,,,"14 Base Cards per Hobby & e-Pack, Six per Blaster",20,,,,,,,2024-25 CHL Hockey Checklist,2024-25-chl-hockey-checklist
,,http://upperdeck.com/checklist/2024-25-chl-hockey-checklist/,2025-12-24T04:16:46.155Z,Base Set,206,Reggie Newman,Victoria,Royals,,,"14 Base Cards per Hobby & e-Pack, Six per Blaster",20,,,,,,,2024-25 CHL Hockey Checklist,2024-25-chl-hockey-checklist
,,http://upperdeck.com/checklist/2024-25-chl-hockey-checklist/,2025-12-24T04:16:46.155Z,Base Set,207,Mathys Fernandez,Shawinigan,Cataractes,,,"14 Base Cards per Hobby & e-Pack, Six per Blaster",20,,,,,,,2024-25 CHL Hockey Checklist,2024-25-chl-hockey-checklist
,,http://upperdeck.com/checklist/2024-25-chl-hockey-checklist/,2025-12-24T04:16:46.155Z,Base Set,208,Konnor Smith,Brampton,Steelheads,,,"14 Base Cards per Hobby & e-Pack, Six per Blaster",20,,,,,,,2024-25 CHL Hockey Checklist,2024-25-chl-hockey-checklist
,,http://upperdeck.com/checklist/2024-25-chl-hockey-checklist/,2025-12-24T04:16:46.155Z,Base Set,209,Emmitt Finnie,Kamloops,Blazers,,,"14 Base Cards per Hobby & e-Pack, Six per Blaster",20,,,,,,,2024-25 CHL Hockey Checklist,2024-25-chl-hockey-checklist
,,http://upperdeck.com/checklist/2024-25-chl-hockey-checklist/,2025-12-24T04:16:46.155Z,Base Set,210,Justin Boisselle,Gatineau,Olympiques,,,"14 Base Cards per Hobby & e-Pack, Six per Blaster",20,,,,,,,2024-25 CHL Hockey Checklist,2024-25-chl-hockey-checklist
,,http://upperdeck.com/checklist/2024-25-chl-hockey-checklist/,2025-12-24T04:16:46.155Z,Base Set,211,Andrew LeBlanc,North Bay,Battalion,,,"14 Base Cards per Hobby & e-Pack, Six per Blaster",20,,,,,,,2024-25 CHL Hockey Checklist,2024-25-chl-hockey-checklist
,,http://upperdeck.com/checklist/2024-25-chl-hockey-checklist/,2025-12-24T04:16:46.155Z,Base Set,212,Cruz Pavao,Tri-City,Americans,,,"14 Base Cards per Hobby & e-Pack, Six per Blaster",20,,,,,,,2024-25 CHL Hockey Checklist,2024-25-chl-hockey-checklist
,,http://upperdeck.com/checklist/2024-25-chl-hockey-checklist/,2025-12-24T04:16:46.155Z,Base Set,213,Tyler Peddle,Saint John,Sea Dogs,,,"14 Base Cards per Hobby & e-Pack, Six per Blaster",20,,,,,,,2024-25 CHL Hockey Checklist,2024-25-chl-hockey-checklist
,,http://upperdeck.com/checklist/2024-25-chl-hockey-checklist/,2025-12-24T04:16:46.155Z,Base Set,214,Marco Mignosa,Sault Ste. Marie,Greyhounds,,,"14 Base Cards per Hobby & e-Pack, Six per Blaster",20,,,,,,,2024-25 CHL Hockey Checklist,2024-25-chl-hockey-checklist
,,http://upperdeck.com/checklist/2024-25-chl-hockey-checklist/,2025-12-24T04:16:46.155Z,Base Set,215,Ryder Ritchie,Medicine Hat,Tigers,,,"14 Base Cards per Hobby & e-Pack, Six per Blaster",20,,,,,,,2024-25 CHL Hockey Checklist,2024-25-chl-hockey-checklist
,,http://upperdeck.com/checklist/2024-25-chl-hockey-checklist/,2025-12-24T04:16:46.155Z,Base Set,216,Nathan Drapeau,Val-d'Or,Foreurs,,,"14 Base Cards per Hobby & e-Pack, Six per Blaster",20,,,,,,,2024-25 CHL Hockey Checklist,2024-25-chl-hockey-checklist
,,http://upperdeck.com/checklist/2024-25-chl-hockey-checklist/,2025-12-24T04:16:46.155Z,Base Set,217,Jonathan Melee,Peterborough,Petes,,,"14 Base Cards per Hobby & e-Pack, Six per Blaster",20,,,,,,,2024-25 CHL Hockey Checklist,2024-25-chl-hockey-checklist
,,http://upperdeck.com/checklist/2024-25-chl-hockey-checklist/,2025-12-24T04:16:46.155Z,Base Set,218,Nolan Flamand,Brandon,Wheat Kings,,,"14 Base Cards per Hobby & e-Pack, Six per Blaster",20,,,,,,,2024-25 CHL Hockey Checklist,2024-25-chl-hockey-checklist
,,http://upperdeck.com/checklist/2024-25-chl-hockey-checklist/,2025-12-24T04:16:46.155Z,Base Set,219,Dominic Pilote,Rimouski,Oceanic,,,"14 Base Cards per Hobby & e-Pack, Six per Blaster",20,,,,,,,2024-25 CHL Hockey Checklist,2024-25-chl-hockey-checklist
,,http://upperdeck.com/checklist/2024-25-chl-hockey-checklist/,2025-12-24T04:16:46.155Z,Base Set,220,Jakub Chromiak,Kitchener,Rangers,,,"14 Base Cards per Hobby & e-Pack, Six per Blaster",20,,,,,,,2024-25 CHL Hockey Checklist,2024-25-chl-hockey-checklist
,,http://upperdeck.com/checklist/2024-25-chl-hockey-checklist/,2025-12-24T04:16:46.155Z,Base Set,221,Justin Kipkie,Victoria,Royals,,,"14 Base Cards per Hobby & e-Pack, Six per Blaster",20,,,,,,,2024-25 CHL Hockey Checklist,2024-25-chl-hockey-checklist
,,http://upperdeck.com/checklist/2024-25-chl-hockey-checklist/,2025-12-24T04:16:46.155Z,Base Set,222,Brayden Schmitt,Cape Breton,Eagles,,,"14 Base Cards per Hobby & e-Pack, Six per Blaster",20,,,,,,,2024-25 CHL Hockey Checklist,2024-25-chl-hockey-checklist
,,http://upperdeck.com/checklist/2024-25-chl-hockey-checklist/,2025-12-24T04:16:46.155Z,Base Set,223,Emil Pieniniemi,Kingston,Frontenacs,,,"14 Base Cards per Hobby & e-Pack, Six per Blaster",20,,,,,,,2024-25 CHL Hockey Checklist,2024-25-chl-hockey-checklist
,,http://upperdeck.com/checklist/2024-25-chl-hockey-checklist/,2025-12-24T04:16:46.155Z,Base Set,224,Terrell Goldsmith,Tri-City,Americans,,,"14 Base Cards per Hobby & e-Pack, Six per Blaster",20,,,,,,,2024-25 CHL Hockey Checklist,2024-25-chl-hockey-checklist
,,http://upperdeck.com/checklist/2024-25-chl-hockey-checklist/,2025-12-24T04:16:46.156Z,Base Set,225,William Shields,Charlottetown,Islanders,,,"14 Base Cards per Hobby & e-Pack, Six per Blaster",20,,,,,,,2024-25 CHL Hockey Checklist,2024-25-chl-hockey-checklist
,,http://upperdeck.com/checklist/2024-25-chl-hockey-checklist/,2025-12-24T04:16:46.156Z,Base Set,226,Matthew Mayich,Ottawa,67's,,,"14 Base Cards per Hobby & e-Pack, Six per Blaster",20,,,,,,,2024-25 CHL Hockey Checklist,2024-25-chl-hockey-checklist
,,http://upperdeck.com/checklist/2024-25-chl-hockey-checklist/,2025-12-24T04:16:46.156Z,Base Set,227,Antonio Martorana,Seattle,Thunderbirds,,,"14 Base Cards per Hobby & e-Pack, Six per Blaster",20,,,,,,,2024-25 CHL Hockey Checklist,2024-25-chl-hockey-checklist
,,http://upperdeck.com/checklist/2024-25-chl-hockey-checklist/,2025-12-24T04:16:46.156Z,Base Set,228,Eliot L'ltalien,Blainville-Boisbriand,Armada,,,"14 Base Cards per Hobby & e-Pack, Six per Blaster",20,,,,,,,2024-25 CHL Hockey Checklist,2024-25-chl-hockey-checklist
,,http://upperdeck.com/checklist/2024-25-chl-hockey-checklist/,2025-12-24T04:16:46.156Z,Base Set,229,Jack Van Volsen,Brampton,Steelheads,,,"14 Base Cards per Hobby & e-Pack, Six per Blaster",20,,,,,,,2024-25 CHL Hockey Checklist,2024-25-chl-hockey-checklist
,,http://upperdeck.com/checklist/2024-25-chl-hockey-checklist/,2025-12-24T04:16:46.156Z,Base Set,230,Blake Fiddler,Edmonton,Oil Kings,,,"14 Base Cards per Hobby & e-Pack, Six per Blaster",20,,,,,,,2024-25 CHL Hockey Checklist,2024-25-chl-hockey-checklist
,,http://upperdeck.com/checklist/2024-25-chl-hockey-checklist/,2025-12-24T04:16:46.156Z,Base Set,231,Benjamin Brunelle,Rouyn-Noranda,Huskies,,,"14 Base Cards per Hobby & e-Pack, Six per Blaster",20,,,,,,,2024-25 CHL Hockey Checklist,2024-25-chl-hockey-checklist
,,http://upperdeck.com/checklist/2024-25-chl-hockey-checklist/,2025-12-24T04:16:46.156Z,Base Set,232,Luca Blonda,Sudbury,Wolves,,,"14 Base Cards per Hobby & e-Pack, Six per Blaster",20,,,,,,,2024-25 CHL Hockey Checklist,2024-25-chl-hockey-checklist
,,http://upperdeck.com/checklist/2024-25-chl-hockey-checklist/,2025-12-24T04:16:46.156Z,Base Set,233,Brayden Schuurman,Seattle,Thunderbirds,,,"14 Base Cards per Hobby & e-Pack, Six per Blaster",20,,,,,,,2024-25 CHL Hockey Checklist,2024-25-chl-hockey-checklist
,,http://upperdeck.com/checklist/2024-25-chl-hockey-checklist/,2025-12-24T04:16:46.156Z,Base Set,234,Alexis Bourque,Victoriaville,Tigres,,,"14 Base Cards per Hobby & e-Pack, Six per Blaster",20,,,,,,,2024-25 CHL Hockey Checklist,2024-25-chl-hockey-checklist
,,http://upperdeck.com/checklist/2024-25-chl-hockey-checklist/,2025-12-24T04:16:46.156Z,Base Set,235,Brodie McConnell-Barker,Sault Ste. Marie,Greyhounds,,,"14 Base Cards per Hobby & e-Pack, Six per Blaster",20,,,,,,,2024-25 CHL Hockey Checklist,2024-25-chl-hockey-checklist
,,http://upperdeck.com/checklist/2024-25-chl-hockey-checklist/,2025-12-24T04:16:46.156Z,Base Set,236,Carter Sotheran,Portland,Winterhawks,,,"14 Base Cards per Hobby & e-Pack, Six per Blaster",20,,,,,,,2024-25 CHL Hockey Checklist,2024-25-chl-hockey-checklist
,,http://upperdeck.com/checklist/2024-25-chl-hockey-checklist/,2025-12-24T04:16:46.156Z,Base Set,237,Coen Miller,Saint John,Sea Dogs,,,"14 Base Cards per Hobby & e-Pack, Six per Blaster",20,,,,,,,2024-25 CHL Hockey Checklist,2024-25-chl-hockey-checklist
,,http://upperdeck.com/checklist/2024-25-chl-hockey-checklist/,2025-12-24T04:16:46.156Z,Base Set,238,Ryan Brown,Sarnia,Sting,,,"14 Base Cards per Hobby & e-Pack, Six per Blaster",20,,,,,,,2024-25 CHL Hockey Checklist,2024-25-chl-hockey-checklist
,,http://upperdeck.com/checklist/2024-25-chl-hockey-checklist/,2025-12-24T04:16:46.156Z,Base Set,239,Chase Wutzke,Red Deer,Rebels,,,"14 Base Cards per Hobby & e-Pack, Six per Blaster",20,,,,,,,2024-25 CHL Hockey Checklist,2024-25-chl-hockey-checklist
,,http://upperdeck.com/checklist/2024-25-chl-hockey-checklist/,2025-12-24T04:16:46.156Z,Base Set,240,Olivier Dubois,Sherbrooke,Phoenix,,,"14 Base Cards per Hobby & e-Pack, Six per Blaster",20,,,,,,,2024-25 CHL Hockey Checklist,2024-25-chl-hockey-checklist
,,http://upperdeck.com/checklist/2024-25-chl-hockey-checklist/,2025-12-24T04:16:46.156Z,Base Set,241,Max Namestnikov,Guelph,Storm,,,"14 Base Cards per Hobby & e-Pack, Six per Blaster",20,,,,,,,2024-25 CHL Hockey Checklist,2024-25-chl-hockey-checklist
,,http://upperdeck.com/checklist/2024-25-chl-hockey-checklist/,2025-12-24T04:16:46.156Z,Base Set,242,Reese Hamilton,Regina,Pats,,,"14 Base Cards per Hobby & e-Pack, Six per Blaster",20,,,,,,,2024-25 CHL Hockey Checklist,2024-25-chl-hockey-checklist
,,http://upperdeck.com/checklist/2024-25-chl-hockey-checklist/,2025-12-24T04:16:46.156Z,Base Set,243,Quinn Kennedy,Halifax,Mooseheads,,,"14 Base Cards per Hobby & e-Pack, Six per Blaster",20,,,,,,,2024-25 CHL Hockey Checklist,2024-25-chl-hockey-checklist
,,http://upperdeck.com/checklist/2024-25-chl-hockey-checklist/,2025-12-24T04:16:46.156Z,Base Set,244,Lucas Karmiris,Brampton,Steelheads,,,"14 Base Cards per Hobby & e-Pack, Six per Blaster",20,,,,,,,2024-25 CHL Hockey Checklist,2024-25-chl-hockey-checklist
,,http://upperdeck.com/checklist/2024-25-chl-hockey-checklist/,2025-12-24T04:16:46.156Z,Base Set,245,Max Hildebrand,Prince Albert,Raiders,,,"14 Base Cards per Hobby & e-Pack, Six per Blaster",20,,,,,,,2024-25 CHL Hockey Checklist,2024-25-chl-hockey-checklist
,,http://upperdeck.com/checklist/2024-25-chl-hockey-checklist/,2025-12-24T04:16:46.156Z,Base Set,246,Olivier Lampron,Sherbrooke,Phoenix,,,"14 Base Cards per Hobby & e-Pack, Six per Blaster",20,,,,,,,2024-25 CHL Hockey Checklist,2024-25-chl-hockey-checklist
,,http://upperdeck.com/checklist/2024-25-chl-hockey-checklist/,2025-12-24T04:16:46.156Z,Base Set,247,Brady Smith,Sault Ste. Marie,Greyhounds,,,"14 Base Cards per Hobby & e-Pack, Six per Blaster",20,,,,,,,2024-25 CHL Hockey Checklist,2024-25-chl-hockey-checklist
,,http://upperdeck.com/checklist/2024-25-chl-hockey-checklist/,2025-12-24T04:16:46.156Z,Base Set,248,Rylan Gould,Swift Current,Broncos,,,"14 Base Cards per Hobby & e-Pack, Six per Blaster",20,,,,,,,2024-25 CHL Hockey Checklist,2024-25-chl-hockey-checklist
,,http://upperdeck.com/checklist/2024-25-chl-hockey-checklist/,2025-12-24T04:16:46.156Z,Base Set,249,Vincent Desjardins,Blainville-Boisbriand,Armada,,,"14 Base Cards per Hobby & e-Pack, Six per Blaster",20,,,,,,,2024-25 CHL Hockey Checklist,2024-25-chl-hockey-checklist
,,http://upperdeck.com/checklist/2024-25-chl-hockey-checklist/,2025-12-24T04:16:46.156Z,Base Set,250,Jacob Cloutier,Saginaw,Spirit,,,"14 Base Cards per Hobby & e-Pack, Six per Blaster",20,,,,,,,2024-25 CHL Hockey Checklist,2024-25-chl-hockey-checklist
,,http://upperdeck.com/checklist/2024-25-chl-hockey-checklist/,2025-12-24T04:16:46.156Z,Base Set,251,Griffin Darby,Portland,Winterhawks,,,"14 Base Cards per Hobby & e-Pack, Six per Blaster",20,,,,,,,2024-25 CHL Hockey Checklist,2024-25-chl-hockey-checklist
,,http://upperdeck.com/checklist/2024-25-chl-hockey-checklist/,2025-12-24T04:16:46.156Z,Base Set,252,Justin Gendron,Baie-Comeau,Drakkar,,,"14 Base Cards per Hobby & e-Pack, Six per Blaster",20,,,,,,,2024-25 CHL Hockey Checklist,2024-25-chl-hockey-checklist
,,http://upperdeck.com/checklist/2024-25-chl-hockey-checklist/,2025-12-24T04:16:46.156Z,Base Set,253,Liam Sztuska,Peterborough,Petes,,,"14 Base Cards per Hobby & e-Pack, Six per Blaster",20,,,,,,,2024-25 CHL Hockey Checklist,2024-25-chl-hockey-checklist
,,http://upperdeck.com/checklist/2024-25-chl-hockey-checklist/,2025-12-24T04:16:46.156Z,Base Set,254,Niall Crocker,Prince Albert,Raiders,,,"14 Base Cards per Hobby & e-Pack, Six per Blaster",20,,,,,,,2024-25 CHL Hockey Checklist,2024-25-chl-hockey-checklist
,,http://upperdeck.com/checklist/2024-25-chl-hockey-checklist/,2025-12-24T04:16:46.156Z,Base Set,255,Alexandre Guy,Cape Breton,Eagles,,,"14 Base Cards per Hobby & e-Pack, Six per Blaster",20,,,,,,,2024-25 CHL Hockey Checklist,2024-25-chl-hockey-checklist
,,http://upperdeck.com/checklist/2024-25-chl-hockey-checklist/,2025-12-24T04:16:46.156Z,Base Set,256,Lincoln Moore,Saginaw,Spirit,,,"14 Base Cards per Hobby & e-Pack, Six per Blaster",20,,,,,,,2024-25 CHL Hockey Checklist,2024-25-chl-hockey-checklist
,,http://upperdeck.com/checklist/2024-25-chl-hockey-checklist/,2025-12-24T04:16:46.156Z,Base Set,257,Carson Bjarnason,Brandon,Wheat Kings,,,"14 Base Cards per Hobby & e-Pack, Six per Blaster",20,,,,,,,2024-25 CHL Hockey Checklist,2024-25-chl-hockey-checklist
,,http://upperdeck.com/checklist/2024-25-chl-hockey-checklist/,2025-12-24T04:16:46.156Z,Base Set,258,Hugo Primeau,Sherbrooke,Phoenix,,,"14 Base Cards per Hobby & e-Pack, Six per Blaster",20,,,,,,,2024-25 CHL Hockey Checklist,2024-25-chl-hockey-checklist
,,http://upperdeck.com/checklist/2024-25-chl-hockey-checklist/,2025-12-24T04:16:46.156Z,Base Set,259,Joey Willis,Kingston,Frontenacs,,,"14 Base Cards per Hobby & e-Pack, Six per Blaster",20,,,,,,,2024-25 CHL Hockey Checklist,2024-25-chl-hockey-checklist
,,http://upperdeck.com/checklist/2024-25-chl-hockey-checklist/,2025-12-24T04:16:46.156Z,Base Set,260,Jan Spunar,Portland,Winterhawks,,,"14 Base Cards per Hobby & e-Pack, Six per Blaster",20,,,,,,,2024-25 CHL Hockey Checklist,2024-25-chl-hockey-checklist
,,http://upperdeck.com/checklist/2024-25-chl-hockey-checklist/,2025-12-24T04:16:46.156Z,Base Set,261,Jakub Milota,Cape Breton,Eagles,,,"14 Base Cards per Hobby & e-Pack, Six per Blaster",20,,,,,,,2024-25 CHL Hockey Checklist,2024-25-chl-hockey-checklist
,,http://upperdeck.com/checklist/2024-25-chl-hockey-checklist/,2025-12-24T04:16:46.156Z,Base Set,262,Cooper Foster,Ottawa,67's,,,"14 Base Cards per Hobby & e-Pack, Six per Blaster",20,,,,,,,2024-25 CHL Hockey Checklist,2024-25-chl-hockey-checklist
,,http://upperdeck.com/checklist/2024-25-chl-hockey-checklist/,2025-12-24T04:16:46.156Z,Base Set,263,Tommy Lafreniere,Kamloops,Blazers,,,"14 Base Cards per Hobby & e-Pack, Six per Blaster",20,,,,,,,2024-25 CHL Hockey Checklist,2024-25-chl-hockey-checklist
,,http://upperdeck.com/checklist/2024-25-chl-hockey-checklist/,2025-12-24T04:16:46.156Z,Base Set,264,Simon-Pier Brunet,Drummondville,Voltigeurs,,,"14 Base Cards per Hobby & e-Pack, Six per Blaster",20,,,,,,,2024-25 CHL Hockey Checklist,2024-25-chl-hockey-checklist
,,http://upperdeck.com/checklist/2024-25-chl-hockey-checklist/,2025-12-24T04:16:46.156Z,Base Set,265,Evan Headrick,Kitchener,Rangers,,,"14 Base Cards per Hobby & e-Pack, Six per Blaster",20,,,,,,,2024-25 CHL Hockey Checklist,2024-25-chl-hockey-checklist
,,http://upperdeck.com/checklist/2024-25-chl-hockey-checklist/,2025-12-24T04:16:46.156Z,Base Set,266,Jett Lajoie,Prince George,Cougars,,,"14 Base Cards per Hobby & e-Pack, Six per Blaster",20,,,,,,,2024-25 CHL Hockey Checklist,2024-25-chl-hockey-checklist
,,http://upperdeck.com/checklist/2024-25-chl-hockey-checklist/,2025-12-24T04:16:46.156Z,Base Set,267,Nathan Brisson,Val-d'Or,Foreurs,,,"14 Base Cards per Hobby & e-Pack, Six per Blaster",20,,,,,,,2024-25 CHL Hockey Checklist,2024-25-chl-hockey-checklist
,,http://upperdeck.com/checklist/2024-25-chl-hockey-checklist/,2025-12-24T04:16:46.156Z,Base Set,268,Mike Levin,Niagara,IceDogs,,,"14 Base Cards per Hobby & e-Pack, Six per Blaster",20,,,,,,,2024-25 CHL Hockey Checklist,2024-25-chl-hockey-checklist
,,http://upperdeck.com/checklist/2024-25-chl-hockey-checklist/,2025-12-24T04:16:46.156Z,Base Set,269,Aaron Obobaifo,Vancouver,Giants,,,"14 Base Cards per Hobby & e-Pack, Six per Blaster",20,,,,,,,2024-25 CHL Hockey Checklist,2024-25-chl-hockey-checklist
,,http://upperdeck.com/checklist/2024-25-chl-hockey-checklist/,2025-12-24T04:16:46.156Z,Base Set,270,Landon Miller,Sault Ste. Marie,Greyhounds,,,"14 Base Cards per Hobby & e-Pack, Six per Blaster",20,,,,,,,2024-25 CHL Hockey Checklist,2024-25-chl-hockey-checklist
,,http://upperdeck.com/checklist/2024-25-chl-hockey-checklist/,2025-12-24T04:16:46.156Z,Base Set,271,John Babcock,Regina,Pats,,,"14 Base Cards per Hobby & e-Pack, Six per Blaster",20,,,,,,,2024-25 CHL Hockey Checklist,2024-25-chl-hockey-checklist
,,http://upperdeck.com/checklist/2024-25-chl-hockey-checklist/,2025-12-24T04:16:46.156Z,Base Set,272,Lou Levesque,Rimouski,Oceanic,,,"14 Base Cards per Hobby & e-Pack, Six per Blaster",20,,,,,,,2024-25 CHL Hockey Checklist,2024-25-chl-hockey-checklist
,,http://upperdeck.com/checklist/2024-25-chl-hockey-checklist/,2025-12-24T04:16:46.156Z,Base Set,273,Spencer Sova,Brampton,Steelheads,,,"14 Base Cards per Hobby & e-Pack, Six per Blaster",20,,,,,,,2024-25 CHL Hockey Checklist,2024-25-chl-hockey-checklist
,,http://upperdeck.com/checklist/2024-25-chl-hockey-checklist/,2025-12-24T04:16:46.156Z,Base Set,274,Reed Brown,Portland,Winterhawks,,,"14 Base Cards per Hobby & e-Pack, Six per Blaster",20,,,,,,,2024-25 CHL Hockey Checklist,2024-25-chl-hockey-checklist
,,http://upperdeck.com/checklist/2024-25-chl-hockey-checklist/,2025-12-24T04:16:46.156Z,Base Set,275,Jack Dever,Ottawa,67's,,,"14 Base Cards per Hobby & e-Pack, Six per Blaster",20,,,,,,,2024-25 CHL Hockey Checklist,2024-25-chl-hockey-checklist
,,http://upperdeck.com/checklist/2024-25-chl-hockey-checklist/,2025-12-24T04:16:46.156Z,Base Set,276,Kalan Lind,Red Deer,Rebels,,,"14 Base Cards per Hobby & e-Pack, Six per Blaster",20,,,,,,,2024-25 CHL Hockey Checklist,2024-25-chl-hockey-checklist
,,http://upperdeck.com/checklist/2024-25-chl-hockey-checklist/,2025-12-24T04:16:46.156Z,Base Set,277,Jacob Mathieu,Rimouski,Oceanic,,,"14 Base Cards per Hobby & e-Pack, Six per Blaster",20,,,,,,,2024-25 CHL Hockey Checklist,2024-25-chl-hockey-checklist
,,http://upperdeck.com/checklist/2024-25-chl-hockey-checklist/,2025-12-24T04:16:46.156Z,Base Set,278,Chase Lefebvre,Peterborough,Petes,,,"14 Base Cards per Hobby & e-Pack, Six per Blaster",20,,,,,,,2024-25 CHL Hockey Checklist,2024-25-chl-hockey-checklist
,,http://upperdeck.com/checklist/2024-25-chl-hockey-checklist/,2025-12-24T04:16:46.156Z,Base Set,279,Sawyer Mynio,Calgary,Hitmen,,,"14 Base Cards per Hobby & e-Pack, Six per Blaster",20,,,,,,,2024-25 CHL Hockey Checklist,2024-25-chl-hockey-checklist
,,http://upperdeck.com/checklist/2024-25-chl-hockey-checklist/,2025-12-24T04:16:46.156Z,Base Set,280,Nathan Villeneuve,Sudbury,Wolves,,,"14 Base Cards per Hobby & e-Pack, Six per Blaster",20,,,,,,,2024-25 CHL Hockey Checklist,2024-25-chl-hockey-checklist
,,http://upperdeck.com/checklist/2024-25-chl-hockey-checklist/,2025-12-24T04:16:46.156Z,Base Set,281,Braxton Whitehead,Regina,Pats,,,"14 Base Cards per Hobby & e-Pack, Six per Blaster",20,,,,,,,2024-25 CHL Hockey Checklist,2024-25-chl-hockey-checklist
,,http://upperdeck.com/checklist/2024-25-chl-hockey-checklist/,2025-12-24T04:16:46.156Z,Base Set,282,Brady Schultz,Halifax,Mooseheads,,,"14 Base Cards per Hobby & e-Pack, Six per Blaster",20,,,,,,,2024-25 CHL Hockey Checklist,2024-25-chl-hockey-checklist
,,http://upperdeck.com/checklist/2024-25-chl-hockey-checklist/,2025-12-24T04:16:46.156Z,Base Set,283,Braydon McCallum,Peterborough,Petes,,,"14 Base Cards per Hobby & e-Pack, Six per Blaster",20,,,,,,,2024-25 CHL Hockey Checklist,2024-25-chl-hockey-checklist
,,http://upperdeck.com/checklist/2024-25-chl-hockey-checklist/,2025-12-24T04:16:46.156Z,Base Set,284,Jari Kykkanen,Kelowna,Rockets,,,"14 Base Cards per Hobby & e-Pack, Six per Blaster",20,,,,,,,2024-25 CHL Hockey Checklist,2024-25-chl-hockey-checklist
,,http://upperdeck.com/checklist/2024-25-chl-hockey-checklist/,2025-12-24T04:16:46.156Z,Base Set,285,Brad Gardiner,Barrie,Colts,,,"14 Base Cards per Hobby & e-Pack, Six per Blaster",20,,,,,,,2024-25 CHL Hockey Checklist,2024-25-chl-hockey-checklist
,,http://upperdeck.com/checklist/2024-25-chl-hockey-checklist/,2025-12-24T04:16:46.156Z,Base Set,286,Ethan Miedema,Kingston,Frontenacs,,,"14 Base Cards per Hobby & e-Pack, Six per Blaster",20,,,,,,,2024-25 CHL Hockey Checklist,2024-25-chl-hockey-checklist
,,http://upperdeck.com/checklist/2024-25-chl-hockey-checklist/,2025-12-24T04:16:46.156Z,Base Set,287,Justin Cote,Quebec,Remparts,,,"14 Base Cards per Hobby & e-Pack, Six per Blaster",20,,,,,,,2024-25 CHL Hockey Checklist,2024-25-chl-hockey-checklist
,,http://upperdeck.com/checklist/2024-25-chl-hockey-checklist/,2025-12-24T04:16:46.156Z,Base Set,288,Andrew Gibson,Oshawa,Generals,,,"14 Base Cards per Hobby & e-Pack, Six per Blaster",20,,,,,,,2024-25 CHL Hockey Checklist,2024-25-chl-hockey-checklist
,,http://upperdeck.com/checklist/2024-25-chl-hockey-checklist/,2025-12-24T04:16:46.156Z,Base Set,289,Cameron Kuzma,Regina,Pats,,,"14 Base Cards per Hobby & e-Pack, Six per Blaster",20,,,,,,,2024-25 CHL Hockey Checklist,2024-25-chl-hockey-checklist
,,http://upperdeck.com/checklist/2024-25-chl-hockey-checklist/,2025-12-24T04:16:46.156Z,Base Set,290,Ben Cormier,Owen Sound,Attack,,,"14 Base Cards per Hobby & e-Pack, Six per Blaster",20,,,,,,,2024-25 CHL Hockey Checklist,2024-25-chl-hockey-checklist
,,http://upperdeck.com/checklist/2024-25-chl-hockey-checklist/,2025-12-24T04:16:46.157Z,Base Set,291,Connor Hvidston,Calgary,Hitmen,,,"14 Base Cards per Hobby & e-Pack, Six per Blaster",20,,,,,,,2024-25 CHL Hockey Checklist,2024-25-chl-hockey-checklist
,,http://upperdeck.com/checklist/2024-25-chl-hockey-checklist/,2025-12-24T04:16:46.157Z,Base Set,292,Matthew Andonovski,Kitchener,Rangers,,,"14 Base Cards per Hobby & e-Pack, Six per Blaster",20,,,,,,,2024-25 CHL Hockey Checklist,2024-25-chl-hockey-checklist
,,http://upperdeck.com/checklist/2024-25-chl-hockey-checklist/,2025-12-24T04:16:46.157Z,Base Set,293,Emile Perron,Acadie-Bathurst,Titan,,,"14 Base Cards per Hobby & e-Pack, Six per Blaster",20,,,,,,,2024-25 CHL Hockey Checklist,2024-25-chl-hockey-checklist
,,http://upperdeck.com/checklist/2024-25-chl-hockey-checklist/,2025-12-24T04:16:46.157Z,Base Set,294,Malcolm Spence,Erie,Otters,,,"14 Base Cards per Hobby & e-Pack, Six per Blaster",20,,,,,,,2024-25 CHL Hockey Checklist,2024-25-chl-hockey-checklist
,,http://upperdeck.com/checklist/2024-25-chl-hockey-checklist/,2025-12-24T04:16:46.157Z,Base Set,295,Caden Price,Lethbridge,Hurricanes,,,"14 Base Cards per Hobby & e-Pack, Six per Blaster",20,,,,,,,2024-25 CHL Hockey Checklist,2024-25-chl-hockey-checklist
,,http://upperdeck.com/checklist/2024-25-chl-hockey-checklist/,2025-12-24T04:16:46.157Z,Base Set,296,Nathan Aspinall,Flint,Firebirds,,,"14 Base Cards per Hobby & e-Pack, Six per Blaster",20,,,,,,,2024-25 CHL Hockey Checklist,2024-25-chl-hockey-checklist
,,http://upperdeck.com/checklist/2024-25-chl-hockey-checklist/,2025-12-24T04:16:46.157Z,Base Set,297,Jordan Keller,Kamloops,Blazers,,,"14 Base Cards per Hobby & e-Pack, Six per Blaster",20,,,,,,,2024-25 CHL Hockey Checklist,2024-25-chl-hockey-checklist
,,http://upperdeck.com/checklist/2024-25-chl-hockey-checklist/,2025-12-24T04:16:46.157Z,Base Set,298,Lukas Fischer,Sarnia,Sting,,,"14 Base Cards per Hobby & e-Pack, Six per Blaster",20,,,,,,,2024-25 CHL Hockey Checklist,2024-25-chl-hockey-checklist
,,http://upperdeck.com/checklist/2024-25-chl-hockey-checklist/,2025-12-24T04:16:46.157Z,Base Set,299,Jan Sprynar,Halifax,Mooseheads,,,"14 Base Cards per Hobby & e-Pack, Six per Blaster",20,,,,,,,2024-25 CHL Hockey Checklist,2024-25-chl-hockey-checklist
,,http://upperdeck.com/checklist/2024-25-chl-hockey-checklist/,2025-12-24T04:16:46.157Z,Base Set,300,Matthew Soto,Kingston,Frontenacs,,,"14 Base Cards per Hobby & e-Pack, Six per Blaster",20,,,,,,,2024-25 CHL Hockey Checklist,2024-25-chl-hockey-checklist
,,http://upperdeck.com/checklist/2024-25-chl-hockey-checklist/,2025-12-24T04:16:46.157Z,Base Set - Stars,301,Michael Misa,Saginaw,Spirit,,,"1:2 h, 1:2 e, 1:2 b",20,,,,,,,2024-25 CHL Hockey Checklist,2024-25-chl-hockey-checklist
,,http://upperdeck.com/checklist/2024-25-chl-hockey-checklist/,2025-12-24T04:16:46.157Z,Base Set - Stars,302,Tij Iginla,Kelowna,Rockets,,,"1:2 h, 1:2 e, 1:2 b",20,,,,,,,2024-25 CHL Hockey Checklist,2024-25-chl-hockey-checklist
,,http://upperdeck.com/checklist/2024-25-chl-hockey-checklist/,2025-12-24T04:16:46.157Z,Base Set - Stars,303,Sam Dickinson,London,Knights,,,"1:2 h, 1:2 e, 1:2 b",20,,,,,,,2024-25 CHL Hockey Checklist,2024-25-chl-hockey-checklist
,,http://upperdeck.com/checklist/2024-25-chl-hockey-checklist/,2025-12-24T04:16:46.157Z,Base Set - Stars,304,Carter Yakemchuk,Calgary,Hitmen,,,"1:2 h, 1:2 e, 1:2 b",20,,,,,,,2024-25 CHL Hockey Checklist,2024-25-chl-hockey-checklist
,,http://upperdeck.com/checklist/2024-25-chl-hockey-checklist/,2025-12-24T04:16:46.157Z,Base Set - Stars,305,Justin Poirier,Baie-Comeau,Drakkar,,,"1:2 h, 1:2 e, 1:2 b",20,,,,,,,2024-25 CHL Hockey Checklist,2024-25-chl-hockey-checklist
,,http://upperdeck.com/checklist/2024-25-chl-hockey-checklist/,2025-12-24T04:16:46.157Z,Base Set - Stars,306,Easton Cowan,London,Knights,,,"1:2 h, 1:2 e, 1:2 b",20,,,,,,,2024-25 CHL Hockey Checklist,2024-25-chl-hockey-checklist
,,http://upperdeck.com/checklist/2024-25-chl-hockey-checklist/,2025-12-24T04:16:46.157Z,Base Set - Stars,307,Reid Dyck,Swift Current,Broncos,,,"1:2 h, 1:2 e, 1:2 b",20,,,,,,,2024-25 CHL Hockey Checklist,2024-25-chl-hockey-checklist
,,http://upperdeck.com/checklist/2024-25-chl-hockey-checklist/,2025-12-24T04:16:46.157Z,Base Set - Stars,308,Calum Ritchie,Oshawa,Generals,,,"1:2 h, 1:2 e, 1:2 b",20,,,,,,,2024-25 CHL Hockey Checklist,2024-25-chl-hockey-checklist
,,http://upperdeck.com/checklist/2024-25-chl-hockey-checklist/,2025-12-24T04:16:46.157Z,Base Set - Stars,309,Kenta Isogai,Victoria,Royals,,,"1:2 h, 1:2 e, 1:2 b",20,,,,,,,2024-25 CHL Hockey Checklist,2024-25-chl-hockey-checklist
,,http://upperdeck.com/checklist/2024-25-chl-hockey-checklist/,2025-12-24T04:16:46.157Z,Base Set - Stars,310,Antonin Verreault,Rouyn-Noranda,Huskies,,,"1:2 h, 1:2 e, 1:2 b",20,,,,,,,2024-25 CHL Hockey Checklist,2024-25-chl-hockey-checklist
,,http://upperdeck.com/checklist/2024-25-chl-hockey-checklist/,2025-12-24T04:16:46.157Z,Base Set - Stars,311,Andrei Loshko,Niagara,IceDogs,,,"1:2 h, 1:2 e, 1:2 b",20,,,,,,,2024-25 CHL Hockey Checklist,2024-25-chl-hockey-checklist
,,http://upperdeck.com/checklist/2024-25-chl-hockey-checklist/,2025-12-24T04:16:46.157Z,Base Set - Stars,312,Oliver Tulk,Calgary,Hitmen,,,"1:2 h, 1:2 e, 1:2 b",20,,,,,,,2024-25 CHL Hockey Checklist,2024-25-chl-hockey-checklist
,,http://upperdeck.com/checklist/2024-25-chl-hockey-checklist/,2025-12-24T04:16:46.157Z,Base Set - Stars,313,Beckett Sennecke,Oshawa,Generals,,,"1:2 h, 1:2 e, 1:2 b",20,,,,,,,2024-25 CHL Hockey Checklist,2024-25-chl-hockey-checklist
,,http://upperdeck.com/checklist/2024-25-chl-hockey-checklist/,2025-12-24T04:16:46.157Z,Base Set - Stars,314,Andrew Basha,Medicine Hat,Tigers,,,"1:2 h, 1:2 e, 1:2 b",20,,,,,,,2024-25 CHL Hockey Checklist,2024-25-chl-hockey-checklist
,,http://upperdeck.com/checklist/2024-25-chl-hockey-checklist/,2025-12-24T04:16:46.157Z,Base Set - Stars,315,Cam Squires,Cape Breton,Eagles,,,"1:2 h, 1:2 e, 1:2 b",20,,,,,,,2024-25 CHL Hockey Checklist,2024-25-chl-hockey-checklist
,,http://upperdeck.com/checklist/2024-25-chl-hockey-checklist/,2025-12-24T04:16:46.157Z,Base Set - Stars,316,Marek Vanacker,Brantford,Bulldogs,,,"1:2 h, 1:2 e, 1:2 b",20,,,,,,,2024-25 CHL Hockey Checklist,2024-25-chl-hockey-checklist
,,http://upperdeck.com/checklist/2024-25-chl-hockey-checklist/,2025-12-24T04:16:46.157Z,Base Set - Stars,317,Riley Heidt,Prince George,Cougars,,,"1:2 h, 1:2 e, 1:2 b",20,,,,,,,2024-25 CHL Hockey Checklist,2024-25-chl-hockey-checklist
,,http://upperdeck.com/checklist/2024-25-chl-hockey-checklist/,2025-12-24T04:16:46.157Z,Base Set - Stars,318,Liam Greentree,Windsor,Spitfires,,,"1:2 h, 1:2 e, 1:2 b",20,,,,,,,2024-25 CHL Hockey Checklist,2024-25-chl-hockey-checklist
,,http://upperdeck.com/checklist/2024-25-chl-hockey-checklist/,2025-12-24T04:16:46.157Z,Base Set - Stars,319,Berkly Catton,Spokane,Chiefs,,,"1:2 h, 1:2 e, 1:2 b",20,,,,,,,2024-25 CHL Hockey Checklist,2024-25-chl-hockey-checklist
,,http://upperdeck.com/checklist/2024-25-chl-hockey-checklist/,2025-12-24T04:16:46.157Z,Base Set - Stars,320,Caleb Desnoyers,Moncton,Wildcats,,,"1:2 h, 1:2 e, 1:2 b",20,,,,,,,2024-25 CHL Hockey Checklist,2024-25-chl-hockey-checklist
,,http://upperdeck.com/checklist/2024-25-chl-hockey-checklist/,2025-12-24T04:16:46.157Z,Base Set - Stars,321,Jett Luchanko,Guelph,Storm,,,"1:2 h, 1:2 e, 1:2 b",20,,,,,,,2024-25 CHL Hockey Checklist,2024-25-chl-hockey-checklist
,,http://upperdeck.com/checklist/2024-25-chl-hockey-checklist/,2025-12-24T04:16:46.157Z,Base Set - Stars,322,Brayden Yager,Lethbridge,Hurricanes,,,"1:2 h, 1:2 e, 1:2 b",20,,,,,,,2024-25 CHL Hockey Checklist,2024-25-chl-hockey-checklist
,,http://upperdeck.com/checklist/2024-25-chl-hockey-checklist/,2025-12-24T04:16:46.157Z,Base Set - Stars,323,Dalyn Wakely,Barrie,Colts,,,"1:2 h, 1:2 e, 1:2 b",20,,,,,,,2024-25 CHL Hockey Checklist,2024-25-chl-hockey-checklist
,,http://upperdeck.com/checklist/2024-25-chl-hockey-checklist/,2025-12-24T04:16:46.157Z,Base Set - Stars,324,Cameron Schmidt,Vancouver,Giants,,,"1:2 h, 1:2 e, 1:2 b",20,,,,,,,2024-25 CHL Hockey Checklist,2024-25-chl-hockey-checklist
,,http://upperdeck.com/checklist/2024-25-chl-hockey-checklist/,2025-12-24T04:16:46.157Z,Base Set - Stars,325,Justin Larose,Drummondville,Voltigeurs,,,"1:2 h, 1:2 e, 1:2 b",20,,,,,,,2024-25 CHL Hockey Checklist,2024-25-chl-hockey-checklist
,,http://upperdeck.com/checklist/2024-25-chl-hockey-checklist/,2025-12-24T04:16:46.157Z,Base Set - Stars,326,Luke Misa,Brampton,Steelheads,,,"1:2 h, 1:2 e, 1:2 b",20,,,,,,,2024-25 CHL Hockey Checklist,2024-25-chl-hockey-checklist
,,http://upperdeck.com/checklist/2024-25-chl-hockey-checklist/,2025-12-24T04:16:46.157Z,Base Set - Stars,327,Roger McQueen,Brandon,Wheat Kings,,,"1:2 h, 1:2 e, 1:2 b",20,,,,,,,2024-25 CHL Hockey Checklist,2024-25-chl-hockey-checklist
,,http://upperdeck.com/checklist/2024-25-chl-hockey-checklist/,2025-12-24T04:16:46.157Z,Base Set - Stars,328,Tuomas Uronen,Kingston,Frontenacs,,,"1:2 h, 1:2 e, 1:2 b",20,,,,,,,2024-25 CHL Hockey Checklist,2024-25-chl-hockey-checklist
,,http://upperdeck.com/checklist/2024-25-chl-hockey-checklist/,2025-12-24T04:16:46.157Z,Base Set - Stars,329,Cayden Lindstrom,Medicine Hat,Tigers,,,"1:2 h, 1:2 e, 1:2 b",20,,,,,,,2024-25 CHL Hockey Checklist,2024-25-chl-hockey-checklist
,,http://upperdeck.com/checklist/2024-25-chl-hockey-checklist/,2025-12-24T04:16:46.157Z,Base Set - Stars,330,Sam Oliver,Drummondville,Voltigeurs,,,"1:2 h, 1:2 e, 1:2 b",20,,,,,,,2024-25 CHL Hockey Checklist,2024-25-chl-hockey-checklist
,,http://upperdeck.com/checklist/2024-25-chl-hockey-checklist/,2025-12-24T04:16:46.157Z,Base Set - Stars,331,Carter George,Owen Sound,Attack,,,"1:2 h, 1:2 e, 1:2 b",20,,,,,,,2024-25 CHL Hockey Checklist,2024-25-chl-hockey-checklist
,,http://upperdeck.com/checklist/2024-25-chl-hockey-checklist/,2025-12-24T04:16:46.157Z,Base Set - Stars,332,Andrew Cristall,Spokane,Chiefs,,,"1:2 h, 1:2 e, 1:2 b",20,,,,,,,2024-25 CHL Hockey Checklist,2024-25-chl-hockey-checklist
,,http://upperdeck.com/checklist/2024-25-chl-hockey-checklist/,2025-12-24T04:16:46.157Z,Base Set - Stars,333,Luca Pinelli,Ottawa,67's,,,"1:2 h, 1:2 e, 1:2 b",20,,,,,,,2024-25 CHL Hockey Checklist,2024-25-chl-hockey-checklist
,,http://upperdeck.com/checklist/2024-25-chl-hockey-checklist/,2025-12-24T04:16:46.157Z,Base Set - Stars,334,Harrison Brunicke,Kamloops,Blazers,,,"1:2 h, 1:2 e, 1:2 b",20,,,,,,,2024-25 CHL Hockey Checklist,2024-25-chl-hockey-checklist
,,http://upperdeck.com/checklist/2024-25-chl-hockey-checklist/,2025-12-24T04:16:46.157Z,Base Set - Stars,335,Joseph Henneberry,Cape Breton,Eagles,,,"1:2 h, 1:2 e, 1:2 b",20,,,,,,,2024-25 CHL Hockey Checklist,2024-25-chl-hockey-checklist
,,http://upperdeck.com/checklist/2024-25-chl-hockey-checklist/,2025-12-24T04:16:46.157Z,Base Set - Stars,336,Colby Barlow,Oshawa,Generals,,,"1:2 h, 1:2 e, 1:2 b",20,,,,,,,2024-25 CHL Hockey Checklist,2024-25-chl-hockey-checklist
,,http://upperdeck.com/checklist/2024-25-chl-hockey-checklist/,2025-12-24T04:16:46.157Z,Base Set - Stars,337,Terik Parascak,Prince George,Cougars,,,"1:2 h, 1:2 e, 1:2 b",20,,,,,,,2024-25 CHL Hockey Checklist,2024-25-chl-hockey-checklist
,,http://upperdeck.com/checklist/2024-25-chl-hockey-checklist/,2025-12-24T04:16:46.157Z,Base Set - Stars,338,Quentin Musty,Sudbury,Wolves,,,"1:2 h, 1:2 e, 1:2 b",20,,,,,,,2024-25 CHL Hockey Checklist,2024-25-chl-hockey-checklist
,,http://upperdeck.com/checklist/2024-25-chl-hockey-checklist/,2025-12-24T04:16:46.157Z,Base Set - Stars,339,Gavin McKenna,Medicine Hat,Tigers,,,"1:2 h, 1:2 e, 1:2 b",20,,,,,,,2024-25 CHL Hockey Checklist,2024-25-chl-hockey-checklist
,,http://upperdeck.com/checklist/2024-25-chl-hockey-checklist/,2025-12-24T04:16:46.157Z,Base Set - Stars,340,Carson Rehkopf,Brampton,Steelheads,,,"1:2 h, 1:2 e, 1:2 b",20,,,,,,,2024-25 CHL Hockey Checklist,2024-25-chl-hockey-checklist
,,http://upperdeck.com/checklist/2024-25-chl-hockey-checklist/,2025-12-24T04:16:46.157Z,Base Set - Stars,341,Jonathan Fauchon,Rimouski,Oceanic,,,"1:2 h, 1:2 e, 1:2 b",20,,,,,,,2024-25 CHL Hockey Checklist,2024-25-chl-hockey-checklist
,,http://upperdeck.com/checklist/2024-25-chl-hockey-checklist/,2025-12-24T04:16:46.157Z,Base Set - Stars,342,Jake O'Brien,Brantford,Bulldogs,,,"1:2 h, 1:2 e, 1:2 b",20,,,,,,,2024-25 CHL Hockey Checklist,2024-25-chl-hockey-checklist
,,http://upperdeck.com/checklist/2024-25-chl-hockey-checklist/,2025-12-24T04:16:46.157Z,Base Set - Stars,343,Ethan Gauthier,Drummondville,Voltigeurs,,,"1:2 h, 1:2 e, 1:2 b",20,,,,,,,2024-25 CHL Hockey Checklist,2024-25-chl-hockey-checklist
,,http://upperdeck.com/checklist/2024-25-chl-hockey-checklist/,2025-12-24T04:16:46.157Z,Base Set - Stars,344,Kashawn Aitcheson,Barrie,Colts,,,"1:2 h, 1:2 e, 1:2 b",20,,,,,,,2024-25 CHL Hockey Checklist,2024-25-chl-hockey-checklist
,,http://upperdeck.com/checklist/2024-25-chl-hockey-checklist/,2025-12-24T04:16:46.157Z,Base Set - Stars,345,Alexandre Blais,Rimouski,Oceanic,,,"1:2 h, 1:2 e, 1:2 b",20,,,,,,,2024-25 CHL Hockey Checklist,2024-25-chl-hockey-checklist
,,http://upperdeck.com/checklist/2024-25-chl-hockey-checklist/,2025-12-24T04:16:46.157Z,Base Set - Stars,346,Henry Mews,Sudbury,Wolves,,,"1:2 h, 1:2 e, 1:2 b",20,,,,,,,2024-25 CHL Hockey Checklist,2024-25-chl-hockey-checklist
,,http://upperdeck.com/checklist/2024-25-chl-hockey-checklist/,2025-12-24T04:16:46.157Z,Base Set - Stars,347,Oasiz Wiesblatt,Medicine Hat,Tigers,,,"1:2 h, 1:2 e, 1:2 b",20,,,,,,,2024-25 CHL Hockey Checklist,2024-25-chl-hockey-checklist
,,http://upperdeck.com/checklist/2024-25-chl-hockey-checklist/,2025-12-24T04:16:46.157Z,Base Set - Stars,348,Zayne Parekh,Saginaw,Spirit,,,"1:2 h, 1:2 e, 1:2 b",20,,,,,,,2024-25 CHL Hockey Checklist,2024-25-chl-hockey-checklist
,,http://upperdeck.com/checklist/2024-25-chl-hockey-checklist/,2025-12-24T04:16:46.157Z,Base Set - Stars,349,Jeremie Minville,Gatineau,Olympiques,,,"1:2 h, 1:2 e, 1:2 b",20,,,,,,,2024-25 CHL Hockey Checklist,2024-25-chl-hockey-checklist
,,http://upperdeck.com/checklist/2024-25-chl-hockey-checklist/,2025-12-24T04:16:46.157Z,Base Set - Stars,350,Porter Martone,Brampton,Steelheads,,,"1:2 h, 1:2 e, 1:2 b",20,,,,,,,2024-25 CHL Hockey Checklist,2024-25-chl-hockey-checklist
,,http://upperdeck.com/checklist/2024-25-chl-hockey-checklist/,2025-12-24T04:16:46.157Z,Base Set - Star Rookies,351,Dylan Rozzi,Saint John,Sea Dogs,,,"1:2 h, 1:2 e, 1:2 b",20,,,,,,,2024-25 CHL Hockey Checklist,2024-25-chl-hockey-checklist
,,http://upperdeck.com/checklist/2024-25-chl-hockey-checklist/,2025-12-24T04:16:46.157Z,Base Set - Star Rookies,352,Beckett Hamilton,Red Deer,Rebels,,,"1:2 h, 1:2 e, 1:2 b",20,,,,,,,2024-25 CHL Hockey Checklist,2024-25-chl-hockey-checklist
,,http://upperdeck.com/checklist/2024-25-chl-hockey-checklist/,2025-12-24T04:16:46.157Z,Base Set - Star Rookies,353,Max Bleicher,Owen Sound,Attack,,,"1:2 h, 1:2 e, 1:2 b",20,,,,,,,2024-25 CHL Hockey Checklist,2024-25-chl-hockey-checklist
,,http://upperdeck.com/checklist/2024-25-chl-hockey-checklist/,2025-12-24T04:16:46.157Z,Base Set - Star Rookies,354,Biagio Jr. Daniele,Acadie-Bathurst,Titan,,,"1:2 h, 1:2 e, 1:2 b",20,,,,,,,2024-25 CHL Hockey Checklist,2024-25-chl-hockey-checklist
,,http://upperdeck.com/checklist/2024-25-chl-hockey-checklist/,2025-12-24T04:16:46.157Z,Base Set - Star Rookies,355,Carter Esler,Spokane,Chiefs,,,"1:2 h, 1:2 e, 1:2 b",20,,,,,,,2024-25 CHL Hockey Checklist,2024-25-chl-hockey-checklist
,,http://upperdeck.com/checklist/2024-25-chl-hockey-checklist/,2025-12-24T04:16:46.157Z,Base Set - Star Rookies,356,Filip Ekberg,Ottawa,67's,,,"1:2 h, 1:2 e, 1:2 b",20,,,,,,,2024-25 CHL Hockey Checklist,2024-25-chl-hockey-checklist
,,http://upperdeck.com/checklist/2024-25-chl-hockey-checklist/,2025-12-24T04:16:46.157Z,Base Set - Star Rookies,357,Matvei Gridin,Shawinigan,Cataracts,,,"1:2 h, 1:2 e, 1:2 b",20,,,,,,,2024-25 CHL Hockey Checklist,2024-25-chl-hockey-checklist
,,http://upperdeck.com/checklist/2024-25-chl-hockey-checklist/,2025-12-24T04:16:46.158Z,Base Set - Star Rookies,358,Niilopekka Muhonen,Medicine Hat,Tigers,,,"1:2 h, 1:2 e, 1:2 b",20,,,,,,,2024-25 CHL Hockey Checklist,2024-25-chl-hockey-checklist
,,http://upperdeck.com/checklist/2024-25-chl-hockey-checklist/,2025-12-24T04:16:46.158Z,Base Set - Star Rookies,359,Braidy Wassilyn,Niagara,IceDogs,,,"1:2 h, 1:2 e, 1:2 b",20,,,,,,,2024-25 CHL Hockey Checklist,2024-25-chl-hockey-checklist
,,http://upperdeck.com/checklist/2024-25-chl-hockey-checklist/,2025-12-24T04:16:46.158Z,Base Set - Star Rookies,360,Elliot Dube,Saint John,Sea Dogs,,,"1:2 h, 1:2 e, 1:2 b",20,,,,,,,2024-25 CHL Hockey Checklist,2024-25-chl-hockey-checklist
,,http://upperdeck.com/checklist/2024-25-chl-hockey-checklist/,2025-12-24T04:16:46.158Z,Base Set - Star Rookies,361,Landon DuPont,Everett,Silvertips,,,"1:2 h, 1:2 e, 1:2 b",20,,,,,,,2024-25 CHL Hockey Checklist,2024-25-chl-hockey-checklist
,,http://upperdeck.com/checklist/2024-25-chl-hockey-checklist/,2025-12-24T04:16:46.158Z,Base Set - Star Rookies,362,Carson Harmer,Saginaw,Spirit,,,"1:2 h, 1:2 e, 1:2 b",20,,,,,,,2024-25 CHL Hockey Checklist,2024-25-chl-hockey-checklist
,,http://upperdeck.com/checklist/2024-25-chl-hockey-checklist/,2025-12-24T04:16:46.158Z,Base Set - Star Rookies,363,Lars Steiner,Rouyn-Noranda,Huskies,,,"1:2 h, 1:2 e, 1:2 b",20,,,,,,,2024-25 CHL Hockey Checklist,2024-25-chl-hockey-checklist
,,http://upperdeck.com/checklist/2024-25-chl-hockey-checklist/,2025-12-24T04:16:46.158Z,Base Set - Star Rookies,364,Ondrej Stebetak,Portland,Winterhawks,,,"1:2 h, 1:2 e, 1:2 b",20,,,,,,,2024-25 CHL Hockey Checklist,2024-25-chl-hockey-checklist
,,http://upperdeck.com/checklist/2024-25-chl-hockey-checklist/,2025-12-24T04:16:46.158Z,Base Set - Star Rookies,365,Andreas Straka,Quebec,Remparts,,,"1:2 h, 1:2 e, 1:2 b",20,,,,,,,2024-25 CHL Hockey Checklist,2024-25-chl-hockey-checklist
,,http://upperdeck.com/checklist/2024-25-chl-hockey-checklist/,2025-12-24T04:16:46.158Z,Base Set - Star Rookies,366,Miroslav Holinka,Edmonton,Oil Kings,,,"1:2 h, 1:2 e, 1:2 b",20,,,,,,,2024-25 CHL Hockey Checklist,2024-25-chl-hockey-checklist
,,http://upperdeck.com/checklist/2024-25-chl-hockey-checklist/,2025-12-24T04:16:46.158Z,Base Set - Star Rookies,367,Colin Fitzgerald,Peterborough,Petes,,,"1:2 h, 1:2 e, 1:2 b",20,,,,,,,2024-25 CHL Hockey Checklist,2024-25-chl-hockey-checklist
,,http://upperdeck.com/checklist/2024-25-chl-hockey-checklist/,2025-12-24T04:16:46.158Z,Base Set - Star Rookies,368,Maxim Dube,Gatineau,Olympiques,,,"1:2 h, 1:2 e, 1:2 b",20,,,,,,,2024-25 CHL Hockey Checklist,2024-25-chl-hockey-checklist
,,http://upperdeck.com/checklist/2024-25-chl-hockey-checklist/,2025-12-24T04:16:46.158Z,Base Set - Star Rookies,369,Matej Pekar,Seattle,Thunderbirds,,,"1:2 h, 1:2 e, 1:2 b",20,,,,,,,2024-25 CHL Hockey Checklist,2024-25-chl-hockey-checklist
,,http://upperdeck.com/checklist/2024-25-chl-hockey-checklist/,2025-12-24T04:16:46.158Z,Base Set - Star Rookies,370,William Yared,Saint John,Sea Dogs,,,"1:2 h, 1:2 e, 1:2 b",20,,,,,,,2024-25 CHL Hockey Checklist,2024-25-chl-hockey-checklist
,,http://upperdeck.com/checklist/2024-25-chl-hockey-checklist/,2025-12-24T04:16:46.158Z,Base Set - Star Rookies,371,Brek Liske,Everett,Silvertips,,,"1:2 h, 1:2 e, 1:2 b",20,,,,,,,2024-25 CHL Hockey Checklist,2024-25-chl-hockey-checklist
,,http://upperdeck.com/checklist/2024-25-chl-hockey-checklist/,2025-12-24T04:16:46.158Z,Base Set - Star Rookies,372,Alessandro Di Iorio,Sarnia,Sting,,,"1:2 h, 1:2 e, 1:2 b",20,,,,,,,2024-25 CHL Hockey Checklist,2024-25-chl-hockey-checklist
,,http://upperdeck.com/checklist/2024-25-chl-hockey-checklist/,2025-12-24T04:16:46.158Z,Base Set - Star Rookies,373,Carlos Handel,Halifax,Mooseheads,,,"1:2 h, 1:2 e, 1:2 b",20,,,,,,,2024-25 CHL Hockey Checklist,2024-25-chl-hockey-checklist
,,http://upperdeck.com/checklist/2024-25-chl-hockey-checklist/,2025-12-24T04:16:46.158Z,Base Set - Star Rookies,374,Cole Zurawski,Owen Sound,Attack,,,"1:2 h, 1:2 e, 1:2 b",20,,,,,,,2024-25 CHL Hockey Checklist,2024-25-chl-hockey-checklist
,,http://upperdeck.com/checklist/2024-25-chl-hockey-checklist/,2025-12-24T04:16:46.158Z,Base Set - Star Rookies,375,Mikko Leppa,Victoriaville,Tigres,,,"1:2 h, 1:2 e, 1:2 b",20,,,,,,,2024-25 CHL Hockey Checklist,2024-25-chl-hockey-checklist
,,http://upperdeck.com/checklist/2024-25-chl-hockey-checklist/,2025-12-24T04:16:46.158Z,Base Set - Star Rookies,376,Mathis Preston,Spokane,Chiefs,,,"1:2 h, 1:2 e, 1:2 b",20,,,,,,,2024-25 CHL Hockey Checklist,2024-25-chl-hockey-checklist
,,http://upperdeck.com/checklist/2024-25-chl-hockey-checklist/,2025-12-24T04:16:46.158Z,Base Set - Star Rookies,377,Kent Greer,North Bay,Battalion,,,"1:2 h, 1:2 e, 1:2 b",20,,,,,,,2024-25 CHL Hockey Checklist,2024-25-chl-hockey-checklist
,,http://upperdeck.com/checklist/2024-25-chl-hockey-checklist/,2025-12-24T04:16:46.158Z,Base Set - Star Rookies,378,Daniel Walters,Halifax,Mooseheads,,,"1:2 h, 1:2 e, 1:2 b",20,,,,,,,2024-25 CHL Hockey Checklist,2024-25-chl-hockey-checklist
,,http://upperdeck.com/checklist/2024-25-chl-hockey-checklist/,2025-12-24T04:16:46.158Z,Base Set - Star Rookies,379,Nathan Behm,Kamloops,Blazers,,,"1:2 h, 1:2 e, 1:2 b",20,,,,,,,2024-25 CHL Hockey Checklist,2024-25-chl-hockey-checklist
,,http://upperdeck.com/checklist/2024-25-chl-hockey-checklist/,2025-12-24T04:16:46.158Z,Base Set - Star Rookies,380,Trent Gates,Owen Sound,Attack,,,"1:2 h, 1:2 e, 1:2 b",20,,,,,,,2024-25 CHL Hockey Checklist,2024-25-chl-hockey-checklist
,,http://upperdeck.com/checklist/2024-25-chl-hockey-checklist/,2025-12-24T04:16:46.158Z,Base Set - Star Rookies,381,Chad Lygitsakos,Shawinigan,Cataractes,,,"1:2 h, 1:2 e, 1:2 b",20,,,,,,,2024-25 CHL Hockey Checklist,2024-25-chl-hockey-checklist
,,http://upperdeck.com/checklist/2024-25-chl-hockey-checklist/,2025-12-24T04:16:46.158Z,Base Set - Star Rookies,382,Isaac Poll,Saskatoon,Blades,,,"1:2 h, 1:2 e, 1:2 b",20,,,,,,,2024-25 CHL Hockey Checklist,2024-25-chl-hockey-checklist
,,http://upperdeck.com/checklist/2024-25-chl-hockey-checklist/,2025-12-24T04:16:46.158Z,Base Set - Star Rookies,383,Pierce Mbuyi,Owen Sound,Attack,,,"1:2 h, 1:2 e, 1:2 b",20,,,,,,,2024-25 CHL Hockey Checklist,2024-25-chl-hockey-checklist
,,http://upperdeck.com/checklist/2024-25-chl-hockey-checklist/,2025-12-24T04:16:46.158Z,Base Set - Star Rookies,384,Maddox Dagenais,Quebec,Remparts,,,"1:2 h, 1:2 e, 1:2 b",20,,,,,,,2024-25 CHL Hockey Checklist,2024-25-chl-hockey-checklist
,,http://upperdeck.com/checklist/2024-25-chl-hockey-checklist/,2025-12-24T04:16:46.158Z,Base Set - Star Rookies,385,Veeti Vaisanen,Medicine Hat,Tigers,,,"1:2 h, 1:2 e, 1:2 b",20,,,,,,,2024-25 CHL Hockey Checklist,2024-25-chl-hockey-checklist
,,http://upperdeck.com/checklist/2024-25-chl-hockey-checklist/,2025-12-24T04:16:46.158Z,Base Set - Star Rookies,386,Benjamin Olivier,Val-d'Or,Foreurs,,,"1:2 h, 1:2 e, 1:2 b",20,,,,,,,2024-25 CHL Hockey Checklist,2024-25-chl-hockey-checklist
,,http://upperdeck.com/checklist/2024-25-chl-hockey-checklist/,2025-12-24T04:16:46.158Z,Base Set - Star Rookies,387,Rylan Ng,Calgary,Hitmen,,,"1:2 h, 1:2 e, 1:2 b",20,,,,,,,2024-25 CHL Hockey Checklist,2024-25-chl-hockey-checklist
,,http://upperdeck.com/checklist/2024-25-chl-hockey-checklist/,2025-12-24T04:16:46.158Z,Base Set - Star Rookies,388,Jacob Gouchie,Val-d'Or,Foreurs,,,"1:2 h, 1:2 e, 1:2 b",20,,,,,,,2024-25 CHL Hockey Checklist,2024-25-chl-hockey-checklist
,,http://upperdeck.com/checklist/2024-25-chl-hockey-checklist/,2025-12-24T04:16:46.158Z,Base Set - Star Rookies,389,Markus Loponen,Victoria,Royals,,,"1:2 h, 1:2 e, 1:2 b",20,,,,,,,2024-25 CHL Hockey Checklist,2024-25-chl-hockey-checklist
,,http://upperdeck.com/checklist/2024-25-chl-hockey-checklist/,2025-12-24T04:16:46.158Z,Base Set - Star Rookies,390,Florian Schenk,Saint John,Sea Dogs,,,"1:2 h, 1:2 e, 1:2 b",20,,,,,,,2024-25 CHL Hockey Checklist,2024-25-chl-hockey-checklist
,,http://upperdeck.com/checklist/2024-25-chl-hockey-checklist/,2025-12-24T04:16:46.158Z,Base Set - Star Rookies,391,Parker Vaughan,North Bay,Battalion,,,"1:2 h, 1:2 e, 1:2 b",20,,,,,,,2024-25 CHL Hockey Checklist,2024-25-chl-hockey-checklist
,,http://upperdeck.com/checklist/2024-25-chl-hockey-checklist/,2025-12-24T04:16:46.158Z,Base Set - Star Rookies,392,Liam Arsenault,Acadie-Bathurst,Titan,,,"1:2 h, 1:2 e, 1:2 b",20,,,,,,,2024-25 CHL Hockey Checklist,2024-25-chl-hockey-checklist
,,http://upperdeck.com/checklist/2024-25-chl-hockey-checklist/,2025-12-24T04:16:46.158Z,Base Set - Star Rookies,393,Joe Iginla,Edmonton,Oil Kings,,,"1:2 h, 1:2 e, 1:2 b",20,,,,,,,2024-25 CHL Hockey Checklist,2024-25-chl-hockey-checklist
,,http://upperdeck.com/checklist/2024-25-chl-hockey-checklist/,2025-12-24T04:16:46.158Z,Base Set - Star Rookies,394,Simon-Xavier Cyr,Gatineau,Olympiques,,,"1:2 h, 1:2 e, 1:2 b",20,,,,,,,2024-25 CHL Hockey Checklist,2024-25-chl-hockey-checklist
,,http://upperdeck.com/checklist/2024-25-chl-hockey-checklist/,2025-12-24T04:16:46.158Z,Base Set - Star Rookies,395,Axel Hurtig,Calgary,Hitmen,,,"1:2 h, 1:2 e, 1:2 b",20,,,,,,,2024-25 CHL Hockey Checklist,2024-25-chl-hockey-checklist
,,http://upperdeck.com/checklist/2024-25-chl-hockey-checklist/,2025-12-24T04:16:46.158Z,Base Set - Star Rookies,396,Bo Damphousse,Blainville-Boisbriand,Armada,,,"1:2 h, 1:2 e, 1:2 b",20,,,,,,,2024-25 CHL Hockey Checklist,2024-25-chl-hockey-checklist
,,http://upperdeck.com/checklist/2024-25-chl-hockey-checklist/,2025-12-24T04:16:46.158Z,Base Set - Star Rookies,397,Brody Gillespie,Spokane,Chiefs,,,"1:2 h, 1:2 e, 1:2 b",20,,,,,,,2024-25 CHL Hockey Checklist,2024-25-chl-hockey-checklist
,,http://upperdeck.com/checklist/2024-25-chl-hockey-checklist/,2025-12-24T04:16:46.158Z,Base Set - Star Rookies,398,Ryder Carey,North Bay,Battalion,,,"1:2 h, 1:2 e, 1:2 b",20,,,,,,,2024-25 CHL Hockey Checklist,2024-25-chl-hockey-checklist
,,http://upperdeck.com/checklist/2024-25-chl-hockey-checklist/,2025-12-24T04:16:46.158Z,Base Set - Star Rookies,399,Aaron Sawatzky,Moose Jaw,Warriors,,,"1:2 h, 1:2 e, 1:2 b",20,,,,,,,2024-25 CHL Hockey Checklist,2024-25-chl-hockey-checklist
,,http://upperdeck.com/checklist/2024-25-chl-hockey-checklist/,2025-12-24T04:16:46.158Z,Base Set - Star Rookies,400,Brennan O'Donnell,Chicoutimi,Sagueneens,,,"1:2 h, 1:2 e, 1:2 b",20,,,,,,,2024-25 CHL Hockey Checklist,2024-25-chl-hockey-checklist
,,http://upperdeck.com/checklist/2024-25-chl-hockey-checklist/,2025-12-24T04:16:46.158Z,Green Parallel - Stars and Star Rookies,301,Michael Misa,Saginaw,Spirit,,,1:7 Blaster,20,,,,,,,2024-25 CHL Hockey Checklist,2024-25-chl-hockey-checklist
,,http://upperdeck.com/checklist/2024-25-chl-hockey-checklist/,2025-12-24T04:16:46.158Z,Green Parallel - Stars and Star Rookies,302,Tij Iginla,Kelowna,Rockets,,,1:7 Blaster,20,,,,,,,2024-25 CHL Hockey Checklist,2024-25-chl-hockey-checklist
,,http://upperdeck.com/checklist/2024-25-chl-hockey-checklist/,2025-12-24T04:16:46.158Z,Green Parallel - Stars and Star Rookies,303,Sam Dickinson,London,Knights,,,1:7 Blaster,20,,,,,,,2024-25 CHL Hockey Checklist,2024-25-chl-hockey-checklist
,,http://upperdeck.com/checklist/2024-25-chl-hockey-checklist/,2025-12-24T04:16:46.158Z,Green Parallel - Stars and Star Rookies,304,Carter Yakemchuk,Calgary,Hitmen,,,1:7 Blaster,20,,,,,,,2024-25 CHL Hockey Checklist,2024-25-chl-hockey-checklist
,,http://upperdeck.com/checklist/2024-25-chl-hockey-checklist/,2025-12-24T04:16:46.158Z,Green Parallel - Stars and Star Rookies,305,Justin Poirier,Baie-Comeau,Drakkar,,,1:7 Blaster,20,,,,,,,2024-25 CHL Hockey Checklist,2024-25-chl-hockey-checklist
,,http://upperdeck.com/checklist/2024-25-chl-hockey-checklist/,2025-12-24T04:16:46.158Z,Green Parallel - Stars and Star Rookies,306,Easton Cowan,London,Knights,,,1:7 Blaster,20,,,,,,,2024-25 CHL Hockey Checklist,2024-25-chl-hockey-checklist
,,http://upperdeck.com/checklist/2024-25-chl-hockey-checklist/,2025-12-24T04:16:46.158Z,Green Parallel - Stars and Star Rookies,307,Reid Dyck,Swift Current,Broncos,,,1:7 Blaster,20,,,,,,,2024-25 CHL Hockey Checklist,2024-25-chl-hockey-checklist
,,http://upperdeck.com/checklist/2024-25-chl-hockey-checklist/,2025-12-24T04:16:46.158Z,Green Parallel - Stars and Star Rookies,308,Calum Ritchie,Oshawa,Generals,,,1:7 Blaster,20,,,,,,,2024-25 CHL Hockey Checklist,2024-25-chl-hockey-checklist
,,http://upperdeck.com/checklist/2024-25-chl-hockey-checklist/,2025-12-24T04:16:46.158Z,Green Parallel - Stars and Star Rookies,309,Kenta Isogai,Victoria,Royals,,,1:7 Blaster,20,,,,,,,2024-25 CHL Hockey Checklist,2024-25-chl-hockey-checklist
,,http://upperdeck.com/checklist/2024-25-chl-hockey-checklist/,2025-12-24T04:16:46.158Z,Green Parallel - Stars and Star Rookies,310,Antonin Verreault,Rouyn-Noranda,Huskies,,,1:7 Blaster,20,,,,,,,2024-25 CHL Hockey Checklist,2024-25-chl-hockey-checklist
,,http://upperdeck.com/checklist/2024-25-chl-hockey-checklist/,2025-12-24T04:16:46.158Z,Green Parallel - Stars and Star Rookies,311,Andrei Loshko,Niagara,IceDogs,,,1:7 Blaster,20,,,,,,,2024-25 CHL Hockey Checklist,2024-25-chl-hockey-checklist
,,http://upperdeck.com/checklist/2024-25-chl-hockey-checklist/,2025-12-24T04:16:46.158Z,Green Parallel - Stars and Star Rookies,312,Oliver Tulk,Calgary,Hitmen,,,1:7 Blaster,20,,,,,,,2024-25 CHL Hockey Checklist,2024-25-chl-hockey-checklist
,,http://upperdeck.com/checklist/2024-25-chl-hockey-checklist/,2025-12-24T04:16:46.158Z,Green Parallel - Stars and Star Rookies,313,Beckett Sennecke,Oshawa,Generals,,,1:7 Blaster,20,,,,,,,2024-25 CHL Hockey Checklist,2024-25-chl-hockey-checklist
,,http://upperdeck.com/checklist/2024-25-chl-hockey-checklist/,2025-12-24T04:16:46.158Z,Green Parallel - Stars and Star Rookies,314,Andrew Basha,Medicine Hat,Tigers,,,1:7 Blaster,20,,,,,,,2024-25 CHL Hockey Checklist,2024-25-chl-hockey-checklist
,,http://upperdeck.com/checklist/2024-25-chl-hockey-checklist/,2025-12-24T04:16:46.158Z,Green Parallel - Stars and Star Rookies,315,Cam Squires,Cape Breton,Eagles,,,1:7 Blaster,20,,,,,,,2024-25 CHL Hockey Checklist,2024-25-chl-hockey-checklist
,,http://upperdeck.com/checklist/2024-25-chl-hockey-checklist/,2025-12-24T04:16:46.158Z,Green Parallel - Stars and Star Rookies,316,Marek Vanacker,Brantford,Bulldogs,,,1:7 Blaster,20,,,,,,,2024-25 CHL Hockey Checklist,2024-25-chl-hockey-checklist
,,http://upperdeck.com/checklist/2024-25-chl-hockey-checklist/,2025-12-24T04:16:46.158Z,Green Parallel - Stars and Star Rookies,317,Riley Heidt,Prince George,Cougars,,,1:7 Blaster,20,,,,,,,2024-25 CHL Hockey Checklist,2024-25-chl-hockey-checklist
,,http://upperdeck.com/checklist/2024-25-chl-hockey-checklist/,2025-12-24T04:16:46.158Z,Green Parallel - Stars and Star Rookies,318,Liam Greentree,Windsor,Spitfires,,,1:7 Blaster,20,,,,,,,2024-25 CHL Hockey Checklist,2024-25-chl-hockey-checklist
,,http://upperdeck.com/checklist/2024-25-chl-hockey-checklist/,2025-12-24T04:16:46.158Z,Green Parallel - Stars and Star Rookies,319,Berkly Catton,Spokane,Chiefs,,,1:7 Blaster,20,,,,,,,2024-25 CHL Hockey Checklist,2024-25-chl-hockey-checklist
,,http://upperdeck.com/checklist/2024-25-chl-hockey-checklist/,2025-12-24T04:16:46.158Z,Green Parallel - Stars and Star Rookies,320,Caleb Desnoyers,Moncton,Wildcats,,,1:7 Blaster,20,,,,,,,2024-25 CHL Hockey Checklist,2024-25-chl-hockey-checklist
,,http://upperdeck.com/checklist/2024-25-chl-hockey-checklist/,2025-12-24T04:16:46.158Z,Green Parallel - Stars and Star Rookies,321,Jett Luchanko,Guelph,Storm,,,1:7 Blaster,20,,,,,,,2024-25 CHL Hockey Checklist,2024-25-chl-hockey-checklist
,,http://upperdeck.com/checklist/2024-25-chl-hockey-checklist/,2025-12-24T04:16:46.158Z,Green Parallel - Stars and Star Rookies,322,Brayden Yager,Lethbridge,Hurricanes,,,1:7 Blaster,20,,,,,,,2024-25 CHL Hockey Checklist,2024-25-chl-hockey-checklist
,,http://upperdeck.com/checklist/2024-25-chl-hockey-checklist/,2025-12-24T04:16:46.159Z,Green Parallel - Stars and Star Rookies,323,Dalyn Wakely,Barrie,Colts,,,1:7 Blaster,20,,,,,,,2024-25 CHL Hockey Checklist,2024-25-chl-hockey-checklist
,,http://upperdeck.com/checklist/2024-25-chl-hockey-checklist/,2025-12-24T04:16:46.159Z,Green Parallel - Stars and Star Rookies,324,Cameron Schmidt,Vancouver,Giants,,,1:7 Blaster,20,,,,,,,2024-25 CHL Hockey Checklist,2024-25-chl-hockey-checklist
,,http://upperdeck.com/checklist/2024-25-chl-hockey-checklist/,2025-12-24T04:16:46.159Z,Green Parallel - Stars and Star Rookies,325,Justin Larose,Drummondville,Voltigeurs,,,1:7 Blaster,20,,,,,,,2024-25 CHL Hockey Checklist,2024-25-chl-hockey-checklist
,,http://upperdeck.com/checklist/2024-25-chl-hockey-checklist/,2025-12-24T04:16:46.159Z,Green Parallel - Stars and Star Rookies,326,Luke Misa,Brampton,Steelheads,,,1:7 Blaster,20,,,,,,,2024-25 CHL Hockey Checklist,2024-25-chl-hockey-checklist
,,http://upperdeck.com/checklist/2024-25-chl-hockey-checklist/,2025-12-24T04:16:46.159Z,Green Parallel - Stars and Star Rookies,327,Roger McQueen,Brandon,Wheat Kings,,,1:7 Blaster,20,,,,,,,2024-25 CHL Hockey Checklist,2024-25-chl-hockey-checklist
,,http://upperdeck.com/checklist/2024-25-chl-hockey-checklist/,2025-12-24T04:16:46.159Z,Green Parallel - Stars and Star Rookies,328,Tuomas Uronen,Kingston,Frontenacs,,,1:7 Blaster,20,,,,,,,2024-25 CHL Hockey Checklist,2024-25-chl-hockey-checklist
,,http://upperdeck.com/checklist/2024-25-chl-hockey-checklist/,2025-12-24T04:16:46.159Z,Green Parallel - Stars and Star Rookies,329,Cayden Lindstrom,Medicine Hat,Tigers,,,1:7 Blaster,20,,,,,,,2024-25 CHL Hockey Checklist,2024-25-chl-hockey-checklist
,,http://upperdeck.com/checklist/2024-25-chl-hockey-checklist/,2025-12-24T04:16:46.159Z,Green Parallel - Stars and Star Rookies,330,Sam Oliver,Drummondville,Voltigeurs,,,1:7 Blaster,20,,,,,,,2024-25 CHL Hockey Checklist,2024-25-chl-hockey-checklist
,,http://upperdeck.com/checklist/2024-25-chl-hockey-checklist/,2025-12-24T04:16:46.159Z,Green Parallel - Stars and Star Rookies,331,Carter George,Owen Sound,Attack,,,1:7 Blaster,20,,,,,,,2024-25 CHL Hockey Checklist,2024-25-chl-hockey-checklist
,,http://upperdeck.com/checklist/2024-25-chl-hockey-checklist/,2025-12-24T04:16:46.159Z,Green Parallel - Stars and Star Rookies,332,Andrew Cristall,Spokane,Chiefs,,,1:7 Blaster,20,,,,,,,2024-25 CHL Hockey Checklist,2024-25-chl-hockey-checklist
,,http://upperdeck.com/checklist/2024-25-chl-hockey-checklist/,2025-12-24T04:16:46.159Z,Green Parallel - Stars and Star Rookies,333,Luca Pinelli,Ottawa,67's,,,1:7 Blaster,20,,,,,,,2024-25 CHL Hockey Checklist,2024-25-chl-hockey-checklist
,,http://upperdeck.com/checklist/2024-25-chl-hockey-checklist/,2025-12-24T04:16:46.159Z,Green Parallel - Stars and Star Rookies,334,Harrison Brunicke,Kamloops,Blazers,,,1:7 Blaster,20,,,,,,,2024-25 CHL Hockey Checklist,2024-25-chl-hockey-checklist
,,http://upperdeck.com/checklist/2024-25-chl-hockey-checklist/,2025-12-24T04:16:46.159Z,Green Parallel - Stars and Star Rookies,335,Joseph Henneberry,Cape Breton,Eagles,,,1:7 Blaster,20,,,,,,,2024-25 CHL Hockey Checklist,2024-25-chl-hockey-checklist
,,http://upperdeck.com/checklist/2024-25-chl-hockey-checklist/,2025-12-24T04:16:46.159Z,Green Parallel - Stars and Star Rookies,336,Colby Barlow,Oshawa,Generals,,,1:7 Blaster,20,,,,,,,2024-25 CHL Hockey Checklist,2024-25-chl-hockey-checklist
,,http://upperdeck.com/checklist/2024-25-chl-hockey-checklist/,2025-12-24T04:16:46.159Z,Green Parallel - Stars and Star Rookies,337,Terik Parascak,Prince George,Cougars,,,1:7 Blaster,20,,,,,,,2024-25 CHL Hockey Checklist,2024-25-chl-hockey-checklist
,,http://upperdeck.com/checklist/2024-25-chl-hockey-checklist/,2025-12-24T04:16:46.159Z,Green Parallel - Stars and Star Rookies,338,Quentin Musty,Sudbury,Wolves,,,1:7 Blaster,20,,,,,,,2024-25 CHL Hockey Checklist,2024-25-chl-hockey-checklist
,,http://upperdeck.com/checklist/2024-25-chl-hockey-checklist/,2025-12-24T04:16:46.159Z,Green Parallel - Stars and Star Rookies,339,Gavin McKenna,Medicine Hat,Tigers,,,1:7 Blaster,20,,,,,,,2024-25 CHL Hockey Checklist,2024-25-chl-hockey-checklist
,,http://upperdeck.com/checklist/2024-25-chl-hockey-checklist/,2025-12-24T04:16:46.159Z,Green Parallel - Stars and Star Rookies,340,Carson Rehkopf,Brampton,Steelheads,,,1:7 Blaster,20,,,,,,,2024-25 CHL Hockey Checklist,2024-25-chl-hockey-checklist
,,http://upperdeck.com/checklist/2024-25-chl-hockey-checklist/,2025-12-24T04:16:46.159Z,Green Parallel - Stars and Star Rookies,341,Jonathan Fauchon,Rimouski,Oceanic,,,1:7 Blaster,20,,,,,,,2024-25 CHL Hockey Checklist,2024-25-chl-hockey-checklist
,,http://upperdeck.com/checklist/2024-25-chl-hockey-checklist/,2025-12-24T04:16:46.159Z,Green Parallel - Stars and Star Rookies,342,Jake O'Brien,Brantford,Bulldogs,,,1:7 Blaster,20,,,,,,,2024-25 CHL Hockey Checklist,2024-25-chl-hockey-checklist
,,http://upperdeck.com/checklist/2024-25-chl-hockey-checklist/,2025-12-24T04:16:46.159Z,Green Parallel - Stars and Star Rookies,343,Ethan Gauthier,Drummondville,Voltigeurs,,,1:7 Blaster,20,,,,,,,2024-25 CHL Hockey Checklist,2024-25-chl-hockey-checklist
,,http://upperdeck.com/checklist/2024-25-chl-hockey-checklist/,2025-12-24T04:16:46.159Z,Green Parallel - Stars and Star Rookies,344,Kashawn Aitcheson,Barrie,Colts,,,1:7 Blaster,20,,,,,,,2024-25 CHL Hockey Checklist,2024-25-chl-hockey-checklist
,,http://upperdeck.com/checklist/2024-25-chl-hockey-checklist/,2025-12-24T04:16:46.159Z,Green Parallel - Stars and Star Rookies,345,Alexandre Blais,Rimouski,Oceanic,,,1:7 Blaster,20,,,,,,,2024-25 CHL Hockey Checklist,2024-25-chl-hockey-checklist
,,http://upperdeck.com/checklist/2024-25-chl-hockey-checklist/,2025-12-24T04:16:46.159Z,Green Parallel - Stars and Star Rookies,346,Henry Mews,Sudbury,Wolves,,,1:7 Blaster,20,,,,,,,2024-25 CHL Hockey Checklist,2024-25-chl-hockey-checklist
,,http://upperdeck.com/checklist/2024-25-chl-hockey-checklist/,2025-12-24T04:16:46.159Z,Green Parallel - Stars and Star Rookies,347,Oasiz Wiesblatt,Medicine Hat,Tigers,,,1:7 Blaster,20,,,,,,,2024-25 CHL Hockey Checklist,2024-25-chl-hockey-checklist
,,http://upperdeck.com/checklist/2024-25-chl-hockey-checklist/,2025-12-24T04:16:46.159Z,Green Parallel - Stars and Star Rookies,348,Zayne Parekh,Saginaw,Spirit,,,1:7 Blaster,20,,,,,,,2024-25 CHL Hockey Checklist,2024-25-chl-hockey-checklist
,,http://upperdeck.com/checklist/2024-25-chl-hockey-checklist/,2025-12-24T04:16:46.159Z,Green Parallel - Stars and Star Rookies,349,Jeremie Minville,Gatineau,Olympiques,,,1:7 Blaster,20,,,,,,,2024-25 CHL Hockey Checklist,2024-25-chl-hockey-checklist
,,http://upperdeck.com/checklist/2024-25-chl-hockey-checklist/,2025-12-24T04:16:46.159Z,Green Parallel - Stars and Star Rookies,350,Porter Martone,Brampton,Steelheads,,,1:7 Blaster,20,,,,,,,2024-25 CHL Hockey Checklist,2024-25-chl-hockey-checklist
,,http://upperdeck.com/checklist/2024-25-chl-hockey-checklist/,2025-12-24T04:16:46.159Z,Green Parallel - Stars and Star Rookies,351,Dylan Rozzi,Saint John,Sea Dogs,,,1:7 Blaster,20,,,,,,,2024-25 CHL Hockey Checklist,2024-25-chl-hockey-checklist
,,http://upperdeck.com/checklist/2024-25-chl-hockey-checklist/,2025-12-24T04:16:46.159Z,Green Parallel - Stars and Star Rookies,352,Beckett Hamilton,Red Deer,Rebels,,,1:7 Blaster,20,,,,,,,2024-25 CHL Hockey Checklist,2024-25-chl-hockey-checklist
,,http://upperdeck.com/checklist/2024-25-chl-hockey-checklist/,2025-12-24T04:16:46.159Z,Green Parallel - Stars and Star Rookies,353,Max Bleicher,Owen Sound,Attack,,,1:7 Blaster,20,,,,,,,2024-25 CHL Hockey Checklist,2024-25-chl-hockey-checklist
,,http://upperdeck.com/checklist/2024-25-chl-hockey-checklist/,2025-12-24T04:16:46.159Z,Green Parallel - Stars and Star Rookies,354,Biagio Jr. Daniele,Acadie-Bathurst,Titan,,,1:7 Blaster,20,,,,,,,2024-25 CHL Hockey Checklist,2024-25-chl-hockey-checklist
,,http://upperdeck.com/checklist/2024-25-chl-hockey-checklist/,2025-12-24T04:16:46.159Z,Green Parallel - Stars and Star Rookies,355,Carter Esler,Spokane,Chiefs,,,1:7 Blaster,20,,,,,,,2024-25 CHL Hockey Checklist,2024-25-chl-hockey-checklist
,,http://upperdeck.com/checklist/2024-25-chl-hockey-checklist/,2025-12-24T04:16:46.159Z,Green Parallel - Stars and Star Rookies,356,Filip Ekberg,Ottawa,67's,,,1:7 Blaster,20,,,,,,,2024-25 CHL Hockey Checklist,2024-25-chl-hockey-checklist
,,http://upperdeck.com/checklist/2024-25-chl-hockey-checklist/,2025-12-24T04:16:46.159Z,Green Parallel - Stars and Star Rookies,357,Matvei Gridin,Shawinigan,Cataracts,,,1:7 Blaster,20,,,,,,,2024-25 CHL Hockey Checklist,2024-25-chl-hockey-checklist
,,http://upperdeck.com/checklist/2024-25-chl-hockey-checklist/,2025-12-24T04:16:46.159Z,Green Parallel - Stars and Star Rookies,358,Niilopekka Muhonen,Medicine Hat,Tigers,,,1:7 Blaster,20,,,,,,,2024-25 CHL Hockey Checklist,2024-25-chl-hockey-checklist
,,http://upperdeck.com/checklist/2024-25-chl-hockey-checklist/,2025-12-24T04:16:46.159Z,Green Parallel - Stars and Star Rookies,359,Braidy Wassilyn,Niagara,IceDogs,,,1:7 Blaster,20,,,,,,,2024-25 CHL Hockey Checklist,2024-25-chl-hockey-checklist
,,http://upperdeck.com/checklist/2024-25-chl-hockey-checklist/,2025-12-24T04:16:46.159Z,Green Parallel - Stars and Star Rookies,360,Elliot Dube,Saint John,Sea Dogs,,,1:7 Blaster,20,,,,,,,2024-25 CHL Hockey Checklist,2024-25-chl-hockey-checklist
,,http://upperdeck.com/checklist/2024-25-chl-hockey-checklist/,2025-12-24T04:16:46.159Z,Green Parallel - Stars and Star Rookies,361,Landon DuPont,Everett,Silvertips,,,1:7 Blaster,20,,,,,,,2024-25 CHL Hockey Checklist,2024-25-chl-hockey-checklist
,,http://upperdeck.com/checklist/2024-25-chl-hockey-checklist/,2025-12-24T04:16:46.159Z,Green Parallel - Stars and Star Rookies,362,Carson Harmer,Saginaw,Spirit,,,1:7 Blaster,20,,,,,,,2024-25 CHL Hockey Checklist,2024-25-chl-hockey-checklist
,,http://upperdeck.com/checklist/2024-25-chl-hockey-checklist/,2025-12-24T04:16:46.159Z,Green Parallel - Stars and Star Rookies,363,Lars Steiner,Rouyn-Noranda,Huskies,,,1:7 Blaster,20,,,,,,,2024-25 CHL Hockey Checklist,2024-25-chl-hockey-checklist
,,http://upperdeck.com/checklist/2024-25-chl-hockey-checklist/,2025-12-24T04:16:46.159Z,Green Parallel - Stars and Star Rookies,364,Ondrej Stebetak,Portland,Winterhawks,,,1:7 Blaster,20,,,,,,,2024-25 CHL Hockey Checklist,2024-25-chl-hockey-checklist
,,http://upperdeck.com/checklist/2024-25-chl-hockey-checklist/,2025-12-24T04:16:46.159Z,Green Parallel - Stars and Star Rookies,365,Andreas Straka,Quebec,Remparts,,,1:7 Blaster,20,,,,,,,2024-25 CHL Hockey Checklist,2024-25-chl-hockey-checklist
,,http://upperdeck.com/checklist/2024-25-chl-hockey-checklist/,2025-12-24T04:16:46.159Z,Green Parallel - Stars and Star Rookies,366,Miroslav Holinka,Edmonton,Oil Kings,,,1:7 Blaster,20,,,,,,,2024-25 CHL Hockey Checklist,2024-25-chl-hockey-checklist
,,http://upperdeck.com/checklist/2024-25-chl-hockey-checklist/,2025-12-24T04:16:46.159Z,Green Parallel - Stars and Star Rookies,367,Colin Fitzgerald,Peterborough,Petes,,,1:7 Blaster,20,,,,,,,2024-25 CHL Hockey Checklist,2024-25-chl-hockey-checklist
,,http://upperdeck.com/checklist/2024-25-chl-hockey-checklist/,2025-12-24T04:16:46.159Z,Green Parallel - Stars and Star Rookies,368,Maxim Dube,Gatineau,Olympiques,,,1:7 Blaster,20,,,,,,,2024-25 CHL Hockey Checklist,2024-25-chl-hockey-checklist
,,http://upperdeck.com/checklist/2024-25-chl-hockey-checklist/,2025-12-24T04:16:46.159Z,Green Parallel - Stars and Star Rookies,369,Matej Pekar,Seattle,Thunderbirds,,,1:7 Blaster,20,,,,,,,2024-25 CHL Hockey Checklist,2024-25-chl-hockey-checklist
,,http://upperdeck.com/checklist/2024-25-chl-hockey-checklist/,2025-12-24T04:16:46.159Z,Green Parallel - Stars and Star Rookies,370,William Yared,Saint John,Sea Dogs,,,1:7 Blaster,20,,,,,,,2024-25 CHL Hockey Checklist,2024-25-chl-hockey-checklist
,,http://upperdeck.com/checklist/2024-25-chl-hockey-checklist/,2025-12-24T04:16:46.159Z,Green Parallel - Stars and Star Rookies,371,Brek Liske,Everett,Silvertips,,,1:7 Blaster,20,,,,,,,2024-25 CHL Hockey Checklist,2024-25-chl-hockey-checklist
,,http://upperdeck.com/checklist/2024-25-chl-hockey-checklist/,2025-12-24T04:16:46.159Z,Green Parallel - Stars and Star Rookies,372,Alessandro Di Iorio,Sarnia,Sting,,,1:7 Blaster,20,,,,,,,2024-25 CHL Hockey Checklist,2024-25-chl-hockey-checklist
,,http://upperdeck.com/checklist/2024-25-chl-hockey-checklist/,2025-12-24T04:16:46.159Z,Green Parallel - Stars and Star Rookies,373,Carlos Handel,Halifax,Mooseheads,,,1:7 Blaster,20,,,,,,,2024-25 CHL Hockey Checklist,2024-25-chl-hockey-checklist
,,http://upperdeck.com/checklist/2024-25-chl-hockey-checklist/,2025-12-24T04:16:46.159Z,Green Parallel - Stars and Star Rookies,374,Cole Zurawski,Owen Sound,Attack,,,1:7 Blaster,20,,,,,,,2024-25 CHL Hockey Checklist,2024-25-chl-hockey-checklist
,,http://upperdeck.com/checklist/2024-25-chl-hockey-checklist/,2025-12-24T04:16:46.159Z,Green Parallel - Stars and Star Rookies,375,Mikko Leppa,Victoriaville,Tigres,,,1:7 Blaster,20,,,,,,,2024-25 CHL Hockey Checklist,2024-25-chl-hockey-checklist
,,http://upperdeck.com/checklist/2024-25-chl-hockey-checklist/,2025-12-24T04:16:46.159Z,Green Parallel - Stars and Star Rookies,376,Mathis Preston,Spokane,Chiefs,,,1:7 Blaster,20,,,,,,,2024-25 CHL Hockey Checklist,2024-25-chl-hockey-checklist
,,http://upperdeck.com/checklist/2024-25-chl-hockey-checklist/,2025-12-24T04:16:46.159Z,Green Parallel - Stars and Star Rookies,377,Kent Greer,North Bay,Battalion,,,1:7 Blaster,20,,,,,,,2024-25 CHL Hockey Checklist,2024-25-chl-hockey-checklist
,,http://upperdeck.com/checklist/2024-25-chl-hockey-checklist/,2025-12-24T04:16:46.159Z,Green Parallel - Stars and Star Rookies,378,Daniel Walters,Halifax,Mooseheads,,,1:7 Blaster,20,,,,,,,2024-25 CHL Hockey Checklist,2024-25-chl-hockey-checklist
,,http://upperdeck.com/checklist/2024-25-chl-hockey-checklist/,2025-12-24T04:16:46.159Z,Green Parallel - Stars and Star Rookies,379,Nathan Behm,Kamloops,Blazers,,,1:7 Blaster,20,,,,,,,2024-25 CHL Hockey Checklist,2024-25-chl-hockey-checklist
,,http://upperdeck.com/checklist/2024-25-chl-hockey-checklist/,2025-12-24T04:16:46.159Z,Green Parallel - Stars and Star Rookies,380,Trent Gates,Owen Sound,Attack,,,1:7 Blaster,20,,,,,,,2024-25 CHL Hockey Checklist,2024-25-chl-hockey-checklist
,,http://upperdeck.com/checklist/2024-25-chl-hockey-checklist/,2025-12-24T04:16:46.159Z,Green Parallel - Stars and Star Rookies,381,Chad Lygitsakos,Shawinigan,Cataractes,,,1:7 Blaster,20,,,,,,,2024-25 CHL Hockey Checklist,2024-25-chl-hockey-checklist
,,http://upperdeck.com/checklist/2024-25-chl-hockey-checklist/,2025-12-24T04:16:46.159Z,Green Parallel - Stars and Star Rookies,382,Isaac Poll,Saskatoon,Blades,,,1:7 Blaster,20,,,,,,,2024-25 CHL Hockey Checklist,2024-25-chl-hockey-checklist
,,http://upperdeck.com/checklist/2024-25-chl-hockey-checklist/,2025-12-24T04:16:46.159Z,Green Parallel - Stars and Star Rookies,383,Pierce Mbuyi,Owen Sound,Attack,,,1:7 Blaster,20,,,,,,,2024-25 CHL Hockey Checklist,2024-25-chl-hockey-checklist
,,http://upperdeck.com/checklist/2024-25-chl-hockey-checklist/,2025-12-24T04:16:46.159Z,Green Parallel - Stars and Star Rookies,384,Maddox Dagenais,Quebec,Remparts,,,1:7 Blaster,20,,,,,,,2024-25 CHL Hockey Checklist,2024-25-chl-hockey-checklist
,,http://upperdeck.com/checklist/2024-25-chl-hockey-checklist/,2025-12-24T04:16:46.159Z,Green Parallel - Stars and Star Rookies,385,Veeti Vaisanen,Medicine Hat,Tigers,,,1:7 Blaster,20,,,,,,,2024-25 CHL Hockey Checklist,2024-25-chl-hockey-checklist
,,http://upperdeck.com/checklist/2024-25-chl-hockey-checklist/,2025-12-24T04:16:46.159Z,Green Parallel - Stars and Star Rookies,386,Benjamin Olivier,Val-d'Or,Foreurs,,,1:7 Blaster,20,,,,,,,2024-25 CHL Hockey Checklist,2024-25-chl-hockey-checklist
,,http://upperdeck.com/checklist/2024-25-chl-hockey-checklist/,2025-12-24T04:16:46.159Z,Green Parallel - Stars and Star Rookies,387,Rylan Ng,Calgary,Hitmen,,,1:7 Blaster,20,,,,,,,2024-25 CHL Hockey Checklist,2024-25-chl-hockey-checklist
,,http://upperdeck.com/checklist/2024-25-chl-hockey-checklist/,2025-12-24T04:16:46.159Z,Green Parallel - Stars and Star Rookies,388,Jacob Gouchie,Val-d'Or,Foreurs,,,1:7 Blaster,20,,,,,,,2024-25 CHL Hockey Checklist,2024-25-chl-hockey-checklist
,,http://upperdeck.com/checklist/2024-25-chl-hockey-checklist/,2025-12-24T04:16:46.159Z,Green Parallel - Stars and Star Rookies,389,Markus Loponen,Victoria,Royals,,,1:7 Blaster,20,,,,,,,2024-25 CHL Hockey Checklist,2024-25-chl-hockey-checklist
,,http://upperdeck.com/checklist/2024-25-chl-hockey-checklist/,2025-12-24T04:16:46.160Z,Green Parallel - Stars and Star Rookies,390,Florian Schenk,Saint John,Sea Dogs,,,1:7 Blaster,20,,,,,,,2024-25 CHL Hockey Checklist,2024-25-chl-hockey-checklist
,,http://upperdeck.com/checklist/2024-25-chl-hockey-checklist/,2025-12-24T04:16:46.160Z,Green Parallel - Stars and Star Rookies,391,Parker Vaughan,North Bay,Battalion,,,1:7 Blaster,20,,,,,,,2024-25 CHL Hockey Checklist,2024-25-chl-hockey-checklist
,,http://upperdeck.com/checklist/2024-25-chl-hockey-checklist/,2025-12-24T04:16:46.160Z,Green Parallel - Stars and Star Rookies,392,Liam Arsenault,Acadie-Bathurst,Titan,,,1:7 Blaster,20,,,,,,,2024-25 CHL Hockey Checklist,2024-25-chl-hockey-checklist
,,http://upperdeck.com/checklist/2024-25-chl-hockey-checklist/,2025-12-24T04:16:46.160Z,Green Parallel - Stars and Star Rookies,393,Joe Iginla,Edmonton,Oil Kings,,,1:7 Blaster,20,,,,,,,2024-25 CHL Hockey Checklist,2024-25-chl-hockey-checklist
,,http://upperdeck.com/checklist/2024-25-chl-hockey-checklist/,2025-12-24T04:16:46.160Z,Green Parallel - Stars and Star Rookies,394,Simon-Xavier Cyr,Gatineau,Olympiques,,,1:7 Blaster,20,,,,,,,2024-25 CHL Hockey Checklist,2024-25-chl-hockey-checklist
,,http://upperdeck.com/checklist/2024-25-chl-hockey-checklist/,2025-12-24T04:16:46.160Z,Green Parallel - Stars and Star Rookies,395,Axel Hurtig,Calgary,Hitmen,,,1:7 Blaster,20,,,,,,,2024-25 CHL Hockey Checklist,2024-25-chl-hockey-checklist
,,http://upperdeck.com/checklist/2024-25-chl-hockey-checklist/,2025-12-24T04:16:46.160Z,Green Parallel - Stars and Star Rookies,396,Bo Damphousse,Blainville-Boisbriand,Armada,,,1:7 Blaster,20,,,,,,,2024-25 CHL Hockey Checklist,2024-25-chl-hockey-checklist
,,http://upperdeck.com/checklist/2024-25-chl-hockey-checklist/,2025-12-24T04:16:46.160Z,Green Parallel - Stars and Star Rookies,397,Brody Gillespie,Spokane,Chiefs,,,1:7 Blaster,20,,,,,,,2024-25 CHL Hockey Checklist,2024-25-chl-hockey-checklist
,,http://upperdeck.com/checklist/2024-25-chl-hockey-checklist/,2025-12-24T04:16:46.160Z,Green Parallel - Stars and Star Rookies,398,Ryder Carey,North Bay,Battalion,,,1:7 Blaster,20,,,,,,,2024-25 CHL Hockey Checklist,2024-25-chl-hockey-checklist
,,http://upperdeck.com/checklist/2024-25-chl-hockey-checklist/,2025-12-24T04:16:46.160Z,Green Parallel - Stars and Star Rookies,399,Aaron Sawatzky,Moose Jaw,Warriors,,,1:7 Blaster,20,,,,,,,2024-25 CHL Hockey Checklist,2024-25-chl-hockey-checklist
,,http://upperdeck.com/checklist/2024-25-chl-hockey-checklist/,2025-12-24T04:16:46.160Z,Green Parallel - Stars and Star Rookies,400,Brennan O'Donnell,Chicoutimi,Sagueneens,,,1:7 Blaster,20,,,,,,,2024-25 CHL Hockey Checklist,2024-25-chl-hockey-checklist
,,http://upperdeck.com/checklist/2024-25-chl-hockey-checklist/,2025-12-24T04:16:46.160Z,Outburst Parallel - Stars and Star Rookies,301,Michael Misa,Saginaw,Spirit,,,"1:24 h, 1:24 e",20,,,,,,,2024-25 CHL Hockey Checklist,2024-25-chl-hockey-checklist
,,http://upperdeck.com/checklist/2024-25-chl-hockey-checklist/,2025-12-24T04:16:46.160Z,Outburst Parallel - Stars and Star Rookies,302,Tij Iginla,Kelowna,Rockets,,,"1:24 h, 1:24 e",20,,,,,,,2024-25 CHL Hockey Checklist,2024-25-chl-hockey-checklist
,,http://upperdeck.com/checklist/2024-25-chl-hockey-checklist/,2025-12-24T04:16:46.160Z,Outburst Parallel - Stars and Star Rookies,303,Sam Dickinson,London,Knights,,,"1:24 h, 1:24 e",20,,,,,,,2024-25 CHL Hockey Checklist,2024-25-chl-hockey-checklist
,,http://upperdeck.com/checklist/2024-25-chl-hockey-checklist/,2025-12-24T04:16:46.160Z,Outburst Parallel - Stars and Star Rookies,304,Carter Yakemchuk,Calgary,Hitmen,,,"1:24 h, 1:24 e",20,,,,,,,2024-25 CHL Hockey Checklist,2024-25-chl-hockey-checklist
,,http://upperdeck.com/checklist/2024-25-chl-hockey-checklist/,2025-12-24T04:16:46.160Z,Outburst Parallel - Stars and Star Rookies,305,Justin Poirier,Baie-Comeau,Drakkar,,,"1:24 h, 1:24 e",20,,,,,,,2024-25 CHL Hockey Checklist,2024-25-chl-hockey-checklist
,,http://upperdeck.com/checklist/2024-25-chl-hockey-checklist/,2025-12-24T04:16:46.160Z,Outburst Parallel - Stars and Star Rookies,306,Easton Cowan,London,Knights,,,"1:24 h, 1:24 e",20,,,,,,,2024-25 CHL Hockey Checklist,2024-25-chl-hockey-checklist
,,http://upperdeck.com/checklist/2024-25-chl-hockey-checklist/,2025-12-24T04:16:46.160Z,Outburst Parallel - Stars and Star Rookies,307,Reid Dyck,Swift Current,Broncos,,,"1:24 h, 1:24 e",20,,,,,,,2024-25 CHL Hockey Checklist,2024-25-chl-hockey-checklist
,,http://upperdeck.com/checklist/2024-25-chl-hockey-checklist/,2025-12-24T04:16:46.160Z,Outburst Parallel - Stars and Star Rookies,308,Calum Ritchie,Oshawa,Generals,,,"1:24 h, 1:24 e",20,,,,,,,2024-25 CHL Hockey Checklist,2024-25-chl-hockey-checklist
,,http://upperdeck.com/checklist/2024-25-chl-hockey-checklist/,2025-12-24T04:16:46.160Z,Outburst Parallel - Stars and Star Rookies,309,Kenta Isogai,Victoria,Royals,,,"1:24 h, 1:24 e",20,,,,,,,2024-25 CHL Hockey Checklist,2024-25-chl-hockey-checklist
,,http://upperdeck.com/checklist/2024-25-chl-hockey-checklist/,2025-12-24T04:16:46.160Z,Outburst Parallel - Stars and Star Rookies,310,Antonin Verreault,Rouyn-Noranda,Huskies,,,"1:24 h, 1:24 e",20,,,,,,,2024-25 CHL Hockey Checklist,2024-25-chl-hockey-checklist
,,http://upperdeck.com/checklist/2024-25-chl-hockey-checklist/,2025-12-24T04:16:46.160Z,Outburst Parallel - Stars and Star Rookies,311,Andrei Loshko,Niagara,IceDogs,,,"1:24 h, 1:24 e",20,,,,,,,2024-25 CHL Hockey Checklist,2024-25-chl-hockey-checklist
,,http://upperdeck.com/checklist/2024-25-chl-hockey-checklist/,2025-12-24T04:16:46.160Z,Outburst Parallel - Stars and Star Rookies,312,Oliver Tulk,Calgary,Hitmen,,,"1:24 h, 1:24 e",20,,,,,,,2024-25 CHL Hockey Checklist,2024-25-chl-hockey-checklist
,,http://upperdeck.com/checklist/2024-25-chl-hockey-checklist/,2025-12-24T04:16:46.160Z,Outburst Parallel - Stars and Star Rookies,313,Beckett Sennecke,Oshawa,Generals,,,"1:24 h, 1:24 e",20,,,,,,,2024-25 CHL Hockey Checklist,2024-25-chl-hockey-checklist
,,http://upperdeck.com/checklist/2024-25-chl-hockey-checklist/,2025-12-24T04:16:46.160Z,Outburst Parallel - Stars and Star Rookies,314,Andrew Basha,Medicine Hat,Tigers,,,"1:24 h, 1:24 e",20,,,,,,,2024-25 CHL Hockey Checklist,2024-25-chl-hockey-checklist
,,http://upperdeck.com/checklist/2024-25-chl-hockey-checklist/,2025-12-24T04:16:46.160Z,Outburst Parallel - Stars and Star Rookies,315,Cam Squires,Cape Breton,Eagles,,,"1:24 h, 1:24 e",20,,,,,,,2024-25 CHL Hockey Checklist,2024-25-chl-hockey-checklist
,,http://upperdeck.com/checklist/2024-25-chl-hockey-checklist/,2025-12-24T04:16:46.160Z,Outburst Parallel - Stars and Star Rookies,316,Marek Vanacker,Brantford,Bulldogs,,,"1:24 h, 1:24 e",20,,,,,,,2024-25 CHL Hockey Checklist,2024-25-chl-hockey-checklist
,,http://upperdeck.com/checklist/2024-25-chl-hockey-checklist/,2025-12-24T04:16:46.160Z,Outburst Parallel - Stars and Star Rookies,317,Riley Heidt,Prince George,Cougars,,,"1:24 h, 1:24 e",20,,,,,,,2024-25 CHL Hockey Checklist,2024-25-chl-hockey-checklist
,,http://upperdeck.com/checklist/2024-25-chl-hockey-checklist/,2025-12-24T04:16:46.160Z,Outburst Parallel - Stars and Star Rookies,318,Liam Greentree,Windsor,Spitfires,,,"1:24 h, 1:24 e",20,,,,,,,2024-25 CHL Hockey Checklist,2024-25-chl-hockey-checklist
,,http://upperdeck.com/checklist/2024-25-chl-hockey-checklist/,2025-12-24T04:16:46.160Z,Outburst Parallel - Stars and Star Rookies,319,Berkly Catton,Spokane,Chiefs,,,"1:24 h, 1:24 e",20,,,,,,,2024-25 CHL Hockey Checklist,2024-25-chl-hockey-checklist
,,http://upperdeck.com/checklist/2024-25-chl-hockey-checklist/,2025-12-24T04:16:46.160Z,Outburst Parallel - Stars and Star Rookies,320,Caleb Desnoyers,Moncton,Wildcats,,,"1:24 h, 1:24 e",20,,,,,,,2024-25 CHL Hockey Checklist,2024-25-chl-hockey-checklist
,,http://upperdeck.com/checklist/2024-25-chl-hockey-checklist/,2025-12-24T04:16:46.160Z,Outburst Parallel - Stars and Star Rookies,321,Jett Luchanko,Guelph,Storm,,,"1:24 h, 1:24 e",20,,,,,,,2024-25 CHL Hockey Checklist,2024-25-chl-hockey-checklist
,,http://upperdeck.com/checklist/2024-25-chl-hockey-checklist/,2025-12-24T04:16:46.160Z,Outburst Parallel - Stars and Star Rookies,322,Brayden Yager,Lethbridge,Hurricanes,,,"1:24 h, 1:24 e",20,,,,,,,2024-25 CHL Hockey Checklist,2024-25-chl-hockey-checklist
,,http://upperdeck.com/checklist/2024-25-chl-hockey-checklist/,2025-12-24T04:16:46.160Z,Outburst Parallel - Stars and Star Rookies,323,Dalyn Wakely,Barrie,Colts,,,"1:24 h, 1:24 e",20,,,,,,,2024-25 CHL Hockey Checklist,2024-25-chl-hockey-checklist
,,http://upperdeck.com/checklist/2024-25-chl-hockey-checklist/,2025-12-24T04:16:46.160Z,Outburst Parallel - Stars and Star Rookies,324,Cameron Schmidt,Vancouver,Giants,,,"1:24 h, 1:24 e",20,,,,,,,2024-25 CHL Hockey Checklist,2024-25-chl-hockey-checklist
,,http://upperdeck.com/checklist/2024-25-chl-hockey-checklist/,2025-12-24T04:16:46.160Z,Outburst Parallel - Stars and Star Rookies,325,Justin Larose,Drummondville,Voltigeurs,,,"1:24 h, 1:24 e",20,,,,,,,2024-25 CHL Hockey Checklist,2024-25-chl-hockey-checklist
,,http://upperdeck.com/checklist/2024-25-chl-hockey-checklist/,2025-12-24T04:16:46.160Z,Outburst Parallel - Stars and Star Rookies,326,Luke Misa,Brampton,Steelheads,,,"1:24 h, 1:24 e",20,,,,,,,2024-25 CHL Hockey Checklist,2024-25-chl-hockey-checklist
,,http://upperdeck.com/checklist/2024-25-chl-hockey-checklist/,2025-12-24T04:16:46.160Z,Outburst Parallel - Stars and Star Rookies,327,Roger McQueen,Brandon,Wheat Kings,,,"1:24 h, 1:24 e",20,,,,,,,2024-25 CHL Hockey Checklist,2024-25-chl-hockey-checklist
,,http://upperdeck.com/checklist/2024-25-chl-hockey-checklist/,2025-12-24T04:16:46.160Z,Outburst Parallel - Stars and Star Rookies,328,Tuomas Uronen,Kingston,Frontenacs,,,"1:24 h, 1:24 e",20,,,,,,,2024-25 CHL Hockey Checklist,2024-25-chl-hockey-checklist
,,http://upperdeck.com/checklist/2024-25-chl-hockey-checklist/,2025-12-24T04:16:46.160Z,Outburst Parallel - Stars and Star Rookies,329,Cayden Lindstrom,Medicine Hat,Tigers,,,"1:24 h, 1:24 e",20,,,,,,,2024-25 CHL Hockey Checklist,2024-25-chl-hockey-checklist
,,http://upperdeck.com/checklist/2024-25-chl-hockey-checklist/,2025-12-24T04:16:46.160Z,Outburst Parallel - Stars and Star Rookies,330,Sam Oliver,Drummondville,Voltigeurs,,,"1:24 h, 1:24 e",20,,,,,,,2024-25 CHL Hockey Checklist,2024-25-chl-hockey-checklist
,,http://upperdeck.com/checklist/2024-25-chl-hockey-checklist/,2025-12-24T04:16:46.160Z,Outburst Parallel - Stars and Star Rookies,331,Carter George,Owen Sound,Attack,,,"1:24 h, 1:24 e",20,,,,,,,2024-25 CHL Hockey Checklist,2024-25-chl-hockey-checklist
,,http://upperdeck.com/checklist/2024-25-chl-hockey-checklist/,2025-12-24T04:16:46.160Z,Outburst Parallel - Stars and Star Rookies,332,Andrew Cristall,Spokane,Chiefs,,,"1:24 h, 1:24 e",20,,,,,,,2024-25 CHL Hockey Checklist,2024-25-chl-hockey-checklist
,,http://upperdeck.com/checklist/2024-25-chl-hockey-checklist/,2025-12-24T04:16:46.160Z,Outburst Parallel - Stars and Star Rookies,333,Luca Pinelli,Ottawa,67's,,,"1:24 h, 1:24 e",20,,,,,,,2024-25 CHL Hockey Checklist,2024-25-chl-hockey-checklist
,,http://upperdeck.com/checklist/2024-25-chl-hockey-checklist/,2025-12-24T04:16:46.160Z,Outburst Parallel - Stars and Star Rookies,334,Harrison Brunicke,Kamloops,Blazers,,,"1:24 h, 1:24 e",20,,,,,,,2024-25 CHL Hockey Checklist,2024-25-chl-hockey-checklist
,,http://upperdeck.com/checklist/2024-25-chl-hockey-checklist/,2025-12-24T04:16:46.160Z,Outburst Parallel - Stars and Star Rookies,335,Joseph Henneberry,Cape Breton,Eagles,,,"1:24 h, 1:24 e",20,,,,,,,2024-25 CHL Hockey Checklist,2024-25-chl-hockey-checklist
,,http://upperdeck.com/checklist/2024-25-chl-hockey-checklist/,2025-12-24T04:16:46.160Z,Outburst Parallel - Stars and Star Rookies,336,Colby Barlow,Oshawa,Generals,,,"1:24 h, 1:24 e",20,,,,,,,2024-25 CHL Hockey Checklist,2024-25-chl-hockey-checklist
,,http://upperdeck.com/checklist/2024-25-chl-hockey-checklist/,2025-12-24T04:16:46.160Z,Outburst Parallel - Stars and Star Rookies,337,Terik Parascak,Prince George,Cougars,,,"1:24 h, 1:24 e",20,,,,,,,2024-25 CHL Hockey Checklist,2024-25-chl-hockey-checklist
,,http://upperdeck.com/checklist/2024-25-chl-hockey-checklist/,2025-12-24T04:16:46.160Z,Outburst Parallel - Stars and Star Rookies,338,Quentin Musty,Sudbury,Wolves,,,"1:24 h, 1:24 e",20,,,,,,,2024-25 CHL Hockey Checklist,2024-25-chl-hockey-checklist
,,http://upperdeck.com/checklist/2024-25-chl-hockey-checklist/,2025-12-24T04:16:46.160Z,Outburst Parallel - Stars and Star Rookies,339,Gavin McKenna,Medicine Hat,Tigers,,,"1:24 h, 1:24 e",20,,,,,,,2024-25 CHL Hockey Checklist,2024-25-chl-hockey-checklist
,,http://upperdeck.com/checklist/2024-25-chl-hockey-checklist/,2025-12-24T04:16:46.160Z,Outburst Parallel - Stars and Star Rookies,340,Carson Rehkopf,Brampton,Steelheads,,,"1:24 h, 1:24 e",20,,,,,,,2024-25 CHL Hockey Checklist,2024-25-chl-hockey-checklist
,,http://upperdeck.com/checklist/2024-25-chl-hockey-checklist/,2025-12-24T04:16:46.160Z,Outburst Parallel - Stars and Star Rookies,341,Jonathan Fauchon,Rimouski,Oceanic,,,"1:24 h, 1:24 e",20,,,,,,,2024-25 CHL Hockey Checklist,2024-25-chl-hockey-checklist
,,http://upperdeck.com/checklist/2024-25-chl-hockey-checklist/,2025-12-24T04:16:46.160Z,Outburst Parallel - Stars and Star Rookies,342,Jake O'Brien,Brantford,Bulldogs,,,"1:24 h, 1:24 e",20,,,,,,,2024-25 CHL Hockey Checklist,2024-25-chl-hockey-checklist
,,http://upperdeck.com/checklist/2024-25-chl-hockey-checklist/,2025-12-24T04:16:46.160Z,Outburst Parallel - Stars and Star Rookies,343,Ethan Gauthier,Drummondville,Voltigeurs,,,"1:24 h, 1:24 e",20,,,,,,,2024-25 CHL Hockey Checklist,2024-25-chl-hockey-checklist
,,http://upperdeck.com/checklist/2024-25-chl-hockey-checklist/,2025-12-24T04:16:46.160Z,Outburst Parallel - Stars and Star Rookies,344,Kashawn Aitcheson,Barrie,Colts,,,"1:24 h, 1:24 e",20,,,,,,,2024-25 CHL Hockey Checklist,2024-25-chl-hockey-checklist
,,http://upperdeck.com/checklist/2024-25-chl-hockey-checklist/,2025-12-24T04:16:46.160Z,Outburst Parallel - Stars and Star Rookies,345,Alexandre Blais,Rimouski,Oceanic,,,"1:24 h, 1:24 e",20,,,,,,,2024-25 CHL Hockey Checklist,2024-25-chl-hockey-checklist
,,http://upperdeck.com/checklist/2024-25-chl-hockey-checklist/,2025-12-24T04:16:46.160Z,Outburst Parallel - Stars and Star Rookies,346,Henry Mews,Sudbury,Wolves,,,"1:24 h, 1:24 e",20,,,,,,,2024-25 CHL Hockey Checklist,2024-25-chl-hockey-checklist
,,http://upperdeck.com/checklist/2024-25-chl-hockey-checklist/,2025-12-24T04:16:46.161Z,Outburst Parallel - Stars and Star Rookies,347,Oasiz Wiesblatt,Medicine Hat,Tigers,,,"1:24 h, 1:24 e",20,,,,,,,2024-25 CHL Hockey Checklist,2024-25-chl-hockey-checklist
,,http://upperdeck.com/checklist/2024-25-chl-hockey-checklist/,2025-12-24T04:16:46.161Z,Outburst Parallel - Stars and Star Rookies,348,Zayne Parekh,Saginaw,Spirit,,,"1:24 h, 1:24 e",20,,,,,,,2024-25 CHL Hockey Checklist,2024-25-chl-hockey-checklist
,,http://upperdeck.com/checklist/2024-25-chl-hockey-checklist/,2025-12-24T04:16:46.161Z,Outburst Parallel - Stars and Star Rookies,349,Jeremie Minville,Gatineau,Olympiques,,,"1:24 h, 1:24 e",20,,,,,,,2024-25 CHL Hockey Checklist,2024-25-chl-hockey-checklist
,,http://upperdeck.com/checklist/2024-25-chl-hockey-checklist/,2025-12-24T04:16:46.161Z,Outburst Parallel - Stars and Star Rookies,350,Porter Martone,Brampton,Steelheads,,,"1:24 h, 1:24 e",20,,,,,,,2024-25 CHL Hockey Checklist,2024-25-chl-hockey-checklist
,,http://upperdeck.com/checklist/2024-25-chl-hockey-checklist/,2025-12-24T04:16:46.161Z,Outburst Parallel - Stars and Star Rookies,351,Dylan Rozzi,Saint John,Sea Dogs,,,"1:24 h, 1:24 e",20,,,,,,,2024-25 CHL Hockey Checklist,2024-25-chl-hockey-checklist
,,http://upperdeck.com/checklist/2024-25-chl-hockey-checklist/,2025-12-24T04:16:46.161Z,Outburst Parallel - Stars and Star Rookies,352,Beckett Hamilton,Red Deer,Rebels,,,"1:24 h, 1:24 e",20,,,,,,,2024-25 CHL Hockey Checklist,2024-25-chl-hockey-checklist
,,http://upperdeck.com/checklist/2024-25-chl-hockey-checklist/,2025-12-24T04:16:46.161Z,Outburst Parallel - Stars and Star Rookies,353,Max Bleicher,Owen Sound,Attack,,,"1:24 h, 1:24 e",20,,,,,,,2024-25 CHL Hockey Checklist,2024-25-chl-hockey-checklist
,,http://upperdeck.com/checklist/2024-25-chl-hockey-checklist/,2025-12-24T04:16:46.161Z,Outburst Parallel - Stars and Star Rookies,354,Biagio Jr. Daniele,Acadie-Bathurst,Titan,,,"1:24 h, 1:24 e",20,,,,,,,2024-25 CHL Hockey Checklist,2024-25-chl-hockey-checklist
,,http://upperdeck.com/checklist/2024-25-chl-hockey-checklist/,2025-12-24T04:16:46.161Z,Outburst Parallel - Stars and Star Rookies,355,Carter Esler,Spokane,Chiefs,,,"1:24 h, 1:24 e",20,,,,,,,2024-25 CHL Hockey Checklist,2024-25-chl-hockey-checklist
,,http://upperdeck.com/checklist/2024-25-chl-hockey-checklist/,2025-12-24T04:16:46.161Z,Outburst Parallel - Stars and Star Rookies,356,Filip Ekberg,Ottawa,67's,,,"1:24 h, 1:24 e",20,,,,,,,2024-25 CHL Hockey Checklist,2024-25-chl-hockey-checklist
,,http://upperdeck.com/checklist/2024-25-chl-hockey-checklist/,2025-12-24T04:16:46.161Z,Outburst Parallel - Stars and Star Rookies,357,Matvei Gridin,Shawinigan,Cataracts,,,"1:24 h, 1:24 e",20,,,,,,,2024-25 CHL Hockey Checklist,2024-25-chl-hockey-checklist
,,http://upperdeck.com/checklist/2024-25-chl-hockey-checklist/,2025-12-24T04:16:46.161Z,Outburst Parallel - Stars and Star Rookies,358,Niilopekka Muhonen,Medicine Hat,Tigers,,,"1:24 h, 1:24 e",20,,,,,,,2024-25 CHL Hockey Checklist,2024-25-chl-hockey-checklist
,,http://upperdeck.com/checklist/2024-25-chl-hockey-checklist/,2025-12-24T04:16:46.161Z,Outburst Parallel - Stars and Star Rookies,359,Braidy Wassilyn,Niagara,IceDogs,,,"1:24 h, 1:24 e",20,,,,,,,2024-25 CHL Hockey Checklist,2024-25-chl-hockey-checklist
,,http://upperdeck.com/checklist/2024-25-chl-hockey-checklist/,2025-12-24T04:16:46.161Z,Outburst Parallel - Stars and Star Rookies,360,Elliot Dube,Saint John,Sea Dogs,,,"1:24 h, 1:24 e",20,,,,,,,2024-25 CHL Hockey Checklist,2024-25-chl-hockey-checklist
,,http://upperdeck.com/checklist/2024-25-chl-hockey-checklist/,2025-12-24T04:16:46.161Z,Outburst Parallel - Stars and Star Rookies,361,Landon DuPont,Everett,Silvertips,,,"1:24 h, 1:24 e",20,,,,,,,2024-25 CHL Hockey Checklist,2024-25-chl-hockey-checklist
,,http://upperdeck.com/checklist/2024-25-chl-hockey-checklist/,2025-12-24T04:16:46.161Z,Outburst Parallel - Stars and Star Rookies,362,Carson Harmer,Saginaw,Spirit,,,"1:24 h, 1:24 e",20,,,,,,,2024-25 CHL Hockey Checklist,2024-25-chl-hockey-checklist
,,http://upperdeck.com/checklist/2024-25-chl-hockey-checklist/,2025-12-24T04:16:46.161Z,Outburst Parallel - Stars and Star Rookies,363,Lars Steiner,Rouyn-Noranda,Huskies,,,"1:24 h, 1:24 e",20,,,,,,,2024-25 CHL Hockey Checklist,2024-25-chl-hockey-checklist
,,http://upperdeck.com/checklist/2024-25-chl-hockey-checklist/,2025-12-24T04:16:46.161Z,Outburst Parallel - Stars and Star Rookies,364,Ondrej Stebetak,Portland,Winterhawks,,,"1:24 h, 1:24 e",20,,,,,,,2024-25 CHL Hockey Checklist,2024-25-chl-hockey-checklist
,,http://upperdeck.com/checklist/2024-25-chl-hockey-checklist/,2025-12-24T04:16:46.161Z,Outburst Parallel - Stars and Star Rookies,365,Andreas Straka,Quebec,Remparts,,,"1:24 h, 1:24 e",20,,,,,,,2024-25 CHL Hockey Checklist,2024-25-chl-hockey-checklist
,,http://upperdeck.com/checklist/2024-25-chl-hockey-checklist/,2025-12-24T04:16:46.161Z,Outburst Parallel - Stars and Star Rookies,366,Miroslav Holinka,Edmonton,Oil Kings,,,"1:24 h, 1:24 e",20,,,,,,,2024-25 CHL Hockey Checklist,2024-25-chl-hockey-checklist
,,http://upperdeck.com/checklist/2024-25-chl-hockey-checklist/,2025-12-24T04:16:46.161Z,Outburst Parallel - Stars and Star Rookies,367,Colin Fitzgerald,Peterborough,Petes,,,"1:24 h, 1:24 e",20,,,,,,,2024-25 CHL Hockey Checklist,2024-25-chl-hockey-checklist
,,http://upperdeck.com/checklist/2024-25-chl-hockey-checklist/,2025-12-24T04:16:46.161Z,Outburst Parallel - Stars and Star Rookies,368,Maxim Dube,Gatineau,Olympiques,,,"1:24 h, 1:24 e",20,,,,,,,2024-25 CHL Hockey Checklist,2024-25-chl-hockey-checklist
,,http://upperdeck.com/checklist/2024-25-chl-hockey-checklist/,2025-12-24T04:16:46.161Z,Outburst Parallel - Stars and Star Rookies,369,Matej Pekar,Seattle,Thunderbirds,,,"1:24 h, 1:24 e",20,,,,,,,2024-25 CHL Hockey Checklist,2024-25-chl-hockey-checklist
,,http://upperdeck.com/checklist/2024-25-chl-hockey-checklist/,2025-12-24T04:16:46.161Z,Outburst Parallel - Stars and Star Rookies,370,William Yared,Saint John,Sea Dogs,,,"1:24 h, 1:24 e",20,,,,,,,2024-25 CHL Hockey Checklist,2024-25-chl-hockey-checklist
,,http://upperdeck.com/checklist/2024-25-chl-hockey-checklist/,2025-12-24T04:16:46.161Z,Outburst Parallel - Stars and Star Rookies,371,Brek Liske,Everett,Silvertips,,,"1:24 h, 1:24 e",20,,,,,,,2024-25 CHL Hockey Checklist,2024-25-chl-hockey-checklist
,,http://upperdeck.com/checklist/2024-25-chl-hockey-checklist/,2025-12-24T04:16:46.161Z,Outburst Parallel - Stars and Star Rookies,372,Alessandro Di Iorio,Sarnia,Sting,,,"1:24 h, 1:24 e",20,,,,,,,2024-25 CHL Hockey Checklist,2024-25-chl-hockey-checklist
,,http://upperdeck.com/checklist/2024-25-chl-hockey-checklist/,2025-12-24T04:16:46.161Z,Outburst Parallel - Stars and Star Rookies,373,Carlos Handel,Halifax,Mooseheads,,,"1:24 h, 1:24 e",20,,,,,,,2024-25 CHL Hockey Checklist,2024-25-chl-hockey-checklist
,,http://upperdeck.com/checklist/2024-25-chl-hockey-checklist/,2025-12-24T04:16:46.161Z,Outburst Parallel - Stars and Star Rookies,374,Cole Zurawski,Owen Sound,Attack,,,"1:24 h, 1:24 e",20,,,,,,,2024-25 CHL Hockey Checklist,2024-25-chl-hockey-checklist
,,http://upperdeck.com/checklist/2024-25-chl-hockey-checklist/,2025-12-24T04:16:46.161Z,Outburst Parallel - Stars and Star Rookies,375,Mikko Leppa,Victoriaville,Tigres,,,"1:24 h, 1:24 e",20,,,,,,,2024-25 CHL Hockey Checklist,2024-25-chl-hockey-checklist
,,http://upperdeck.com/checklist/2024-25-chl-hockey-checklist/,2025-12-24T04:16:46.161Z,Outburst Parallel - Stars and Star Rookies,376,Mathis Preston,Spokane,Chiefs,,,"1:24 h, 1:24 e",20,,,,,,,2024-25 CHL Hockey Checklist,2024-25-chl-hockey-checklist
,,http://upperdeck.com/checklist/2024-25-chl-hockey-checklist/,2025-12-24T04:16:46.161Z,Outburst Parallel - Stars and Star Rookies,377,Kent Greer,North Bay,Battalion,,,"1:24 h, 1:24 e",20,,,,,,,2024-25 CHL Hockey Checklist,2024-25-chl-hockey-checklist
,,http://upperdeck.com/checklist/2024-25-chl-hockey-checklist/,2025-12-24T04:16:46.161Z,Outburst Parallel - Stars and Star Rookies,378,Daniel Walters,Halifax,Mooseheads,,,"1:24 h, 1:24 e",20,,,,,,,2024-25 CHL Hockey Checklist,2024-25-chl-hockey-checklist
,,http://upperdeck.com/checklist/2024-25-chl-hockey-checklist/,2025-12-24T04:16:46.161Z,Outburst Parallel - Stars and Star Rookies,379,Nathan Behm,Kamloops,Blazers,,,"1:24 h, 1:24 e",20,,,,,,,2024-25 CHL Hockey Checklist,2024-25-chl-hockey-checklist
,,http://upperdeck.com/checklist/2024-25-chl-hockey-checklist/,2025-12-24T04:16:46.161Z,Outburst Parallel - Stars and Star Rookies,380,Trent Gates,Owen Sound,Attack,,,"1:24 h, 1:24 e",20,,,,,,,2024-25 CHL Hockey Checklist,2024-25-chl-hockey-checklist
,,http://upperdeck.com/checklist/2024-25-chl-hockey-checklist/,2025-12-24T04:16:46.161Z,Outburst Parallel - Stars and Star Rookies,381,Chad Lygitsakos,Shawinigan,Cataractes,,,"1:24 h, 1:24 e",20,,,,,,,2024-25 CHL Hockey Checklist,2024-25-chl-hockey-checklist
,,http://upperdeck.com/checklist/2024-25-chl-hockey-checklist/,2025-12-24T04:16:46.161Z,Outburst Parallel - Stars and Star Rookies,382,Isaac Poll,Saskatoon,Blades,,,"1:24 h, 1:24 e",20,,,,,,,2024-25 CHL Hockey Checklist,2024-25-chl-hockey-checklist
,,http://upperdeck.com/checklist/2024-25-chl-hockey-checklist/,2025-12-24T04:16:46.161Z,Outburst Parallel - Stars and Star Rookies,383,Pierce Mbuyi,Owen Sound,Attack,,,"1:24 h, 1:24 e",20,,,,,,,2024-25 CHL Hockey Checklist,2024-25-chl-hockey-checklist
,,http://upperdeck.com/checklist/2024-25-chl-hockey-checklist/,2025-12-24T04:16:46.161Z,Outburst Parallel - Stars and Star Rookies,384,Maddox Dagenais,Quebec,Remparts,,,"1:24 h, 1:24 e",20,,,,,,,2024-25 CHL Hockey Checklist,2024-25-chl-hockey-checklist
,,http://upperdeck.com/checklist/2024-25-chl-hockey-checklist/,2025-12-24T04:16:46.161Z,Outburst Parallel - Stars and Star Rookies,385,Veeti Vaisanen,Medicine Hat,Tigers,,,"1:24 h, 1:24 e",20,,,,,,,2024-25 CHL Hockey Checklist,2024-25-chl-hockey-checklist
,,http://upperdeck.com/checklist/2024-25-chl-hockey-checklist/,2025-12-24T04:16:46.161Z,Outburst Parallel - Stars and Star Rookies,386,Benjamin Olivier,Val-d'Or,Foreurs,,,"1:24 h, 1:24 e",20,,,,,,,2024-25 CHL Hockey Checklist,2024-25-chl-hockey-checklist
,,http://upperdeck.com/checklist/2024-25-chl-hockey-checklist/,2025-12-24T04:16:46.161Z,Outburst Parallel - Stars and Star Rookies,387,Rylan Ng,Calgary,Hitmen,,,"1:24 h, 1:24 e",20,,,,,,,2024-25 CHL Hockey Checklist,2024-25-chl-hockey-checklist
,,http://upperdeck.com/checklist/2024-25-chl-hockey-checklist/,2025-12-24T04:16:46.161Z,Outburst Parallel - Stars and Star Rookies,388,Jacob Gouchie,Val-d'Or,Foreurs,,,"1:24 h, 1:24 e",20,,,,,,,2024-25 CHL Hockey Checklist,2024-25-chl-hockey-checklist
,,http://upperdeck.com/checklist/2024-25-chl-hockey-checklist/,2025-12-24T04:16:46.161Z,Outburst Parallel - Stars and Star Rookies,389,Markus Loponen,Victoria,Royals,,,"1:24 h, 1:24 e",20,,,,,,,2024-25 CHL Hockey Checklist,2024-25-chl-hockey-checklist
,,http://upperdeck.com/checklist/2024-25-chl-hockey-checklist/,2025-12-24T04:16:46.161Z,Outburst Parallel - Stars and Star Rookies,390,Florian Schenk,Saint John,Sea Dogs,,,"1:24 h, 1:24 e",20,,,,,,,2024-25 CHL Hockey Checklist,2024-25-chl-hockey-checklist
,,http://upperdeck.com/checklist/2024-25-chl-hockey-checklist/,2025-12-24T04:16:46.161Z,Outburst Parallel - Stars and Star Rookies,391,Parker Vaughan,North Bay,Battalion,,,"1:24 h, 1:24 e",20,,,,,,,2024-25 CHL Hockey Checklist,2024-25-chl-hockey-checklist
,,http://upperdeck.com/checklist/2024-25-chl-hockey-checklist/,2025-12-24T04:16:46.161Z,Outburst Parallel - Stars and Star Rookies,392,Liam Arsenault,Acadie-Bathurst,Titan,,,"1:24 h, 1:24 e",20,,,,,,,2024-25 CHL Hockey Checklist,2024-25-chl-hockey-checklist
,,http://upperdeck.com/checklist/2024-25-chl-hockey-checklist/,2025-12-24T04:16:46.161Z,Outburst Parallel - Stars and Star Rookies,393,Joe Iginla,Edmonton,Oil Kings,,,"1:24 h, 1:24 e",20,,,,,,,2024-25 CHL Hockey Checklist,2024-25-chl-hockey-checklist
,,http://upperdeck.com/checklist/2024-25-chl-hockey-checklist/,2025-12-24T04:16:46.161Z,Outburst Parallel - Stars and Star Rookies,394,Simon-Xavier Cyr,Gatineau,Olympiques,,,"1:24 h, 1:24 e",20,,,,,,,2024-25 CHL Hockey Checklist,2024-25-chl-hockey-checklist
,,http://upperdeck.com/checklist/2024-25-chl-hockey-checklist/,2025-12-24T04:16:46.161Z,Outburst Parallel - Stars and Star Rookies,395,Axel Hurtig,Calgary,Hitmen,,,"1:24 h, 1:24 e",20,,,,,,,2024-25 CHL Hockey Checklist,2024-25-chl-hockey-checklist
,,http://upperdeck.com/checklist/2024-25-chl-hockey-checklist/,2025-12-24T04:16:46.161Z,Outburst Parallel - Stars and Star Rookies,396,Bo Damphousse,Blainville-Boisbriand,Armada,,,"1:24 h, 1:24 e",20,,,,,,,2024-25 CHL Hockey Checklist,2024-25-chl-hockey-checklist
,,http://upperdeck.com/checklist/2024-25-chl-hockey-checklist/,2025-12-24T04:16:46.161Z,Outburst Parallel - Stars and Star Rookies,397,Brody Gillespie,Spokane,Chiefs,,,"1:24 h, 1:24 e",20,,,,,,,2024-25 CHL Hockey Checklist,2024-25-chl-hockey-checklist
,,http://upperdeck.com/checklist/2024-25-chl-hockey-checklist/,2025-12-24T04:16:46.161Z,Outburst Parallel - Stars and Star Rookies,398,Ryder Carey,North Bay,Battalion,,,"1:24 h, 1:24 e",20,,,,,,,2024-25 CHL Hockey Checklist,2024-25-chl-hockey-checklist
,,http://upperdeck.com/checklist/2024-25-chl-hockey-checklist/,2025-12-24T04:16:46.161Z,Outburst Parallel - Stars and Star Rookies,399,Aaron Sawatzky,Moose Jaw,Warriors,,,"1:24 h, 1:24 e",20,,,,,,,2024-25 CHL Hockey Checklist,2024-25-chl-hockey-checklist
,,http://upperdeck.com/checklist/2024-25-chl-hockey-checklist/,2025-12-24T04:16:46.161Z,Outburst Parallel - Stars and Star Rookies,400,Brennan O'Donnell,Chicoutimi,Sagueneens,,,"1:24 h, 1:24 e",20,,,,,,,2024-25 CHL Hockey Checklist,2024-25-chl-hockey-checklist
,,http://upperdeck.com/checklist/2024-25-chl-hockey-checklist/,2025-12-24T04:16:46.161Z,Exclusives Parallel,1,Oliver Bonk,London,Knights,,100,Random Inserts in Hobby & e-Pack,20,,,,,,,2024-25 CHL Hockey Checklist,2024-25-chl-hockey-checklist
,,http://upperdeck.com/checklist/2024-25-chl-hockey-checklist/,2025-12-24T04:16:46.161Z,Exclusives Parallel,2,Tyler MacKenzie,Everett,Silvertips,,100,Random Inserts in Hobby & e-Pack,20,,,,,,,2024-25 CHL Hockey Checklist,2024-25-chl-hockey-checklist
,,http://upperdeck.com/checklist/2024-25-chl-hockey-checklist/,2025-12-24T04:16:46.161Z,Exclusives Parallel,3,Jules Boilard,Baie-Comeau,Drakkar,,100,Random Inserts in Hobby & e-Pack,20,,,,,,,2024-25 CHL Hockey Checklist,2024-25-chl-hockey-checklist
,,http://upperdeck.com/checklist/2024-25-chl-hockey-checklist/,2025-12-24T04:16:46.161Z,Exclusives Parallel,4,Kevin He,Niagara,IceDogs,,100,Random Inserts in Hobby & e-Pack,20,,,,,,,2024-25 CHL Hockey Checklist,2024-25-chl-hockey-checklist
,,http://upperdeck.com/checklist/2024-25-chl-hockey-checklist/,2025-12-24T04:16:46.161Z,Exclusives Parallel,5,Clarke Caswell,Swift Current,Broncos,,100,Random Inserts in Hobby & e-Pack,20,,,,,,,2024-25 CHL Hockey Checklist,2024-25-chl-hockey-checklist
,,http://upperdeck.com/checklist/2024-25-chl-hockey-checklist/,2025-12-24T04:16:46.161Z,Exclusives Parallel,6,Felix Lacerte,Shawinigan,Cataractes,,100,Random Inserts in Hobby & e-Pack,20,,,,,,,2024-25 CHL Hockey Checklist,2024-25-chl-hockey-checklist
,,http://upperdeck.com/checklist/2024-25-chl-hockey-checklist/,2025-12-24T04:16:46.161Z,Exclusives Parallel,7,Ethan Belchetz,Windsor,Spitfires,,100,Random Inserts in Hobby & e-Pack,20,,,,,,,2024-25 CHL Hockey Checklist,2024-25-chl-hockey-checklist
,,http://upperdeck.com/checklist/2024-25-chl-hockey-checklist/,2025-12-24T04:16:46.161Z,Exclusives Parallel,8,Dominik Rymon,Everett,Silvertips,,100,Random Inserts in Hobby & e-Pack,20,,,,,,,2024-25 CHL Hockey Checklist,2024-25-chl-hockey-checklist
,,http://upperdeck.com/checklist/2024-25-chl-hockey-checklist/,2025-12-24T04:16:46.161Z,Exclusives Parallel,9,Emmanuel Vermette,Chicoutimi,Sagueneens,,100,Random Inserts in Hobby & e-Pack,20,,,,,,,2024-25 CHL Hockey Checklist,2024-25-chl-hockey-checklist
,,http://upperdeck.com/checklist/2024-25-chl-hockey-checklist/,2025-12-24T04:16:46.161Z,Exclusives Parallel,10,Beau Jelsma,Barrie,Colts,,100,Random Inserts in Hobby & e-Pack,20,,,,,,,2024-25 CHL Hockey Checklist,2024-25-chl-hockey-checklist
,,http://upperdeck.com/checklist/2024-25-chl-hockey-checklist/,2025-12-24T04:16:46.161Z,Exclusives Parallel,11,Carson Wetsch,Calgary,Flames,,100,Random Inserts in Hobby & e-Pack,20,,,,,,,2024-25 CHL Hockey Checklist,2024-25-chl-hockey-checklist
,,http://upperdeck.com/checklist/2024-25-chl-hockey-checklist/,2025-12-24T04:16:46.161Z,Exclusives Parallel,12,Matthew Butler,Charlottetown,Islanders,,100,Random Inserts in Hobby & e-Pack,20,,,,,,,2024-25 CHL Hockey Checklist,2024-25-chl-hockey-checklist
,,http://upperdeck.com/checklist/2024-25-chl-hockey-checklist/,2025-12-24T04:16:46.161Z,Exclusives Parallel,13,Dylan Edwards,Erie,Otters,,100,Random Inserts in Hobby & e-Pack,20,,,,,,,2024-25 CHL Hockey Checklist,2024-25-chl-hockey-checklist
,,http://upperdeck.com/checklist/2024-25-chl-hockey-checklist/,2025-12-24T04:16:46.162Z,Exclusives Parallel,14,Max Graham,Kelowna,Rockets,,100,Random Inserts in Hobby & e-Pack,20,,,,,,,2024-25 CHL Hockey Checklist,2024-25-chl-hockey-checklist
,,http://upperdeck.com/checklist/2024-25-chl-hockey-checklist/,2025-12-24T04:16:46.162Z,Exclusives Parallel,15,Nathan Baril,Drummondville,Voltigeurs,,100,Random Inserts in Hobby & e-Pack,20,,,,,,,2024-25 CHL Hockey Checklist,2024-25-chl-hockey-checklist
,,http://upperdeck.com/checklist/2024-25-chl-hockey-checklist/,2025-12-24T04:16:46.162Z,Exclusives Parallel,16,Calem Mangone,Saginaw,Spirit,,100,Random Inserts in Hobby & e-Pack,20,,,,,,,2024-25 CHL Hockey Checklist,2024-25-chl-hockey-checklist
,,http://upperdeck.com/checklist/2024-25-chl-hockey-checklist/,2025-12-24T04:16:46.162Z,Exclusives Parallel,17,Brady Birnie,Swift Current,Broncos,,100,Random Inserts in Hobby & e-Pack,20,,,,,,,2024-25 CHL Hockey Checklist,2024-25-chl-hockey-checklist
,,http://upperdeck.com/checklist/2024-25-chl-hockey-checklist/,2025-12-24T04:16:46.162Z,Exclusives Parallel,18,Vince Elie,Shawinigan,Cataractes,,100,Random Inserts in Hobby & e-Pack,20,,,,,,,2024-25 CHL Hockey Checklist,2024-25-chl-hockey-checklist
,,http://upperdeck.com/checklist/2024-25-chl-hockey-checklist/,2025-12-24T04:16:46.162Z,Exclusives Parallel,19,Jacob Oster,Oshawa,Generals,,100,Random Inserts in Hobby & e-Pack,20,,,,,,,2024-25 CHL Hockey Checklist,2024-25-chl-hockey-checklist
,,http://upperdeck.com/checklist/2024-25-chl-hockey-checklist/,2025-12-24T04:16:46.162Z,Exclusives Parallel,20,Ty Halaburda,Vancouver,Giants,,100,Random Inserts in Hobby & e-Pack,20,,,,,,,2024-25 CHL Hockey Checklist,2024-25-chl-hockey-checklist
,,http://upperdeck.com/checklist/2024-25-chl-hockey-checklist/,2025-12-24T04:16:46.162Z,Exclusives Parallel,21,Yoan Loshing,Shawinigan,Cataractes,,100,Random Inserts in Hobby & e-Pack,20,,,,,,,2024-25 CHL Hockey Checklist,2024-25-chl-hockey-checklist
,,http://upperdeck.com/checklist/2024-25-chl-hockey-checklist/,2025-12-24T04:16:46.162Z,Exclusives Parallel,22,Cedrick Guindon,Kingston,Frontenacs,,100,Random Inserts in Hobby & e-Pack,20,,,,,,,2024-25 CHL Hockey Checklist,2024-25-chl-hockey-checklist
,,http://upperdeck.com/checklist/2024-25-chl-hockey-checklist/,2025-12-24T04:16:46.162Z,Exclusives Parallel,23,Cole Reschny,Victoria,Royals,,100,Random Inserts in Hobby & e-Pack,20,,,,,,,2024-25 CHL Hockey Checklist,2024-25-chl-hockey-checklist
,,http://upperdeck.com/checklist/2024-25-chl-hockey-checklist/,2025-12-24T04:16:46.162Z,Exclusives Parallel,24,Paille Julien,Gatineau,Olympiques,,100,Random Inserts in Hobby & e-Pack,20,,,,,,,2024-25 CHL Hockey Checklist,2024-25-chl-hockey-checklist
,,http://upperdeck.com/checklist/2024-25-chl-hockey-checklist/,2025-12-24T04:16:46.162Z,Exclusives Parallel,25,Cam Allen,London,Knights,,100,Random Inserts in Hobby & e-Pack,20,,,,,,,2024-25 CHL Hockey Checklist,2024-25-chl-hockey-checklist
,,http://upperdeck.com/checklist/2024-25-chl-hockey-checklist/,2025-12-24T04:16:46.162Z,Exclusives Parallel,26,Logan McCutcheon,Lethbridge,Hurricanes,,100,Random Inserts in Hobby & e-Pack,20,,,,,,,2024-25 CHL Hockey Checklist,2024-25-chl-hockey-checklist
,,http://upperdeck.com/checklist/2024-25-chl-hockey-checklist/,2025-12-24T04:16:46.162Z,Exclusives Parallel,27,Mael St-Denis,Rimouski,Oceanic,,100,Random Inserts in Hobby & e-Pack,20,,,,,,,2024-25 CHL Hockey Checklist,2024-25-chl-hockey-checklist
,,http://upperdeck.com/checklist/2024-25-chl-hockey-checklist/,2025-12-24T04:16:46.162Z,Exclusives Parallel,28,Patrick Thomas,Brantford,Bulldogs,,100,Random Inserts in Hobby & e-Pack,20,,,,,,,2024-25 CHL Hockey Checklist,2024-25-chl-hockey-checklist
,,http://upperdeck.com/checklist/2024-25-chl-hockey-checklist/,2025-12-24T04:16:46.162Z,Exclusives Parallel,29,Gavin Hodnett,Edmonton,Oil Kings,,100,Random Inserts in Hobby & e-Pack,20,,,,,,,2024-25 CHL Hockey Checklist,2024-25-chl-hockey-checklist
,,http://upperdeck.com/checklist/2024-25-chl-hockey-checklist/,2025-12-24T04:16:46.162Z,Exclusives Parallel,30,Nate Tivey,Saint John,Sea Dogs,,100,Random Inserts in Hobby & e-Pack,20,,,,,,,2024-25 CHL Hockey Checklist,2024-25-chl-hockey-checklist
,,http://upperdeck.com/checklist/2024-25-chl-hockey-checklist/,2025-12-24T04:16:46.162Z,Exclusives Parallel,31,Jacob Julien,London,Knights,,100,Random Inserts in Hobby & e-Pack,20,,,,,,,2024-25 CHL Hockey Checklist,2024-25-chl-hockey-checklist
,,http://upperdeck.com/checklist/2024-25-chl-hockey-checklist/,2025-12-24T04:16:46.162Z,Exclusives Parallel,32,Miguel Marques,Lethbridge,Hurricanes,,100,Random Inserts in Hobby & e-Pack,20,,,,,,,2024-25 CHL Hockey Checklist,2024-25-chl-hockey-checklist
,,http://upperdeck.com/checklist/2024-25-chl-hockey-checklist/,2025-12-24T04:16:46.162Z,Exclusives Parallel,33,Jacob Newcombe,Cape Breton,Eagles,,100,Random Inserts in Hobby & e-Pack,20,,,,,,,2024-25 CHL Hockey Checklist,2024-25-chl-hockey-checklist
,,http://upperdeck.com/checklist/2024-25-chl-hockey-checklist/,2025-12-24T04:16:46.162Z,Exclusives Parallel,34,Nolan Collins,Flint,Firebirds,,100,Random Inserts in Hobby & e-Pack,20,,,,,,,2024-25 CHL Hockey Checklist,2024-25-chl-hockey-checklist
,,http://upperdeck.com/checklist/2024-25-chl-hockey-checklist/,2025-12-24T04:16:46.162Z,Exclusives Parallel,35,Tyson Jugnauth,Portland,Winterhawks,,100,Random Inserts in Hobby & e-Pack,20,,,,,,,2024-25 CHL Hockey Checklist,2024-25-chl-hockey-checklist
,,http://upperdeck.com/checklist/2024-25-chl-hockey-checklist/,2025-12-24T04:16:46.162Z,Exclusives Parallel,36,Mathis Rousseau,Moncton,Wildcats,,100,Random Inserts in Hobby & e-Pack,20,,,,,,,2024-25 CHL Hockey Checklist,2024-25-chl-hockey-checklist
,,http://upperdeck.com/checklist/2024-25-chl-hockey-checklist/,2025-12-24T04:16:46.162Z,Exclusives Parallel,37,Sam Alfano,Erie,Otters,,100,Random Inserts in Hobby & e-Pack,20,,,,,,,2024-25 CHL Hockey Checklist,2024-25-chl-hockey-checklist
,,http://upperdeck.com/checklist/2024-25-chl-hockey-checklist/,2025-12-24T04:16:46.162Z,Exclusives Parallel,38,Austin Elliot,London,Knights,,100,Random Inserts in Hobby & e-Pack,20,,,,,,,2024-25 CHL Hockey Checklist,2024-25-chl-hockey-checklist
,,http://upperdeck.com/checklist/2024-25-chl-hockey-checklist/,2025-12-24T04:16:46.162Z,Exclusives Parallel,39,Emile Guite,Chicoutimi,Sagueneens,,100,Random Inserts in Hobby & e-Pack,20,,,,,,,2024-25 CHL Hockey Checklist,2024-25-chl-hockey-checklist
,,http://upperdeck.com/checklist/2024-25-chl-hockey-checklist/,2025-12-24T04:16:46.162Z,Exclusives Parallel,40,Cameron Reid,Kitchener,Rangers,,100,Random Inserts in Hobby & e-Pack,20,,,,,,,2024-25 CHL Hockey Checklist,2024-25-chl-hockey-checklist
,,http://upperdeck.com/checklist/2024-25-chl-hockey-checklist/,2025-12-24T04:16:46.162Z,Exclusives Parallel,41,Jackson Unger,Lethbridge,Hurricanes,,100,Random Inserts in Hobby & e-Pack,20,,,,,,,2024-25 CHL Hockey Checklist,2024-25-chl-hockey-checklist
,,http://upperdeck.com/checklist/2024-25-chl-hockey-checklist/,2025-12-24T04:16:46.162Z,Exclusives Parallel,42,Luke Woodworth,Drummondville,Voltigeurs,,100,Random Inserts in Hobby & e-Pack,20,,,,,,,2024-25 CHL Hockey Checklist,2024-25-chl-hockey-checklist
,,http://upperdeck.com/checklist/2024-25-chl-hockey-checklist/,2025-12-24T04:16:46.162Z,Exclusives Parallel,43,Ilya Protas,Windsor,Spitfires,,100,Random Inserts in Hobby & e-Pack,20,,,,,,,2024-25 CHL Hockey Checklist,2024-25-chl-hockey-checklist
,,http://upperdeck.com/checklist/2024-25-chl-hockey-checklist/,2025-12-24T04:16:46.162Z,Exclusives Parallel,44,Tarin Smith,Everett,Silvertips,,100,Random Inserts in Hobby & e-Pack,20,,,,,,,2024-25 CHL Hockey Checklist,2024-25-chl-hockey-checklist
,,http://upperdeck.com/checklist/2024-25-chl-hockey-checklist/,2025-12-24T04:16:46.162Z,Exclusives Parallel,45,Justin Carbonneau,Blainville-Boisbriand,Armada,,100,Random Inserts in Hobby & e-Pack,20,,,,,,,2024-25 CHL Hockey Checklist,2024-25-chl-hockey-checklist
,,http://upperdeck.com/checklist/2024-25-chl-hockey-checklist/,2025-12-24T04:16:46.162Z,Exclusives Parallel,46,Cole Beaudoin,Barrie,Colts,,100,Random Inserts in Hobby & e-Pack,20,,,,,,,2024-25 CHL Hockey Checklist,2024-25-chl-hockey-checklist
,,http://upperdeck.com/checklist/2024-25-chl-hockey-checklist/,2025-12-24T04:16:46.162Z,Exclusives Parallel,47,Aiden Oiring,Prince Albert,Raiders,,100,Random Inserts in Hobby & e-Pack,20,,,,,,,2024-25 CHL Hockey Checklist,2024-25-chl-hockey-checklist
,,http://upperdeck.com/checklist/2024-25-chl-hockey-checklist/,2025-12-24T04:16:46.162Z,Exclusives Parallel,48,Julius Sumpf,Moncton,Wildcats,,100,Random Inserts in Hobby & e-Pack,20,,,,,,,2024-25 CHL Hockey Checklist,2024-25-chl-hockey-checklist
,,http://upperdeck.com/checklist/2024-25-chl-hockey-checklist/,2025-12-24T04:16:46.162Z,Exclusives Parallel,49,Ryan Roobroeck,Niagara,IceDogs,,100,Random Inserts in Hobby & e-Pack,20,,,,,,,2024-25 CHL Hockey Checklist,2024-25-chl-hockey-checklist
,,http://upperdeck.com/checklist/2024-25-chl-hockey-checklist/,2025-12-24T04:16:46.162Z,Exclusives Parallel,50,Jackson Smith,Tri-City,Americans,,100,Random Inserts in Hobby & e-Pack,20,,,,,,,2024-25 CHL Hockey Checklist,2024-25-chl-hockey-checklist
,,http://upperdeck.com/checklist/2024-25-chl-hockey-checklist/,2025-12-24T04:16:46.162Z,Exclusives Parallel,51,Olivier Houde,Victoriaville,Tigres,,100,Random Inserts in Hobby & e-Pack,20,,,,,,,2024-25 CHL Hockey Checklist,2024-25-chl-hockey-checklist
,,http://upperdeck.com/checklist/2024-25-chl-hockey-checklist/,2025-12-24T04:16:46.162Z,Exclusives Parallel,52,Nick Lardis,Brantford,Bulldogs,,100,Random Inserts in Hobby & e-Pack,20,,,,,,,2024-25 CHL Hockey Checklist,2024-25-chl-hockey-checklist
,,http://upperdeck.com/checklist/2024-25-chl-hockey-checklist/,2025-12-24T04:16:46.162Z,Exclusives Parallel,53,Tanner Scott,Saskatoon,Blades,,100,Random Inserts in Hobby & e-Pack,20,,,,,,,2024-25 CHL Hockey Checklist,2024-25-chl-hockey-checklist
,,http://upperdeck.com/checklist/2024-25-chl-hockey-checklist/,2025-12-24T04:16:46.162Z,Exclusives Parallel,54,Colby Huggan,Acadie-Bathurst,Titan,,100,Random Inserts in Hobby & e-Pack,20,,,,,,,2024-25 CHL Hockey Checklist,2024-25-chl-hockey-checklist
,,http://upperdeck.com/checklist/2024-25-chl-hockey-checklist/,2025-12-24T04:16:46.162Z,Exclusives Parallel,55,Tyler Challenger,Erie,Otters,,100,Random Inserts in Hobby & e-Pack,20,,,,,,,2024-25 CHL Hockey Checklist,2024-25-chl-hockey-checklist
,,http://upperdeck.com/checklist/2024-25-chl-hockey-checklist/,2025-12-24T04:16:46.162Z,Exclusives Parallel,56,Brandon Lisowsky,Victoria,Royals,,100,Random Inserts in Hobby & e-Pack,20,,,,,,,2024-25 CHL Hockey Checklist,2024-25-chl-hockey-checklist
,,http://upperdeck.com/checklist/2024-25-chl-hockey-checklist/,2025-12-24T04:16:46.162Z,Exclusives Parallel,57,Bill Zonnon,Rouyn-Noranda,Huskies,,100,Random Inserts in Hobby & e-Pack,20,,,,,,,2024-25 CHL Hockey Checklist,2024-25-chl-hockey-checklist
,,http://upperdeck.com/checklist/2024-25-chl-hockey-checklist/,2025-12-24T04:16:46.162Z,Exclusives Parallel,58,Denver Barkey,London,Knights,,100,Random Inserts in Hobby & e-Pack,20,,,,,,,2024-25 CHL Hockey Checklist,2024-25-chl-hockey-checklist
,,http://upperdeck.com/checklist/2024-25-chl-hockey-checklist/,2025-12-24T04:16:46.162Z,Exclusives Parallel,59,Vincent Collard,Moncton,Wildcats,,100,Random Inserts in Hobby & e-Pack,20,,,,,,,2024-25 CHL Hockey Checklist,2024-25-chl-hockey-checklist
,,http://upperdeck.com/checklist/2024-25-chl-hockey-checklist/,2025-12-24T04:16:46.162Z,Exclusives Parallel,60,Luca Marrelli,Oshawa,Generals,,100,Random Inserts in Hobby & e-Pack,20,,,,,,,2024-25 CHL Hockey Checklist,2024-25-chl-hockey-checklist
,,http://upperdeck.com/checklist/2024-25-chl-hockey-checklist/,2025-12-24T04:16:46.162Z,Exclusives Parallel,61,Tanner Molendyk,Medicine Hat,Tigers,,100,Random Inserts in Hobby & e-Pack,20,,,,,,,2024-25 CHL Hockey Checklist,2024-25-chl-hockey-checklist
,,http://upperdeck.com/checklist/2024-25-chl-hockey-checklist/,2025-12-24T04:16:46.162Z,Exclusives Parallel,62,Jeremy Leroux,Val-d'Or,Foreurs,,100,Random Inserts in Hobby & e-Pack,20,,,,,,,2024-25 CHL Hockey Checklist,2024-25-chl-hockey-checklist
,,http://upperdeck.com/checklist/2024-25-chl-hockey-checklist/,2025-12-24T04:16:46.162Z,Exclusives Parallel,63,Owen Van Steensel,North Bay,Battalion,,100,Random Inserts in Hobby & e-Pack,20,,,,,,,2024-25 CHL Hockey Checklist,2024-25-chl-hockey-checklist
,,http://upperdeck.com/checklist/2024-25-chl-hockey-checklist/,2025-12-24T04:16:46.162Z,Exclusives Parallel,64,Tanner Howe,Calgary,Hitmen,,100,Random Inserts in Hobby & e-Pack,20,,,,,,,2024-25 CHL Hockey Checklist,2024-25-chl-hockey-checklist
,,http://upperdeck.com/checklist/2024-25-chl-hockey-checklist/,2025-12-24T04:16:46.162Z,Exclusives Parallel,65,Carey Terrance,Erie,Otters,,100,Random Inserts in Hobby & e-Pack,20,,,,,,,2024-25 CHL Hockey Checklist,2024-25-chl-hockey-checklist
,,http://upperdeck.com/checklist/2024-25-chl-hockey-checklist/,2025-12-24T04:16:46.162Z,Exclusives Parallel,66,Lewis Gendron,Cape Breton,Screaming Eagles,,100,Random Inserts in Hobby & e-Pack,20,,,,,,,2024-25 CHL Hockey Checklist,2024-25-chl-hockey-checklist
,,http://upperdeck.com/checklist/2024-25-chl-hockey-checklist/,2025-12-24T04:16:46.162Z,Exclusives Parallel,67,Adrian Misaljevic,Kitchener,Rangers,,100,Random Inserts in Hobby & e-Pack,20,,,,,,,2024-25 CHL Hockey Checklist,2024-25-chl-hockey-checklist
,,http://upperdeck.com/checklist/2024-25-chl-hockey-checklist/,2025-12-24T04:16:46.162Z,Exclusives Parallel,68,Hiroki Gojsic,Kelowna,Rockets,,100,Random Inserts in Hobby & e-Pack,20,,,,,,,2024-25 CHL Hockey Checklist,2024-25-chl-hockey-checklist
,,http://upperdeck.com/checklist/2024-25-chl-hockey-checklist/,2025-12-24T04:16:46.162Z,Exclusives Parallel,69,Thomas Desruisseaux,Chicoutimi,Sagueneens,,100,Random Inserts in Hobby & e-Pack,20,,,,,,,2024-25 CHL Hockey Checklist,2024-25-chl-hockey-checklist
,,http://upperdeck.com/checklist/2024-25-chl-hockey-checklist/,2025-12-24T04:16:46.162Z,Exclusives Parallel,70,Anthony Cristoforo,Windsor,Spitfires,,100,Random Inserts in Hobby & e-Pack,20,,,,,,,2024-25 CHL Hockey Checklist,2024-25-chl-hockey-checklist
,,http://upperdeck.com/checklist/2024-25-chl-hockey-checklist/,2025-12-24T04:16:46.162Z,Exclusives Parallel,71,Kyle Chyzowski,Portland,Winterhawks,,100,Random Inserts in Hobby & e-Pack,20,,,,,,,2024-25 CHL Hockey Checklist,2024-25-chl-hockey-checklist
,,http://upperdeck.com/checklist/2024-25-chl-hockey-checklist/,2025-12-24T04:16:46.162Z,Exclusives Parallel,72,Anthony Romani,Barrie,Colts,,100,Random Inserts in Hobby & e-Pack,20,,,,,,,2024-25 CHL Hockey Checklist,2024-25-chl-hockey-checklist
,,http://upperdeck.com/checklist/2024-25-chl-hockey-checklist/,2025-12-24T04:16:46.162Z,Exclusives Parallel,73,Louis-Francois Belanger,Acadie-Bathurst,Titan,,100,Random Inserts in Hobby & e-Pack,20,,,,,,,2024-25 CHL Hockey Checklist,2024-25-chl-hockey-checklist
,,http://upperdeck.com/checklist/2024-25-chl-hockey-checklist/,2025-12-24T04:16:46.162Z,Exclusives Parallel,74,Emil Hemming,Barrie,Colts,,100,Random Inserts in Hobby & e-Pack,20,,,,,,,2024-25 CHL Hockey Checklist,2024-25-chl-hockey-checklist
,,http://upperdeck.com/checklist/2024-25-chl-hockey-checklist/,2025-12-24T04:16:46.162Z,Exclusives Parallel,75,Josh Fluker,Wenatchee,Wild,,100,Random Inserts in Hobby & e-Pack,20,,,,,,,2024-25 CHL Hockey Checklist,2024-25-chl-hockey-checklist
,,http://upperdeck.com/checklist/2024-25-chl-hockey-checklist/,2025-12-24T04:16:46.162Z,Exclusives Parallel,76,Thomas Verdon,Rouyn-Noranda,Huskies,,100,Random Inserts in Hobby & e-Pack,20,,,,,,,2024-25 CHL Hockey Checklist,2024-25-chl-hockey-checklist
,,http://upperdeck.com/checklist/2024-25-chl-hockey-checklist/,2025-12-24T04:16:46.162Z,Exclusives Parallel,77,Jack Ivankovic,Brampton,Steelheads,,100,Random Inserts in Hobby & e-Pack,20,,,,,,,2024-25 CHL Hockey Checklist,2024-25-chl-hockey-checklist
,,http://upperdeck.com/checklist/2024-25-chl-hockey-checklist/,2025-12-24T04:16:46.162Z,Exclusives Parallel,78,Borya Valis,Prince George,Cougars,,100,Random Inserts in Hobby & e-Pack,20,,,,,,,2024-25 CHL Hockey Checklist,2024-25-chl-hockey-checklist
,,http://upperdeck.com/checklist/2024-25-chl-hockey-checklist/,2025-12-24T04:16:46.162Z,Exclusives Parallel,79,Mael Lavigne,Rimouski,Oceanic,,100,Random Inserts in Hobby & e-Pack,20,,,,,,,2024-25 CHL Hockey Checklist,2024-25-chl-hockey-checklist
,,http://upperdeck.com/checklist/2024-25-chl-hockey-checklist/,2025-12-24T04:16:46.163Z,Exclusives Parallel,80,Christopher Thibodeau,Flint,Firebirds,,100,Random Inserts in Hobby & e-Pack,20,,,,,,,2024-25 CHL Hockey Checklist,2024-25-chl-hockey-checklist
,,http://upperdeck.com/checklist/2024-25-chl-hockey-checklist/,2025-12-24T04:16:46.163Z,Exclusives Parallel,81,Shea Van Olm,Spokane,Chiefs,,100,Random Inserts in Hobby & e-Pack,20,,,,,,,2024-25 CHL Hockey Checklist,2024-25-chl-hockey-checklist
,,http://upperdeck.com/checklist/2024-25-chl-hockey-checklist/,2025-12-24T04:16:46.163Z,Exclusives Parallel,82,Matthew Schaefer,Erie,Otters,,100,Random Inserts in Hobby & e-Pack,20,,,,,,,2024-25 CHL Hockey Checklist,2024-25-chl-hockey-checklist
,,http://upperdeck.com/checklist/2024-25-chl-hockey-checklist/,2025-12-24T04:16:46.163Z,Exclusives Parallel,83,Brayden Edwards,Lethbridge,Hurricanes,,100,Random Inserts in Hobby & e-Pack,20,,,,,,,2024-25 CHL Hockey Checklist,2024-25-chl-hockey-checklist
,,http://upperdeck.com/checklist/2024-25-chl-hockey-checklist/,2025-12-24T04:16:46.163Z,Exclusives Parallel,84,Nick DeAngelis,Sudbury,Wolves,,100,Random Inserts in Hobby & e-Pack,20,,,,,,,2024-25 CHL Hockey Checklist,2024-25-chl-hockey-checklist
,,http://upperdeck.com/checklist/2024-25-chl-hockey-checklist/,2025-12-24T04:16:46.163Z,Exclusives Parallel,85,Joshua Ravensbergen,Prince George,Cougars,,100,Random Inserts in Hobby & e-Pack,20,,,,,,,2024-25 CHL Hockey Checklist,2024-25-chl-hockey-checklist
,,http://upperdeck.com/checklist/2024-25-chl-hockey-checklist/,2025-12-24T04:16:46.163Z,Exclusives Parallel,86,Aiden O'Donnell,Brantford,Bulldogs,,100,Random Inserts in Hobby & e-Pack,20,,,,,,,2024-25 CHL Hockey Checklist,2024-25-chl-hockey-checklist
,,http://upperdeck.com/checklist/2024-25-chl-hockey-checklist/,2025-12-24T04:16:46.163Z,Exclusives Parallel,87,Riley Mercer,Drummondville,Voltigeurs,,100,Random Inserts in Hobby & e-Pack,20,,,,,,,2024-25 CHL Hockey Checklist,2024-25-chl-hockey-checklist
,,http://upperdeck.com/checklist/2024-25-chl-hockey-checklist/,2025-12-24T04:16:46.163Z,Exclusives Parallel,88,Trent Swick,Kitchener,Rangers,,100,Random Inserts in Hobby & e-Pack,20,,,,,,,2024-25 CHL Hockey Checklist,2024-25-chl-hockey-checklist
,,http://upperdeck.com/checklist/2024-25-chl-hockey-checklist/,2025-12-24T04:16:46.163Z,Exclusives Parallel,89,Luke Mistelbacher,Swift Current,Broncos,,100,Random Inserts in Hobby & e-Pack,20,,,,,,,2024-25 CHL Hockey Checklist,2024-25-chl-hockey-checklist
,,http://upperdeck.com/checklist/2024-25-chl-hockey-checklist/,2025-12-24T04:16:46.163Z,Exclusives Parallel,90,Ryan Abraham,Windsor,Spitfires,,100,Random Inserts in Hobby & e-Pack,20,,,,,,,2024-25 CHL Hockey Checklist,2024-25-chl-hockey-checklist
,,http://upperdeck.com/checklist/2024-25-chl-hockey-checklist/,2025-12-24T04:16:46.163Z,Exclusives Parallel,91,Diego Buttazzoni,Portland,Winterhawks,,100,Random Inserts in Hobby & e-Pack,20,,,,,,,2024-25 CHL Hockey Checklist,2024-25-chl-hockey-checklist
,,http://upperdeck.com/checklist/2024-25-chl-hockey-checklist/,2025-12-24T04:16:46.163Z,Exclusives Parallel,92,Jack Nesbitt,Windsor,Spitfires,,100,Random Inserts in Hobby & e-Pack,20,,,,,,,2024-25 CHL Hockey Checklist,2024-25-chl-hockey-checklist
,,http://upperdeck.com/checklist/2024-25-chl-hockey-checklist/,2025-12-24T04:16:46.163Z,Exclusives Parallel,93,Braeden Cootes,Seattle,Thunderbirds,,100,Random Inserts in Hobby & e-Pack,20,,,,,,,2024-25 CHL Hockey Checklist,2024-25-chl-hockey-checklist
,,http://upperdeck.com/checklist/2024-25-chl-hockey-checklist/,2025-12-24T04:16:46.163Z,Exclusives Parallel,94,Pano Fimis,Erie,Otters,,100,Random Inserts in Hobby & e-Pack,20,,,,,,,2024-25 CHL Hockey Checklist,2024-25-chl-hockey-checklist
,,http://upperdeck.com/checklist/2024-25-chl-hockey-checklist/,2025-12-24T04:16:46.163Z,Exclusives Parallel,95,Raoul Boilard,Baie-Comeau,Drakkar,,100,Random Inserts in Hobby & e-Pack,20,,,,,,,2024-25 CHL Hockey Checklist,2024-25-chl-hockey-checklist
,,http://upperdeck.com/checklist/2024-25-chl-hockey-checklist/,2025-12-24T04:16:46.163Z,Exclusives Parallel,96,Angus MacDonell,Brampton,Steelheads,,100,Random Inserts in Hobby & e-Pack,20,,,,,,,2024-25 CHL Hockey Checklist,2024-25-chl-hockey-checklist
,,http://upperdeck.com/checklist/2024-25-chl-hockey-checklist/,2025-12-24T04:16:46.163Z,Exclusives Parallel,97,Julius Miettinen,Everett,Silvertips,,100,Random Inserts in Hobby & e-Pack,20,,,,,,,2024-25 CHL Hockey Checklist,2024-25-chl-hockey-checklist
,,http://upperdeck.com/checklist/2024-25-chl-hockey-checklist/,2025-12-24T04:16:46.163Z,Exclusives Parallel,98,Riley Patterson,Barrie,Colts,,100,Random Inserts in Hobby & e-Pack,20,,,,,,,2024-25 CHL Hockey Checklist,2024-25-chl-hockey-checklist
,,http://upperdeck.com/checklist/2024-25-chl-hockey-checklist/,2025-12-24T04:16:46.163Z,Exclusives Parallel,99,Maxim Masse,Chicoutimi,Sagueneens,,100,Random Inserts in Hobby & e-Pack,20,,,,,,,2024-25 CHL Hockey Checklist,2024-25-chl-hockey-checklist
,,http://upperdeck.com/checklist/2024-25-chl-hockey-checklist/,2025-12-24T04:16:46.163Z,Exclusives Parallel,100,Jacob Battaglia,Kingston,Frontenacs,,100,Random Inserts in Hobby & e-Pack,20,,,,,,,2024-25 CHL Hockey Checklist,2024-25-chl-hockey-checklist
,,http://upperdeck.com/checklist/2024-25-chl-hockey-checklist/,2025-12-24T04:16:46.163Z,Exclusives Parallel,101,Gavin Bryant,Peterborough,Petes,,100,Random Inserts in Hobby & e-Pack,20,,,,,,,2024-25 CHL Hockey Checklist,2024-25-chl-hockey-checklist
,,http://upperdeck.com/checklist/2024-25-chl-hockey-checklist/,2025-12-24T04:16:46.163Z,Exclusives Parallel,102,Rylen Roersma,Edmonton,Oil Kings,,100,Random Inserts in Hobby & e-Pack,20,,,,,,,2024-25 CHL Hockey Checklist,2024-25-chl-hockey-checklist
,,http://upperdeck.com/checklist/2024-25-chl-hockey-checklist/,2025-12-24T04:16:46.163Z,Exclusives Parallel,103,Alexis Bernier,Baie-Comeau,Drakkar,,100,Random Inserts in Hobby & e-Pack,20,,,,,,,2024-25 CHL Hockey Checklist,2024-25-chl-hockey-checklist
,,http://upperdeck.com/checklist/2024-25-chl-hockey-checklist/,2025-12-24T04:16:46.163Z,Exclusives Parallel,104,Wil McFadden,Guelph,Storm,,100,Random Inserts in Hobby & e-Pack,20,,,,,,,2024-25 CHL Hockey Checklist,2024-25-chl-hockey-checklist
,,http://upperdeck.com/checklist/2024-25-chl-hockey-checklist/,2025-12-24T04:16:46.163Z,Exclusives Parallel,105,Miles Cooper,Wenatchee,Wild,,100,Random Inserts in Hobby & e-Pack,20,,,,,,,2024-25 CHL Hockey Checklist,2024-25-chl-hockey-checklist
,,http://upperdeck.com/checklist/2024-25-chl-hockey-checklist/,2025-12-24T04:16:46.163Z,Exclusives Parallel,106,Eriks Mateiko,Rimouski,Oceanic,,100,Random Inserts in Hobby & e-Pack,20,,,,,,,2024-25 CHL Hockey Checklist,2024-25-chl-hockey-checklist
,,http://upperdeck.com/checklist/2024-25-chl-hockey-checklist/,2025-12-24T04:16:46.163Z,Exclusives Parallel,107,Kristian Epperson,Saginaw,Spirit,,100,Random Inserts in Hobby & e-Pack,20,,,,,,,2024-25 CHL Hockey Checklist,2024-25-chl-hockey-checklist
,,http://upperdeck.com/checklist/2024-25-chl-hockey-checklist/,2025-12-24T04:16:46.163Z,Exclusives Parallel,108,Tyler Thorpe,Vancouver,Giants,,100,Random Inserts in Hobby & e-Pack,20,,,,,,,2024-25 CHL Hockey Checklist,2024-25-chl-hockey-checklist
,,http://upperdeck.com/checklist/2024-25-chl-hockey-checklist/,2025-12-24T04:16:46.163Z,Exclusives Parallel,109,Simon Hughes,Charlottetown,Islanders,,100,Random Inserts in Hobby & e-Pack,20,,,,,,,2024-25 CHL Hockey Checklist,2024-25-chl-hockey-checklist
,,http://upperdeck.com/checklist/2024-25-chl-hockey-checklist/,2025-12-24T04:16:46.163Z,Exclusives Parallel,110,Rowan Henderson,Sudbury,Wolves,,100,Random Inserts in Hobby & e-Pack,20,,,,,,,2024-25 CHL Hockey Checklist,2024-25-chl-hockey-checklist
,,http://upperdeck.com/checklist/2024-25-chl-hockey-checklist/,2025-12-24T04:16:46.163Z,Exclusives Parallel,111,Layton Feist,Kamloops,Blazers,,100,Random Inserts in Hobby & e-Pack,20,,,,,,,2024-25 CHL Hockey Checklist,2024-25-chl-hockey-checklist
,,http://upperdeck.com/checklist/2024-25-chl-hockey-checklist/,2025-12-24T04:16:46.163Z,Exclusives Parallel,112,Loic Goyette,Quebec,Remparts,,100,Random Inserts in Hobby & e-Pack,20,,,,,,,2024-25 CHL Hockey Checklist,2024-25-chl-hockey-checklist
,,http://upperdeck.com/checklist/2024-25-chl-hockey-checklist/,2025-12-24T04:16:46.163Z,Exclusives Parallel,113,Gabriel Frasca,Erie,Otters,,100,Random Inserts in Hobby & e-Pack,20,,,,,,,2024-25 CHL Hockey Checklist,2024-25-chl-hockey-checklist
,,http://upperdeck.com/checklist/2024-25-chl-hockey-checklist/,2025-12-24T04:16:46.163Z,Exclusives Parallel,114,Justice Christensen,Prince Albert,Raiders,,100,Random Inserts in Hobby & e-Pack,20,,,,,,,2024-25 CHL Hockey Checklist,2024-25-chl-hockey-checklist
,,http://upperdeck.com/checklist/2024-25-chl-hockey-checklist/,2025-12-24T04:16:46.163Z,Exclusives Parallel,115,Lucas Romeo,Cape Breton,Eagles,,100,Random Inserts in Hobby & e-Pack,20,,,,,,,2024-25 CHL Hockey Checklist,2024-25-chl-hockey-checklist
,,http://upperdeck.com/checklist/2024-25-chl-hockey-checklist/,2025-12-24T04:16:46.163Z,Exclusives Parallel,116,Jackson Parsons,Kitchener,Rangers,,100,Random Inserts in Hobby & e-Pack,20,,,,,,,2024-25 CHL Hockey Checklist,2024-25-chl-hockey-checklist
,,http://upperdeck.com/checklist/2024-25-chl-hockey-checklist/,2025-12-24T04:16:46.163Z,Exclusives Parallel,117,Tomas Mrsic,Prince Albert,Raiders,,100,Random Inserts in Hobby & e-Pack,20,,,,,,,2024-25 CHL Hockey Checklist,2024-25-chl-hockey-checklist
,,http://upperdeck.com/checklist/2024-25-chl-hockey-checklist/,2025-12-24T04:16:46.163Z,Exclusives Parallel,118,Marcus Kearsey,Charlottetown,Islanders,,100,Random Inserts in Hobby & e-Pack,20,,,,,,,2024-25 CHL Hockey Checklist,2024-25-chl-hockey-checklist
,,http://upperdeck.com/checklist/2024-25-chl-hockey-checklist/,2025-12-24T04:16:46.163Z,Exclusives Parallel,119,Zach Filak,Sarnia,Sting,,100,Random Inserts in Hobby & e-Pack,20,,,,,,,2024-25 CHL Hockey Checklist,2024-25-chl-hockey-checklist
,,http://upperdeck.com/checklist/2024-25-chl-hockey-checklist/,2025-12-24T04:16:46.163Z,Exclusives Parallel,120,Krzysztof Macias,Moose Jaw,Warriors,,100,Random Inserts in Hobby & e-Pack,20,,,,,,,2024-25 CHL Hockey Checklist,2024-25-chl-hockey-checklist
,,http://upperdeck.com/checklist/2024-25-chl-hockey-checklist/,2025-12-24T04:16:46.163Z,Exclusives Parallel,121,Spencer Gill,Rimouski,Oceanic,,100,Random Inserts in Hobby & e-Pack,20,,,,,,,2024-25 CHL Hockey Checklist,2024-25-chl-hockey-checklist
,,http://upperdeck.com/checklist/2024-25-chl-hockey-checklist/,2025-12-24T04:16:46.163Z,Exclusives Parallel,122,Martin Misiak,Erie,Otters,,100,Random Inserts in Hobby & e-Pack,20,,,,,,,2024-25 CHL Hockey Checklist,2024-25-chl-hockey-checklist
,,http://upperdeck.com/checklist/2024-25-chl-hockey-checklist/,2025-12-24T04:16:46.163Z,Exclusives Parallel,123,Cohen Klassen,Regina,Pats,,100,Random Inserts in Hobby & e-Pack,20,,,,,,,2024-25 CHL Hockey Checklist,2024-25-chl-hockey-checklist
,,http://upperdeck.com/checklist/2024-25-chl-hockey-checklist/,2025-12-24T04:16:46.163Z,Exclusives Parallel,124,Louis-Felix Charrois,Drummondville,Voltigeurs,,100,Random Inserts in Hobby & e-Pack,20,,,,,,,2024-25 CHL Hockey Checklist,2024-25-chl-hockey-checklist
,,http://upperdeck.com/checklist/2024-25-chl-hockey-checklist/,2025-12-24T04:16:46.163Z,Exclusives Parallel,125,Christopher Brown,Sault Ste. Marie,Greyhounds,,100,Random Inserts in Hobby & e-Pack,20,,,,,,,2024-25 CHL Hockey Checklist,2024-25-chl-hockey-checklist
,,http://upperdeck.com/checklist/2024-25-chl-hockey-checklist/,2025-12-24T04:16:46.163Z,Exclusives Parallel,126,Carter Bear,Everett,Silvertips,,100,Random Inserts in Hobby & e-Pack,20,,,,,,,2024-25 CHL Hockey Checklist,2024-25-chl-hockey-checklist
,,http://upperdeck.com/checklist/2024-25-chl-hockey-checklist/,2025-12-24T04:16:46.163Z,Exclusives Parallel,127,Antoine Dorion,Quebec,Remparts,,100,Random Inserts in Hobby & e-Pack,20,,,,,,,2024-25 CHL Hockey Checklist,2024-25-chl-hockey-checklist
,,http://upperdeck.com/checklist/2024-25-chl-hockey-checklist/,2025-12-24T04:16:46.163Z,Exclusives Parallel,128,Evan Van Gorp,London,Knights,,100,Random Inserts in Hobby & e-Pack,20,,,,,,,2024-25 CHL Hockey Checklist,2024-25-chl-hockey-checklist
,,http://upperdeck.com/checklist/2024-25-chl-hockey-checklist/,2025-12-24T04:16:46.163Z,Exclusives Parallel,129,Evan Friesen,Wenatchee,Wild,,100,Random Inserts in Hobby & e-Pack,20,,,,,,,2024-25 CHL Hockey Checklist,2024-25-chl-hockey-checklist
,,http://upperdeck.com/checklist/2024-25-chl-hockey-checklist/,2025-12-24T04:16:46.163Z,Exclusives Parallel,130,Jordan Tourigny,Shawinigan,Cataractes,,100,Random Inserts in Hobby & e-Pack,20,,,,,,,2024-25 CHL Hockey Checklist,2024-25-chl-hockey-checklist
,,http://upperdeck.com/checklist/2024-25-chl-hockey-checklist/,2025-12-24T04:16:46.163Z,Exclusives Parallel,131,Saige Weinstein,Spokane,Chiefs,,100,Random Inserts in Hobby & e-Pack,20,,,,,,,2024-25 CHL Hockey Checklist,2024-25-chl-hockey-checklist
,,http://upperdeck.com/checklist/2024-25-chl-hockey-checklist/,2025-12-24T04:16:46.163Z,Exclusives Parallel,132,Cole Burbidge,Cape Breton,Eagles,,100,Random Inserts in Hobby & e-Pack,20,,,,,,,2024-25 CHL Hockey Checklist,2024-25-chl-hockey-checklist
,,http://upperdeck.com/checklist/2024-25-chl-hockey-checklist/,2025-12-24T04:16:46.163Z,Exclusives Parallel,133,Charlie Paquette,Guelph,Storm,,100,Random Inserts in Hobby & e-Pack,20,,,,,,,2024-25 CHL Hockey Checklist,2024-25-chl-hockey-checklist
,,http://upperdeck.com/checklist/2024-25-chl-hockey-checklist/,2025-12-24T04:16:46.163Z,Exclusives Parallel,134,Connor Levis,Vancouver,Giants,,100,Random Inserts in Hobby & e-Pack,20,,,,,,,2024-25 CHL Hockey Checklist,2024-25-chl-hockey-checklist
,,http://upperdeck.com/checklist/2024-25-chl-hockey-checklist/,2025-12-24T04:16:46.163Z,Exclusives Parallel,135,Jiri Klima,Shawinigan,Cataractes,,100,Random Inserts in Hobby & e-Pack,20,,,,,,,2024-25 CHL Hockey Checklist,2024-25-chl-hockey-checklist
,,http://upperdeck.com/checklist/2024-25-chl-hockey-checklist/,2025-12-24T04:16:46.163Z,Exclusives Parallel,136,Ryder McIntyre,Peterborough,Petes,,100,Random Inserts in Hobby & e-Pack,20,,,,,,,2024-25 CHL Hockey Checklist,2024-25-chl-hockey-checklist
,,http://upperdeck.com/checklist/2024-25-chl-hockey-checklist/,2025-12-24T04:16:46.163Z,Exclusives Parallel,137,Sam Oremba,Spokane,Chiefs,,100,Random Inserts in Hobby & e-Pack,20,,,,,,,2024-25 CHL Hockey Checklist,2024-25-chl-hockey-checklist
,,http://upperdeck.com/checklist/2024-25-chl-hockey-checklist/,2025-12-24T04:16:46.163Z,Exclusives Parallel,138,Tomas Lavoie,Cape Breton,Screaming Eagles,,100,Random Inserts in Hobby & e-Pack,20,,,,,,,2024-25 CHL Hockey Checklist,2024-25-chl-hockey-checklist
,,http://upperdeck.com/checklist/2024-25-chl-hockey-checklist/,2025-12-24T04:16:46.163Z,Exclusives Parallel,139,Easton Wainwright,Sarnia,Sting,,100,Random Inserts in Hobby & e-Pack,20,,,,,,,2024-25 CHL Hockey Checklist,2024-25-chl-hockey-checklist
,,http://upperdeck.com/checklist/2024-25-chl-hockey-checklist/,2025-12-24T04:16:46.163Z,Exclusives Parallel,140,Reid Andresen,Wenatchee,Wild,,100,Random Inserts in Hobby & e-Pack,20,,,,,,,2024-25 CHL Hockey Checklist,2024-25-chl-hockey-checklist
,,http://upperdeck.com/checklist/2024-25-chl-hockey-checklist/,2025-12-24T04:16:46.163Z,Exclusives Parallel,141,Charles-Antoine Beauregard,Sherbrooke,Phoenix,,100,Random Inserts in Hobby & e-Pack,20,,,,,,,2024-25 CHL Hockey Checklist,2024-25-chl-hockey-checklist
,,http://upperdeck.com/checklist/2024-25-chl-hockey-checklist/,2025-12-24T04:16:46.163Z,Exclusives Parallel,142,Jake Karabela,Guelph,Storm,,100,Random Inserts in Hobby & e-Pack,20,,,,,,,2024-25 CHL Hockey Checklist,2024-25-chl-hockey-checklist
,,http://upperdeck.com/checklist/2024-25-chl-hockey-checklist/,2025-12-24T04:16:46.163Z,Exclusives Parallel,143,Gracyn Sawchyn,Edmonton,Oil Kings,,100,Random Inserts in Hobby & e-Pack,20,,,,,,,2024-25 CHL Hockey Checklist,2024-25-chl-hockey-checklist
,,http://upperdeck.com/checklist/2024-25-chl-hockey-checklist/,2025-12-24T04:16:46.163Z,Exclusives Parallel,144,Samuel Fiala,Val-d'Or,Foreurs,,100,Random Inserts in Hobby & e-Pack,20,,,,,,,2024-25 CHL Hockey Checklist,2024-25-chl-hockey-checklist
,,http://upperdeck.com/checklist/2024-25-chl-hockey-checklist/,2025-12-24T04:16:46.163Z,Exclusives Parallel,145,Ben Danford,Oshawa,Generals,,100,Random Inserts in Hobby & e-Pack,20,,,,,,,2024-25 CHL Hockey Checklist,2024-25-chl-hockey-checklist
,,http://upperdeck.com/checklist/2024-25-chl-hockey-checklist/,2025-12-24T04:16:46.163Z,Exclusives Parallel,146,Ollie Josephson,Red Deer,Rebels,,100,Random Inserts in Hobby & e-Pack,20,,,,,,,2024-25 CHL Hockey Checklist,2024-25-chl-hockey-checklist
,,http://upperdeck.com/checklist/2024-25-chl-hockey-checklist/,2025-12-24T04:16:46.163Z,Exclusives Parallel,147,Maxime Coursol,Rimouski,Oceanic,,100,Random Inserts in Hobby & e-Pack,20,,,,,,,2024-25 CHL Hockey Checklist,2024-25-chl-hockey-checklist
,,http://upperdeck.com/checklist/2024-25-chl-hockey-checklist/,2025-12-24T04:16:46.164Z,Exclusives Parallel,148,Cole Davis,Windsor,Spitfires,,100,Random Inserts in Hobby & e-Pack,20,,,,,,,2024-25 CHL Hockey Checklist,2024-25-chl-hockey-checklist
,,http://upperdeck.com/checklist/2024-25-chl-hockey-checklist/,2025-12-24T04:16:46.164Z,Exclusives Parallel,149,Max Curran,Tri-City,Americans,,100,Random Inserts in Hobby & e-Pack,20,,,,,,,2024-25 CHL Hockey Checklist,2024-25-chl-hockey-checklist
,,http://upperdeck.com/checklist/2024-25-chl-hockey-checklist/,2025-12-24T04:16:46.164Z,Exclusives Parallel,150,Tyson Goguen,Acadie-Bathurst,Titan,,100,Random Inserts in Hobby & e-Pack,20,,,,,,,2024-25 CHL Hockey Checklist,2024-25-chl-hockey-checklist
,,http://upperdeck.com/checklist/2024-25-chl-hockey-checklist/,2025-12-24T04:16:46.164Z,Exclusives Parallel,151,Tyson Doucette,Sarnia,Sting,,100,Random Inserts in Hobby & e-Pack,20,,,,,,,2024-25 CHL Hockey Checklist,2024-25-chl-hockey-checklist
,,http://upperdeck.com/checklist/2024-25-chl-hockey-checklist/,2025-12-24T04:16:46.164Z,Exclusives Parallel,152,Dominik Petr,Brandon,Wheat Kings,,100,Random Inserts in Hobby & e-Pack,20,,,,,,,2024-25 CHL Hockey Checklist,2024-25-chl-hockey-checklist
,,http://upperdeck.com/checklist/2024-25-chl-hockey-checklist/,2025-12-24T04:16:46.164Z,Exclusives Parallel,153,Juraj Pekarcik,Moncton,Wildcats,,100,Random Inserts in Hobby & e-Pack,20,,,,,,,2024-25 CHL Hockey Checklist,2024-25-chl-hockey-checklist
,,http://upperdeck.com/checklist/2024-25-chl-hockey-checklist/,2025-12-24T04:16:46.164Z,Exclusives Parallel,154,Justin Cloutier,Sault Ste. Marie,Greyhounds,,100,Random Inserts in Hobby & e-Pack,20,,,,,,,2024-25 CHL Hockey Checklist,2024-25-chl-hockey-checklist
,,http://upperdeck.com/checklist/2024-25-chl-hockey-checklist/,2025-12-24T04:16:46.164Z,Exclusives Parallel,155,Jordan Gavin,Brandon,Wheat Kings,,100,Random Inserts in Hobby & e-Pack,20,,,,,,,2024-25 CHL Hockey Checklist,2024-25-chl-hockey-checklist
,,http://upperdeck.com/checklist/2024-25-chl-hockey-checklist/,2025-12-24T04:16:46.164Z,Exclusives Parallel,156,Gabriel D'Aigle,Victoriaville,Tigres,,100,Random Inserts in Hobby & e-Pack,20,,,,,,,2024-25 CHL Hockey Checklist,2024-25-chl-hockey-checklist
,,http://upperdeck.com/checklist/2024-25-chl-hockey-checklist/,2025-12-24T04:16:46.164Z,Exclusives Parallel,157,Ruslan Karimov,Sarnia,Sting,,100,Random Inserts in Hobby & e-Pack,20,,,,,,,2024-25 CHL Hockey Checklist,2024-25-chl-hockey-checklist
,,http://upperdeck.com/checklist/2024-25-chl-hockey-checklist/,2025-12-24T04:16:46.164Z,Exclusives Parallel,158,Noah Chadwick,Lethbridge,Hurricanes,,100,Random Inserts in Hobby & e-Pack,20,,,,,,,2024-25 CHL Hockey Checklist,2024-25-chl-hockey-checklist
,,http://upperdeck.com/checklist/2024-25-chl-hockey-checklist/,2025-12-24T04:16:46.164Z,Exclusives Parallel,159,Isaac Menard,Shawinigan,Cataractes,,100,Random Inserts in Hobby & e-Pack,20,,,,,,,2024-25 CHL Hockey Checklist,2024-25-chl-hockey-checklist
,,http://upperdeck.com/checklist/2024-25-chl-hockey-checklist/,2025-12-24T04:16:46.164Z,Exclusives Parallel,160,Kaden Pitre,Flint,Firebirds,,100,Random Inserts in Hobby & e-Pack,20,,,,,,,2024-25 CHL Hockey Checklist,2024-25-chl-hockey-checklist
,,http://upperdeck.com/checklist/2024-25-chl-hockey-checklist/,2025-12-24T04:16:46.164Z,Exclusives Parallel,161,Adam Jecho,Edmonton,Oil Kings,,100,Random Inserts in Hobby & e-Pack,20,,,,,,,2024-25 CHL Hockey Checklist,2024-25-chl-hockey-checklist
,,http://upperdeck.com/checklist/2024-25-chl-hockey-checklist/,2025-12-24T04:16:46.164Z,Exclusives Parallel,162,Owen Phillips,Halifax,Mooseheads,,100,Random Inserts in Hobby & e-Pack,20,,,,,,,2024-25 CHL Hockey Checklist,2024-25-chl-hockey-checklist
,,http://upperdeck.com/checklist/2024-25-chl-hockey-checklist/,2025-12-24T04:16:46.164Z,Exclusives Parallel,163,Ethan Procyszyn,North Bay,Battalion,,100,Random Inserts in Hobby & e-Pack,20,,,,,,,2024-25 CHL Hockey Checklist,2024-25-chl-hockey-checklist
,,http://upperdeck.com/checklist/2024-25-chl-hockey-checklist/,2025-12-24T04:16:46.164Z,Exclusives Parallel,164,Scott Ratzlaff,Seattle,Thunderbirds,,100,Random Inserts in Hobby & e-Pack,20,,,,,,,2024-25 CHL Hockey Checklist,2024-25-chl-hockey-checklist
,,http://upperdeck.com/checklist/2024-25-chl-hockey-checklist/,2025-12-24T04:16:46.164Z,Exclusives Parallel,165,Alexandre Lallier,Acadie-Bathurst,Titan,,100,Random Inserts in Hobby & e-Pack,20,,,,,,,2024-25 CHL Hockey Checklist,2024-25-chl-hockey-checklist
,,http://upperdeck.com/checklist/2024-25-chl-hockey-checklist/,2025-12-24T04:16:46.164Z,Exclusives Parallel,166,Luke Ellinas,Kitchener,Rangers,,100,Random Inserts in Hobby & e-Pack,20,,,,,,,2024-25 CHL Hockey Checklist,2024-25-chl-hockey-checklist
,,http://upperdeck.com/checklist/2024-25-chl-hockey-checklist/,2025-12-24T04:16:46.164Z,Exclusives Parallel,167,Carlin Dezainde,Swift Current,Broncos,,100,Random Inserts in Hobby & e-Pack,20,,,,,,,2024-25 CHL Hockey Checklist,2024-25-chl-hockey-checklist
,,http://upperdeck.com/checklist/2024-25-chl-hockey-checklist/,2025-12-24T04:16:46.164Z,Exclusives Parallel,168,Owen Conrad,Charlottetown,Islanders,,100,Random Inserts in Hobby & e-Pack,20,,,,,,,2024-25 CHL Hockey Checklist,2024-25-chl-hockey-checklist
,,http://upperdeck.com/checklist/2024-25-chl-hockey-checklist/,2025-12-24T04:16:46.164Z,Exclusives Parallel,169,Sam McCue,Flint,Firebirds,,100,Random Inserts in Hobby & e-Pack,20,,,,,,,2024-25 CHL Hockey Checklist,2024-25-chl-hockey-checklist
,,http://upperdeck.com/checklist/2024-25-chl-hockey-checklist/,2025-12-24T04:16:46.164Z,Exclusives Parallel,170,Ben Kindel,Calgary,Hitmen,,100,Random Inserts in Hobby & e-Pack,20,,,,,,,2024-25 CHL Hockey Checklist,2024-25-chl-hockey-checklist
,,http://upperdeck.com/checklist/2024-25-chl-hockey-checklist/,2025-12-24T04:16:46.164Z,Exclusives Parallel,171,Mavrick Lachance,Sherbrooke,Phoenix,,100,Random Inserts in Hobby & e-Pack,20,,,,,,,2024-25 CHL Hockey Checklist,2024-25-chl-hockey-checklist
,,http://upperdeck.com/checklist/2024-25-chl-hockey-checklist/,2025-12-24T04:16:46.164Z,Exclusives Parallel,172,Connor Clattenburg,Flint,Firebirds,,100,Random Inserts in Hobby & e-Pack,20,,,,,,,2024-25 CHL Hockey Checklist,2024-25-chl-hockey-checklist
,,http://upperdeck.com/checklist/2024-25-chl-hockey-checklist/,2025-12-24T04:16:46.164Z,Exclusives Parallel,173,Nate Misskey,Victoria,Royals,,100,Random Inserts in Hobby & e-Pack,20,,,,,,,2024-25 CHL Hockey Checklist,2024-25-chl-hockey-checklist
,,http://upperdeck.com/checklist/2024-25-chl-hockey-checklist/,2025-12-24T04:16:46.164Z,Exclusives Parallel,174,Jan Golicic,Gatineau,Olympiques,,100,Random Inserts in Hobby & e-Pack,20,,,,,,,2024-25 CHL Hockey Checklist,2024-25-chl-hockey-checklist
,,http://upperdeck.com/checklist/2024-25-chl-hockey-checklist/,2025-12-24T04:16:46.164Z,Exclusives Parallel,175,AJ Spellacy,Windsor,Spitfires,,100,Random Inserts in Hobby & e-Pack,20,,,,,,,2024-25 CHL Hockey Checklist,2024-25-chl-hockey-checklist
,,http://upperdeck.com/checklist/2024-25-chl-hockey-checklist/,2025-12-24T04:16:46.164Z,Exclusives Parallel,176,Daxon Rudolph,Prince Albert,Raiders,,100,Random Inserts in Hobby & e-Pack,20,,,,,,,2024-25 CHL Hockey Checklist,2024-25-chl-hockey-checklist
,,http://upperdeck.com/checklist/2024-25-chl-hockey-checklist/,2025-12-24T04:16:46.164Z,Exclusives Parallel,177,Gabe Smith,Moncton,Wildcats,,100,Random Inserts in Hobby & e-Pack,20,,,,,,,2024-25 CHL Hockey Checklist,2024-25-chl-hockey-checklist
,,http://upperdeck.com/checklist/2024-25-chl-hockey-checklist/,2025-12-24T04:16:46.164Z,Exclusives Parallel,178,Kieron Walton,Sudbury,Wolves,,100,Random Inserts in Hobby & e-Pack,20,,,,,,,2024-25 CHL Hockey Checklist,2024-25-chl-hockey-checklist
,,http://upperdeck.com/checklist/2024-25-chl-hockey-checklist/,2025-12-24T04:16:46.164Z,Exclusives Parallel,179,Roan Woodward,Edmonton,Oil Kings,,100,Random Inserts in Hobby & e-Pack,20,,,,,,,2024-25 CHL Hockey Checklist,2024-25-chl-hockey-checklist
,,http://upperdeck.com/checklist/2024-25-chl-hockey-checklist/,2025-12-24T04:16:46.164Z,Exclusives Parallel,180,Francois-James Buteau,Acadie-Bathurst,Titan,,100,Random Inserts in Hobby & e-Pack,20,,,,,,,2024-25 CHL Hockey Checklist,2024-25-chl-hockey-checklist
,,http://upperdeck.com/checklist/2024-25-chl-hockey-checklist/,2025-12-24T04:16:46.164Z,Exclusives Parallel,181,Carson Cameron,Peterborough,Petes,,100,Random Inserts in Hobby & e-Pack,20,,,,,,,2024-25 CHL Hockey Checklist,2024-25-chl-hockey-checklist
,,http://upperdeck.com/checklist/2024-25-chl-hockey-checklist/,2025-12-24T04:16:46.164Z,Exclusives Parallel,182,Vojtech Port,Lethbridge,Hurricanes,,100,Random Inserts in Hobby & e-Pack,20,,,,,,,2024-25 CHL Hockey Checklist,2024-25-chl-hockey-checklist
,,http://upperdeck.com/checklist/2024-25-chl-hockey-checklist/,2025-12-24T04:16:46.164Z,Exclusives Parallel,183,Xavier Villeneuve,Blainville-Boisbriand,Armada,,100,Random Inserts in Hobby & e-Pack,20,,,,,,,2024-25 CHL Hockey Checklist,2024-25-chl-hockey-checklist
,,http://upperdeck.com/checklist/2024-25-chl-hockey-checklist/,2025-12-24T04:16:46.164Z,Exclusives Parallel,184,Brady Martin,Sault Ste. Marie,Greyhounds,,100,Random Inserts in Hobby & e-Pack,20,,,,,,,2024-25 CHL Hockey Checklist,2024-25-chl-hockey-checklist
,,http://upperdeck.com/checklist/2024-25-chl-hockey-checklist/,2025-12-24T04:16:46.164Z,Exclusives Parallel,185,Evan Gardner,Saskatoon,Blades,,100,Random Inserts in Hobby & e-Pack,20,,,,,,,2024-25 CHL Hockey Checklist,2024-25-chl-hockey-checklist
,,http://upperdeck.com/checklist/2024-25-chl-hockey-checklist/,2025-12-24T04:16:46.164Z,Exclusives Parallel,186,Oliver Samson,Baie-Comeau,Drakkar,,100,Random Inserts in Hobby & e-Pack,20,,,,,,,2024-25 CHL Hockey Checklist,2024-25-chl-hockey-checklist
,,http://upperdeck.com/checklist/2024-25-chl-hockey-checklist/,2025-12-24T04:16:46.164Z,Exclusives Parallel,187,Kocha Delic,Sudbury,Wolves,,100,Random Inserts in Hobby & e-Pack,20,,,,,,,2024-25 CHL Hockey Checklist,2024-25-chl-hockey-checklist
,,http://upperdeck.com/checklist/2024-25-chl-hockey-checklist/,2025-12-24T04:16:46.164Z,Exclusives Parallel,188,Logan Wormald,Lethbridge,Hurricanes,,100,Random Inserts in Hobby & e-Pack,20,,,,,,,2024-25 CHL Hockey Checklist,2024-25-chl-hockey-checklist
,,http://upperdeck.com/checklist/2024-25-chl-hockey-checklist/,2025-12-24T04:16:46.164Z,Exclusives Parallel,189,Jacob Steinman,Halifax,Mooseheads,,100,Random Inserts in Hobby & e-Pack,20,,,,,,,2024-25 CHL Hockey Checklist,2024-25-chl-hockey-checklist
,,http://upperdeck.com/checklist/2024-25-chl-hockey-checklist/,2025-12-24T04:16:46.164Z,Exclusives Parallel,190,Ethan Hay,Kingston,Frontenacs,,100,Random Inserts in Hobby & e-Pack,20,,,,,,,2024-25 CHL Hockey Checklist,2024-25-chl-hockey-checklist
,,http://upperdeck.com/checklist/2024-25-chl-hockey-checklist/,2025-12-24T04:16:46.164Z,Exclusives Parallel,191,Harrison Meneghin,Medicine Hat,Tigers,,100,Random Inserts in Hobby & e-Pack,20,,,,,,,2024-25 CHL Hockey Checklist,2024-25-chl-hockey-checklist
,,http://upperdeck.com/checklist/2024-25-chl-hockey-checklist/,2025-12-24T04:16:46.164Z,Exclusives Parallel,192,Xavier Lebel,Quebec,Remparts,,100,Random Inserts in Hobby & e-Pack,20,,,,,,,2024-25 CHL Hockey Checklist,2024-25-chl-hockey-checklist
,,http://upperdeck.com/checklist/2024-25-chl-hockey-checklist/,2025-12-24T04:16:46.164Z,Exclusives Parallel,193,Caden Taylor,Peterborough,Petes,,100,Random Inserts in Hobby & e-Pack,20,,,,,,,2024-25 CHL Hockey Checklist,2024-25-chl-hockey-checklist
,,http://upperdeck.com/checklist/2024-25-chl-hockey-checklist/,2025-12-24T04:16:46.164Z,Exclusives Parallel,194,Will McIsaac,Spokane,Chiefs,,100,Random Inserts in Hobby & e-Pack,20,,,,,,,2024-25 CHL Hockey Checklist,2024-25-chl-hockey-checklist
,,http://upperdeck.com/checklist/2024-25-chl-hockey-checklist/,2025-12-24T04:16:46.164Z,Exclusives Parallel,195,Raphael Precourt,Chicoutimi,Sagueneens,,100,Random Inserts in Hobby & e-Pack,20,,,,,,,2024-25 CHL Hockey Checklist,2024-25-chl-hockey-checklist
,,http://upperdeck.com/checklist/2024-25-chl-hockey-checklist/,2025-12-24T04:16:46.164Z,Exclusives Parallel,196,Owen Allard,Sault Ste. Marie,Greyhounds,,100,Random Inserts in Hobby & e-Pack,20,,,,,,,2024-25 CHL Hockey Checklist,2024-25-chl-hockey-checklist
,,http://upperdeck.com/checklist/2024-25-chl-hockey-checklist/,2025-12-24T04:16:46.164Z,Exclusives Parallel,197,Tyson Zimmer,Vancouver,Giants,,100,Random Inserts in Hobby & e-Pack,20,,,,,,,2024-25 CHL Hockey Checklist,2024-25-chl-hockey-checklist
,,http://upperdeck.com/checklist/2024-25-chl-hockey-checklist/,2025-12-24T04:16:46.164Z,Exclusives Parallel,198,Thomas Rousseau,Sherbrooke,Phoenix,,100,Random Inserts in Hobby & e-Pack,20,,,,,,,2024-25 CHL Hockey Checklist,2024-25-chl-hockey-checklist
,,http://upperdeck.com/checklist/2024-25-chl-hockey-checklist/,2025-12-24T04:16:46.164Z,Exclusives Parallel,199,Will Gerrior,Ottawa,67's,,100,Random Inserts in Hobby & e-Pack,20,,,,,,,2024-25 CHL Hockey Checklist,2024-25-chl-hockey-checklist
,,http://upperdeck.com/checklist/2024-25-chl-hockey-checklist/,2025-12-24T04:16:46.164Z,Exclusives Parallel,200,Lukas Dragicevic,Prince Albert,Raiders,,100,Random Inserts in Hobby & e-Pack,20,,,,,,,2024-25 CHL Hockey Checklist,2024-25-chl-hockey-checklist
,,http://upperdeck.com/checklist/2024-25-chl-hockey-checklist/,2025-12-24T04:16:46.164Z,Exclusives Parallel,201,Nathan Levesque,Gatineau,Olympiques,,100,Random Inserts in Hobby & e-Pack,20,,,,,,,2024-25 CHL Hockey Checklist,2024-25-chl-hockey-checklist
,,http://upperdeck.com/checklist/2024-25-chl-hockey-checklist/,2025-12-24T04:16:46.164Z,Exclusives Parallel,202,Ryerson Leenders,Brantford,Bulldogs,,100,Random Inserts in Hobby & e-Pack,20,,,,,,,2024-25 CHL Hockey Checklist,2024-25-chl-hockey-checklist
,,http://upperdeck.com/checklist/2024-25-chl-hockey-checklist/,2025-12-24T04:16:46.164Z,Exclusives Parallel,203,Jake Sloan,Tri-City,Americans,,100,Random Inserts in Hobby & e-Pack,20,,,,,,,2024-25 CHL Hockey Checklist,2024-25-chl-hockey-checklist
,,http://upperdeck.com/checklist/2024-25-chl-hockey-checklist/,2025-12-24T04:16:46.164Z,Exclusives Parallel,204,Philippe Veilleux,Val-d'Or,Foreurs,,100,Random Inserts in Hobby & e-Pack,20,,,,,,,2024-25 CHL Hockey Checklist,2024-25-chl-hockey-checklist
,,http://upperdeck.com/checklist/2024-25-chl-hockey-checklist/,2025-12-24T04:16:46.164Z,Exclusives Parallel,205,Alex Pharand,Sudbury,Wolves,,100,Random Inserts in Hobby & e-Pack,20,,,,,,,2024-25 CHL Hockey Checklist,2024-25-chl-hockey-checklist
,,http://upperdeck.com/checklist/2024-25-chl-hockey-checklist/,2025-12-24T04:16:46.164Z,Exclusives Parallel,206,Reggie Newman,Victoria,Royals,,100,Random Inserts in Hobby & e-Pack,20,,,,,,,2024-25 CHL Hockey Checklist,2024-25-chl-hockey-checklist
,,http://upperdeck.com/checklist/2024-25-chl-hockey-checklist/,2025-12-24T04:16:46.164Z,Exclusives Parallel,207,Mathys Fernandez,Shawinigan,Cataractes,,100,Random Inserts in Hobby & e-Pack,20,,,,,,,2024-25 CHL Hockey Checklist,2024-25-chl-hockey-checklist
,,http://upperdeck.com/checklist/2024-25-chl-hockey-checklist/,2025-12-24T04:16:46.164Z,Exclusives Parallel,208,Konnor Smith,Brampton,Steelheads,,100,Random Inserts in Hobby & e-Pack,20,,,,,,,2024-25 CHL Hockey Checklist,2024-25-chl-hockey-checklist
,,http://upperdeck.com/checklist/2024-25-chl-hockey-checklist/,2025-12-24T04:16:46.164Z,Exclusives Parallel,209,Emmitt Finnie,Kamloops,Blazers,,100,Random Inserts in Hobby & e-Pack,20,,,,,,,2024-25 CHL Hockey Checklist,2024-25-chl-hockey-checklist
,,http://upperdeck.com/checklist/2024-25-chl-hockey-checklist/,2025-12-24T04:16:46.164Z,Exclusives Parallel,210,Justin Boisselle,Gatineau,Olympiques,,100,Random Inserts in Hobby & e-Pack,20,,,,,,,2024-25 CHL Hockey Checklist,2024-25-chl-hockey-checklist
,,http://upperdeck.com/checklist/2024-25-chl-hockey-checklist/,2025-12-24T04:16:46.164Z,Exclusives Parallel,211,Andrew LeBlanc,North Bay,Battalion,,100,Random Inserts in Hobby & e-Pack,20,,,,,,,2024-25 CHL Hockey Checklist,2024-25-chl-hockey-checklist
,,http://upperdeck.com/checklist/2024-25-chl-hockey-checklist/,2025-12-24T04:16:46.164Z,Exclusives Parallel,212,Cruz Pavao,Tri-City,Americans,,100,Random Inserts in Hobby & e-Pack,20,,,,,,,2024-25 CHL Hockey Checklist,2024-25-chl-hockey-checklist
,,http://upperdeck.com/checklist/2024-25-chl-hockey-checklist/,2025-12-24T04:16:46.164Z,Exclusives Parallel,213,Tyler Peddle,Saint John,Sea Dogs,,100,Random Inserts in Hobby & e-Pack,20,,,,,,,2024-25 CHL Hockey Checklist,2024-25-chl-hockey-checklist
,,http://upperdeck.com/checklist/2024-25-chl-hockey-checklist/,2025-12-24T04:16:46.164Z,Exclusives Parallel,214,Marco Mignosa,Sault Ste. Marie,Greyhounds,,100,Random Inserts in Hobby & e-Pack,20,,,,,,,2024-25 CHL Hockey Checklist,2024-25-chl-hockey-checklist
,,http://upperdeck.com/checklist/2024-25-chl-hockey-checklist/,2025-12-24T04:16:46.164Z,Exclusives Parallel,215,Ryder Ritchie,Medicine Hat,Tigers,,100,Random Inserts in Hobby & e-Pack,20,,,,,,,2024-25 CHL Hockey Checklist,2024-25-chl-hockey-checklist
,,http://upperdeck.com/checklist/2024-25-chl-hockey-checklist/,2025-12-24T04:16:46.165Z,Exclusives Parallel,216,Nathan Drapeau,Val-d'Or,Foreurs,,100,Random Inserts in Hobby & e-Pack,20,,,,,,,2024-25 CHL Hockey Checklist,2024-25-chl-hockey-checklist
,,http://upperdeck.com/checklist/2024-25-chl-hockey-checklist/,2025-12-24T04:16:46.165Z,Exclusives Parallel,217,Jonathan Melee,Peterborough,Petes,,100,Random Inserts in Hobby & e-Pack,20,,,,,,,2024-25 CHL Hockey Checklist,2024-25-chl-hockey-checklist
,,http://upperdeck.com/checklist/2024-25-chl-hockey-checklist/,2025-12-24T04:16:46.165Z,Exclusives Parallel,218,Nolan Flamand,Brandon,Wheat Kings,,100,Random Inserts in Hobby & e-Pack,20,,,,,,,2024-25 CHL Hockey Checklist,2024-25-chl-hockey-checklist
,,http://upperdeck.com/checklist/2024-25-chl-hockey-checklist/,2025-12-24T04:16:46.165Z,Exclusives Parallel,219,Dominic Pilote,Rimouski,Oceanic,,100,Random Inserts in Hobby & e-Pack,20,,,,,,,2024-25 CHL Hockey Checklist,2024-25-chl-hockey-checklist
,,http://upperdeck.com/checklist/2024-25-chl-hockey-checklist/,2025-12-24T04:16:46.165Z,Exclusives Parallel,220,Jakub Chromiak,Kitchener,Rangers,,100,Random Inserts in Hobby & e-Pack,20,,,,,,,2024-25 CHL Hockey Checklist,2024-25-chl-hockey-checklist
,,http://upperdeck.com/checklist/2024-25-chl-hockey-checklist/,2025-12-24T04:16:46.165Z,Exclusives Parallel,221,Justin Kipkie,Victoria,Royals,,100,Random Inserts in Hobby & e-Pack,20,,,,,,,2024-25 CHL Hockey Checklist,2024-25-chl-hockey-checklist
,,http://upperdeck.com/checklist/2024-25-chl-hockey-checklist/,2025-12-24T04:16:46.165Z,Exclusives Parallel,222,Brayden Schmitt,Cape Breton,Eagles,,100,Random Inserts in Hobby & e-Pack,20,,,,,,,2024-25 CHL Hockey Checklist,2024-25-chl-hockey-checklist
,,http://upperdeck.com/checklist/2024-25-chl-hockey-checklist/,2025-12-24T04:16:46.165Z,Exclusives Parallel,223,Emil Pieniniemi,Kingston,Frontenacs,,100,Random Inserts in Hobby & e-Pack,20,,,,,,,2024-25 CHL Hockey Checklist,2024-25-chl-hockey-checklist
,,http://upperdeck.com/checklist/2024-25-chl-hockey-checklist/,2025-12-24T04:16:46.165Z,Exclusives Parallel,224,Terrell Goldsmith,Tri-City,Americans,,100,Random Inserts in Hobby & e-Pack,20,,,,,,,2024-25 CHL Hockey Checklist,2024-25-chl-hockey-checklist
,,http://upperdeck.com/checklist/2024-25-chl-hockey-checklist/,2025-12-24T04:16:46.165Z,Exclusives Parallel,225,William Shields,Charlottetown,Islanders,,100,Random Inserts in Hobby & e-Pack,20,,,,,,,2024-25 CHL Hockey Checklist,2024-25-chl-hockey-checklist
,,http://upperdeck.com/checklist/2024-25-chl-hockey-checklist/,2025-12-24T04:16:46.165Z,Exclusives Parallel,226,Matthew Mayich,Ottawa,67's,,100,Random Inserts in Hobby & e-Pack,20,,,,,,,2024-25 CHL Hockey Checklist,2024-25-chl-hockey-checklist
,,http://upperdeck.com/checklist/2024-25-chl-hockey-checklist/,2025-12-24T04:16:46.165Z,Exclusives Parallel,227,Antonio Martorana,Seattle,Thunderbirds,,100,Random Inserts in Hobby & e-Pack,20,,,,,,,2024-25 CHL Hockey Checklist,2024-25-chl-hockey-checklist
,,http://upperdeck.com/checklist/2024-25-chl-hockey-checklist/,2025-12-24T04:16:46.165Z,Exclusives Parallel,228,Eliot L'ltalien,Blainville-Boisbriand,Armada,,100,Random Inserts in Hobby & e-Pack,20,,,,,,,2024-25 CHL Hockey Checklist,2024-25-chl-hockey-checklist
,,http://upperdeck.com/checklist/2024-25-chl-hockey-checklist/,2025-12-24T04:16:46.165Z,Exclusives Parallel,229,Jack Van Volsen,Brampton,Steelheads,,100,Random Inserts in Hobby & e-Pack,20,,,,,,,2024-25 CHL Hockey Checklist,2024-25-chl-hockey-checklist
,,http://upperdeck.com/checklist/2024-25-chl-hockey-checklist/,2025-12-24T04:16:46.165Z,Exclusives Parallel,230,Blake Fiddler,Edmonton,Oil Kings,,100,Random Inserts in Hobby & e-Pack,20,,,,,,,2024-25 CHL Hockey Checklist,2024-25-chl-hockey-checklist
,,http://upperdeck.com/checklist/2024-25-chl-hockey-checklist/,2025-12-24T04:16:46.165Z,Exclusives Parallel,231,Benjamin Brunelle,Rouyn-Noranda,Huskies,,100,Random Inserts in Hobby & e-Pack,20,,,,,,,2024-25 CHL Hockey Checklist,2024-25-chl-hockey-checklist
,,http://upperdeck.com/checklist/2024-25-chl-hockey-checklist/,2025-12-24T04:16:46.165Z,Exclusives Parallel,232,Luca Blonda,Sudbury,Wolves,,100,Random Inserts in Hobby & e-Pack,20,,,,,,,2024-25 CHL Hockey Checklist,2024-25-chl-hockey-checklist
,,http://upperdeck.com/checklist/2024-25-chl-hockey-checklist/,2025-12-24T04:16:46.165Z,Exclusives Parallel,233,Brayden Schuurman,Seattle,Thunderbirds,,100,Random Inserts in Hobby & e-Pack,20,,,,,,,2024-25 CHL Hockey Checklist,2024-25-chl-hockey-checklist
,,http://upperdeck.com/checklist/2024-25-chl-hockey-checklist/,2025-12-24T04:16:46.165Z,Exclusives Parallel,234,Alexis Bourque,Victoriaville,Tigres,,100,Random Inserts in Hobby & e-Pack,20,,,,,,,2024-25 CHL Hockey Checklist,2024-25-chl-hockey-checklist
,,http://upperdeck.com/checklist/2024-25-chl-hockey-checklist/,2025-12-24T04:16:46.165Z,Exclusives Parallel,235,Brodie McConnell-Barker,Sault Ste. Marie,Greyhounds,,100,Random Inserts in Hobby & e-Pack,20,,,,,,,2024-25 CHL Hockey Checklist,2024-25-chl-hockey-checklist
,,http://upperdeck.com/checklist/2024-25-chl-hockey-checklist/,2025-12-24T04:16:46.165Z,Exclusives Parallel,236,Carter Sotheran,Portland,Winterhawks,,100,Random Inserts in Hobby & e-Pack,20,,,,,,,2024-25 CHL Hockey Checklist,2024-25-chl-hockey-checklist
,,http://upperdeck.com/checklist/2024-25-chl-hockey-checklist/,2025-12-24T04:16:46.165Z,Exclusives Parallel,237,Coen Miller,Saint John,Sea Dogs,,100,Random Inserts in Hobby & e-Pack,20,,,,,,,2024-25 CHL Hockey Checklist,2024-25-chl-hockey-checklist
,,http://upperdeck.com/checklist/2024-25-chl-hockey-checklist/,2025-12-24T04:16:46.165Z,Exclusives Parallel,238,Ryan Brown,Sarnia,Sting,,100,Random Inserts in Hobby & e-Pack,20,,,,,,,2024-25 CHL Hockey Checklist,2024-25-chl-hockey-checklist
,,http://upperdeck.com/checklist/2024-25-chl-hockey-checklist/,2025-12-24T04:16:46.165Z,Exclusives Parallel,239,Chase Wutzke,Red Deer,Rebels,,100,Random Inserts in Hobby & e-Pack,20,,,,,,,2024-25 CHL Hockey Checklist,2024-25-chl-hockey-checklist
,,http://upperdeck.com/checklist/2024-25-chl-hockey-checklist/,2025-12-24T04:16:46.165Z,Exclusives Parallel,240,Olivier Dubois,Sherbrooke,Phoenix,,100,Random Inserts in Hobby & e-Pack,20,,,,,,,2024-25 CHL Hockey Checklist,2024-25-chl-hockey-checklist
,,http://upperdeck.com/checklist/2024-25-chl-hockey-checklist/,2025-12-24T04:16:46.165Z,Exclusives Parallel,241,Max Namestnikov,Guelph,Storm,,100,Random Inserts in Hobby & e-Pack,20,,,,,,,2024-25 CHL Hockey Checklist,2024-25-chl-hockey-checklist
,,http://upperdeck.com/checklist/2024-25-chl-hockey-checklist/,2025-12-24T04:16:46.165Z,Exclusives Parallel,242,Reese Hamilton,Regina,Pats,,100,Random Inserts in Hobby & e-Pack,20,,,,,,,2024-25 CHL Hockey Checklist,2024-25-chl-hockey-checklist
,,http://upperdeck.com/checklist/2024-25-chl-hockey-checklist/,2025-12-24T04:16:46.165Z,Exclusives Parallel,243,Quinn Kennedy,Halifax,Mooseheads,,100,Random Inserts in Hobby & e-Pack,20,,,,,,,2024-25 CHL Hockey Checklist,2024-25-chl-hockey-checklist
,,http://upperdeck.com/checklist/2024-25-chl-hockey-checklist/,2025-12-24T04:16:46.165Z,Exclusives Parallel,244,Lucas Karmiris,Brampton,Steelheads,,100,Random Inserts in Hobby & e-Pack,20,,,,,,,2024-25 CHL Hockey Checklist,2024-25-chl-hockey-checklist
,,http://upperdeck.com/checklist/2024-25-chl-hockey-checklist/,2025-12-24T04:16:46.165Z,Exclusives Parallel,245,Max Hildebrand,Prince Albert,Raiders,,100,Random Inserts in Hobby & e-Pack,20,,,,,,,2024-25 CHL Hockey Checklist,2024-25-chl-hockey-checklist
,,http://upperdeck.com/checklist/2024-25-chl-hockey-checklist/,2025-12-24T04:16:46.165Z,Exclusives Parallel,246,Olivier Lampron,Sherbrooke,Phoenix,,100,Random Inserts in Hobby & e-Pack,20,,,,,,,2024-25 CHL Hockey Checklist,2024-25-chl-hockey-checklist
,,http://upperdeck.com/checklist/2024-25-chl-hockey-checklist/,2025-12-24T04:16:46.165Z,Exclusives Parallel,247,Brady Smith,Sault Ste. Marie,Greyhounds,,100,Random Inserts in Hobby & e-Pack,20,,,,,,,2024-25 CHL Hockey Checklist,2024-25-chl-hockey-checklist
,,http://upperdeck.com/checklist/2024-25-chl-hockey-checklist/,2025-12-24T04:16:46.165Z,Exclusives Parallel,248,Rylan Gould,Swift Current,Broncos,,100,Random Inserts in Hobby & e-Pack,20,,,,,,,2024-25 CHL Hockey Checklist,2024-25-chl-hockey-checklist
,,http://upperdeck.com/checklist/2024-25-chl-hockey-checklist/,2025-12-24T04:16:46.165Z,Exclusives Parallel,249,Vincent Desjardins,Blainville-Boisbriand,Armada,,100,Random Inserts in Hobby & e-Pack,20,,,,,,,2024-25 CHL Hockey Checklist,2024-25-chl-hockey-checklist
,,http://upperdeck.com/checklist/2024-25-chl-hockey-checklist/,2025-12-24T04:16:46.165Z,Exclusives Parallel,250,Jacob Cloutier,Saginaw,Spirit,,100,Random Inserts in Hobby & e-Pack,20,,,,,,,2024-25 CHL Hockey Checklist,2024-25-chl-hockey-checklist
,,http://upperdeck.com/checklist/2024-25-chl-hockey-checklist/,2025-12-24T04:16:46.165Z,Exclusives Parallel,251,Griffin Darby,Portland,Winterhawks,,100,Random Inserts in Hobby & e-Pack,20,,,,,,,2024-25 CHL Hockey Checklist,2024-25-chl-hockey-checklist
,,http://upperdeck.com/checklist/2024-25-chl-hockey-checklist/,2025-12-24T04:16:46.165Z,Exclusives Parallel,252,Justin Gendron,Baie-Comeau,Drakkar,,100,Random Inserts in Hobby & e-Pack,20,,,,,,,2024-25 CHL Hockey Checklist,2024-25-chl-hockey-checklist
,,http://upperdeck.com/checklist/2024-25-chl-hockey-checklist/,2025-12-24T04:16:46.165Z,Exclusives Parallel,253,Liam Sztuska,Peterborough,Petes,,100,Random Inserts in Hobby & e-Pack,20,,,,,,,2024-25 CHL Hockey Checklist,2024-25-chl-hockey-checklist
,,http://upperdeck.com/checklist/2024-25-chl-hockey-checklist/,2025-12-24T04:16:46.165Z,Exclusives Parallel,254,Niall Crocker,Prince Albert,Raiders,,100,Random Inserts in Hobby & e-Pack,20,,,,,,,2024-25 CHL Hockey Checklist,2024-25-chl-hockey-checklist
,,http://upperdeck.com/checklist/2024-25-chl-hockey-checklist/,2025-12-24T04:16:46.165Z,Exclusives Parallel,255,Alexandre Guy,Cape Breton,Eagles,,100,Random Inserts in Hobby & e-Pack,20,,,,,,,2024-25 CHL Hockey Checklist,2024-25-chl-hockey-checklist
,,http://upperdeck.com/checklist/2024-25-chl-hockey-checklist/,2025-12-24T04:16:46.165Z,Exclusives Parallel,256,Lincoln Moore,Saginaw,Spirit,,100,Random Inserts in Hobby & e-Pack,20,,,,,,,2024-25 CHL Hockey Checklist,2024-25-chl-hockey-checklist
,,http://upperdeck.com/checklist/2024-25-chl-hockey-checklist/,2025-12-24T04:16:46.165Z,Exclusives Parallel,257,Carson Bjarnason,Brandon,Wheat Kings,,100,Random Inserts in Hobby & e-Pack,20,,,,,,,2024-25 CHL Hockey Checklist,2024-25-chl-hockey-checklist
,,http://upperdeck.com/checklist/2024-25-chl-hockey-checklist/,2025-12-24T04:16:46.165Z,Exclusives Parallel,258,Hugo Primeau,Sherbrooke,Phoenix,,100,Random Inserts in Hobby & e-Pack,20,,,,,,,2024-25 CHL Hockey Checklist,2024-25-chl-hockey-checklist
,,http://upperdeck.com/checklist/2024-25-chl-hockey-checklist/,2025-12-24T04:16:46.165Z,Exclusives Parallel,259,Joey Willis,Kingston,Frontenacs,,100,Random Inserts in Hobby & e-Pack,20,,,,,,,2024-25 CHL Hockey Checklist,2024-25-chl-hockey-checklist
,,http://upperdeck.com/checklist/2024-25-chl-hockey-checklist/,2025-12-24T04:16:46.165Z,Exclusives Parallel,260,Jan Spunar,Portland,Winterhawks,,100,Random Inserts in Hobby & e-Pack,20,,,,,,,2024-25 CHL Hockey Checklist,2024-25-chl-hockey-checklist
,,http://upperdeck.com/checklist/2024-25-chl-hockey-checklist/,2025-12-24T04:16:46.165Z,Exclusives Parallel,261,Jakub Milota,Cape Breton,Eagles,,100,Random Inserts in Hobby & e-Pack,20,,,,,,,2024-25 CHL Hockey Checklist,2024-25-chl-hockey-checklist
,,http://upperdeck.com/checklist/2024-25-chl-hockey-checklist/,2025-12-24T04:16:46.165Z,Exclusives Parallel,262,Cooper Foster,Ottawa,67's,,100,Random Inserts in Hobby & e-Pack,20,,,,,,,2024-25 CHL Hockey Checklist,2024-25-chl-hockey-checklist
,,http://upperdeck.com/checklist/2024-25-chl-hockey-checklist/,2025-12-24T04:16:46.165Z,Exclusives Parallel,263,Tommy Lafreniere,Kamloops,Blazers,,100,Random Inserts in Hobby & e-Pack,20,,,,,,,2024-25 CHL Hockey Checklist,2024-25-chl-hockey-checklist
,,http://upperdeck.com/checklist/2024-25-chl-hockey-checklist/,2025-12-24T04:16:46.165Z,Exclusives Parallel,264,Simon-Pier Brunet,Drummondville,Voltigeurs,,100,Random Inserts in Hobby & e-Pack,20,,,,,,,2024-25 CHL Hockey Checklist,2024-25-chl-hockey-checklist
,,http://upperdeck.com/checklist/2024-25-chl-hockey-checklist/,2025-12-24T04:16:46.165Z,Exclusives Parallel,265,Evan Headrick,Kitchener,Rangers,,100,Random Inserts in Hobby & e-Pack,20,,,,,,,2024-25 CHL Hockey Checklist,2024-25-chl-hockey-checklist
,,http://upperdeck.com/checklist/2024-25-chl-hockey-checklist/,2025-12-24T04:16:46.165Z,Exclusives Parallel,266,Jett Lajoie,Prince George,Cougars,,100,Random Inserts in Hobby & e-Pack,20,,,,,,,2024-25 CHL Hockey Checklist,2024-25-chl-hockey-checklist
,,http://upperdeck.com/checklist/2024-25-chl-hockey-checklist/,2025-12-24T04:16:46.165Z,Exclusives Parallel,267,Nathan Brisson,Val-d'Or,Foreurs,,100,Random Inserts in Hobby & e-Pack,20,,,,,,,2024-25 CHL Hockey Checklist,2024-25-chl-hockey-checklist
,,http://upperdeck.com/checklist/2024-25-chl-hockey-checklist/,2025-12-24T04:16:46.165Z,Exclusives Parallel,268,Mike Levin,Niagara,IceDogs,,100,Random Inserts in Hobby & e-Pack,20,,,,,,,2024-25 CHL Hockey Checklist,2024-25-chl-hockey-checklist
,,http://upperdeck.com/checklist/2024-25-chl-hockey-checklist/,2025-12-24T04:16:46.165Z,Exclusives Parallel,269,Aaron Obobaifo,Vancouver,Giants,,100,Random Inserts in Hobby & e-Pack,20,,,,,,,2024-25 CHL Hockey Checklist,2024-25-chl-hockey-checklist
,,http://upperdeck.com/checklist/2024-25-chl-hockey-checklist/,2025-12-24T04:16:46.165Z,Exclusives Parallel,270,Landon Miller,Sault Ste. Marie,Greyhounds,,100,Random Inserts in Hobby & e-Pack,20,,,,,,,2024-25 CHL Hockey Checklist,2024-25-chl-hockey-checklist
,,http://upperdeck.com/checklist/2024-25-chl-hockey-checklist/,2025-12-24T04:16:46.165Z,Exclusives Parallel,271,John Babcock,Regina,Pats,,100,Random Inserts in Hobby & e-Pack,20,,,,,,,2024-25 CHL Hockey Checklist,2024-25-chl-hockey-checklist
,,http://upperdeck.com/checklist/2024-25-chl-hockey-checklist/,2025-12-24T04:16:46.165Z,Exclusives Parallel,272,Lou Levesque,Rimouski,Oceanic,,100,Random Inserts in Hobby & e-Pack,20,,,,,,,2024-25 CHL Hockey Checklist,2024-25-chl-hockey-checklist
,,http://upperdeck.com/checklist/2024-25-chl-hockey-checklist/,2025-12-24T04:16:46.165Z,Exclusives Parallel,273,Spencer Sova,Brampton,Steelheads,,100,Random Inserts in Hobby & e-Pack,20,,,,,,,2024-25 CHL Hockey Checklist,2024-25-chl-hockey-checklist
,,http://upperdeck.com/checklist/2024-25-chl-hockey-checklist/,2025-12-24T04:16:46.165Z,Exclusives Parallel,274,Reed Brown,Portland,Winterhawks,,100,Random Inserts in Hobby & e-Pack,20,,,,,,,2024-25 CHL Hockey Checklist,2024-25-chl-hockey-checklist
,,http://upperdeck.com/checklist/2024-25-chl-hockey-checklist/,2025-12-24T04:16:46.165Z,Exclusives Parallel,275,Jack Dever,Ottawa,67's,,100,Random Inserts in Hobby & e-Pack,20,,,,,,,2024-25 CHL Hockey Checklist,2024-25-chl-hockey-checklist
,,http://upperdeck.com/checklist/2024-25-chl-hockey-checklist/,2025-12-24T04:16:46.165Z,Exclusives Parallel,276,Kalan Lind,Red Deer,Rebels,,100,Random Inserts in Hobby & e-Pack,20,,,,,,,2024-25 CHL Hockey Checklist,2024-25-chl-hockey-checklist
,,http://upperdeck.com/checklist/2024-25-chl-hockey-checklist/,2025-12-24T04:16:46.165Z,Exclusives Parallel,277,Jacob Mathieu,Rimouski,Oceanic,,100,Random Inserts in Hobby & e-Pack,20,,,,,,,2024-25 CHL Hockey Checklist,2024-25-chl-hockey-checklist
,,http://upperdeck.com/checklist/2024-25-chl-hockey-checklist/,2025-12-24T04:16:46.165Z,Exclusives Parallel,278,Chase Lefebvre,Peterborough,Petes,,100,Random Inserts in Hobby & e-Pack,20,,,,,,,2024-25 CHL Hockey Checklist,2024-25-chl-hockey-checklist
,,http://upperdeck.com/checklist/2024-25-chl-hockey-checklist/,2025-12-24T04:16:46.165Z,Exclusives Parallel,279,Sawyer Mynio,Calgary,Hitmen,,100,Random Inserts in Hobby & e-Pack,20,,,,,,,2024-25 CHL Hockey Checklist,2024-25-chl-hockey-checklist
,,http://upperdeck.com/checklist/2024-25-chl-hockey-checklist/,2025-12-24T04:16:46.165Z,Exclusives Parallel,280,Nathan Villeneuve,Sudbury,Wolves,,100,Random Inserts in Hobby & e-Pack,20,,,,,,,2024-25 CHL Hockey Checklist,2024-25-chl-hockey-checklist
,,http://upperdeck.com/checklist/2024-25-chl-hockey-checklist/,2025-12-24T04:16:46.165Z,Exclusives Parallel,281,Braxton Whitehead,Regina,Pats,,100,Random Inserts in Hobby & e-Pack,20,,,,,,,2024-25 CHL Hockey Checklist,2024-25-chl-hockey-checklist
,,http://upperdeck.com/checklist/2024-25-chl-hockey-checklist/,2025-12-24T04:16:46.165Z,Exclusives Parallel,282,Brady Schultz,Halifax,Mooseheads,,100,Random Inserts in Hobby & e-Pack,20,,,,,,,2024-25 CHL Hockey Checklist,2024-25-chl-hockey-checklist
,,http://upperdeck.com/checklist/2024-25-chl-hockey-checklist/,2025-12-24T04:16:46.165Z,Exclusives Parallel,283,Braydon McCallum,Peterborough,Petes,,100,Random Inserts in Hobby & e-Pack,20,,,,,,,2024-25 CHL Hockey Checklist,2024-25-chl-hockey-checklist
,,http://upperdeck.com/checklist/2024-25-chl-hockey-checklist/,2025-12-24T04:16:46.166Z,Exclusives Parallel,284,Jari Kykkanen,Kelowna,Rockets,,100,Random Inserts in Hobby & e-Pack,20,,,,,,,2024-25 CHL Hockey Checklist,2024-25-chl-hockey-checklist
,,http://upperdeck.com/checklist/2024-25-chl-hockey-checklist/,2025-12-24T04:16:46.166Z,Exclusives Parallel,285,Brad Gardiner,Barrie,Colts,,100,Random Inserts in Hobby & e-Pack,20,,,,,,,2024-25 CHL Hockey Checklist,2024-25-chl-hockey-checklist
,,http://upperdeck.com/checklist/2024-25-chl-hockey-checklist/,2025-12-24T04:16:46.166Z,Exclusives Parallel,286,Ethan Miedema,Kingston,Frontenacs,,100,Random Inserts in Hobby & e-Pack,20,,,,,,,2024-25 CHL Hockey Checklist,2024-25-chl-hockey-checklist
,,http://upperdeck.com/checklist/2024-25-chl-hockey-checklist/,2025-12-24T04:16:46.166Z,Exclusives Parallel,287,Justin Cote,Quebec,Remparts,,100,Random Inserts in Hobby & e-Pack,20,,,,,,,2024-25 CHL Hockey Checklist,2024-25-chl-hockey-checklist
,,http://upperdeck.com/checklist/2024-25-chl-hockey-checklist/,2025-12-24T04:16:46.166Z,Exclusives Parallel,288,Andrew Gibson,Oshawa,Generals,,100,Random Inserts in Hobby & e-Pack,20,,,,,,,2024-25 CHL Hockey Checklist,2024-25-chl-hockey-checklist
,,http://upperdeck.com/checklist/2024-25-chl-hockey-checklist/,2025-12-24T04:16:46.166Z,Exclusives Parallel,289,Cameron Kuzma,Regina,Pats,,100,Random Inserts in Hobby & e-Pack,20,,,,,,,2024-25 CHL Hockey Checklist,2024-25-chl-hockey-checklist
,,http://upperdeck.com/checklist/2024-25-chl-hockey-checklist/,2025-12-24T04:16:46.166Z,Exclusives Parallel,290,Ben Cormier,Owen Sound,Attack,,100,Random Inserts in Hobby & e-Pack,20,,,,,,,2024-25 CHL Hockey Checklist,2024-25-chl-hockey-checklist
,,http://upperdeck.com/checklist/2024-25-chl-hockey-checklist/,2025-12-24T04:16:46.166Z,Exclusives Parallel,291,Connor Hvidston,Calgary,Hitmen,,100,Random Inserts in Hobby & e-Pack,20,,,,,,,2024-25 CHL Hockey Checklist,2024-25-chl-hockey-checklist
,,http://upperdeck.com/checklist/2024-25-chl-hockey-checklist/,2025-12-24T04:16:46.166Z,Exclusives Parallel,292,Matthew Andonovski,Kitchener,Rangers,,100,Random Inserts in Hobby & e-Pack,20,,,,,,,2024-25 CHL Hockey Checklist,2024-25-chl-hockey-checklist
,,http://upperdeck.com/checklist/2024-25-chl-hockey-checklist/,2025-12-24T04:16:46.166Z,Exclusives Parallel,293,Emile Perron,Acadie-Bathurst,Titan,,100,Random Inserts in Hobby & e-Pack,20,,,,,,,2024-25 CHL Hockey Checklist,2024-25-chl-hockey-checklist
,,http://upperdeck.com/checklist/2024-25-chl-hockey-checklist/,2025-12-24T04:16:46.166Z,Exclusives Parallel,294,Malcolm Spence,Erie,Otters,,100,Random Inserts in Hobby & e-Pack,20,,,,,,,2024-25 CHL Hockey Checklist,2024-25-chl-hockey-checklist
,,http://upperdeck.com/checklist/2024-25-chl-hockey-checklist/,2025-12-24T04:16:46.166Z,Exclusives Parallel,295,Caden Price,Lethbridge,Hurricanes,,100,Random Inserts in Hobby & e-Pack,20,,,,,,,2024-25 CHL Hockey Checklist,2024-25-chl-hockey-checklist
,,http://upperdeck.com/checklist/2024-25-chl-hockey-checklist/,2025-12-24T04:16:46.166Z,Exclusives Parallel,296,Nathan Aspinall,Flint,Firebirds,,100,Random Inserts in Hobby & e-Pack,20,,,,,,,2024-25 CHL Hockey Checklist,2024-25-chl-hockey-checklist
,,http://upperdeck.com/checklist/2024-25-chl-hockey-checklist/,2025-12-24T04:16:46.166Z,Exclusives Parallel,297,Jordan Keller,Kamloops,Blazers,,100,Random Inserts in Hobby & e-Pack,20,,,,,,,2024-25 CHL Hockey Checklist,2024-25-chl-hockey-checklist
,,http://upperdeck.com/checklist/2024-25-chl-hockey-checklist/,2025-12-24T04:16:46.166Z,Exclusives Parallel,298,Lukas Fischer,Sarnia,Sting,,100,Random Inserts in Hobby & e-Pack,20,,,,,,,2024-25 CHL Hockey Checklist,2024-25-chl-hockey-checklist
,,http://upperdeck.com/checklist/2024-25-chl-hockey-checklist/,2025-12-24T04:16:46.166Z,Exclusives Parallel,299,Jan Sprynar,Halifax,Mooseheads,,100,Random Inserts in Hobby & e-Pack,20,,,,,,,2024-25 CHL Hockey Checklist,2024-25-chl-hockey-checklist
,,http://upperdeck.com/checklist/2024-25-chl-hockey-checklist/,2025-12-24T04:16:46.166Z,Exclusives Parallel,300,Matthew Soto,Kingston,Frontenacs,,100,Random Inserts in Hobby & e-Pack,20,,,,,,,2024-25 CHL Hockey Checklist,2024-25-chl-hockey-checklist
,,http://upperdeck.com/checklist/2024-25-chl-hockey-checklist/,2025-12-24T04:16:46.166Z,Exclusives Parallel - Stars and Star Rookies,301,Michael Misa,Saginaw,Spirit,,100,Random Inserts in Hobby & e-Pack,20,,,,,,,2024-25 CHL Hockey Checklist,2024-25-chl-hockey-checklist
,,http://upperdeck.com/checklist/2024-25-chl-hockey-checklist/,2025-12-24T04:16:46.166Z,Exclusives Parallel - Stars and Star Rookies,302,Tij Iginla,Kelowna,Rockets,,100,Random Inserts in Hobby & e-Pack,20,,,,,,,2024-25 CHL Hockey Checklist,2024-25-chl-hockey-checklist
,,http://upperdeck.com/checklist/2024-25-chl-hockey-checklist/,2025-12-24T04:16:46.166Z,Exclusives Parallel - Stars and Star Rookies,303,Sam Dickinson,London,Knights,,100,Random Inserts in Hobby & e-Pack,20,,,,,,,2024-25 CHL Hockey Checklist,2024-25-chl-hockey-checklist
,,http://upperdeck.com/checklist/2024-25-chl-hockey-checklist/,2025-12-24T04:16:46.166Z,Exclusives Parallel - Stars and Star Rookies,304,Carter Yakemchuk,Calgary,Hitmen,,100,Random Inserts in Hobby & e-Pack,20,,,,,,,2024-25 CHL Hockey Checklist,2024-25-chl-hockey-checklist
,,http://upperdeck.com/checklist/2024-25-chl-hockey-checklist/,2025-12-24T04:16:46.166Z,Exclusives Parallel - Stars and Star Rookies,305,Justin Poirier,Baie-Comeau,Drakkar,,100,Random Inserts in Hobby & e-Pack,20,,,,,,,2024-25 CHL Hockey Checklist,2024-25-chl-hockey-checklist
,,http://upperdeck.com/checklist/2024-25-chl-hockey-checklist/,2025-12-24T04:16:46.166Z,Exclusives Parallel - Stars and Star Rookies,306,Easton Cowan,London,Knights,,100,Random Inserts in Hobby & e-Pack,20,,,,,,,2024-25 CHL Hockey Checklist,2024-25-chl-hockey-checklist
,,http://upperdeck.com/checklist/2024-25-chl-hockey-checklist/,2025-12-24T04:16:46.166Z,Exclusives Parallel - Stars and Star Rookies,307,Reid Dyck,Swift Current,Broncos,,100,Random Inserts in Hobby & e-Pack,20,,,,,,,2024-25 CHL Hockey Checklist,2024-25-chl-hockey-checklist
,,http://upperdeck.com/checklist/2024-25-chl-hockey-checklist/,2025-12-24T04:16:46.166Z,Exclusives Parallel - Stars and Star Rookies,308,Calum Ritchie,Oshawa,Generals,,100,Random Inserts in Hobby & e-Pack,20,,,,,,,2024-25 CHL Hockey Checklist,2024-25-chl-hockey-checklist
,,http://upperdeck.com/checklist/2024-25-chl-hockey-checklist/,2025-12-24T04:16:46.166Z,Exclusives Parallel - Stars and Star Rookies,309,Kenta Isogai,Victoria,Royals,,100,Random Inserts in Hobby & e-Pack,20,,,,,,,2024-25 CHL Hockey Checklist,2024-25-chl-hockey-checklist
,,http://upperdeck.com/checklist/2024-25-chl-hockey-checklist/,2025-12-24T04:16:46.166Z,Exclusives Parallel - Stars and Star Rookies,310,Antonin Verreault,Rouyn-Noranda,Huskies,,100,Random Inserts in Hobby & e-Pack,20,,,,,,,2024-25 CHL Hockey Checklist,2024-25-chl-hockey-checklist
,,http://upperdeck.com/checklist/2024-25-chl-hockey-checklist/,2025-12-24T04:16:46.166Z,Exclusives Parallel - Stars and Star Rookies,311,Andrei Loshko,Niagara,IceDogs,,100,Random Inserts in Hobby & e-Pack,20,,,,,,,2024-25 CHL Hockey Checklist,2024-25-chl-hockey-checklist
,,http://upperdeck.com/checklist/2024-25-chl-hockey-checklist/,2025-12-24T04:16:46.166Z,Exclusives Parallel - Stars and Star Rookies,312,Oliver Tulk,Calgary,Hitmen,,100,Random Inserts in Hobby & e-Pack,20,,,,,,,2024-25 CHL Hockey Checklist,2024-25-chl-hockey-checklist
,,http://upperdeck.com/checklist/2024-25-chl-hockey-checklist/,2025-12-24T04:16:46.166Z,Exclusives Parallel - Stars and Star Rookies,313,Beckett Sennecke,Oshawa,Generals,,100,Random Inserts in Hobby & e-Pack,20,,,,,,,2024-25 CHL Hockey Checklist,2024-25-chl-hockey-checklist
,,http://upperdeck.com/checklist/2024-25-chl-hockey-checklist/,2025-12-24T04:16:46.166Z,Exclusives Parallel - Stars and Star Rookies,314,Andrew Basha,Medicine Hat,Tigers,,100,Random Inserts in Hobby & e-Pack,20,,,,,,,2024-25 CHL Hockey Checklist,2024-25-chl-hockey-checklist
,,http://upperdeck.com/checklist/2024-25-chl-hockey-checklist/,2025-12-24T04:16:46.166Z,Exclusives Parallel - Stars and Star Rookies,315,Cam Squires,Cape Breton,Eagles,,100,Random Inserts in Hobby & e-Pack,20,,,,,,,2024-25 CHL Hockey Checklist,2024-25-chl-hockey-checklist
,,http://upperdeck.com/checklist/2024-25-chl-hockey-checklist/,2025-12-24T04:16:46.166Z,Exclusives Parallel - Stars and Star Rookies,316,Marek Vanacker,Brantford,Bulldogs,,100,Random Inserts in Hobby & e-Pack,20,,,,,,,2024-25 CHL Hockey Checklist,2024-25-chl-hockey-checklist
,,http://upperdeck.com/checklist/2024-25-chl-hockey-checklist/,2025-12-24T04:16:46.166Z,Exclusives Parallel - Stars and Star Rookies,317,Riley Heidt,Prince George,Cougars,,100,Random Inserts in Hobby & e-Pack,20,,,,,,,2024-25 CHL Hockey Checklist,2024-25-chl-hockey-checklist
,,http://upperdeck.com/checklist/2024-25-chl-hockey-checklist/,2025-12-24T04:16:46.166Z,Exclusives Parallel - Stars and Star Rookies,318,Liam Greentree,Windsor,Spitfires,,100,Random Inserts in Hobby & e-Pack,20,,,,,,,2024-25 CHL Hockey Checklist,2024-25-chl-hockey-checklist
,,http://upperdeck.com/checklist/2024-25-chl-hockey-checklist/,2025-12-24T04:16:46.166Z,Exclusives Parallel - Stars and Star Rookies,319,Berkly Catton,Spokane,Chiefs,,100,Random Inserts in Hobby & e-Pack,20,,,,,,,2024-25 CHL Hockey Checklist,2024-25-chl-hockey-checklist
,,http://upperdeck.com/checklist/2024-25-chl-hockey-checklist/,2025-12-24T04:16:46.166Z,Exclusives Parallel - Stars and Star Rookies,320,Caleb Desnoyers,Moncton,Wildcats,,100,Random Inserts in Hobby & e-Pack,20,,,,,,,2024-25 CHL Hockey Checklist,2024-25-chl-hockey-checklist
,,http://upperdeck.com/checklist/2024-25-chl-hockey-checklist/,2025-12-24T04:16:46.166Z,Exclusives Parallel - Stars and Star Rookies,321,Jett Luchanko,Guelph,Storm,,100,Random Inserts in Hobby & e-Pack,20,,,,,,,2024-25 CHL Hockey Checklist,2024-25-chl-hockey-checklist
,,http://upperdeck.com/checklist/2024-25-chl-hockey-checklist/,2025-12-24T04:16:46.166Z,Exclusives Parallel - Stars and Star Rookies,322,Brayden Yager,Lethbridge,Hurricanes,,100,Random Inserts in Hobby & e-Pack,20,,,,,,,2024-25 CHL Hockey Checklist,2024-25-chl-hockey-checklist
,,http://upperdeck.com/checklist/2024-25-chl-hockey-checklist/,2025-12-24T04:16:46.166Z,Exclusives Parallel - Stars and Star Rookies,323,Dalyn Wakely,Barrie,Colts,,100,Random Inserts in Hobby & e-Pack,20,,,,,,,2024-25 CHL Hockey Checklist,2024-25-chl-hockey-checklist
,,http://upperdeck.com/checklist/2024-25-chl-hockey-checklist/,2025-12-24T04:16:46.166Z,Exclusives Parallel - Stars and Star Rookies,324,Cameron Schmidt,Vancouver,Giants,,100,Random Inserts in Hobby & e-Pack,20,,,,,,,2024-25 CHL Hockey Checklist,2024-25-chl-hockey-checklist
,,http://upperdeck.com/checklist/2024-25-chl-hockey-checklist/,2025-12-24T04:16:46.166Z,Exclusives Parallel - Stars and Star Rookies,325,Justin Larose,Drummondville,Voltigeurs,,100,Random Inserts in Hobby & e-Pack,20,,,,,,,2024-25 CHL Hockey Checklist,2024-25-chl-hockey-checklist
,,http://upperdeck.com/checklist/2024-25-chl-hockey-checklist/,2025-12-24T04:16:46.166Z,Exclusives Parallel - Stars and Star Rookies,326,Luke Misa,Brampton,Steelheads,,100,Random Inserts in Hobby & e-Pack,20,,,,,,,2024-25 CHL Hockey Checklist,2024-25-chl-hockey-checklist
,,http://upperdeck.com/checklist/2024-25-chl-hockey-checklist/,2025-12-24T04:16:46.166Z,Exclusives Parallel - Stars and Star Rookies,327,Roger McQueen,Brandon,Wheat Kings,,100,Random Inserts in Hobby & e-Pack,20,,,,,,,2024-25 CHL Hockey Checklist,2024-25-chl-hockey-checklist
,,http://upperdeck.com/checklist/2024-25-chl-hockey-checklist/,2025-12-24T04:16:46.166Z,Exclusives Parallel - Stars and Star Rookies,328,Tuomas Uronen,Kingston,Frontenacs,,100,Random Inserts in Hobby & e-Pack,20,,,,,,,2024-25 CHL Hockey Checklist,2024-25-chl-hockey-checklist
,,http://upperdeck.com/checklist/2024-25-chl-hockey-checklist/,2025-12-24T04:16:46.166Z,Exclusives Parallel - Stars and Star Rookies,329,Cayden Lindstrom,Medicine Hat,Tigers,,100,Random Inserts in Hobby & e-Pack,20,,,,,,,2024-25 CHL Hockey Checklist,2024-25-chl-hockey-checklist
,,http://upperdeck.com/checklist/2024-25-chl-hockey-checklist/,2025-12-24T04:16:46.166Z,Exclusives Parallel - Stars and Star Rookies,330,Sam Oliver,Drummondville,Voltigeurs,,100,Random Inserts in Hobby & e-Pack,20,,,,,,,2024-25 CHL Hockey Checklist,2024-25-chl-hockey-checklist
,,http://upperdeck.com/checklist/2024-25-chl-hockey-checklist/,2025-12-24T04:16:46.166Z,Exclusives Parallel - Stars and Star Rookies,331,Carter George,Owen Sound,Attack,,100,Random Inserts in Hobby & e-Pack,20,,,,,,,2024-25 CHL Hockey Checklist,2024-25-chl-hockey-checklist
,,http://upperdeck.com/checklist/2024-25-chl-hockey-checklist/,2025-12-24T04:16:46.166Z,Exclusives Parallel - Stars and Star Rookies,332,Andrew Cristall,Spokane,Chiefs,,100,Random Inserts in Hobby & e-Pack,20,,,,,,,2024-25 CHL Hockey Checklist,2024-25-chl-hockey-checklist
,,http://upperdeck.com/checklist/2024-25-chl-hockey-checklist/,2025-12-24T04:16:46.166Z,Exclusives Parallel - Stars and Star Rookies,333,Luca Pinelli,Ottawa,67's,,100,Random Inserts in Hobby & e-Pack,20,,,,,,,2024-25 CHL Hockey Checklist,2024-25-chl-hockey-checklist
,,http://upperdeck.com/checklist/2024-25-chl-hockey-checklist/,2025-12-24T04:16:46.166Z,Exclusives Parallel - Stars and Star Rookies,334,Harrison Brunicke,Kamloops,Blazers,,100,Random Inserts in Hobby & e-Pack,20,,,,,,,2024-25 CHL Hockey Checklist,2024-25-chl-hockey-checklist
,,http://upperdeck.com/checklist/2024-25-chl-hockey-checklist/,2025-12-24T04:16:46.166Z,Exclusives Parallel - Stars and Star Rookies,335,Joseph Henneberry,Cape Breton,Eagles,,100,Random Inserts in Hobby & e-Pack,20,,,,,,,2024-25 CHL Hockey Checklist,2024-25-chl-hockey-checklist
,,http://upperdeck.com/checklist/2024-25-chl-hockey-checklist/,2025-12-24T04:16:46.166Z,Exclusives Parallel - Stars and Star Rookies,336,Colby Barlow,Oshawa,Generals,,100,Random Inserts in Hobby & e-Pack,20,,,,,,,2024-25 CHL Hockey Checklist,2024-25-chl-hockey-checklist
,,http://upperdeck.com/checklist/2024-25-chl-hockey-checklist/,2025-12-24T04:16:46.166Z,Exclusives Parallel - Stars and Star Rookies,337,Terik Parascak,Prince George,Cougars,,100,Random Inserts in Hobby & e-Pack,20,,,,,,,2024-25 CHL Hockey Checklist,2024-25-chl-hockey-checklist
,,http://upperdeck.com/checklist/2024-25-chl-hockey-checklist/,2025-12-24T04:16:46.166Z,Exclusives Parallel - Stars and Star Rookies,338,Quentin Musty,Sudbury,Wolves,,100,Random Inserts in Hobby & e-Pack,20,,,,,,,2024-25 CHL Hockey Checklist,2024-25-chl-hockey-checklist
,,http://upperdeck.com/checklist/2024-25-chl-hockey-checklist/,2025-12-24T04:16:46.166Z,Exclusives Parallel - Stars and Star Rookies,339,Gavin McKenna,Medicine Hat,Tigers,,100,Random Inserts in Hobby & e-Pack,20,,,,,,,2024-25 CHL Hockey Checklist,2024-25-chl-hockey-checklist
,,http://upperdeck.com/checklist/2024-25-chl-hockey-checklist/,2025-12-24T04:16:46.166Z,Exclusives Parallel - Stars and Star Rookies,340,Carson Rehkopf,Brampton,Steelheads,,100,Random Inserts in Hobby & e-Pack,20,,,,,,,2024-25 CHL Hockey Checklist,2024-25-chl-hockey-checklist
,,http://upperdeck.com/checklist/2024-25-chl-hockey-checklist/,2025-12-24T04:16:46.166Z,Exclusives Parallel - Stars and Star Rookies,341,Jonathan Fauchon,Rimouski,Oceanic,,100,Random Inserts in Hobby & e-Pack,20,,,,,,,2024-25 CHL Hockey Checklist,2024-25-chl-hockey-checklist
,,http://upperdeck.com/checklist/2024-25-chl-hockey-checklist/,2025-12-24T04:16:46.166Z,Exclusives Parallel - Stars and Star Rookies,342,Jake O'Brien,Brantford,Bulldogs,,100,Random Inserts in Hobby & e-Pack,20,,,,,,,2024-25 CHL Hockey Checklist,2024-25-chl-hockey-checklist
,,http://upperdeck.com/checklist/2024-25-chl-hockey-checklist/,2025-12-24T04:16:46.166Z,Exclusives Parallel - Stars and Star Rookies,343,Ethan Gauthier,Drummondville,Voltigeurs,,100,Random Inserts in Hobby & e-Pack,20,,,,,,,2024-25 CHL Hockey Checklist,2024-25-chl-hockey-checklist
,,http://upperdeck.com/checklist/2024-25-chl-hockey-checklist/,2025-12-24T04:16:46.166Z,Exclusives Parallel - Stars and Star Rookies,344,Kashawn Aitcheson,Barrie,Colts,,100,Random Inserts in Hobby & e-Pack,20,,,,,,,2024-25 CHL Hockey Checklist,2024-25-chl-hockey-checklist
,,http://upperdeck.com/checklist/2024-25-chl-hockey-checklist/,2025-12-24T04:16:46.166Z,Exclusives Parallel - Stars and Star Rookies,345,Alexandre Blais,Rimouski,Oceanic,,100,Random Inserts in Hobby & e-Pack,20,,,,,,,2024-25 CHL Hockey Checklist,2024-25-chl-hockey-checklist
,,http://upperdeck.com/checklist/2024-25-chl-hockey-checklist/,2025-12-24T04:16:46.166Z,Exclusives Parallel - Stars and Star Rookies,346,Henry Mews,Sudbury,Wolves,,100,Random Inserts in Hobby & e-Pack,20,,,,,,,2024-25 CHL Hockey Checklist,2024-25-chl-hockey-checklist
,,http://upperdeck.com/checklist/2024-25-chl-hockey-checklist/,2025-12-24T04:16:46.166Z,Exclusives Parallel - Stars and Star Rookies,347,Oasiz Wiesblatt,Medicine Hat,Tigers,,100,Random Inserts in Hobby & e-Pack,20,,,,,,,2024-25 CHL Hockey Checklist,2024-25-chl-hockey-checklist
,,http://upperdeck.com/checklist/2024-25-chl-hockey-checklist/,2025-12-24T04:16:46.166Z,Exclusives Parallel - Stars and Star Rookies,348,Zayne Parekh,Saginaw,Spirit,,100,Random Inserts in Hobby & e-Pack,20,,,,,,,2024-25 CHL Hockey Checklist,2024-25-chl-hockey-checklist
,,http://upperdeck.com/checklist/2024-25-chl-hockey-checklist/,2025-12-24T04:16:46.166Z,Exclusives Parallel - Stars and Star Rookies,349,Jeremie Minville,Gatineau,Olympiques,,100,Random Inserts in Hobby & e-Pack,20,,,,,,,2024-25 CHL Hockey Checklist,2024-25-chl-hockey-checklist
,,http://upperdeck.com/checklist/2024-25-chl-hockey-checklist/,2025-12-24T04:16:46.166Z,Exclusives Parallel - Stars and Star Rookies,350,Porter Martone,Brampton,Steelheads,,100,Random Inserts in Hobby & e-Pack,20,,,,,,,2024-25 CHL Hockey Checklist,2024-25-chl-hockey-checklist
,,http://upperdeck.com/checklist/2024-25-chl-hockey-checklist/,2025-12-24T04:16:46.166Z,Exclusives Parallel - Stars and Star Rookies,351,Dylan Rozzi,Saint John,Sea Dogs,,100,Random Inserts in Hobby & e-Pack,20,,,,,,,2024-25 CHL Hockey Checklist,2024-25-chl-hockey-checklist
,,http://upperdeck.com/checklist/2024-25-chl-hockey-checklist/,2025-12-24T04:16:46.166Z,Exclusives Parallel - Stars and Star Rookies,352,Beckett Hamilton,Red Deer,Rebels,,100,Random Inserts in Hobby & e-Pack,20,,,,,,,2024-25 CHL Hockey Checklist,2024-25-chl-hockey-checklist
,,http://upperdeck.com/checklist/2024-25-chl-hockey-checklist/,2025-12-24T04:16:46.167Z,Exclusives Parallel - Stars and Star Rookies,353,Max Bleicher,Owen Sound,Attack,,100,Random Inserts in Hobby & e-Pack,20,,,,,,,2024-25 CHL Hockey Checklist,2024-25-chl-hockey-checklist
,,http://upperdeck.com/checklist/2024-25-chl-hockey-checklist/,2025-12-24T04:16:46.167Z,Exclusives Parallel - Stars and Star Rookies,354,Biagio Jr. Daniele,Acadie-Bathurst,Titan,,100,Random Inserts in Hobby & e-Pack,20,,,,,,,2024-25 CHL Hockey Checklist,2024-25-chl-hockey-checklist
,,http://upperdeck.com/checklist/2024-25-chl-hockey-checklist/,2025-12-24T04:16:46.167Z,Exclusives Parallel - Stars and Star Rookies,355,Carter Esler,Spokane,Chiefs,,100,Random Inserts in Hobby & e-Pack,20,,,,,,,2024-25 CHL Hockey Checklist,2024-25-chl-hockey-checklist
,,http://upperdeck.com/checklist/2024-25-chl-hockey-checklist/,2025-12-24T04:16:46.167Z,Exclusives Parallel - Stars and Star Rookies,356,Filip Ekberg,Ottawa,67's,,100,Random Inserts in Hobby & e-Pack,20,,,,,,,2024-25 CHL Hockey Checklist,2024-25-chl-hockey-checklist
,,http://upperdeck.com/checklist/2024-25-chl-hockey-checklist/,2025-12-24T04:16:46.167Z,Exclusives Parallel - Stars and Star Rookies,357,Matvei Gridin,Shawinigan,Cataracts,,100,Random Inserts in Hobby & e-Pack,20,,,,,,,2024-25 CHL Hockey Checklist,2024-25-chl-hockey-checklist
,,http://upperdeck.com/checklist/2024-25-chl-hockey-checklist/,2025-12-24T04:16:46.167Z,Exclusives Parallel - Stars and Star Rookies,358,Niilopekka Muhonen,Medicine Hat,Tigers,,100,Random Inserts in Hobby & e-Pack,20,,,,,,,2024-25 CHL Hockey Checklist,2024-25-chl-hockey-checklist
,,http://upperdeck.com/checklist/2024-25-chl-hockey-checklist/,2025-12-24T04:16:46.167Z,Exclusives Parallel - Stars and Star Rookies,359,Braidy Wassilyn,Niagara,IceDogs,,100,Random Inserts in Hobby & e-Pack,20,,,,,,,2024-25 CHL Hockey Checklist,2024-25-chl-hockey-checklist
,,http://upperdeck.com/checklist/2024-25-chl-hockey-checklist/,2025-12-24T04:16:46.167Z,Exclusives Parallel - Stars and Star Rookies,360,Elliot Dube,Saint John,Sea Dogs,,100,Random Inserts in Hobby & e-Pack,20,,,,,,,2024-25 CHL Hockey Checklist,2024-25-chl-hockey-checklist
,,http://upperdeck.com/checklist/2024-25-chl-hockey-checklist/,2025-12-24T04:16:46.167Z,Exclusives Parallel - Stars and Star Rookies,361,Landon DuPont,Everett,Silvertips,,100,Random Inserts in Hobby & e-Pack,20,,,,,,,2024-25 CHL Hockey Checklist,2024-25-chl-hockey-checklist
,,http://upperdeck.com/checklist/2024-25-chl-hockey-checklist/,2025-12-24T04:16:46.167Z,Exclusives Parallel - Stars and Star Rookies,362,Carson Harmer,Saginaw,Spirit,,100,Random Inserts in Hobby & e-Pack,20,,,,,,,2024-25 CHL Hockey Checklist,2024-25-chl-hockey-checklist
,,http://upperdeck.com/checklist/2024-25-chl-hockey-checklist/,2025-12-24T04:16:46.167Z,Exclusives Parallel - Stars and Star Rookies,363,Lars Steiner,Rouyn-Noranda,Huskies,,100,Random Inserts in Hobby & e-Pack,20,,,,,,,2024-25 CHL Hockey Checklist,2024-25-chl-hockey-checklist
,,http://upperdeck.com/checklist/2024-25-chl-hockey-checklist/,2025-12-24T04:16:46.167Z,Exclusives Parallel - Stars and Star Rookies,364,Ondrej Stebetak,Portland,Winterhawks,,100,Random Inserts in Hobby & e-Pack,20,,,,,,,2024-25 CHL Hockey Checklist,2024-25-chl-hockey-checklist
,,http://upperdeck.com/checklist/2024-25-chl-hockey-checklist/,2025-12-24T04:16:46.167Z,Exclusives Parallel - Stars and Star Rookies,365,Andreas Straka,Quebec,Remparts,,100,Random Inserts in Hobby & e-Pack,20,,,,,,,2024-25 CHL Hockey Checklist,2024-25-chl-hockey-checklist
,,http://upperdeck.com/checklist/2024-25-chl-hockey-checklist/,2025-12-24T04:16:46.167Z,Exclusives Parallel - Stars and Star Rookies,366,Miroslav Holinka,Edmonton,Oil Kings,,100,Random Inserts in Hobby & e-Pack,20,,,,,,,2024-25 CHL Hockey Checklist,2024-25-chl-hockey-checklist
,,http://upperdeck.com/checklist/2024-25-chl-hockey-checklist/,2025-12-24T04:16:46.167Z,Exclusives Parallel - Stars and Star Rookies,367,Colin Fitzgerald,Peterborough,Petes,,100,Random Inserts in Hobby & e-Pack,20,,,,,,,2024-25 CHL Hockey Checklist,2024-25-chl-hockey-checklist
,,http://upperdeck.com/checklist/2024-25-chl-hockey-checklist/,2025-12-24T04:16:46.167Z,Exclusives Parallel - Stars and Star Rookies,368,Maxim Dube,Gatineau,Olympiques,,100,Random Inserts in Hobby & e-Pack,20,,,,,,,2024-25 CHL Hockey Checklist,2024-25-chl-hockey-checklist
,,http://upperdeck.com/checklist/2024-25-chl-hockey-checklist/,2025-12-24T04:16:46.167Z,Exclusives Parallel - Stars and Star Rookies,369,Matej Pekar,Seattle,Thunderbirds,,100,Random Inserts in Hobby & e-Pack,20,,,,,,,2024-25 CHL Hockey Checklist,2024-25-chl-hockey-checklist
,,http://upperdeck.com/checklist/2024-25-chl-hockey-checklist/,2025-12-24T04:16:46.167Z,Exclusives Parallel - Stars and Star Rookies,370,William Yared,Saint John,Sea Dogs,,100,Random Inserts in Hobby & e-Pack,20,,,,,,,2024-25 CHL Hockey Checklist,2024-25-chl-hockey-checklist
,,http://upperdeck.com/checklist/2024-25-chl-hockey-checklist/,2025-12-24T04:16:46.167Z,Exclusives Parallel - Stars and Star Rookies,371,Brek Liske,Everett,Silvertips,,100,Random Inserts in Hobby & e-Pack,20,,,,,,,2024-25 CHL Hockey Checklist,2024-25-chl-hockey-checklist
,,http://upperdeck.com/checklist/2024-25-chl-hockey-checklist/,2025-12-24T04:16:46.167Z,Exclusives Parallel - Stars and Star Rookies,372,Alessandro Di Iorio,Sarnia,Sting,,100,Random Inserts in Hobby & e-Pack,20,,,,,,,2024-25 CHL Hockey Checklist,2024-25-chl-hockey-checklist
,,http://upperdeck.com/checklist/2024-25-chl-hockey-checklist/,2025-12-24T04:16:46.167Z,Exclusives Parallel - Stars and Star Rookies,373,Carlos Handel,Halifax,Mooseheads,,100,Random Inserts in Hobby & e-Pack,20,,,,,,,2024-25 CHL Hockey Checklist,2024-25-chl-hockey-checklist
,,http://upperdeck.com/checklist/2024-25-chl-hockey-checklist/,2025-12-24T04:16:46.167Z,Exclusives Parallel - Stars and Star Rookies,374,Cole Zurawski,Owen Sound,Attack,,100,Random Inserts in Hobby & e-Pack,20,,,,,,,2024-25 CHL Hockey Checklist,2024-25-chl-hockey-checklist
,,http://upperdeck.com/checklist/2024-25-chl-hockey-checklist/,2025-12-24T04:16:46.167Z,Exclusives Parallel - Stars and Star Rookies,375,Mikko Leppa,Victoriaville,Tigres,,100,Random Inserts in Hobby & e-Pack,20,,,,,,,2024-25 CHL Hockey Checklist,2024-25-chl-hockey-checklist
,,http://upperdeck.com/checklist/2024-25-chl-hockey-checklist/,2025-12-24T04:16:46.167Z,Exclusives Parallel - Stars and Star Rookies,376,Mathis Preston,Spokane,Chiefs,,100,Random Inserts in Hobby & e-Pack,20,,,,,,,2024-25 CHL Hockey Checklist,2024-25-chl-hockey-checklist
,,http://upperdeck.com/checklist/2024-25-chl-hockey-checklist/,2025-12-24T04:16:46.167Z,Exclusives Parallel - Stars and Star Rookies,377,Kent Greer,North Bay,Battalion,,100,Random Inserts in Hobby & e-Pack,20,,,,,,,2024-25 CHL Hockey Checklist,2024-25-chl-hockey-checklist
,,http://upperdeck.com/checklist/2024-25-chl-hockey-checklist/,2025-12-24T04:16:46.167Z,Exclusives Parallel - Stars and Star Rookies,378,Daniel Walters,Halifax,Mooseheads,,100,Random Inserts in Hobby & e-Pack,20,,,,,,,2024-25 CHL Hockey Checklist,2024-25-chl-hockey-checklist
,,http://upperdeck.com/checklist/2024-25-chl-hockey-checklist/,2025-12-24T04:16:46.167Z,Exclusives Parallel - Stars and Star Rookies,379,Nathan Behm,Kamloops,Blazers,,100,Random Inserts in Hobby & e-Pack,20,,,,,,,2024-25 CHL Hockey Checklist,2024-25-chl-hockey-checklist
,,http://upperdeck.com/checklist/2024-25-chl-hockey-checklist/,2025-12-24T04:16:46.167Z,Exclusives Parallel - Stars and Star Rookies,380,Trent Gates,Owen Sound,Attack,,100,Random Inserts in Hobby & e-Pack,20,,,,,,,2024-25 CHL Hockey Checklist,2024-25-chl-hockey-checklist
,,http://upperdeck.com/checklist/2024-25-chl-hockey-checklist/,2025-12-24T04:16:46.167Z,Exclusives Parallel - Stars and Star Rookies,381,Chad Lygitsakos,Shawinigan,Cataractes,,100,Random Inserts in Hobby & e-Pack,20,,,,,,,2024-25 CHL Hockey Checklist,2024-25-chl-hockey-checklist
,,http://upperdeck.com/checklist/2024-25-chl-hockey-checklist/,2025-12-24T04:16:46.167Z,Exclusives Parallel - Stars and Star Rookies,382,Isaac Poll,Saskatoon,Blades,,100,Random Inserts in Hobby & e-Pack,20,,,,,,,2024-25 CHL Hockey Checklist,2024-25-chl-hockey-checklist
,,http://upperdeck.com/checklist/2024-25-chl-hockey-checklist/,2025-12-24T04:16:46.167Z,Exclusives Parallel - Stars and Star Rookies,383,Pierce Mbuyi,Owen Sound,Attack,,100,Random Inserts in Hobby & e-Pack,20,,,,,,,2024-25 CHL Hockey Checklist,2024-25-chl-hockey-checklist
,,http://upperdeck.com/checklist/2024-25-chl-hockey-checklist/,2025-12-24T04:16:46.167Z,Exclusives Parallel - Stars and Star Rookies,384,Maddox Dagenais,Quebec,Remparts,,100,Random Inserts in Hobby & e-Pack,20,,,,,,,2024-25 CHL Hockey Checklist,2024-25-chl-hockey-checklist
,,http://upperdeck.com/checklist/2024-25-chl-hockey-checklist/,2025-12-24T04:16:46.167Z,Exclusives Parallel - Stars and Star Rookies,385,Veeti Vaisanen,Medicine Hat,Tigers,,100,Random Inserts in Hobby & e-Pack,20,,,,,,,2024-25 CHL Hockey Checklist,2024-25-chl-hockey-checklist
,,http://upperdeck.com/checklist/2024-25-chl-hockey-checklist/,2025-12-24T04:16:46.167Z,Exclusives Parallel - Stars and Star Rookies,386,Benjamin Olivier,Val-d'Or,Foreurs,,100,Random Inserts in Hobby & e-Pack,20,,,,,,,2024-25 CHL Hockey Checklist,2024-25-chl-hockey-checklist
,,http://upperdeck.com/checklist/2024-25-chl-hockey-checklist/,2025-12-24T04:16:46.167Z,Exclusives Parallel - Stars and Star Rookies,387,Rylan Ng,Calgary,Hitmen,,100,Random Inserts in Hobby & e-Pack,20,,,,,,,2024-25 CHL Hockey Checklist,2024-25-chl-hockey-checklist
,,http://upperdeck.com/checklist/2024-25-chl-hockey-checklist/,2025-12-24T04:16:46.167Z,Exclusives Parallel - Stars and Star Rookies,388,Jacob Gouchie,Val-d'Or,Foreurs,,100,Random Inserts in Hobby & e-Pack,20,,,,,,,2024-25 CHL Hockey Checklist,2024-25-chl-hockey-checklist
,,http://upperdeck.com/checklist/2024-25-chl-hockey-checklist/,2025-12-24T04:16:46.167Z,Exclusives Parallel - Stars and Star Rookies,389,Markus Loponen,Victoria,Royals,,100,Random Inserts in Hobby & e-Pack,20,,,,,,,2024-25 CHL Hockey Checklist,2024-25-chl-hockey-checklist
,,http://upperdeck.com/checklist/2024-25-chl-hockey-checklist/,2025-12-24T04:16:46.167Z,Exclusives Parallel - Stars and Star Rookies,390,Florian Schenk,Saint John,Sea Dogs,,100,Random Inserts in Hobby & e-Pack,20,,,,,,,2024-25 CHL Hockey Checklist,2024-25-chl-hockey-checklist
,,http://upperdeck.com/checklist/2024-25-chl-hockey-checklist/,2025-12-24T04:16:46.167Z,Exclusives Parallel - Stars and Star Rookies,391,Parker Vaughan,North Bay,Battalion,,100,Random Inserts in Hobby & e-Pack,20,,,,,,,2024-25 CHL Hockey Checklist,2024-25-chl-hockey-checklist
,,http://upperdeck.com/checklist/2024-25-chl-hockey-checklist/,2025-12-24T04:16:46.167Z,Exclusives Parallel - Stars and Star Rookies,392,Liam Arsenault,Acadie-Bathurst,Titan,,100,Random Inserts in Hobby & e-Pack,20,,,,,,,2024-25 CHL Hockey Checklist,2024-25-chl-hockey-checklist
,,http://upperdeck.com/checklist/2024-25-chl-hockey-checklist/,2025-12-24T04:16:46.167Z,Exclusives Parallel - Stars and Star Rookies,393,Joe Iginla,Edmonton,Oil Kings,,100,Random Inserts in Hobby & e-Pack,20,,,,,,,2024-25 CHL Hockey Checklist,2024-25-chl-hockey-checklist
,,http://upperdeck.com/checklist/2024-25-chl-hockey-checklist/,2025-12-24T04:16:46.167Z,Exclusives Parallel - Stars and Star Rookies,394,Simon-Xavier Cyr,Gatineau,Olympiques,,100,Random Inserts in Hobby & e-Pack,20,,,,,,,2024-25 CHL Hockey Checklist,2024-25-chl-hockey-checklist
,,http://upperdeck.com/checklist/2024-25-chl-hockey-checklist/,2025-12-24T04:16:46.167Z,Exclusives Parallel - Stars and Star Rookies,395,Axel Hurtig,Calgary,Hitmen,,100,Random Inserts in Hobby & e-Pack,20,,,,,,,2024-25 CHL Hockey Checklist,2024-25-chl-hockey-checklist
,,http://upperdeck.com/checklist/2024-25-chl-hockey-checklist/,2025-12-24T04:16:46.167Z,Exclusives Parallel - Stars and Star Rookies,396,Bo Damphousse,Blainville-Boisbriand,Armada,,100,Random Inserts in Hobby & e-Pack,20,,,,,,,2024-25 CHL Hockey Checklist,2024-25-chl-hockey-checklist
,,http://upperdeck.com/checklist/2024-25-chl-hockey-checklist/,2025-12-24T04:16:46.167Z,Exclusives Parallel - Stars and Star Rookies,397,Brody Gillespie,Spokane,Chiefs,,100,Random Inserts in Hobby & e-Pack,20,,,,,,,2024-25 CHL Hockey Checklist,2024-25-chl-hockey-checklist
,,http://upperdeck.com/checklist/2024-25-chl-hockey-checklist/,2025-12-24T04:16:46.167Z,Exclusives Parallel - Stars and Star Rookies,398,Ryder Carey,North Bay,Battalion,,100,Random Inserts in Hobby & e-Pack,20,,,,,,,2024-25 CHL Hockey Checklist,2024-25-chl-hockey-checklist
,,http://upperdeck.com/checklist/2024-25-chl-hockey-checklist/,2025-12-24T04:16:46.167Z,Exclusives Parallel - Stars and Star Rookies,399,Aaron Sawatzky,Moose Jaw,Warriors,,100,Random Inserts in Hobby & e-Pack,20,,,,,,,2024-25 CHL Hockey Checklist,2024-25-chl-hockey-checklist
,,http://upperdeck.com/checklist/2024-25-chl-hockey-checklist/,2025-12-24T04:16:46.167Z,Exclusives Parallel - Stars and Star Rookies,400,Brennan O'Donnell,Chicoutimi,Sagueneens,,100,Random Inserts in Hobby & e-Pack,20,,,,,,,2024-25 CHL Hockey Checklist,2024-25-chl-hockey-checklist
,,http://upperdeck.com/checklist/2024-25-chl-hockey-checklist/,2025-12-24T04:16:46.167Z,Outburst Red Parallel - Stars and Star Rookies,301,Michael Misa,Saginaw,Spirit,,25,Random Inserts in Hobby & e-Pack,20,,,,,,,2024-25 CHL Hockey Checklist,2024-25-chl-hockey-checklist
,,http://upperdeck.com/checklist/2024-25-chl-hockey-checklist/,2025-12-24T04:16:46.167Z,Outburst Red Parallel - Stars and Star Rookies,302,Tij Iginla,Kelowna,Rockets,,25,Random Inserts in Hobby & e-Pack,20,,,,,,,2024-25 CHL Hockey Checklist,2024-25-chl-hockey-checklist
,,http://upperdeck.com/checklist/2024-25-chl-hockey-checklist/,2025-12-24T04:16:46.167Z,Outburst Red Parallel - Stars and Star Rookies,303,Sam Dickinson,London,Knights,,25,Random Inserts in Hobby & e-Pack,20,,,,,,,2024-25 CHL Hockey Checklist,2024-25-chl-hockey-checklist
,,http://upperdeck.com/checklist/2024-25-chl-hockey-checklist/,2025-12-24T04:16:46.167Z,Outburst Red Parallel - Stars and Star Rookies,304,Carter Yakemchuk,Calgary,Hitmen,,25,Random Inserts in Hobby & e-Pack,20,,,,,,,2024-25 CHL Hockey Checklist,2024-25-chl-hockey-checklist
,,http://upperdeck.com/checklist/2024-25-chl-hockey-checklist/,2025-12-24T04:16:46.167Z,Outburst Red Parallel - Stars and Star Rookies,305,Justin Poirier,Baie-Comeau,Drakkar,,25,Random Inserts in Hobby & e-Pack,20,,,,,,,2024-25 CHL Hockey Checklist,2024-25-chl-hockey-checklist
,,http://upperdeck.com/checklist/2024-25-chl-hockey-checklist/,2025-12-24T04:16:46.167Z,Outburst Red Parallel - Stars and Star Rookies,306,Easton Cowan,London,Knights,,25,Random Inserts in Hobby & e-Pack,20,,,,,,,2024-25 CHL Hockey Checklist,2024-25-chl-hockey-checklist
,,http://upperdeck.com/checklist/2024-25-chl-hockey-checklist/,2025-12-24T04:16:46.167Z,Outburst Red Parallel - Stars and Star Rookies,307,Reid Dyck,Swift Current,Broncos,,25,Random Inserts in Hobby & e-Pack,20,,,,,,,2024-25 CHL Hockey Checklist,2024-25-chl-hockey-checklist
,,http://upperdeck.com/checklist/2024-25-chl-hockey-checklist/,2025-12-24T04:16:46.167Z,Outburst Red Parallel - Stars and Star Rookies,308,Calum Ritchie,Oshawa,Generals,,25,Random Inserts in Hobby & e-Pack,20,,,,,,,2024-25 CHL Hockey Checklist,2024-25-chl-hockey-checklist
,,http://upperdeck.com/checklist/2024-25-chl-hockey-checklist/,2025-12-24T04:16:46.167Z,Outburst Red Parallel - Stars and Star Rookies,309,Kenta Isogai,Victoria,Royals,,25,Random Inserts in Hobby & e-Pack,20,,,,,,,2024-25 CHL Hockey Checklist,2024-25-chl-hockey-checklist
,,http://upperdeck.com/checklist/2024-25-chl-hockey-checklist/,2025-12-24T04:16:46.167Z,Outburst Red Parallel - Stars and Star Rookies,310,Antonin Verreault,Rouyn-Noranda,Huskies,,25,Random Inserts in Hobby & e-Pack,20,,,,,,,2024-25 CHL Hockey Checklist,2024-25-chl-hockey-checklist
,,http://upperdeck.com/checklist/2024-25-chl-hockey-checklist/,2025-12-24T04:16:46.167Z,Outburst Red Parallel - Stars and Star Rookies,311,Andrei Loshko,Niagara,IceDogs,,25,Random Inserts in Hobby & e-Pack,20,,,,,,,2024-25 CHL Hockey Checklist,2024-25-chl-hockey-checklist
,,http://upperdeck.com/checklist/2024-25-chl-hockey-checklist/,2025-12-24T04:16:46.167Z,Outburst Red Parallel - Stars and Star Rookies,312,Oliver Tulk,Calgary,Hitmen,,25,Random Inserts in Hobby & e-Pack,20,,,,,,,2024-25 CHL Hockey Checklist,2024-25-chl-hockey-checklist
,,http://upperdeck.com/checklist/2024-25-chl-hockey-checklist/,2025-12-24T04:16:46.167Z,Outburst Red Parallel - Stars and Star Rookies,313,Beckett Sennecke,Oshawa,Generals,,25,Random Inserts in Hobby & e-Pack,20,,,,,,,2024-25 CHL Hockey Checklist,2024-25-chl-hockey-checklist
,,http://upperdeck.com/checklist/2024-25-chl-hockey-checklist/,2025-12-24T04:16:46.167Z,Outburst Red Parallel - Stars and Star Rookies,314,Andrew Basha,Medicine Hat,Tigers,,25,Random Inserts in Hobby & e-Pack,20,,,,,,,2024-25 CHL Hockey Checklist,2024-25-chl-hockey-checklist
,,http://upperdeck.com/checklist/2024-25-chl-hockey-checklist/,2025-12-24T04:16:46.167Z,Outburst Red Parallel - Stars and Star Rookies,315,Cam Squires,Cape Breton,Eagles,,25,Random Inserts in Hobby & e-Pack,20,,,,,,,2024-25 CHL Hockey Checklist,2024-25-chl-hockey-checklist
,,http://upperdeck.com/checklist/2024-25-chl-hockey-checklist/,2025-12-24T04:16:46.167Z,Outburst Red Parallel - Stars and Star Rookies,316,Marek Vanacker,Brantford,Bulldogs,,25,Random Inserts in Hobby & e-Pack,20,,,,,,,2024-25 CHL Hockey Checklist,2024-25-chl-hockey-checklist
,,http://upperdeck.com/checklist/2024-25-chl-hockey-checklist/,2025-12-24T04:16:46.167Z,Outburst Red Parallel - Stars and Star Rookies,317,Riley Heidt,Prince George,Cougars,,25,Random Inserts in Hobby & e-Pack,20,,,,,,,2024-25 CHL Hockey Checklist,2024-25-chl-hockey-checklist
,,http://upperdeck.com/checklist/2024-25-chl-hockey-checklist/,2025-12-24T04:16:46.167Z,Outburst Red Parallel - Stars and Star Rookies,318,Liam Greentree,Windsor,Spitfires,,25,Random Inserts in Hobby & e-Pack,20,,,,,,,2024-25 CHL Hockey Checklist,2024-25-chl-hockey-checklist
,,http://upperdeck.com/checklist/2024-25-chl-hockey-checklist/,2025-12-24T04:16:46.167Z,Outburst Red Parallel - Stars and Star Rookies,319,Berkly Catton,Spokane,Chiefs,,25,Random Inserts in Hobby & e-Pack,20,,,,,,,2024-25 CHL Hockey Checklist,2024-25-chl-hockey-checklist
,,http://upperdeck.com/checklist/2024-25-chl-hockey-checklist/,2025-12-24T04:16:46.167Z,Outburst Red Parallel - Stars and Star Rookies,320,Caleb Desnoyers,Moncton,Wildcats,,25,Random Inserts in Hobby & e-Pack,20,,,,,,,2024-25 CHL Hockey Checklist,2024-25-chl-hockey-checklist
,,http://upperdeck.com/checklist/2024-25-chl-hockey-checklist/,2025-12-24T04:16:46.167Z,Outburst Red Parallel - Stars and Star Rookies,321,Jett Luchanko,Guelph,Storm,,25,Random Inserts in Hobby & e-Pack,20,,,,,,,2024-25 CHL Hockey Checklist,2024-25-chl-hockey-checklist
,,http://upperdeck.com/checklist/2024-25-chl-hockey-checklist/,2025-12-24T04:16:46.168Z,Outburst Red Parallel - Stars and Star Rookies,322,Brayden Yager,Lethbridge,Hurricanes,,25,Random Inserts in Hobby & e-Pack,20,,,,,,,2024-25 CHL Hockey Checklist,2024-25-chl-hockey-checklist
,,http://upperdeck.com/checklist/2024-25-chl-hockey-checklist/,2025-12-24T04:16:46.168Z,Outburst Red Parallel - Stars and Star Rookies,323,Dalyn Wakely,Barrie,Colts,,25,Random Inserts in Hobby & e-Pack,20,,,,,,,2024-25 CHL Hockey Checklist,2024-25-chl-hockey-checklist
,,http://upperdeck.com/checklist/2024-25-chl-hockey-checklist/,2025-12-24T04:16:46.168Z,Outburst Red Parallel - Stars and Star Rookies,324,Cameron Schmidt,Vancouver,Giants,,25,Random Inserts in Hobby & e-Pack,20,,,,,,,2024-25 CHL Hockey Checklist,2024-25-chl-hockey-checklist
,,http://upperdeck.com/checklist/2024-25-chl-hockey-checklist/,2025-12-24T04:16:46.168Z,Outburst Red Parallel - Stars and Star Rookies,325,Justin Larose,Drummondville,Voltigeurs,,25,Random Inserts in Hobby & e-Pack,20,,,,,,,2024-25 CHL Hockey Checklist,2024-25-chl-hockey-checklist
,,http://upperdeck.com/checklist/2024-25-chl-hockey-checklist/,2025-12-24T04:16:46.168Z,Outburst Red Parallel - Stars and Star Rookies,326,Luke Misa,Brampton,Steelheads,,25,Random Inserts in Hobby & e-Pack,20,,,,,,,2024-25 CHL Hockey Checklist,2024-25-chl-hockey-checklist
,,http://upperdeck.com/checklist/2024-25-chl-hockey-checklist/,2025-12-24T04:16:46.168Z,Outburst Red Parallel - Stars and Star Rookies,327,Roger McQueen,Brandon,Wheat Kings,,25,Random Inserts in Hobby & e-Pack,20,,,,,,,2024-25 CHL Hockey Checklist,2024-25-chl-hockey-checklist
,,http://upperdeck.com/checklist/2024-25-chl-hockey-checklist/,2025-12-24T04:16:46.168Z,Outburst Red Parallel - Stars and Star Rookies,328,Tuomas Uronen,Kingston,Frontenacs,,25,Random Inserts in Hobby & e-Pack,20,,,,,,,2024-25 CHL Hockey Checklist,2024-25-chl-hockey-checklist
,,http://upperdeck.com/checklist/2024-25-chl-hockey-checklist/,2025-12-24T04:16:46.168Z,Outburst Red Parallel - Stars and Star Rookies,329,Cayden Lindstrom,Medicine Hat,Tigers,,25,Random Inserts in Hobby & e-Pack,20,,,,,,,2024-25 CHL Hockey Checklist,2024-25-chl-hockey-checklist
,,http://upperdeck.com/checklist/2024-25-chl-hockey-checklist/,2025-12-24T04:16:46.168Z,Outburst Red Parallel - Stars and Star Rookies,330,Sam Oliver,Drummondville,Voltigeurs,,25,Random Inserts in Hobby & e-Pack,20,,,,,,,2024-25 CHL Hockey Checklist,2024-25-chl-hockey-checklist
,,http://upperdeck.com/checklist/2024-25-chl-hockey-checklist/,2025-12-24T04:16:46.168Z,Outburst Red Parallel - Stars and Star Rookies,331,Carter George,Owen Sound,Attack,,25,Random Inserts in Hobby & e-Pack,20,,,,,,,2024-25 CHL Hockey Checklist,2024-25-chl-hockey-checklist
,,http://upperdeck.com/checklist/2024-25-chl-hockey-checklist/,2025-12-24T04:16:46.168Z,Outburst Red Parallel - Stars and Star Rookies,332,Andrew Cristall,Spokane,Chiefs,,25,Random Inserts in Hobby & e-Pack,20,,,,,,,2024-25 CHL Hockey Checklist,2024-25-chl-hockey-checklist
,,http://upperdeck.com/checklist/2024-25-chl-hockey-checklist/,2025-12-24T04:16:46.168Z,Outburst Red Parallel - Stars and Star Rookies,333,Luca Pinelli,Ottawa,67's,,25,Random Inserts in Hobby & e-Pack,20,,,,,,,2024-25 CHL Hockey Checklist,2024-25-chl-hockey-checklist
,,http://upperdeck.com/checklist/2024-25-chl-hockey-checklist/,2025-12-24T04:16:46.168Z,Outburst Red Parallel - Stars and Star Rookies,334,Harrison Brunicke,Kamloops,Blazers,,25,Random Inserts in Hobby & e-Pack,20,,,,,,,2024-25 CHL Hockey Checklist,2024-25-chl-hockey-checklist
,,http://upperdeck.com/checklist/2024-25-chl-hockey-checklist/,2025-12-24T04:16:46.168Z,Outburst Red Parallel - Stars and Star Rookies,335,Joseph Henneberry,Cape Breton,Eagles,,25,Random Inserts in Hobby & e-Pack,20,,,,,,,2024-25 CHL Hockey Checklist,2024-25-chl-hockey-checklist
,,http://upperdeck.com/checklist/2024-25-chl-hockey-checklist/,2025-12-24T04:16:46.168Z,Outburst Red Parallel - Stars and Star Rookies,336,Colby Barlow,Oshawa,Generals,,25,Random Inserts in Hobby & e-Pack,20,,,,,,,2024-25 CHL Hockey Checklist,2024-25-chl-hockey-checklist
,,http://upperdeck.com/checklist/2024-25-chl-hockey-checklist/,2025-12-24T04:16:46.168Z,Outburst Red Parallel - Stars and Star Rookies,337,Terik Parascak,Prince George,Cougars,,25,Random Inserts in Hobby & e-Pack,20,,,,,,,2024-25 CHL Hockey Checklist,2024-25-chl-hockey-checklist
,,http://upperdeck.com/checklist/2024-25-chl-hockey-checklist/,2025-12-24T04:16:46.168Z,Outburst Red Parallel - Stars and Star Rookies,338,Quentin Musty,Sudbury,Wolves,,25,Random Inserts in Hobby & e-Pack,20,,,,,,,2024-25 CHL Hockey Checklist,2024-25-chl-hockey-checklist
,,http://upperdeck.com/checklist/2024-25-chl-hockey-checklist/,2025-12-24T04:16:46.168Z,Outburst Red Parallel - Stars and Star Rookies,339,Gavin McKenna,Medicine Hat,Tigers,,25,Random Inserts in Hobby & e-Pack,20,,,,,,,2024-25 CHL Hockey Checklist,2024-25-chl-hockey-checklist
,,http://upperdeck.com/checklist/2024-25-chl-hockey-checklist/,2025-12-24T04:16:46.168Z,Outburst Red Parallel - Stars and Star Rookies,340,Carson Rehkopf,Brampton,Steelheads,,25,Random Inserts in Hobby & e-Pack,20,,,,,,,2024-25 CHL Hockey Checklist,2024-25-chl-hockey-checklist
,,http://upperdeck.com/checklist/2024-25-chl-hockey-checklist/,2025-12-24T04:16:46.168Z,Outburst Red Parallel - Stars and Star Rookies,341,Jonathan Fauchon,Rimouski,Oceanic,,25,Random Inserts in Hobby & e-Pack,20,,,,,,,2024-25 CHL Hockey Checklist,2024-25-chl-hockey-checklist
,,http://upperdeck.com/checklist/2024-25-chl-hockey-checklist/,2025-12-24T04:16:46.168Z,Outburst Red Parallel - Stars and Star Rookies,342,Jake O'Brien,Brantford,Bulldogs,,25,Random Inserts in Hobby & e-Pack,20,,,,,,,2024-25 CHL Hockey Checklist,2024-25-chl-hockey-checklist
,,http://upperdeck.com/checklist/2024-25-chl-hockey-checklist/,2025-12-24T04:16:46.168Z,Outburst Red Parallel - Stars and Star Rookies,343,Ethan Gauthier,Drummondville,Voltigeurs,,25,Random Inserts in Hobby & e-Pack,20,,,,,,,2024-25 CHL Hockey Checklist,2024-25-chl-hockey-checklist
,,http://upperdeck.com/checklist/2024-25-chl-hockey-checklist/,2025-12-24T04:16:46.168Z,Outburst Red Parallel - Stars and Star Rookies,344,Kashawn Aitcheson,Barrie,Colts,,25,Random Inserts in Hobby & e-Pack,20,,,,,,,2024-25 CHL Hockey Checklist,2024-25-chl-hockey-checklist
,,http://upperdeck.com/checklist/2024-25-chl-hockey-checklist/,2025-12-24T04:16:46.168Z,Outburst Red Parallel - Stars and Star Rookies,345,Alexandre Blais,Rimouski,Oceanic,,25,Random Inserts in Hobby & e-Pack,20,,,,,,,2024-25 CHL Hockey Checklist,2024-25-chl-hockey-checklist
,,http://upperdeck.com/checklist/2024-25-chl-hockey-checklist/,2025-12-24T04:16:46.168Z,Outburst Red Parallel - Stars and Star Rookies,346,Henry Mews,Sudbury,Wolves,,25,Random Inserts in Hobby & e-Pack,20,,,,,,,2024-25 CHL Hockey Checklist,2024-25-chl-hockey-checklist
,,http://upperdeck.com/checklist/2024-25-chl-hockey-checklist/,2025-12-24T04:16:46.168Z,Outburst Red Parallel - Stars and Star Rookies,347,Oasiz Wiesblatt,Medicine Hat,Tigers,,25,Random Inserts in Hobby & e-Pack,20,,,,,,,2024-25 CHL Hockey Checklist,2024-25-chl-hockey-checklist
,,http://upperdeck.com/checklist/2024-25-chl-hockey-checklist/,2025-12-24T04:16:46.168Z,Outburst Red Parallel - Stars and Star Rookies,348,Zayne Parekh,Saginaw,Spirit,,25,Random Inserts in Hobby & e-Pack,20,,,,,,,2024-25 CHL Hockey Checklist,2024-25-chl-hockey-checklist
,,http://upperdeck.com/checklist/2024-25-chl-hockey-checklist/,2025-12-24T04:16:46.168Z,Outburst Red Parallel - Stars and Star Rookies,349,Jeremie Minville,Gatineau,Olympiques,,25,Random Inserts in Hobby & e-Pack,20,,,,,,,2024-25 CHL Hockey Checklist,2024-25-chl-hockey-checklist
,,http://upperdeck.com/checklist/2024-25-chl-hockey-checklist/,2025-12-24T04:16:46.168Z,Outburst Red Parallel - Stars and Star Rookies,350,Porter Martone,Brampton,Steelheads,,25,Random Inserts in Hobby & e-Pack,20,,,,,,,2024-25 CHL Hockey Checklist,2024-25-chl-hockey-checklist
,,http://upperdeck.com/checklist/2024-25-chl-hockey-checklist/,2025-12-24T04:16:46.168Z,Outburst Red Parallel - Stars and Star Rookies,351,Dylan Rozzi,Saint John,Sea Dogs,,25,Random Inserts in Hobby & e-Pack,20,,,,,,,2024-25 CHL Hockey Checklist,2024-25-chl-hockey-checklist
,,http://upperdeck.com/checklist/2024-25-chl-hockey-checklist/,2025-12-24T04:16:46.168Z,Outburst Red Parallel - Stars and Star Rookies,352,Beckett Hamilton,Red Deer,Rebels,,25,Random Inserts in Hobby & e-Pack,20,,,,,,,2024-25 CHL Hockey Checklist,2024-25-chl-hockey-checklist
,,http://upperdeck.com/checklist/2024-25-chl-hockey-checklist/,2025-12-24T04:16:46.168Z,Outburst Red Parallel - Stars and Star Rookies,353,Max Bleicher,Owen Sound,Attack,,25,Random Inserts in Hobby & e-Pack,20,,,,,,,2024-25 CHL Hockey Checklist,2024-25-chl-hockey-checklist
,,http://upperdeck.com/checklist/2024-25-chl-hockey-checklist/,2025-12-24T04:16:46.168Z,Outburst Red Parallel - Stars and Star Rookies,354,Biagio Jr. Daniele,Acadie-Bathurst,Titan,,25,Random Inserts in Hobby & e-Pack,20,,,,,,,2024-25 CHL Hockey Checklist,2024-25-chl-hockey-checklist
,,http://upperdeck.com/checklist/2024-25-chl-hockey-checklist/,2025-12-24T04:16:46.168Z,Outburst Red Parallel - Stars and Star Rookies,355,Carter Esler,Spokane,Chiefs,,25,Random Inserts in Hobby & e-Pack,20,,,,,,,2024-25 CHL Hockey Checklist,2024-25-chl-hockey-checklist
,,http://upperdeck.com/checklist/2024-25-chl-hockey-checklist/,2025-12-24T04:16:46.168Z,Outburst Red Parallel - Stars and Star Rookies,356,Filip Ekberg,Ottawa,67's,,25,Random Inserts in Hobby & e-Pack,20,,,,,,,2024-25 CHL Hockey Checklist,2024-25-chl-hockey-checklist
,,http://upperdeck.com/checklist/2024-25-chl-hockey-checklist/,2025-12-24T04:16:46.168Z,Outburst Red Parallel - Stars and Star Rookies,357,Matvei Gridin,Shawinigan,Cataracts,,25,Random Inserts in Hobby & e-Pack,20,,,,,,,2024-25 CHL Hockey Checklist,2024-25-chl-hockey-checklist
,,http://upperdeck.com/checklist/2024-25-chl-hockey-checklist/,2025-12-24T04:16:46.168Z,Outburst Red Parallel - Stars and Star Rookies,358,Niilopekka Muhonen,Medicine Hat,Tigers,,25,Random Inserts in Hobby & e-Pack,20,,,,,,,2024-25 CHL Hockey Checklist,2024-25-chl-hockey-checklist
,,http://upperdeck.com/checklist/2024-25-chl-hockey-checklist/,2025-12-24T04:16:46.168Z,Outburst Red Parallel - Stars and Star Rookies,359,Braidy Wassilyn,Niagara,IceDogs,,25,Random Inserts in Hobby & e-Pack,20,,,,,,,2024-25 CHL Hockey Checklist,2024-25-chl-hockey-checklist
,,http://upperdeck.com/checklist/2024-25-chl-hockey-checklist/,2025-12-24T04:16:46.168Z,Outburst Red Parallel - Stars and Star Rookies,360,Elliot Dube,Saint John,Sea Dogs,,25,Random Inserts in Hobby & e-Pack,20,,,,,,,2024-25 CHL Hockey Checklist,2024-25-chl-hockey-checklist
,,http://upperdeck.com/checklist/2024-25-chl-hockey-checklist/,2025-12-24T04:16:46.168Z,Outburst Red Parallel - Stars and Star Rookies,361,Landon DuPont,Everett,Silvertips,,25,Random Inserts in Hobby & e-Pack,20,,,,,,,2024-25 CHL Hockey Checklist,2024-25-chl-hockey-checklist
,,http://upperdeck.com/checklist/2024-25-chl-hockey-checklist/,2025-12-24T04:16:46.168Z,Outburst Red Parallel - Stars and Star Rookies,362,Carson Harmer,Saginaw,Spirit,,25,Random Inserts in Hobby & e-Pack,20,,,,,,,2024-25 CHL Hockey Checklist,2024-25-chl-hockey-checklist
,,http://upperdeck.com/checklist/2024-25-chl-hockey-checklist/,2025-12-24T04:16:46.168Z,Outburst Red Parallel - Stars and Star Rookies,363,Lars Steiner,Rouyn-Noranda,Huskies,,25,Random Inserts in Hobby & e-Pack,20,,,,,,,2024-25 CHL Hockey Checklist,2024-25-chl-hockey-checklist
,,http://upperdeck.com/checklist/2024-25-chl-hockey-checklist/,2025-12-24T04:16:46.168Z,Outburst Red Parallel - Stars and Star Rookies,364,Ondrej Stebetak,Portland,Winterhawks,,25,Random Inserts in Hobby & e-Pack,20,,,,,,,2024-25 CHL Hockey Checklist,2024-25-chl-hockey-checklist
,,http://upperdeck.com/checklist/2024-25-chl-hockey-checklist/,2025-12-24T04:16:46.168Z,Outburst Red Parallel - Stars and Star Rookies,365,Andreas Straka,Quebec,Remparts,,25,Random Inserts in Hobby & e-Pack,20,,,,,,,2024-25 CHL Hockey Checklist,2024-25-chl-hockey-checklist
,,http://upperdeck.com/checklist/2024-25-chl-hockey-checklist/,2025-12-24T04:16:46.168Z,Outburst Red Parallel - Stars and Star Rookies,366,Miroslav Holinka,Edmonton,Oil Kings,,25,Random Inserts in Hobby & e-Pack,20,,,,,,,2024-25 CHL Hockey Checklist,2024-25-chl-hockey-checklist
,,http://upperdeck.com/checklist/2024-25-chl-hockey-checklist/,2025-12-24T04:16:46.168Z,Outburst Red Parallel - Stars and Star Rookies,367,Colin Fitzgerald,Peterborough,Petes,,25,Random Inserts in Hobby & e-Pack,20,,,,,,,2024-25 CHL Hockey Checklist,2024-25-chl-hockey-checklist
,,http://upperdeck.com/checklist/2024-25-chl-hockey-checklist/,2025-12-24T04:16:46.168Z,Outburst Red Parallel - Stars and Star Rookies,368,Maxim Dube,Gatineau,Olympiques,,25,Random Inserts in Hobby & e-Pack,20,,,,,,,2024-25 CHL Hockey Checklist,2024-25-chl-hockey-checklist
,,http://upperdeck.com/checklist/2024-25-chl-hockey-checklist/,2025-12-24T04:16:46.168Z,Outburst Red Parallel - Stars and Star Rookies,369,Matej Pekar,Seattle,Thunderbirds,,25,Random Inserts in Hobby & e-Pack,20,,,,,,,2024-25 CHL Hockey Checklist,2024-25-chl-hockey-checklist
,,http://upperdeck.com/checklist/2024-25-chl-hockey-checklist/,2025-12-24T04:16:46.168Z,Outburst Red Parallel - Stars and Star Rookies,370,William Yared,Saint John,Sea Dogs,,25,Random Inserts in Hobby & e-Pack,20,,,,,,,2024-25 CHL Hockey Checklist,2024-25-chl-hockey-checklist
,,http://upperdeck.com/checklist/2024-25-chl-hockey-checklist/,2025-12-24T04:16:46.168Z,Outburst Red Parallel - Stars and Star Rookies,371,Brek Liske,Everett,Silvertips,,25,Random Inserts in Hobby & e-Pack,20,,,,,,,2024-25 CHL Hockey Checklist,2024-25-chl-hockey-checklist
,,http://upperdeck.com/checklist/2024-25-chl-hockey-checklist/,2025-12-24T04:16:46.168Z,Outburst Red Parallel - Stars and Star Rookies,372,Alessandro Di Iorio,Sarnia,Sting,,25,Random Inserts in Hobby & e-Pack,20,,,,,,,2024-25 CHL Hockey Checklist,2024-25-chl-hockey-checklist
,,http://upperdeck.com/checklist/2024-25-chl-hockey-checklist/,2025-12-24T04:16:46.168Z,Outburst Red Parallel - Stars and Star Rookies,373,Carlos Handel,Halifax,Mooseheads,,25,Random Inserts in Hobby & e-Pack,20,,,,,,,2024-25 CHL Hockey Checklist,2024-25-chl-hockey-checklist
,,http://upperdeck.com/checklist/2024-25-chl-hockey-checklist/,2025-12-24T04:16:46.168Z,Outburst Red Parallel - Stars and Star Rookies,374,Cole Zurawski,Owen Sound,Attack,,25,Random Inserts in Hobby & e-Pack,20,,,,,,,2024-25 CHL Hockey Checklist,2024-25-chl-hockey-checklist
,,http://upperdeck.com/checklist/2024-25-chl-hockey-checklist/,2025-12-24T04:16:46.168Z,Outburst Red Parallel - Stars and Star Rookies,375,Mikko Leppa,Victoriaville,Tigres,,25,Random Inserts in Hobby & e-Pack,20,,,,,,,2024-25 CHL Hockey Checklist,2024-25-chl-hockey-checklist
,,http://upperdeck.com/checklist/2024-25-chl-hockey-checklist/,2025-12-24T04:16:46.168Z,Outburst Red Parallel - Stars and Star Rookies,376,Mathis Preston,Spokane,Chiefs,,25,Random Inserts in Hobby & e-Pack,20,,,,,,,2024-25 CHL Hockey Checklist,2024-25-chl-hockey-checklist
,,http://upperdeck.com/checklist/2024-25-chl-hockey-checklist/,2025-12-24T04:16:46.168Z,Outburst Red Parallel - Stars and Star Rookies,377,Kent Greer,North Bay,Battalion,,25,Random Inserts in Hobby & e-Pack,20,,,,,,,2024-25 CHL Hockey Checklist,2024-25-chl-hockey-checklist
,,http://upperdeck.com/checklist/2024-25-chl-hockey-checklist/,2025-12-24T04:16:46.168Z,Outburst Red Parallel - Stars and Star Rookies,378,Daniel Walters,Halifax,Mooseheads,,25,Random Inserts in Hobby & e-Pack,20,,,,,,,2024-25 CHL Hockey Checklist,2024-25-chl-hockey-checklist
,,http://upperdeck.com/checklist/2024-25-chl-hockey-checklist/,2025-12-24T04:16:46.168Z,Outburst Red Parallel - Stars and Star Rookies,379,Nathan Behm,Kamloops,Blazers,,25,Random Inserts in Hobby & e-Pack,20,,,,,,,2024-25 CHL Hockey Checklist,2024-25-chl-hockey-checklist
,,http://upperdeck.com/checklist/2024-25-chl-hockey-checklist/,2025-12-24T04:16:46.168Z,Outburst Red Parallel - Stars and Star Rookies,380,Trent Gates,Owen Sound,Attack,,25,Random Inserts in Hobby & e-Pack,20,,,,,,,2024-25 CHL Hockey Checklist,2024-25-chl-hockey-checklist
,,http://upperdeck.com/checklist/2024-25-chl-hockey-checklist/,2025-12-24T04:16:46.168Z,Outburst Red Parallel - Stars and Star Rookies,381,Chad Lygitsakos,Shawinigan,Cataractes,,25,Random Inserts in Hobby & e-Pack,20,,,,,,,2024-25 CHL Hockey Checklist,2024-25-chl-hockey-checklist
,,http://upperdeck.com/checklist/2024-25-chl-hockey-checklist/,2025-12-24T04:16:46.168Z,Outburst Red Parallel - Stars and Star Rookies,382,Isaac Poll,Saskatoon,Blades,,25,Random Inserts in Hobby & e-Pack,20,,,,,,,2024-25 CHL Hockey Checklist,2024-25-chl-hockey-checklist
,,http://upperdeck.com/checklist/2024-25-chl-hockey-checklist/,2025-12-24T04:16:46.168Z,Outburst Red Parallel - Stars and Star Rookies,383,Pierce Mbuyi,Owen Sound,Attack,,25,Random Inserts in Hobby & e-Pack,20,,,,,,,2024-25 CHL Hockey Checklist,2024-25-chl-hockey-checklist
,,http://upperdeck.com/checklist/2024-25-chl-hockey-checklist/,2025-12-24T04:16:46.168Z,Outburst Red Parallel - Stars and Star Rookies,384,Maddox Dagenais,Quebec,Remparts,,25,Random Inserts in Hobby & e-Pack,20,,,,,,,2024-25 CHL Hockey Checklist,2024-25-chl-hockey-checklist
,,http://upperdeck.com/checklist/2024-25-chl-hockey-checklist/,2025-12-24T04:16:46.168Z,Outburst Red Parallel - Stars and Star Rookies,385,Veeti Vaisanen,Medicine Hat,Tigers,,25,Random Inserts in Hobby & e-Pack,20,,,,,,,2024-25 CHL Hockey Checklist,2024-25-chl-hockey-checklist
,,http://upperdeck.com/checklist/2024-25-chl-hockey-checklist/,2025-12-24T04:16:46.168Z,Outburst Red Parallel - Stars and Star Rookies,386,Benjamin Olivier,Val-d'Or,Foreurs,,25,Random Inserts in Hobby & e-Pack,20,,,,,,,2024-25 CHL Hockey Checklist,2024-25-chl-hockey-checklist
,,http://upperdeck.com/checklist/2024-25-chl-hockey-checklist/,2025-12-24T04:16:46.168Z,Outburst Red Parallel - Stars and Star Rookies,387,Rylan Ng,Calgary,Hitmen,,25,Random Inserts in Hobby & e-Pack,20,,,,,,,2024-25 CHL Hockey Checklist,2024-25-chl-hockey-checklist
,,http://upperdeck.com/checklist/2024-25-chl-hockey-checklist/,2025-12-24T04:16:46.168Z,Outburst Red Parallel - Stars and Star Rookies,388,Jacob Gouchie,Val-d'Or,Foreurs,,25,Random Inserts in Hobby & e-Pack,20,,,,,,,2024-25 CHL Hockey Checklist,2024-25-chl-hockey-checklist
,,http://upperdeck.com/checklist/2024-25-chl-hockey-checklist/,2025-12-24T04:16:46.168Z,Outburst Red Parallel - Stars and Star Rookies,389,Markus Loponen,Victoria,Royals,,25,Random Inserts in Hobby & e-Pack,20,,,,,,,2024-25 CHL Hockey Checklist,2024-25-chl-hockey-checklist
,,http://upperdeck.com/checklist/2024-25-chl-hockey-checklist/,2025-12-24T04:16:46.168Z,Outburst Red Parallel - Stars and Star Rookies,390,Florian Schenk,Saint John,Sea Dogs,,25,Random Inserts in Hobby & e-Pack,20,,,,,,,2024-25 CHL Hockey Checklist,2024-25-chl-hockey-checklist
,,http://upperdeck.com/checklist/2024-25-chl-hockey-checklist/,2025-12-24T04:16:46.169Z,Outburst Red Parallel - Stars and Star Rookies,391,Parker Vaughan,North Bay,Battalion,,25,Random Inserts in Hobby & e-Pack,20,,,,,,,2024-25 CHL Hockey Checklist,2024-25-chl-hockey-checklist
,,http://upperdeck.com/checklist/2024-25-chl-hockey-checklist/,2025-12-24T04:16:46.169Z,Outburst Red Parallel - Stars and Star Rookies,392,Liam Arsenault,Acadie-Bathurst,Titan,,25,Random Inserts in Hobby & e-Pack,20,,,,,,,2024-25 CHL Hockey Checklist,2024-25-chl-hockey-checklist
,,http://upperdeck.com/checklist/2024-25-chl-hockey-checklist/,2025-12-24T04:16:46.169Z,Outburst Red Parallel - Stars and Star Rookies,393,Joe Iginla,Edmonton,Oil Kings,,25,Random Inserts in Hobby & e-Pack,20,,,,,,,2024-25 CHL Hockey Checklist,2024-25-chl-hockey-checklist
,,http://upperdeck.com/checklist/2024-25-chl-hockey-checklist/,2025-12-24T04:16:46.169Z,Outburst Red Parallel - Stars and Star Rookies,394,Simon-Xavier Cyr,Gatineau,Olympiques,,25,Random Inserts in Hobby & e-Pack,20,,,,,,,2024-25 CHL Hockey Checklist,2024-25-chl-hockey-checklist
,,http://upperdeck.com/checklist/2024-25-chl-hockey-checklist/,2025-12-24T04:16:46.169Z,Outburst Red Parallel - Stars and Star Rookies,395,Axel Hurtig,Calgary,Hitmen,,25,Random Inserts in Hobby & e-Pack,20,,,,,,,2024-25 CHL Hockey Checklist,2024-25-chl-hockey-checklist
,,http://upperdeck.com/checklist/2024-25-chl-hockey-checklist/,2025-12-24T04:16:46.169Z,Outburst Red Parallel - Stars and Star Rookies,396,Bo Damphousse,Blainville-Boisbriand,Armada,,25,Random Inserts in Hobby & e-Pack,20,,,,,,,2024-25 CHL Hockey Checklist,2024-25-chl-hockey-checklist
,,http://upperdeck.com/checklist/2024-25-chl-hockey-checklist/,2025-12-24T04:16:46.169Z,Outburst Red Parallel - Stars and Star Rookies,397,Brody Gillespie,Spokane,Chiefs,,25,Random Inserts in Hobby & e-Pack,20,,,,,,,2024-25 CHL Hockey Checklist,2024-25-chl-hockey-checklist
,,http://upperdeck.com/checklist/2024-25-chl-hockey-checklist/,2025-12-24T04:16:46.169Z,Outburst Red Parallel - Stars and Star Rookies,398,Ryder Carey,North Bay,Battalion,,25,Random Inserts in Hobby & e-Pack,20,,,,,,,2024-25 CHL Hockey Checklist,2024-25-chl-hockey-checklist
,,http://upperdeck.com/checklist/2024-25-chl-hockey-checklist/,2025-12-24T04:16:46.169Z,Outburst Red Parallel - Stars and Star Rookies,399,Aaron Sawatzky,Moose Jaw,Warriors,,25,Random Inserts in Hobby & e-Pack,20,,,,,,,2024-25 CHL Hockey Checklist,2024-25-chl-hockey-checklist
,,http://upperdeck.com/checklist/2024-25-chl-hockey-checklist/,2025-12-24T04:16:46.169Z,Outburst Red Parallel - Stars and Star Rookies,400,Brennan O'Donnell,Chicoutimi,Sagueneens,,25,Random Inserts in Hobby & e-Pack,20,,,,,,,2024-25 CHL Hockey Checklist,2024-25-chl-hockey-checklist
,,http://upperdeck.com/checklist/2024-25-chl-hockey-checklist/,2025-12-24T04:16:46.169Z,High Gloss Parallel,1,Oliver Bonk,London,Knights,,10,Random Inserts in Hobby & e-Pack,20,,,,,,,2024-25 CHL Hockey Checklist,2024-25-chl-hockey-checklist
,,http://upperdeck.com/checklist/2024-25-chl-hockey-checklist/,2025-12-24T04:16:46.169Z,High Gloss Parallel,2,Tyler MacKenzie,Everett,Silvertips,,10,Random Inserts in Hobby & e-Pack,20,,,,,,,2024-25 CHL Hockey Checklist,2024-25-chl-hockey-checklist
,,http://upperdeck.com/checklist/2024-25-chl-hockey-checklist/,2025-12-24T04:16:46.169Z,High Gloss Parallel,3,Jules Boilard,Baie-Comeau,Drakkar,,10,Random Inserts in Hobby & e-Pack,20,,,,,,,2024-25 CHL Hockey Checklist,2024-25-chl-hockey-checklist
,,http://upperdeck.com/checklist/2024-25-chl-hockey-checklist/,2025-12-24T04:16:46.169Z,High Gloss Parallel,4,Kevin He,Niagara,IceDogs,,10,Random Inserts in Hobby & e-Pack,20,,,,,,,2024-25 CHL Hockey Checklist,2024-25-chl-hockey-checklist
,,http://upperdeck.com/checklist/2024-25-chl-hockey-checklist/,2025-12-24T04:16:46.169Z,High Gloss Parallel,5,Clarke Caswell,Swift Current,Broncos,,10,Random Inserts in Hobby & e-Pack,20,,,,,,,2024-25 CHL Hockey Checklist,2024-25-chl-hockey-checklist
,,http://upperdeck.com/checklist/2024-25-chl-hockey-checklist/,2025-12-24T04:16:46.169Z,High Gloss Parallel,6,Felix Lacerte,Shawinigan,Cataractes,,10,Random Inserts in Hobby & e-Pack,20,,,,,,,2024-25 CHL Hockey Checklist,2024-25-chl-hockey-checklist
,,http://upperdeck.com/checklist/2024-25-chl-hockey-checklist/,2025-12-24T04:16:46.169Z,High Gloss Parallel,7,Ethan Belchetz,Windsor,Spitfires,,10,Random Inserts in Hobby & e-Pack,20,,,,,,,2024-25 CHL Hockey Checklist,2024-25-chl-hockey-checklist
,,http://upperdeck.com/checklist/2024-25-chl-hockey-checklist/,2025-12-24T04:16:46.169Z,High Gloss Parallel,8,Dominik Rymon,Everett,Silvertips,,10,Random Inserts in Hobby & e-Pack,20,,,,,,,2024-25 CHL Hockey Checklist,2024-25-chl-hockey-checklist
,,http://upperdeck.com/checklist/2024-25-chl-hockey-checklist/,2025-12-24T04:16:46.169Z,High Gloss Parallel,9,Emmanuel Vermette,Chicoutimi,Sagueneens,,10,Random Inserts in Hobby & e-Pack,20,,,,,,,2024-25 CHL Hockey Checklist,2024-25-chl-hockey-checklist
,,http://upperdeck.com/checklist/2024-25-chl-hockey-checklist/,2025-12-24T04:16:46.169Z,High Gloss Parallel,10,Beau Jelsma,Barrie,Colts,,10,Random Inserts in Hobby & e-Pack,20,,,,,,,2024-25 CHL Hockey Checklist,2024-25-chl-hockey-checklist
,,http://upperdeck.com/checklist/2024-25-chl-hockey-checklist/,2025-12-24T04:16:46.169Z,High Gloss Parallel,11,Carson Wetsch,Calgary,Flames,,10,Random Inserts in Hobby & e-Pack,20,,,,,,,2024-25 CHL Hockey Checklist,2024-25-chl-hockey-checklist
,,http://upperdeck.com/checklist/2024-25-chl-hockey-checklist/,2025-12-24T04:16:46.169Z,High Gloss Parallel,12,Matthew Butler,Charlottetown,Islanders,,10,Random Inserts in Hobby & e-Pack,20,,,,,,,2024-25 CHL Hockey Checklist,2024-25-chl-hockey-checklist
,,http://upperdeck.com/checklist/2024-25-chl-hockey-checklist/,2025-12-24T04:16:46.169Z,High Gloss Parallel,13,Dylan Edwards,Erie,Otters,,10,Random Inserts in Hobby & e-Pack,20,,,,,,,2024-25 CHL Hockey Checklist,2024-25-chl-hockey-checklist
,,http://upperdeck.com/checklist/2024-25-chl-hockey-checklist/,2025-12-24T04:16:46.169Z,High Gloss Parallel,14,Max Graham,Kelowna,Rockets,,10,Random Inserts in Hobby & e-Pack,20,,,,,,,2024-25 CHL Hockey Checklist,2024-25-chl-hockey-checklist
,,http://upperdeck.com/checklist/2024-25-chl-hockey-checklist/,2025-12-24T04:16:46.169Z,High Gloss Parallel,15,Nathan Baril,Drummondville,Voltigeurs,,10,Random Inserts in Hobby & e-Pack,20,,,,,,,2024-25 CHL Hockey Checklist,2024-25-chl-hockey-checklist
,,http://upperdeck.com/checklist/2024-25-chl-hockey-checklist/,2025-12-24T04:16:46.169Z,High Gloss Parallel,16,Calem Mangone,Saginaw,Spirit,,10,Random Inserts in Hobby & e-Pack,20,,,,,,,2024-25 CHL Hockey Checklist,2024-25-chl-hockey-checklist
,,http://upperdeck.com/checklist/2024-25-chl-hockey-checklist/,2025-12-24T04:16:46.169Z,High Gloss Parallel,17,Brady Birnie,Swift Current,Broncos,,10,Random Inserts in Hobby & e-Pack,20,,,,,,,2024-25 CHL Hockey Checklist,2024-25-chl-hockey-checklist
,,http://upperdeck.com/checklist/2024-25-chl-hockey-checklist/,2025-12-24T04:16:46.169Z,High Gloss Parallel,18,Vince Elie,Shawinigan,Cataractes,,10,Random Inserts in Hobby & e-Pack,20,,,,,,,2024-25 CHL Hockey Checklist,2024-25-chl-hockey-checklist
,,http://upperdeck.com/checklist/2024-25-chl-hockey-checklist/,2025-12-24T04:16:46.169Z,High Gloss Parallel,19,Jacob Oster,Oshawa,Generals,,10,Random Inserts in Hobby & e-Pack,20,,,,,,,2024-25 CHL Hockey Checklist,2024-25-chl-hockey-checklist
,,http://upperdeck.com/checklist/2024-25-chl-hockey-checklist/,2025-12-24T04:16:46.169Z,High Gloss Parallel,20,Ty Halaburda,Vancouver,Giants,,10,Random Inserts in Hobby & e-Pack,20,,,,,,,2024-25 CHL Hockey Checklist,2024-25-chl-hockey-checklist
,,http://upperdeck.com/checklist/2024-25-chl-hockey-checklist/,2025-12-24T04:16:46.169Z,High Gloss Parallel,21,Yoan Loshing,Shawinigan,Cataractes,,10,Random Inserts in Hobby & e-Pack,20,,,,,,,2024-25 CHL Hockey Checklist,2024-25-chl-hockey-checklist
,,http://upperdeck.com/checklist/2024-25-chl-hockey-checklist/,2025-12-24T04:16:46.169Z,High Gloss Parallel,22,Cedrick Guindon,Kingston,Frontenacs,,10,Random Inserts in Hobby & e-Pack,20,,,,,,,2024-25 CHL Hockey Checklist,2024-25-chl-hockey-checklist
,,http://upperdeck.com/checklist/2024-25-chl-hockey-checklist/,2025-12-24T04:16:46.169Z,High Gloss Parallel,23,Cole Reschny,Victoria,Royals,,10,Random Inserts in Hobby & e-Pack,20,,,,,,,2024-25 CHL Hockey Checklist,2024-25-chl-hockey-checklist
,,http://upperdeck.com/checklist/2024-25-chl-hockey-checklist/,2025-12-24T04:16:46.169Z,High Gloss Parallel,24,Paille Julien,Gatineau,Olympiques,,10,Random Inserts in Hobby & e-Pack,20,,,,,,,2024-25 CHL Hockey Checklist,2024-25-chl-hockey-checklist
,,http://upperdeck.com/checklist/2024-25-chl-hockey-checklist/,2025-12-24T04:16:46.169Z,High Gloss Parallel,25,Cam Allen,London,Knights,,10,Random Inserts in Hobby & e-Pack,20,,,,,,,2024-25 CHL Hockey Checklist,2024-25-chl-hockey-checklist
,,http://upperdeck.com/checklist/2024-25-chl-hockey-checklist/,2025-12-24T04:16:46.169Z,High Gloss Parallel,26,Logan McCutcheon,Lethbridge,Hurricanes,,10,Random Inserts in Hobby & e-Pack,20,,,,,,,2024-25 CHL Hockey Checklist,2024-25-chl-hockey-checklist
,,http://upperdeck.com/checklist/2024-25-chl-hockey-checklist/,2025-12-24T04:16:46.169Z,High Gloss Parallel,27,Mael St-Denis,Rimouski,Oceanic,,10,Random Inserts in Hobby & e-Pack,20,,,,,,,2024-25 CHL Hockey Checklist,2024-25-chl-hockey-checklist
,,http://upperdeck.com/checklist/2024-25-chl-hockey-checklist/,2025-12-24T04:16:46.169Z,High Gloss Parallel,28,Patrick Thomas,Brantford,Bulldogs,,10,Random Inserts in Hobby & e-Pack,20,,,,,,,2024-25 CHL Hockey Checklist,2024-25-chl-hockey-checklist
,,http://upperdeck.com/checklist/2024-25-chl-hockey-checklist/,2025-12-24T04:16:46.169Z,High Gloss Parallel,29,Gavin Hodnett,Edmonton,Oil Kings,,10,Random Inserts in Hobby & e-Pack,20,,,,,,,2024-25 CHL Hockey Checklist,2024-25-chl-hockey-checklist
,,http://upperdeck.com/checklist/2024-25-chl-hockey-checklist/,2025-12-24T04:16:46.169Z,High Gloss Parallel,30,Nate Tivey,Saint John,Sea Dogs,,10,Random Inserts in Hobby & e-Pack,20,,,,,,,2024-25 CHL Hockey Checklist,2024-25-chl-hockey-checklist
,,http://upperdeck.com/checklist/2024-25-chl-hockey-checklist/,2025-12-24T04:16:46.169Z,High Gloss Parallel,31,Jacob Julien,London,Knights,,10,Random Inserts in Hobby & e-Pack,20,,,,,,,2024-25 CHL Hockey Checklist,2024-25-chl-hockey-checklist
,,http://upperdeck.com/checklist/2024-25-chl-hockey-checklist/,2025-12-24T04:16:46.169Z,High Gloss Parallel,32,Miguel Marques,Lethbridge,Hurricanes,,10,Random Inserts in Hobby & e-Pack,20,,,,,,,2024-25 CHL Hockey Checklist,2024-25-chl-hockey-checklist
,,http://upperdeck.com/checklist/2024-25-chl-hockey-checklist/,2025-12-24T04:16:46.169Z,High Gloss Parallel,33,Jacob Newcombe,Cape Breton,Eagles,,10,Random Inserts in Hobby & e-Pack,20,,,,,,,2024-25 CHL Hockey Checklist,2024-25-chl-hockey-checklist
,,http://upperdeck.com/checklist/2024-25-chl-hockey-checklist/,2025-12-24T04:16:46.169Z,High Gloss Parallel,34,Nolan Collins,Flint,Firebirds,,10,Random Inserts in Hobby & e-Pack,20,,,,,,,2024-25 CHL Hockey Checklist,2024-25-chl-hockey-checklist
,,http://upperdeck.com/checklist/2024-25-chl-hockey-checklist/,2025-12-24T04:16:46.169Z,High Gloss Parallel,35,Tyson Jugnauth,Portland,Winterhawks,,10,Random Inserts in Hobby & e-Pack,20,,,,,,,2024-25 CHL Hockey Checklist,2024-25-chl-hockey-checklist
,,http://upperdeck.com/checklist/2024-25-chl-hockey-checklist/,2025-12-24T04:16:46.169Z,High Gloss Parallel,36,Mathis Rousseau,Moncton,Wildcats,,10,Random Inserts in Hobby & e-Pack,20,,,,,,,2024-25 CHL Hockey Checklist,2024-25-chl-hockey-checklist
,,http://upperdeck.com/checklist/2024-25-chl-hockey-checklist/,2025-12-24T04:16:46.169Z,High Gloss Parallel,37,Sam Alfano,Erie,Otters,,10,Random Inserts in Hobby & e-Pack,20,,,,,,,2024-25 CHL Hockey Checklist,2024-25-chl-hockey-checklist
,,http://upperdeck.com/checklist/2024-25-chl-hockey-checklist/,2025-12-24T04:16:46.169Z,High Gloss Parallel,38,Austin Elliot,London,Knights,,10,Random Inserts in Hobby & e-Pack,20,,,,,,,2024-25 CHL Hockey Checklist,2024-25-chl-hockey-checklist
,,http://upperdeck.com/checklist/2024-25-chl-hockey-checklist/,2025-12-24T04:16:46.169Z,High Gloss Parallel,39,Emile Guite,Chicoutimi,Sagueneens,,10,Random Inserts in Hobby & e-Pack,20,,,,,,,2024-25 CHL Hockey Checklist,2024-25-chl-hockey-checklist
,,http://upperdeck.com/checklist/2024-25-chl-hockey-checklist/,2025-12-24T04:16:46.169Z,High Gloss Parallel,40,Cameron Reid,Kitchener,Rangers,,10,Random Inserts in Hobby & e-Pack,20,,,,,,,2024-25 CHL Hockey Checklist,2024-25-chl-hockey-checklist
,,http://upperdeck.com/checklist/2024-25-chl-hockey-checklist/,2025-12-24T04:16:46.169Z,High Gloss Parallel,41,Jackson Unger,Lethbridge,Hurricanes,,10,Random Inserts in Hobby & e-Pack,20,,,,,,,2024-25 CHL Hockey Checklist,2024-25-chl-hockey-checklist
,,http://upperdeck.com/checklist/2024-25-chl-hockey-checklist/,2025-12-24T04:16:46.169Z,High Gloss Parallel,42,Luke Woodworth,Drummondville,Voltigeurs,,10,Random Inserts in Hobby & e-Pack,20,,,,,,,2024-25 CHL Hockey Checklist,2024-25-chl-hockey-checklist
,,http://upperdeck.com/checklist/2024-25-chl-hockey-checklist/,2025-12-24T04:16:46.169Z,High Gloss Parallel,43,Ilya Protas,Windsor,Spitfires,,10,Random Inserts in Hobby & e-Pack,20,,,,,,,2024-25 CHL Hockey Checklist,2024-25-chl-hockey-checklist
,,http://upperdeck.com/checklist/2024-25-chl-hockey-checklist/,2025-12-24T04:16:46.169Z,High Gloss Parallel,44,Tarin Smith,Everett,Silvertips,,10,Random Inserts in Hobby & e-Pack,20,,,,,,,2024-25 CHL Hockey Checklist,2024-25-chl-hockey-checklist
,,http://upperdeck.com/checklist/2024-25-chl-hockey-checklist/,2025-12-24T04:16:46.169Z,High Gloss Parallel,45,Justin Carbonneau,Blainville-Boisbriand,Armada,,10,Random Inserts in Hobby & e-Pack,20,,,,,,,2024-25 CHL Hockey Checklist,2024-25-chl-hockey-checklist
,,http://upperdeck.com/checklist/2024-25-chl-hockey-checklist/,2025-12-24T04:16:46.169Z,High Gloss Parallel,46,Cole Beaudoin,Barrie,Colts,,10,Random Inserts in Hobby & e-Pack,20,,,,,,,2024-25 CHL Hockey Checklist,2024-25-chl-hockey-checklist
,,http://upperdeck.com/checklist/2024-25-chl-hockey-checklist/,2025-12-24T04:16:46.169Z,High Gloss Parallel,47,Aiden Oiring,Prince Albert,Raiders,,10,Random Inserts in Hobby & e-Pack,20,,,,,,,2024-25 CHL Hockey Checklist,2024-25-chl-hockey-checklist
,,http://upperdeck.com/checklist/2024-25-chl-hockey-checklist/,2025-12-24T04:16:46.169Z,High Gloss Parallel,48,Julius Sumpf,Moncton,Wildcats,,10,Random Inserts in Hobby & e-Pack,20,,,,,,,2024-25 CHL Hockey Checklist,2024-25-chl-hockey-checklist
,,http://upperdeck.com/checklist/2024-25-chl-hockey-checklist/,2025-12-24T04:16:46.169Z,High Gloss Parallel,49,Ryan Roobroeck,Niagara,IceDogs,,10,Random Inserts in Hobby & e-Pack,20,,,,,,,2024-25 CHL Hockey Checklist,2024-25-chl-hockey-checklist
,,http://upperdeck.com/checklist/2024-25-chl-hockey-checklist/,2025-12-24T04:16:46.169Z,High Gloss Parallel,50,Jackson Smith,Tri-City,Americans,,10,Random Inserts in Hobby & e-Pack,20,,,,,,,2024-25 CHL Hockey Checklist,2024-25-chl-hockey-checklist
,,http://upperdeck.com/checklist/2024-25-chl-hockey-checklist/,2025-12-24T04:16:46.169Z,High Gloss Parallel,51,Olivier Houde,Victoriaville,Tigres,,10,Random Inserts in Hobby & e-Pack,20,,,,,,,2024-25 CHL Hockey Checklist,2024-25-chl-hockey-checklist
,,http://upperdeck.com/checklist/2024-25-chl-hockey-checklist/,2025-12-24T04:16:46.169Z,High Gloss Parallel,52,Nick Lardis,Brantford,Bulldogs,,10,Random Inserts in Hobby & e-Pack,20,,,,,,,2024-25 CHL Hockey Checklist,2024-25-chl-hockey-checklist
,,http://upperdeck.com/checklist/2024-25-chl-hockey-checklist/,2025-12-24T04:16:46.169Z,High Gloss Parallel,53,Tanner Scott,Saskatoon,Blades,,10,Random Inserts in Hobby & e-Pack,20,,,,,,,2024-25 CHL Hockey Checklist,2024-25-chl-hockey-checklist
,,http://upperdeck.com/checklist/2024-25-chl-hockey-checklist/,2025-12-24T04:16:46.169Z,High Gloss Parallel,54,Colby Huggan,Acadie-Bathurst,Titan,,10,Random Inserts in Hobby & e-Pack,20,,,,,,,2024-25 CHL Hockey Checklist,2024-25-chl-hockey-checklist
,,http://upperdeck.com/checklist/2024-25-chl-hockey-checklist/,2025-12-24T04:16:46.169Z,High Gloss Parallel,55,Tyler Challenger,Erie,Otters,,10,Random Inserts in Hobby & e-Pack,20,,,,,,,2024-25 CHL Hockey Checklist,2024-25-chl-hockey-checklist
,,http://upperdeck.com/checklist/2024-25-chl-hockey-checklist/,2025-12-24T04:16:46.169Z,High Gloss Parallel,56,Brandon Lisowsky,Victoria,Royals,,10,Random Inserts in Hobby & e-Pack,20,,,,,,,2024-25 CHL Hockey Checklist,2024-25-chl-hockey-checklist
,,http://upperdeck.com/checklist/2024-25-chl-hockey-checklist/,2025-12-24T04:16:46.169Z,High Gloss Parallel,57,Bill Zonnon,Rouyn-Noranda,Huskies,,10,Random Inserts in Hobby & e-Pack,20,,,,,,,2024-25 CHL Hockey Checklist,2024-25-chl-hockey-checklist
,,http://upperdeck.com/checklist/2024-25-chl-hockey-checklist/,2025-12-24T04:16:46.169Z,High Gloss Parallel,58,Denver Barkey,London,Knights,,10,Random Inserts in Hobby & e-Pack,20,,,,,,,2024-25 CHL Hockey Checklist,2024-25-chl-hockey-checklist
,,http://upperdeck.com/checklist/2024-25-chl-hockey-checklist/,2025-12-24T04:16:46.170Z,High Gloss Parallel,59,Vincent Collard,Moncton,Wildcats,,10,Random Inserts in Hobby & e-Pack,20,,,,,,,2024-25 CHL Hockey Checklist,2024-25-chl-hockey-checklist
,,http://upperdeck.com/checklist/2024-25-chl-hockey-checklist/,2025-12-24T04:16:46.170Z,High Gloss Parallel,60,Luca Marrelli,Oshawa,Generals,,10,Random Inserts in Hobby & e-Pack,20,,,,,,,2024-25 CHL Hockey Checklist,2024-25-chl-hockey-checklist
,,http://upperdeck.com/checklist/2024-25-chl-hockey-checklist/,2025-12-24T04:16:46.170Z,High Gloss Parallel,61,Tanner Molendyk,Medicine Hat,Tigers,,10,Random Inserts in Hobby & e-Pack,20,,,,,,,2024-25 CHL Hockey Checklist,2024-25-chl-hockey-checklist
,,http://upperdeck.com/checklist/2024-25-chl-hockey-checklist/,2025-12-24T04:16:46.170Z,High Gloss Parallel,62,Jeremy Leroux,Val-d'Or,Foreurs,,10,Random Inserts in Hobby & e-Pack,20,,,,,,,2024-25 CHL Hockey Checklist,2024-25-chl-hockey-checklist
,,http://upperdeck.com/checklist/2024-25-chl-hockey-checklist/,2025-12-24T04:16:46.170Z,High Gloss Parallel,63,Owen Van Steensel,North Bay,Battalion,,10,Random Inserts in Hobby & e-Pack,20,,,,,,,2024-25 CHL Hockey Checklist,2024-25-chl-hockey-checklist
,,http://upperdeck.com/checklist/2024-25-chl-hockey-checklist/,2025-12-24T04:16:46.170Z,High Gloss Parallel,64,Tanner Howe,Calgary,Hitmen,,10,Random Inserts in Hobby & e-Pack,20,,,,,,,2024-25 CHL Hockey Checklist,2024-25-chl-hockey-checklist
,,http://upperdeck.com/checklist/2024-25-chl-hockey-checklist/,2025-12-24T04:16:46.170Z,High Gloss Parallel,65,Carey Terrance,Erie,Otters,,10,Random Inserts in Hobby & e-Pack,20,,,,,,,2024-25 CHL Hockey Checklist,2024-25-chl-hockey-checklist
,,http://upperdeck.com/checklist/2024-25-chl-hockey-checklist/,2025-12-24T04:16:46.170Z,High Gloss Parallel,66,Lewis Gendron,Cape Breton,Screaming Eagles,,10,Random Inserts in Hobby & e-Pack,20,,,,,,,2024-25 CHL Hockey Checklist,2024-25-chl-hockey-checklist
,,http://upperdeck.com/checklist/2024-25-chl-hockey-checklist/,2025-12-24T04:16:46.170Z,High Gloss Parallel,67,Adrian Misaljevic,Kitchener,Rangers,,10,Random Inserts in Hobby & e-Pack,20,,,,,,,2024-25 CHL Hockey Checklist,2024-25-chl-hockey-checklist
,,http://upperdeck.com/checklist/2024-25-chl-hockey-checklist/,2025-12-24T04:16:46.170Z,High Gloss Parallel,68,Hiroki Gojsic,Kelowna,Rockets,,10,Random Inserts in Hobby & e-Pack,20,,,,,,,2024-25 CHL Hockey Checklist,2024-25-chl-hockey-checklist
,,http://upperdeck.com/checklist/2024-25-chl-hockey-checklist/,2025-12-24T04:16:46.170Z,High Gloss Parallel,69,Thomas Desruisseaux,Chicoutimi,Sagueneens,,10,Random Inserts in Hobby & e-Pack,20,,,,,,,2024-25 CHL Hockey Checklist,2024-25-chl-hockey-checklist
,,http://upperdeck.com/checklist/2024-25-chl-hockey-checklist/,2025-12-24T04:16:46.170Z,High Gloss Parallel,70,Anthony Cristoforo,Windsor,Spitfires,,10,Random Inserts in Hobby & e-Pack,20,,,,,,,2024-25 CHL Hockey Checklist,2024-25-chl-hockey-checklist
,,http://upperdeck.com/checklist/2024-25-chl-hockey-checklist/,2025-12-24T04:16:46.170Z,High Gloss Parallel,71,Kyle Chyzowski,Portland,Winterhawks,,10,Random Inserts in Hobby & e-Pack,20,,,,,,,2024-25 CHL Hockey Checklist,2024-25-chl-hockey-checklist
,,http://upperdeck.com/checklist/2024-25-chl-hockey-checklist/,2025-12-24T04:16:46.170Z,High Gloss Parallel,72,Anthony Romani,Barrie,Colts,,10,Random Inserts in Hobby & e-Pack,20,,,,,,,2024-25 CHL Hockey Checklist,2024-25-chl-hockey-checklist
,,http://upperdeck.com/checklist/2024-25-chl-hockey-checklist/,2025-12-24T04:16:46.170Z,High Gloss Parallel,73,Louis-Francois Belanger,Acadie-Bathurst,Titan,,10,Random Inserts in Hobby & e-Pack,20,,,,,,,2024-25 CHL Hockey Checklist,2024-25-chl-hockey-checklist
,,http://upperdeck.com/checklist/2024-25-chl-hockey-checklist/,2025-12-24T04:16:46.170Z,High Gloss Parallel,74,Emil Hemming,Barrie,Colts,,10,Random Inserts in Hobby & e-Pack,20,,,,,,,2024-25 CHL Hockey Checklist,2024-25-chl-hockey-checklist
,,http://upperdeck.com/checklist/2024-25-chl-hockey-checklist/,2025-12-24T04:16:46.170Z,High Gloss Parallel,75,Josh Fluker,Wenatchee,Wild,,10,Random Inserts in Hobby & e-Pack,20,,,,,,,2024-25 CHL Hockey Checklist,2024-25-chl-hockey-checklist
,,http://upperdeck.com/checklist/2024-25-chl-hockey-checklist/,2025-12-24T04:16:46.170Z,High Gloss Parallel,76,Thomas Verdon,Rouyn-Noranda,Huskies,,10,Random Inserts in Hobby & e-Pack,20,,,,,,,2024-25 CHL Hockey Checklist,2024-25-chl-hockey-checklist
,,http://upperdeck.com/checklist/2024-25-chl-hockey-checklist/,2025-12-24T04:16:46.170Z,High Gloss Parallel,77,Jack Ivankovic,Brampton,Steelheads,,10,Random Inserts in Hobby & e-Pack,20,,,,,,,2024-25 CHL Hockey Checklist,2024-25-chl-hockey-checklist
,,http://upperdeck.com/checklist/2024-25-chl-hockey-checklist/,2025-12-24T04:16:46.170Z,High Gloss Parallel,78,Borya Valis,Prince George,Cougars,,10,Random Inserts in Hobby & e-Pack,20,,,,,,,2024-25 CHL Hockey Checklist,2024-25-chl-hockey-checklist
,,http://upperdeck.com/checklist/2024-25-chl-hockey-checklist/,2025-12-24T04:16:46.170Z,High Gloss Parallel,79,Mael Lavigne,Rimouski,Oceanic,,10,Random Inserts in Hobby & e-Pack,20,,,,,,,2024-25 CHL Hockey Checklist,2024-25-chl-hockey-checklist
,,http://upperdeck.com/checklist/2024-25-chl-hockey-checklist/,2025-12-24T04:16:46.170Z,High Gloss Parallel,80,Christopher Thibodeau,Flint,Firebirds,,10,Random Inserts in Hobby & e-Pack,20,,,,,,,2024-25 CHL Hockey Checklist,2024-25-chl-hockey-checklist
,,http://upperdeck.com/checklist/2024-25-chl-hockey-checklist/,2025-12-24T04:16:46.170Z,High Gloss Parallel,81,Shea Van Olm,Spokane,Chiefs,,10,Random Inserts in Hobby & e-Pack,20,,,,,,,2024-25 CHL Hockey Checklist,2024-25-chl-hockey-checklist
,,http://upperdeck.com/checklist/2024-25-chl-hockey-checklist/,2025-12-24T04:16:46.170Z,High Gloss Parallel,82,Matthew Schaefer,Erie,Otters,,10,Random Inserts in Hobby & e-Pack,20,,,,,,,2024-25 CHL Hockey Checklist,2024-25-chl-hockey-checklist
,,http://upperdeck.com/checklist/2024-25-chl-hockey-checklist/,2025-12-24T04:16:46.170Z,High Gloss Parallel,83,Brayden Edwards,Lethbridge,Hurricanes,,10,Random Inserts in Hobby & e-Pack,20,,,,,,,2024-25 CHL Hockey Checklist,2024-25-chl-hockey-checklist
,,http://upperdeck.com/checklist/2024-25-chl-hockey-checklist/,2025-12-24T04:16:46.170Z,High Gloss Parallel,84,Nick DeAngelis,Sudbury,Wolves,,10,Random Inserts in Hobby & e-Pack,20,,,,,,,2024-25 CHL Hockey Checklist,2024-25-chl-hockey-checklist
,,http://upperdeck.com/checklist/2024-25-chl-hockey-checklist/,2025-12-24T04:16:46.170Z,High Gloss Parallel,85,Joshua Ravensbergen,Prince George,Cougars,,10,Random Inserts in Hobby & e-Pack,20,,,,,,,2024-25 CHL Hockey Checklist,2024-25-chl-hockey-checklist
,,http://upperdeck.com/checklist/2024-25-chl-hockey-checklist/,2025-12-24T04:16:46.170Z,High Gloss Parallel,86,Aiden O'Donnell,Brantford,Bulldogs,,10,Random Inserts in Hobby & e-Pack,20,,,,,,,2024-25 CHL Hockey Checklist,2024-25-chl-hockey-checklist
,,http://upperdeck.com/checklist/2024-25-chl-hockey-checklist/,2025-12-24T04:16:46.170Z,High Gloss Parallel,87,Riley Mercer,Drummondville,Voltigeurs,,10,Random Inserts in Hobby & e-Pack,20,,,,,,,2024-25 CHL Hockey Checklist,2024-25-chl-hockey-checklist
,,http://upperdeck.com/checklist/2024-25-chl-hockey-checklist/,2025-12-24T04:16:46.170Z,High Gloss Parallel,88,Trent Swick,Kitchener,Rangers,,10,Random Inserts in Hobby & e-Pack,20,,,,,,,2024-25 CHL Hockey Checklist,2024-25-chl-hockey-checklist
,,http://upperdeck.com/checklist/2024-25-chl-hockey-checklist/,2025-12-24T04:16:46.170Z,High Gloss Parallel,89,Luke Mistelbacher,Swift Current,Broncos,,10,Random Inserts in Hobby & e-Pack,20,,,,,,,2024-25 CHL Hockey Checklist,2024-25-chl-hockey-checklist
,,http://upperdeck.com/checklist/2024-25-chl-hockey-checklist/,2025-12-24T04:16:46.170Z,High Gloss Parallel,90,Ryan Abraham,Windsor,Spitfires,,10,Random Inserts in Hobby & e-Pack,20,,,,,,,2024-25 CHL Hockey Checklist,2024-25-chl-hockey-checklist
,,http://upperdeck.com/checklist/2024-25-chl-hockey-checklist/,2025-12-24T04:16:46.170Z,High Gloss Parallel,91,Diego Buttazzoni,Portland,Winterhawks,,10,Random Inserts in Hobby & e-Pack,20,,,,,,,2024-25 CHL Hockey Checklist,2024-25-chl-hockey-checklist
,,http://upperdeck.com/checklist/2024-25-chl-hockey-checklist/,2025-12-24T04:16:46.170Z,High Gloss Parallel,92,Jack Nesbitt,Windsor,Spitfires,,10,Random Inserts in Hobby & e-Pack,20,,,,,,,2024-25 CHL Hockey Checklist,2024-25-chl-hockey-checklist
,,http://upperdeck.com/checklist/2024-25-chl-hockey-checklist/,2025-12-24T04:16:46.170Z,High Gloss Parallel,93,Braeden Cootes,Seattle,Thunderbirds,,10,Random Inserts in Hobby & e-Pack,20,,,,,,,2024-25 CHL Hockey Checklist,2024-25-chl-hockey-checklist
,,http://upperdeck.com/checklist/2024-25-chl-hockey-checklist/,2025-12-24T04:16:46.170Z,High Gloss Parallel,94,Pano Fimis,Erie,Otters,,10,Random Inserts in Hobby & e-Pack,20,,,,,,,2024-25 CHL Hockey Checklist,2024-25-chl-hockey-checklist
,,http://upperdeck.com/checklist/2024-25-chl-hockey-checklist/,2025-12-24T04:16:46.170Z,High Gloss Parallel,95,Raoul Boilard,Baie-Comeau,Drakkar,,10,Random Inserts in Hobby & e-Pack,20,,,,,,,2024-25 CHL Hockey Checklist,2024-25-chl-hockey-checklist
,,http://upperdeck.com/checklist/2024-25-chl-hockey-checklist/,2025-12-24T04:16:46.170Z,High Gloss Parallel,96,Angus MacDonell,Brampton,Steelheads,,10,Random Inserts in Hobby & e-Pack,20,,,,,,,2024-25 CHL Hockey Checklist,2024-25-chl-hockey-checklist
,,http://upperdeck.com/checklist/2024-25-chl-hockey-checklist/,2025-12-24T04:16:46.170Z,High Gloss Parallel,97,Julius Miettinen,Everett,Silvertips,,10,Random Inserts in Hobby & e-Pack,20,,,,,,,2024-25 CHL Hockey Checklist,2024-25-chl-hockey-checklist
,,http://upperdeck.com/checklist/2024-25-chl-hockey-checklist/,2025-12-24T04:16:46.170Z,High Gloss Parallel,98,Riley Patterson,Barrie,Colts,,10,Random Inserts in Hobby & e-Pack,20,,,,,,,2024-25 CHL Hockey Checklist,2024-25-chl-hockey-checklist
,,http://upperdeck.com/checklist/2024-25-chl-hockey-checklist/,2025-12-24T04:16:46.170Z,High Gloss Parallel,99,Maxim Masse,Chicoutimi,Sagueneens,,10,Random Inserts in Hobby & e-Pack,20,,,,,,,2024-25 CHL Hockey Checklist,2024-25-chl-hockey-checklist
,,http://upperdeck.com/checklist/2024-25-chl-hockey-checklist/,2025-12-24T04:16:46.170Z,High Gloss Parallel,100,Jacob Battaglia,Kingston,Frontenacs,,10,Random Inserts in Hobby & e-Pack,20,,,,,,,2024-25 CHL Hockey Checklist,2024-25-chl-hockey-checklist
,,http://upperdeck.com/checklist/2024-25-chl-hockey-checklist/,2025-12-24T04:16:46.170Z,High Gloss Parallel,101,Gavin Bryant,Peterborough,Petes,,10,Random Inserts in Hobby & e-Pack,20,,,,,,,2024-25 CHL Hockey Checklist,2024-25-chl-hockey-checklist
,,http://upperdeck.com/checklist/2024-25-chl-hockey-checklist/,2025-12-24T04:16:46.170Z,High Gloss Parallel,102,Rylen Roersma,Edmonton,Oil Kings,,10,Random Inserts in Hobby & e-Pack,20,,,,,,,2024-25 CHL Hockey Checklist,2024-25-chl-hockey-checklist
,,http://upperdeck.com/checklist/2024-25-chl-hockey-checklist/,2025-12-24T04:16:46.170Z,High Gloss Parallel,103,Alexis Bernier,Baie-Comeau,Drakkar,,10,Random Inserts in Hobby & e-Pack,20,,,,,,,2024-25 CHL Hockey Checklist,2024-25-chl-hockey-checklist
,,http://upperdeck.com/checklist/2024-25-chl-hockey-checklist/,2025-12-24T04:16:46.170Z,High Gloss Parallel,104,Wil McFadden,Guelph,Storm,,10,Random Inserts in Hobby & e-Pack,20,,,,,,,2024-25 CHL Hockey Checklist,2024-25-chl-hockey-checklist
,,http://upperdeck.com/checklist/2024-25-chl-hockey-checklist/,2025-12-24T04:16:46.170Z,High Gloss Parallel,105,Miles Cooper,Wenatchee,Wild,,10,Random Inserts in Hobby & e-Pack,20,,,,,,,2024-25 CHL Hockey Checklist,2024-25-chl-hockey-checklist
,,http://upperdeck.com/checklist/2024-25-chl-hockey-checklist/,2025-12-24T04:16:46.170Z,High Gloss Parallel,106,Eriks Mateiko,Rimouski,Oceanic,,10,Random Inserts in Hobby & e-Pack,20,,,,,,,2024-25 CHL Hockey Checklist,2024-25-chl-hockey-checklist
,,http://upperdeck.com/checklist/2024-25-chl-hockey-checklist/,2025-12-24T04:16:46.170Z,High Gloss Parallel,107,Kristian Epperson,Saginaw,Spirit,,10,Random Inserts in Hobby & e-Pack,20,,,,,,,2024-25 CHL Hockey Checklist,2024-25-chl-hockey-checklist
,,http://upperdeck.com/checklist/2024-25-chl-hockey-checklist/,2025-12-24T04:16:46.170Z,High Gloss Parallel,108,Tyler Thorpe,Vancouver,Giants,,10,Random Inserts in Hobby & e-Pack,20,,,,,,,2024-25 CHL Hockey Checklist,2024-25-chl-hockey-checklist
,,http://upperdeck.com/checklist/2024-25-chl-hockey-checklist/,2025-12-24T04:16:46.170Z,High Gloss Parallel,109,Simon Hughes,Charlottetown,Islanders,,10,Random Inserts in Hobby & e-Pack,20,,,,,,,2024-25 CHL Hockey Checklist,2024-25-chl-hockey-checklist
,,http://upperdeck.com/checklist/2024-25-chl-hockey-checklist/,2025-12-24T04:16:46.170Z,High Gloss Parallel,110,Rowan Henderson,Sudbury,Wolves,,10,Random Inserts in Hobby & e-Pack,20,,,,,,,2024-25 CHL Hockey Checklist,2024-25-chl-hockey-checklist
,,http://upperdeck.com/checklist/2024-25-chl-hockey-checklist/,2025-12-24T04:16:46.170Z,High Gloss Parallel,111,Layton Feist,Kamloops,Blazers,,10,Random Inserts in Hobby & e-Pack,20,,,,,,,2024-25 CHL Hockey Checklist,2024-25-chl-hockey-checklist
,,http://upperdeck.com/checklist/2024-25-chl-hockey-checklist/,2025-12-24T04:16:46.170Z,High Gloss Parallel,112,Loic Goyette,Quebec,Remparts,,10,Random Inserts in Hobby & e-Pack,20,,,,,,,2024-25 CHL Hockey Checklist,2024-25-chl-hockey-checklist
,,http://upperdeck.com/checklist/2024-25-chl-hockey-checklist/,2025-12-24T04:16:46.170Z,High Gloss Parallel,113,Gabriel Frasca,Erie,Otters,,10,Random Inserts in Hobby & e-Pack,20,,,,,,,2024-25 CHL Hockey Checklist,2024-25-chl-hockey-checklist
,,http://upperdeck.com/checklist/2024-25-chl-hockey-checklist/,2025-12-24T04:16:46.170Z,High Gloss Parallel,114,Justice Christensen,Prince Albert,Raiders,,10,Random Inserts in Hobby & e-Pack,20,,,,,,,2024-25 CHL Hockey Checklist,2024-25-chl-hockey-checklist
,,http://upperdeck.com/checklist/2024-25-chl-hockey-checklist/,2025-12-24T04:16:46.170Z,High Gloss Parallel,115,Lucas Romeo,Cape Breton,Eagles,,10,Random Inserts in Hobby & e-Pack,20,,,,,,,2024-25 CHL Hockey Checklist,2024-25-chl-hockey-checklist
,,http://upperdeck.com/checklist/2024-25-chl-hockey-checklist/,2025-12-24T04:16:46.170Z,High Gloss Parallel,116,Jackson Parsons,Kitchener,Rangers,,10,Random Inserts in Hobby & e-Pack,20,,,,,,,2024-25 CHL Hockey Checklist,2024-25-chl-hockey-checklist
,,http://upperdeck.com/checklist/2024-25-chl-hockey-checklist/,2025-12-24T04:16:46.170Z,High Gloss Parallel,117,Tomas Mrsic,Prince Albert,Raiders,,10,Random Inserts in Hobby & e-Pack,20,,,,,,,2024-25 CHL Hockey Checklist,2024-25-chl-hockey-checklist
,,http://upperdeck.com/checklist/2024-25-chl-hockey-checklist/,2025-12-24T04:16:46.170Z,High Gloss Parallel,118,Marcus Kearsey,Charlottetown,Islanders,,10,Random Inserts in Hobby & e-Pack,20,,,,,,,2024-25 CHL Hockey Checklist,2024-25-chl-hockey-checklist
,,http://upperdeck.com/checklist/2024-25-chl-hockey-checklist/,2025-12-24T04:16:46.170Z,High Gloss Parallel,119,Zach Filak,Sarnia,Sting,,10,Random Inserts in Hobby & e-Pack,20,,,,,,,2024-25 CHL Hockey Checklist,2024-25-chl-hockey-checklist
,,http://upperdeck.com/checklist/2024-25-chl-hockey-checklist/,2025-12-24T04:16:46.170Z,High Gloss Parallel,120,Krzysztof Macias,Moose Jaw,Warriors,,10,Random Inserts in Hobby & e-Pack,20,,,,,,,2024-25 CHL Hockey Checklist,2024-25-chl-hockey-checklist
,,http://upperdeck.com/checklist/2024-25-chl-hockey-checklist/,2025-12-24T04:16:46.170Z,High Gloss Parallel,121,Spencer Gill,Rimouski,Oceanic,,10,Random Inserts in Hobby & e-Pack,20,,,,,,,2024-25 CHL Hockey Checklist,2024-25-chl-hockey-checklist
,,http://upperdeck.com/checklist/2024-25-chl-hockey-checklist/,2025-12-24T04:16:46.170Z,High Gloss Parallel,122,Martin Misiak,Erie,Otters,,10,Random Inserts in Hobby & e-Pack,20,,,,,,,2024-25 CHL Hockey Checklist,2024-25-chl-hockey-checklist
,,http://upperdeck.com/checklist/2024-25-chl-hockey-checklist/,2025-12-24T04:16:46.170Z,High Gloss Parallel,123,Cohen Klassen,Regina,Pats,,10,Random Inserts in Hobby & e-Pack,20,,,,,,,2024-25 CHL Hockey Checklist,2024-25-chl-hockey-checklist
,,http://upperdeck.com/checklist/2024-25-chl-hockey-checklist/,2025-12-24T04:16:46.170Z,High Gloss Parallel,124,Louis-Felix Charrois,Drummondville,Voltigeurs,,10,Random Inserts in Hobby & e-Pack,20,,,,,,,2024-25 CHL Hockey Checklist,2024-25-chl-hockey-checklist
,,http://upperdeck.com/checklist/2024-25-chl-hockey-checklist/,2025-12-24T04:16:46.170Z,High Gloss Parallel,125,Christopher Brown,Sault Ste. Marie,Greyhounds,,10,Random Inserts in Hobby & e-Pack,20,,,,,,,2024-25 CHL Hockey Checklist,2024-25-chl-hockey-checklist
,,http://upperdeck.com/checklist/2024-25-chl-hockey-checklist/,2025-12-24T04:16:46.170Z,High Gloss Parallel,126,Carter Bear,Everett,Silvertips,,10,Random Inserts in Hobby & e-Pack,20,,,,,,,2024-25 CHL Hockey Checklist,2024-25-chl-hockey-checklist
,,http://upperdeck.com/checklist/2024-25-chl-hockey-checklist/,2025-12-24T04:16:46.170Z,High Gloss Parallel,127,Antoine Dorion,Quebec,Remparts,,10,Random Inserts in Hobby & e-Pack,20,,,,,,,2024-25 CHL Hockey Checklist,2024-25-chl-hockey-checklist
,,http://upperdeck.com/checklist/2024-25-chl-hockey-checklist/,2025-12-24T04:16:46.170Z,High Gloss Parallel,128,Evan Van Gorp,London,Knights,,10,Random Inserts in Hobby & e-Pack,20,,,,,,,2024-25 CHL Hockey Checklist,2024-25-chl-hockey-checklist
,,http://upperdeck.com/checklist/2024-25-chl-hockey-checklist/,2025-12-24T04:16:46.170Z,High Gloss Parallel,129,Evan Friesen,Wenatchee,Wild,,10,Random Inserts in Hobby & e-Pack,20,,,,,,,2024-25 CHL Hockey Checklist,2024-25-chl-hockey-checklist
,,http://upperdeck.com/checklist/2024-25-chl-hockey-checklist/,2025-12-24T04:16:46.171Z,High Gloss Parallel,130,Jordan Tourigny,Shawinigan,Cataractes,,10,Random Inserts in Hobby & e-Pack,20,,,,,,,2024-25 CHL Hockey Checklist,2024-25-chl-hockey-checklist
,,http://upperdeck.com/checklist/2024-25-chl-hockey-checklist/,2025-12-24T04:16:46.171Z,High Gloss Parallel,131,Saige Weinstein,Spokane,Chiefs,,10,Random Inserts in Hobby & e-Pack,20,,,,,,,2024-25 CHL Hockey Checklist,2024-25-chl-hockey-checklist
,,http://upperdeck.com/checklist/2024-25-chl-hockey-checklist/,2025-12-24T04:16:46.171Z,High Gloss Parallel,132,Cole Burbidge,Cape Breton,Eagles,,10,Random Inserts in Hobby & e-Pack,20,,,,,,,2024-25 CHL Hockey Checklist,2024-25-chl-hockey-checklist
,,http://upperdeck.com/checklist/2024-25-chl-hockey-checklist/,2025-12-24T04:16:46.171Z,High Gloss Parallel,133,Charlie Paquette,Guelph,Storm,,10,Random Inserts in Hobby & e-Pack,20,,,,,,,2024-25 CHL Hockey Checklist,2024-25-chl-hockey-checklist
,,http://upperdeck.com/checklist/2024-25-chl-hockey-checklist/,2025-12-24T04:16:46.171Z,High Gloss Parallel,134,Connor Levis,Vancouver,Giants,,10,Random Inserts in Hobby & e-Pack,20,,,,,,,2024-25 CHL Hockey Checklist,2024-25-chl-hockey-checklist
,,http://upperdeck.com/checklist/2024-25-chl-hockey-checklist/,2025-12-24T04:16:46.171Z,High Gloss Parallel,135,Jiri Klima,Shawinigan,Cataractes,,10,Random Inserts in Hobby & e-Pack,20,,,,,,,2024-25 CHL Hockey Checklist,2024-25-chl-hockey-checklist
,,http://upperdeck.com/checklist/2024-25-chl-hockey-checklist/,2025-12-24T04:16:46.171Z,High Gloss Parallel,136,Ryder McIntyre,Peterborough,Petes,,10,Random Inserts in Hobby & e-Pack,20,,,,,,,2024-25 CHL Hockey Checklist,2024-25-chl-hockey-checklist
,,http://upperdeck.com/checklist/2024-25-chl-hockey-checklist/,2025-12-24T04:16:46.171Z,High Gloss Parallel,137,Sam Oremba,Spokane,Chiefs,,10,Random Inserts in Hobby & e-Pack,20,,,,,,,2024-25 CHL Hockey Checklist,2024-25-chl-hockey-checklist
,,http://upperdeck.com/checklist/2024-25-chl-hockey-checklist/,2025-12-24T04:16:46.171Z,High Gloss Parallel,138,Tomas Lavoie,Cape Breton,Screaming Eagles,,10,Random Inserts in Hobby & e-Pack,20,,,,,,,2024-25 CHL Hockey Checklist,2024-25-chl-hockey-checklist
,,http://upperdeck.com/checklist/2024-25-chl-hockey-checklist/,2025-12-24T04:16:46.171Z,High Gloss Parallel,139,Easton Wainwright,Sarnia,Sting,,10,Random Inserts in Hobby & e-Pack,20,,,,,,,2024-25 CHL Hockey Checklist,2024-25-chl-hockey-checklist
,,http://upperdeck.com/checklist/2024-25-chl-hockey-checklist/,2025-12-24T04:16:46.171Z,High Gloss Parallel,140,Reid Andresen,Wenatchee,Wild,,10,Random Inserts in Hobby & e-Pack,20,,,,,,,2024-25 CHL Hockey Checklist,2024-25-chl-hockey-checklist
,,http://upperdeck.com/checklist/2024-25-chl-hockey-checklist/,2025-12-24T04:16:46.171Z,High Gloss Parallel,141,Charles-Antoine Beauregard,Sherbrooke,Phoenix,,10,Random Inserts in Hobby & e-Pack,20,,,,,,,2024-25 CHL Hockey Checklist,2024-25-chl-hockey-checklist
,,http://upperdeck.com/checklist/2024-25-chl-hockey-checklist/,2025-12-24T04:16:46.171Z,High Gloss Parallel,142,Jake Karabela,Guelph,Storm,,10,Random Inserts in Hobby & e-Pack,20,,,,,,,2024-25 CHL Hockey Checklist,2024-25-chl-hockey-checklist
,,http://upperdeck.com/checklist/2024-25-chl-hockey-checklist/,2025-12-24T04:16:46.171Z,High Gloss Parallel,143,Gracyn Sawchyn,Edmonton,Oil Kings,,10,Random Inserts in Hobby & e-Pack,20,,,,,,,2024-25 CHL Hockey Checklist,2024-25-chl-hockey-checklist
,,http://upperdeck.com/checklist/2024-25-chl-hockey-checklist/,2025-12-24T04:16:46.171Z,High Gloss Parallel,144,Samuel Fiala,Val-d'Or,Foreurs,,10,Random Inserts in Hobby & e-Pack,20,,,,,,,2024-25 CHL Hockey Checklist,2024-25-chl-hockey-checklist
,,http://upperdeck.com/checklist/2024-25-chl-hockey-checklist/,2025-12-24T04:16:46.171Z,High Gloss Parallel,145,Ben Danford,Oshawa,Generals,,10,Random Inserts in Hobby & e-Pack,20,,,,,,,2024-25 CHL Hockey Checklist,2024-25-chl-hockey-checklist
,,http://upperdeck.com/checklist/2024-25-chl-hockey-checklist/,2025-12-24T04:16:46.171Z,High Gloss Parallel,146,Ollie Josephson,Red Deer,Rebels,,10,Random Inserts in Hobby & e-Pack,20,,,,,,,2024-25 CHL Hockey Checklist,2024-25-chl-hockey-checklist
,,http://upperdeck.com/checklist/2024-25-chl-hockey-checklist/,2025-12-24T04:16:46.171Z,High Gloss Parallel,147,Maxime Coursol,Rimouski,Oceanic,,10,Random Inserts in Hobby & e-Pack,20,,,,,,,2024-25 CHL Hockey Checklist,2024-25-chl-hockey-checklist
,,http://upperdeck.com/checklist/2024-25-chl-hockey-checklist/,2025-12-24T04:16:46.171Z,High Gloss Parallel,148,Cole Davis,Windsor,Spitfires,,10,Random Inserts in Hobby & e-Pack,20,,,,,,,2024-25 CHL Hockey Checklist,2024-25-chl-hockey-checklist
,,http://upperdeck.com/checklist/2024-25-chl-hockey-checklist/,2025-12-24T04:16:46.171Z,High Gloss Parallel,149,Max Curran,Tri-City,Americans,,10,Random Inserts in Hobby & e-Pack,20,,,,,,,2024-25 CHL Hockey Checklist,2024-25-chl-hockey-checklist
,,http://upperdeck.com/checklist/2024-25-chl-hockey-checklist/,2025-12-24T04:16:46.171Z,High Gloss Parallel,150,Tyson Goguen,Acadie-Bathurst,Titan,,10,Random Inserts in Hobby & e-Pack,20,,,,,,,2024-25 CHL Hockey Checklist,2024-25-chl-hockey-checklist
,,http://upperdeck.com/checklist/2024-25-chl-hockey-checklist/,2025-12-24T04:16:46.171Z,High Gloss Parallel,151,Tyson Doucette,Sarnia,Sting,,10,Random Inserts in Hobby & e-Pack,20,,,,,,,2024-25 CHL Hockey Checklist,2024-25-chl-hockey-checklist
,,http://upperdeck.com/checklist/2024-25-chl-hockey-checklist/,2025-12-24T04:16:46.171Z,High Gloss Parallel,152,Dominik Petr,Brandon,Wheat Kings,,10,Random Inserts in Hobby & e-Pack,20,,,,,,,2024-25 CHL Hockey Checklist,2024-25-chl-hockey-checklist
,,http://upperdeck.com/checklist/2024-25-chl-hockey-checklist/,2025-12-24T04:16:46.171Z,High Gloss Parallel,153,Juraj Pekarcik,Moncton,Wildcats,,10,Random Inserts in Hobby & e-Pack,20,,,,,,,2024-25 CHL Hockey Checklist,2024-25-chl-hockey-checklist
,,http://upperdeck.com/checklist/2024-25-chl-hockey-checklist/,2025-12-24T04:16:46.171Z,High Gloss Parallel,154,Justin Cloutier,Sault Ste. Marie,Greyhounds,,10,Random Inserts in Hobby & e-Pack,20,,,,,,,2024-25 CHL Hockey Checklist,2024-25-chl-hockey-checklist
,,http://upperdeck.com/checklist/2024-25-chl-hockey-checklist/,2025-12-24T04:16:46.171Z,High Gloss Parallel,155,Jordan Gavin,Brandon,Wheat Kings,,10,Random Inserts in Hobby & e-Pack,20,,,,,,,2024-25 CHL Hockey Checklist,2024-25-chl-hockey-checklist
,,http://upperdeck.com/checklist/2024-25-chl-hockey-checklist/,2025-12-24T04:16:46.171Z,High Gloss Parallel,156,Gabriel D'Aigle,Victoriaville,Tigres,,10,Random Inserts in Hobby & e-Pack,20,,,,,,,2024-25 CHL Hockey Checklist,2024-25-chl-hockey-checklist
,,http://upperdeck.com/checklist/2024-25-chl-hockey-checklist/,2025-12-24T04:16:46.171Z,High Gloss Parallel,157,Ruslan Karimov,Sarnia,Sting,,10,Random Inserts in Hobby & e-Pack,20,,,,,,,2024-25 CHL Hockey Checklist,2024-25-chl-hockey-checklist
,,http://upperdeck.com/checklist/2024-25-chl-hockey-checklist/,2025-12-24T04:16:46.171Z,High Gloss Parallel,158,Noah Chadwick,Lethbridge,Hurricanes,,10,Random Inserts in Hobby & e-Pack,20,,,,,,,2024-25 CHL Hockey Checklist,2024-25-chl-hockey-checklist
,,http://upperdeck.com/checklist/2024-25-chl-hockey-checklist/,2025-12-24T04:16:46.171Z,High Gloss Parallel,159,Isaac Menard,Shawinigan,Cataractes,,10,Random Inserts in Hobby & e-Pack,20,,,,,,,2024-25 CHL Hockey Checklist,2024-25-chl-hockey-checklist
,,http://upperdeck.com/checklist/2024-25-chl-hockey-checklist/,2025-12-24T04:16:46.171Z,High Gloss Parallel,160,Kaden Pitre,Flint,Firebirds,,10,Random Inserts in Hobby & e-Pack,20,,,,,,,2024-25 CHL Hockey Checklist,2024-25-chl-hockey-checklist
,,http://upperdeck.com/checklist/2024-25-chl-hockey-checklist/,2025-12-24T04:16:46.171Z,High Gloss Parallel,161,Adam Jecho,Edmonton,Oil Kings,,10,Random Inserts in Hobby & e-Pack,20,,,,,,,2024-25 CHL Hockey Checklist,2024-25-chl-hockey-checklist
,,http://upperdeck.com/checklist/2024-25-chl-hockey-checklist/,2025-12-24T04:16:46.171Z,High Gloss Parallel,162,Owen Phillips,Halifax,Mooseheads,,10,Random Inserts in Hobby & e-Pack,20,,,,,,,2024-25 CHL Hockey Checklist,2024-25-chl-hockey-checklist
,,http://upperdeck.com/checklist/2024-25-chl-hockey-checklist/,2025-12-24T04:16:46.171Z,High Gloss Parallel,163,Ethan Procyszyn,North Bay,Battalion,,10,Random Inserts in Hobby & e-Pack,20,,,,,,,2024-25 CHL Hockey Checklist,2024-25-chl-hockey-checklist
,,http://upperdeck.com/checklist/2024-25-chl-hockey-checklist/,2025-12-24T04:16:46.171Z,High Gloss Parallel,164,Scott Ratzlaff,Seattle,Thunderbirds,,10,Random Inserts in Hobby & e-Pack,20,,,,,,,2024-25 CHL Hockey Checklist,2024-25-chl-hockey-checklist
,,http://upperdeck.com/checklist/2024-25-chl-hockey-checklist/,2025-12-24T04:16:46.171Z,High Gloss Parallel,165,Alexandre Lallier,Acadie-Bathurst,Titan,,10,Random Inserts in Hobby & e-Pack,20,,,,,,,2024-25 CHL Hockey Checklist,2024-25-chl-hockey-checklist
,,http://upperdeck.com/checklist/2024-25-chl-hockey-checklist/,2025-12-24T04:16:46.171Z,High Gloss Parallel,166,Luke Ellinas,Kitchener,Rangers,,10,Random Inserts in Hobby & e-Pack,20,,,,,,,2024-25 CHL Hockey Checklist,2024-25-chl-hockey-checklist
,,http://upperdeck.com/checklist/2024-25-chl-hockey-checklist/,2025-12-24T04:16:46.171Z,High Gloss Parallel,167,Carlin Dezainde,Swift Current,Broncos,,10,Random Inserts in Hobby & e-Pack,20,,,,,,,2024-25 CHL Hockey Checklist,2024-25-chl-hockey-checklist
,,http://upperdeck.com/checklist/2024-25-chl-hockey-checklist/,2025-12-24T04:16:46.171Z,High Gloss Parallel,168,Owen Conrad,Charlottetown,Islanders,,10,Random Inserts in Hobby & e-Pack,20,,,,,,,2024-25 CHL Hockey Checklist,2024-25-chl-hockey-checklist
,,http://upperdeck.com/checklist/2024-25-chl-hockey-checklist/,2025-12-24T04:16:46.171Z,High Gloss Parallel,169,Sam McCue,Flint,Firebirds,,10,Random Inserts in Hobby & e-Pack,20,,,,,,,2024-25 CHL Hockey Checklist,2024-25-chl-hockey-checklist
,,http://upperdeck.com/checklist/2024-25-chl-hockey-checklist/,2025-12-24T04:16:46.171Z,High Gloss Parallel,170,Ben Kindel,Calgary,Hitmen,,10,Random Inserts in Hobby & e-Pack,20,,,,,,,2024-25 CHL Hockey Checklist,2024-25-chl-hockey-checklist
,,http://upperdeck.com/checklist/2024-25-chl-hockey-checklist/,2025-12-24T04:16:46.171Z,High Gloss Parallel,171,Mavrick Lachance,Sherbrooke,Phoenix,,10,Random Inserts in Hobby & e-Pack,20,,,,,,,2024-25 CHL Hockey Checklist,2024-25-chl-hockey-checklist
,,http://upperdeck.com/checklist/2024-25-chl-hockey-checklist/,2025-12-24T04:16:46.171Z,High Gloss Parallel,172,Connor Clattenburg,Flint,Firebirds,,10,Random Inserts in Hobby & e-Pack,20,,,,,,,2024-25 CHL Hockey Checklist,2024-25-chl-hockey-checklist
,,http://upperdeck.com/checklist/2024-25-chl-hockey-checklist/,2025-12-24T04:16:46.171Z,High Gloss Parallel,173,Nate Misskey,Victoria,Royals,,10,Random Inserts in Hobby & e-Pack,20,,,,,,,2024-25 CHL Hockey Checklist,2024-25-chl-hockey-checklist
,,http://upperdeck.com/checklist/2024-25-chl-hockey-checklist/,2025-12-24T04:16:46.171Z,High Gloss Parallel,174,Jan Golicic,Gatineau,Olympiques,,10,Random Inserts in Hobby & e-Pack,20,,,,,,,2024-25 CHL Hockey Checklist,2024-25-chl-hockey-checklist
,,http://upperdeck.com/checklist/2024-25-chl-hockey-checklist/,2025-12-24T04:16:46.171Z,High Gloss Parallel,175,AJ Spellacy,Windsor,Spitfires,,10,Random Inserts in Hobby & e-Pack,20,,,,,,,2024-25 CHL Hockey Checklist,2024-25-chl-hockey-checklist
,,http://upperdeck.com/checklist/2024-25-chl-hockey-checklist/,2025-12-24T04:16:46.171Z,High Gloss Parallel,176,Daxon Rudolph,Prince Albert,Raiders,,10,Random Inserts in Hobby & e-Pack,20,,,,,,,2024-25 CHL Hockey Checklist,2024-25-chl-hockey-checklist
,,http://upperdeck.com/checklist/2024-25-chl-hockey-checklist/,2025-12-24T04:16:46.171Z,High Gloss Parallel,177,Gabe Smith,Moncton,Wildcats,,10,Random Inserts in Hobby & e-Pack,20,,,,,,,2024-25 CHL Hockey Checklist,2024-25-chl-hockey-checklist
,,http://upperdeck.com/checklist/2024-25-chl-hockey-checklist/,2025-12-24T04:16:46.171Z,High Gloss Parallel,178,Kieron Walton,Sudbury,Wolves,,10,Random Inserts in Hobby & e-Pack,20,,,,,,,2024-25 CHL Hockey Checklist,2024-25-chl-hockey-checklist
,,http://upperdeck.com/checklist/2024-25-chl-hockey-checklist/,2025-12-24T04:16:46.171Z,High Gloss Parallel,179,Roan Woodward,Edmonton,Oil Kings,,10,Random Inserts in Hobby & e-Pack,20,,,,,,,2024-25 CHL Hockey Checklist,2024-25-chl-hockey-checklist
,,http://upperdeck.com/checklist/2024-25-chl-hockey-checklist/,2025-12-24T04:16:46.171Z,High Gloss Parallel,180,Francois-James Buteau,Acadie-Bathurst,Titan,,10,Random Inserts in Hobby & e-Pack,20,,,,,,,2024-25 CHL Hockey Checklist,2024-25-chl-hockey-checklist
,,http://upperdeck.com/checklist/2024-25-chl-hockey-checklist/,2025-12-24T04:16:46.171Z,High Gloss Parallel,181,Carson Cameron,Peterborough,Petes,,10,Random Inserts in Hobby & e-Pack,20,,,,,,,2024-25 CHL Hockey Checklist,2024-25-chl-hockey-checklist
,,http://upperdeck.com/checklist/2024-25-chl-hockey-checklist/,2025-12-24T04:16:46.171Z,High Gloss Parallel,182,Vojtech Port,Lethbridge,Hurricanes,,10,Random Inserts in Hobby & e-Pack,20,,,,,,,2024-25 CHL Hockey Checklist,2024-25-chl-hockey-checklist
,,http://upperdeck.com/checklist/2024-25-chl-hockey-checklist/,2025-12-24T04:16:46.171Z,High Gloss Parallel,183,Xavier Villeneuve,Blainville-Boisbriand,Armada,,10,Random Inserts in Hobby & e-Pack,20,,,,,,,2024-25 CHL Hockey Checklist,2024-25-chl-hockey-checklist
,,http://upperdeck.com/checklist/2024-25-chl-hockey-checklist/,2025-12-24T04:16:46.171Z,High Gloss Parallel,184,Brady Martin,Sault Ste. Marie,Greyhounds,,10,Random Inserts in Hobby & e-Pack,20,,,,,,,2024-25 CHL Hockey Checklist,2024-25-chl-hockey-checklist
,,http://upperdeck.com/checklist/2024-25-chl-hockey-checklist/,2025-12-24T04:16:46.171Z,High Gloss Parallel,185,Evan Gardner,Saskatoon,Blades,,10,Random Inserts in Hobby & e-Pack,20,,,,,,,2024-25 CHL Hockey Checklist,2024-25-chl-hockey-checklist
,,http://upperdeck.com/checklist/2024-25-chl-hockey-checklist/,2025-12-24T04:16:46.171Z,High Gloss Parallel,186,Oliver Samson,Baie-Comeau,Drakkar,,10,Random Inserts in Hobby & e-Pack,20,,,,,,,2024-25 CHL Hockey Checklist,2024-25-chl-hockey-checklist
,,http://upperdeck.com/checklist/2024-25-chl-hockey-checklist/,2025-12-24T04:16:46.171Z,High Gloss Parallel,187,Kocha Delic,Sudbury,Wolves,,10,Random Inserts in Hobby & e-Pack,20,,,,,,,2024-25 CHL Hockey Checklist,2024-25-chl-hockey-checklist
,,http://upperdeck.com/checklist/2024-25-chl-hockey-checklist/,2025-12-24T04:16:46.171Z,High Gloss Parallel,188,Logan Wormald,Lethbridge,Hurricanes,,10,Random Inserts in Hobby & e-Pack,20,,,,,,,2024-25 CHL Hockey Checklist,2024-25-chl-hockey-checklist
,,http://upperdeck.com/checklist/2024-25-chl-hockey-checklist/,2025-12-24T04:16:46.171Z,High Gloss Parallel,189,Jacob Steinman,Halifax,Mooseheads,,10,Random Inserts in Hobby & e-Pack,20,,,,,,,2024-25 CHL Hockey Checklist,2024-25-chl-hockey-checklist
,,http://upperdeck.com/checklist/2024-25-chl-hockey-checklist/,2025-12-24T04:16:46.171Z,High Gloss Parallel,190,Ethan Hay,Kingston,Frontenacs,,10,Random Inserts in Hobby & e-Pack,20,,,,,,,2024-25 CHL Hockey Checklist,2024-25-chl-hockey-checklist
,,http://upperdeck.com/checklist/2024-25-chl-hockey-checklist/,2025-12-24T04:16:46.171Z,High Gloss Parallel,191,Harrison Meneghin,Medicine Hat,Tigers,,10,Random Inserts in Hobby & e-Pack,20,,,,,,,2024-25 CHL Hockey Checklist,2024-25-chl-hockey-checklist
,,http://upperdeck.com/checklist/2024-25-chl-hockey-checklist/,2025-12-24T04:16:46.171Z,High Gloss Parallel,192,Xavier Lebel,Quebec,Remparts,,10,Random Inserts in Hobby & e-Pack,20,,,,,,,2024-25 CHL Hockey Checklist,2024-25-chl-hockey-checklist
,,http://upperdeck.com/checklist/2024-25-chl-hockey-checklist/,2025-12-24T04:16:46.171Z,High Gloss Parallel,193,Caden Taylor,Peterborough,Petes,,10,Random Inserts in Hobby & e-Pack,20,,,,,,,2024-25 CHL Hockey Checklist,2024-25-chl-hockey-checklist
,,http://upperdeck.com/checklist/2024-25-chl-hockey-checklist/,2025-12-24T04:16:46.171Z,High Gloss Parallel,194,Will McIsaac,Spokane,Chiefs,,10,Random Inserts in Hobby & e-Pack,20,,,,,,,2024-25 CHL Hockey Checklist,2024-25-chl-hockey-checklist
,,http://upperdeck.com/checklist/2024-25-chl-hockey-checklist/,2025-12-24T04:16:46.172Z,High Gloss Parallel,195,Raphael Precourt,Chicoutimi,Sagueneens,,10,Random Inserts in Hobby & e-Pack,20,,,,,,,2024-25 CHL Hockey Checklist,2024-25-chl-hockey-checklist
,,http://upperdeck.com/checklist/2024-25-chl-hockey-checklist/,2025-12-24T04:16:46.172Z,High Gloss Parallel,196,Owen Allard,Sault Ste. Marie,Greyhounds,,10,Random Inserts in Hobby & e-Pack,20,,,,,,,2024-25 CHL Hockey Checklist,2024-25-chl-hockey-checklist
,,http://upperdeck.com/checklist/2024-25-chl-hockey-checklist/,2025-12-24T04:16:46.172Z,High Gloss Parallel,197,Tyson Zimmer,Vancouver,Giants,,10,Random Inserts in Hobby & e-Pack,20,,,,,,,2024-25 CHL Hockey Checklist,2024-25-chl-hockey-checklist
,,http://upperdeck.com/checklist/2024-25-chl-hockey-checklist/,2025-12-24T04:16:46.172Z,High Gloss Parallel,198,Thomas Rousseau,Sherbrooke,Phoenix,,10,Random Inserts in Hobby & e-Pack,20,,,,,,,2024-25 CHL Hockey Checklist,2024-25-chl-hockey-checklist
,,http://upperdeck.com/checklist/2024-25-chl-hockey-checklist/,2025-12-24T04:16:46.172Z,High Gloss Parallel,199,Will Gerrior,Ottawa,67's,,10,Random Inserts in Hobby & e-Pack,20,,,,,,,2024-25 CHL Hockey Checklist,2024-25-chl-hockey-checklist
,,http://upperdeck.com/checklist/2024-25-chl-hockey-checklist/,2025-12-24T04:16:46.172Z,High Gloss Parallel,200,Lukas Dragicevic,Prince Albert,Raiders,,10,Random Inserts in Hobby & e-Pack,20,,,,,,,2024-25 CHL Hockey Checklist,2024-25-chl-hockey-checklist
,,http://upperdeck.com/checklist/2024-25-chl-hockey-checklist/,2025-12-24T04:16:46.172Z,High Gloss Parallel,201,Nathan Levesque,Gatineau,Olympiques,,10,Random Inserts in Hobby & e-Pack,20,,,,,,,2024-25 CHL Hockey Checklist,2024-25-chl-hockey-checklist
,,http://upperdeck.com/checklist/2024-25-chl-hockey-checklist/,2025-12-24T04:16:46.172Z,High Gloss Parallel,202,Ryerson Leenders,Brantford,Bulldogs,,10,Random Inserts in Hobby & e-Pack,20,,,,,,,2024-25 CHL Hockey Checklist,2024-25-chl-hockey-checklist
,,http://upperdeck.com/checklist/2024-25-chl-hockey-checklist/,2025-12-24T04:16:46.172Z,High Gloss Parallel,203,Jake Sloan,Tri-City,Americans,,10,Random Inserts in Hobby & e-Pack,20,,,,,,,2024-25 CHL Hockey Checklist,2024-25-chl-hockey-checklist
,,http://upperdeck.com/checklist/2024-25-chl-hockey-checklist/,2025-12-24T04:16:46.172Z,High Gloss Parallel,204,Philippe Veilleux,Val-d'Or,Foreurs,,10,Random Inserts in Hobby & e-Pack,20,,,,,,,2024-25 CHL Hockey Checklist,2024-25-chl-hockey-checklist
,,http://upperdeck.com/checklist/2024-25-chl-hockey-checklist/,2025-12-24T04:16:46.172Z,High Gloss Parallel,205,Alex Pharand,Sudbury,Wolves,,10,Random Inserts in Hobby & e-Pack,20,,,,,,,2024-25 CHL Hockey Checklist,2024-25-chl-hockey-checklist
,,http://upperdeck.com/checklist/2024-25-chl-hockey-checklist/,2025-12-24T04:16:46.172Z,High Gloss Parallel,206,Reggie Newman,Victoria,Royals,,10,Random Inserts in Hobby & e-Pack,20,,,,,,,2024-25 CHL Hockey Checklist,2024-25-chl-hockey-checklist
,,http://upperdeck.com/checklist/2024-25-chl-hockey-checklist/,2025-12-24T04:16:46.172Z,High Gloss Parallel,207,Mathys Fernandez,Shawinigan,Cataractes,,10,Random Inserts in Hobby & e-Pack,20,,,,,,,2024-25 CHL Hockey Checklist,2024-25-chl-hockey-checklist
,,http://upperdeck.com/checklist/2024-25-chl-hockey-checklist/,2025-12-24T04:16:46.172Z,High Gloss Parallel,208,Konnor Smith,Brampton,Steelheads,,10,Random Inserts in Hobby & e-Pack,20,,,,,,,2024-25 CHL Hockey Checklist,2024-25-chl-hockey-checklist
,,http://upperdeck.com/checklist/2024-25-chl-hockey-checklist/,2025-12-24T04:16:46.172Z,High Gloss Parallel,209,Emmitt Finnie,Kamloops,Blazers,,10,Random Inserts in Hobby & e-Pack,20,,,,,,,2024-25 CHL Hockey Checklist,2024-25-chl-hockey-checklist
,,http://upperdeck.com/checklist/2024-25-chl-hockey-checklist/,2025-12-24T04:16:46.172Z,High Gloss Parallel,210,Justin Boisselle,Gatineau,Olympiques,,10,Random Inserts in Hobby & e-Pack,20,,,,,,,2024-25 CHL Hockey Checklist,2024-25-chl-hockey-checklist
,,http://upperdeck.com/checklist/2024-25-chl-hockey-checklist/,2025-12-24T04:16:46.172Z,High Gloss Parallel,211,Andrew LeBlanc,North Bay,Battalion,,10,Random Inserts in Hobby & e-Pack,20,,,,,,,2024-25 CHL Hockey Checklist,2024-25-chl-hockey-checklist
,,http://upperdeck.com/checklist/2024-25-chl-hockey-checklist/,2025-12-24T04:16:46.172Z,High Gloss Parallel,212,Cruz Pavao,Tri-City,Americans,,10,Random Inserts in Hobby & e-Pack,20,,,,,,,2024-25 CHL Hockey Checklist,2024-25-chl-hockey-checklist
,,http://upperdeck.com/checklist/2024-25-chl-hockey-checklist/,2025-12-24T04:16:46.172Z,High Gloss Parallel,213,Tyler Peddle,Saint John,Sea Dogs,,10,Random Inserts in Hobby & e-Pack,20,,,,,,,2024-25 CHL Hockey Checklist,2024-25-chl-hockey-checklist
,,http://upperdeck.com/checklist/2024-25-chl-hockey-checklist/,2025-12-24T04:16:46.172Z,High Gloss Parallel,214,Marco Mignosa,Sault Ste. Marie,Greyhounds,,10,Random Inserts in Hobby & e-Pack,20,,,,,,,2024-25 CHL Hockey Checklist,2024-25-chl-hockey-checklist
,,http://upperdeck.com/checklist/2024-25-chl-hockey-checklist/,2025-12-24T04:16:46.172Z,High Gloss Parallel,215,Ryder Ritchie,Medicine Hat,Tigers,,10,Random Inserts in Hobby & e-Pack,20,,,,,,,2024-25 CHL Hockey Checklist,2024-25-chl-hockey-checklist
,,http://upperdeck.com/checklist/2024-25-chl-hockey-checklist/,2025-12-24T04:16:46.172Z,High Gloss Parallel,216,Nathan Drapeau,Val-d'Or,Foreurs,,10,Random Inserts in Hobby & e-Pack,20,,,,,,,2024-25 CHL Hockey Checklist,2024-25-chl-hockey-checklist
,,http://upperdeck.com/checklist/2024-25-chl-hockey-checklist/,2025-12-24T04:16:46.172Z,High Gloss Parallel,217,Jonathan Melee,Peterborough,Petes,,10,Random Inserts in Hobby & e-Pack,20,,,,,,,2024-25 CHL Hockey Checklist,2024-25-chl-hockey-checklist
,,http://upperdeck.com/checklist/2024-25-chl-hockey-checklist/,2025-12-24T04:16:46.172Z,High Gloss Parallel,218,Nolan Flamand,Brandon,Wheat Kings,,10,Random Inserts in Hobby & e-Pack,20,,,,,,,2024-25 CHL Hockey Checklist,2024-25-chl-hockey-checklist
,,http://upperdeck.com/checklist/2024-25-chl-hockey-checklist/,2025-12-24T04:16:46.172Z,High Gloss Parallel,219,Dominic Pilote,Rimouski,Oceanic,,10,Random Inserts in Hobby & e-Pack,20,,,,,,,2024-25 CHL Hockey Checklist,2024-25-chl-hockey-checklist
,,http://upperdeck.com/checklist/2024-25-chl-hockey-checklist/,2025-12-24T04:16:46.172Z,High Gloss Parallel,220,Jakub Chromiak,Kitchener,Rangers,,10,Random Inserts in Hobby & e-Pack,20,,,,,,,2024-25 CHL Hockey Checklist,2024-25-chl-hockey-checklist
,,http://upperdeck.com/checklist/2024-25-chl-hockey-checklist/,2025-12-24T04:16:46.172Z,High Gloss Parallel,221,Justin Kipkie,Victoria,Royals,,10,Random Inserts in Hobby & e-Pack,20,,,,,,,2024-25 CHL Hockey Checklist,2024-25-chl-hockey-checklist
,,http://upperdeck.com/checklist/2024-25-chl-hockey-checklist/,2025-12-24T04:16:46.172Z,High Gloss Parallel,222,Brayden Schmitt,Cape Breton,Eagles,,10,Random Inserts in Hobby & e-Pack,20,,,,,,,2024-25 CHL Hockey Checklist,2024-25-chl-hockey-checklist
,,http://upperdeck.com/checklist/2024-25-chl-hockey-checklist/,2025-12-24T04:16:46.172Z,High Gloss Parallel,223,Emil Pieniniemi,Kingston,Frontenacs,,10,Random Inserts in Hobby & e-Pack,20,,,,,,,2024-25 CHL Hockey Checklist,2024-25-chl-hockey-checklist
,,http://upperdeck.com/checklist/2024-25-chl-hockey-checklist/,2025-12-24T04:16:46.172Z,High Gloss Parallel,224,Terrell Goldsmith,Tri-City,Americans,,10,Random Inserts in Hobby & e-Pack,20,,,,,,,2024-25 CHL Hockey Checklist,2024-25-chl-hockey-checklist
,,http://upperdeck.com/checklist/2024-25-chl-hockey-checklist/,2025-12-24T04:16:46.172Z,High Gloss Parallel,225,William Shields,Charlottetown,Islanders,,10,Random Inserts in Hobby & e-Pack,20,,,,,,,2024-25 CHL Hockey Checklist,2024-25-chl-hockey-checklist
,,http://upperdeck.com/checklist/2024-25-chl-hockey-checklist/,2025-12-24T04:16:46.172Z,High Gloss Parallel,226,Matthew Mayich,Ottawa,67's,,10,Random Inserts in Hobby & e-Pack,20,,,,,,,2024-25 CHL Hockey Checklist,2024-25-chl-hockey-checklist
,,http://upperdeck.com/checklist/2024-25-chl-hockey-checklist/,2025-12-24T04:16:46.172Z,High Gloss Parallel,227,Antonio Martorana,Seattle,Thunderbirds,,10,Random Inserts in Hobby & e-Pack,20,,,,,,,2024-25 CHL Hockey Checklist,2024-25-chl-hockey-checklist
,,http://upperdeck.com/checklist/2024-25-chl-hockey-checklist/,2025-12-24T04:16:46.172Z,High Gloss Parallel,228,Eliot L'ltalien,Blainville-Boisbriand,Armada,,10,Random Inserts in Hobby & e-Pack,20,,,,,,,2024-25 CHL Hockey Checklist,2024-25-chl-hockey-checklist
,,http://upperdeck.com/checklist/2024-25-chl-hockey-checklist/,2025-12-24T04:16:46.172Z,High Gloss Parallel,229,Jack Van Volsen,Brampton,Steelheads,,10,Random Inserts in Hobby & e-Pack,20,,,,,,,2024-25 CHL Hockey Checklist,2024-25-chl-hockey-checklist
,,http://upperdeck.com/checklist/2024-25-chl-hockey-checklist/,2025-12-24T04:16:46.172Z,High Gloss Parallel,230,Blake Fiddler,Edmonton,Oil Kings,,10,Random Inserts in Hobby & e-Pack,20,,,,,,,2024-25 CHL Hockey Checklist,2024-25-chl-hockey-checklist
,,http://upperdeck.com/checklist/2024-25-chl-hockey-checklist/,2025-12-24T04:16:46.172Z,High Gloss Parallel,231,Benjamin Brunelle,Rouyn-Noranda,Huskies,,10,Random Inserts in Hobby & e-Pack,20,,,,,,,2024-25 CHL Hockey Checklist,2024-25-chl-hockey-checklist
,,http://upperdeck.com/checklist/2024-25-chl-hockey-checklist/,2025-12-24T04:16:46.172Z,High Gloss Parallel,232,Luca Blonda,Sudbury,Wolves,,10,Random Inserts in Hobby & e-Pack,20,,,,,,,2024-25 CHL Hockey Checklist,2024-25-chl-hockey-checklist
,,http://upperdeck.com/checklist/2024-25-chl-hockey-checklist/,2025-12-24T04:16:46.172Z,High Gloss Parallel,233,Brayden Schuurman,Seattle,Thunderbirds,,10,Random Inserts in Hobby & e-Pack,20,,,,,,,2024-25 CHL Hockey Checklist,2024-25-chl-hockey-checklist
,,http://upperdeck.com/checklist/2024-25-chl-hockey-checklist/,2025-12-24T04:16:46.172Z,High Gloss Parallel,234,Alexis Bourque,Victoriaville,Tigres,,10,Random Inserts in Hobby & e-Pack,20,,,,,,,2024-25 CHL Hockey Checklist,2024-25-chl-hockey-checklist
,,http://upperdeck.com/checklist/2024-25-chl-hockey-checklist/,2025-12-24T04:16:46.172Z,High Gloss Parallel,235,Brodie McConnell-Barker,Sault Ste. Marie,Greyhounds,,10,Random Inserts in Hobby & e-Pack,20,,,,,,,2024-25 CHL Hockey Checklist,2024-25-chl-hockey-checklist
,,http://upperdeck.com/checklist/2024-25-chl-hockey-checklist/,2025-12-24T04:16:46.172Z,High Gloss Parallel,236,Carter Sotheran,Portland,Winterhawks,,10,Random Inserts in Hobby & e-Pack,20,,,,,,,2024-25 CHL Hockey Checklist,2024-25-chl-hockey-checklist
,,http://upperdeck.com/checklist/2024-25-chl-hockey-checklist/,2025-12-24T04:16:46.172Z,High Gloss Parallel,237,Coen Miller,Saint John,Sea Dogs,,10,Random Inserts in Hobby & e-Pack,20,,,,,,,2024-25 CHL Hockey Checklist,2024-25-chl-hockey-checklist
,,http://upperdeck.com/checklist/2024-25-chl-hockey-checklist/,2025-12-24T04:16:46.172Z,High Gloss Parallel,238,Ryan Brown,Sarnia,Sting,,10,Random Inserts in Hobby & e-Pack,20,,,,,,,2024-25 CHL Hockey Checklist,2024-25-chl-hockey-checklist
,,http://upperdeck.com/checklist/2024-25-chl-hockey-checklist/,2025-12-24T04:16:46.172Z,High Gloss Parallel,239,Chase Wutzke,Red Deer,Rebels,,10,Random Inserts in Hobby & e-Pack,20,,,,,,,2024-25 CHL Hockey Checklist,2024-25-chl-hockey-checklist
,,http://upperdeck.com/checklist/2024-25-chl-hockey-checklist/,2025-12-24T04:16:46.172Z,High Gloss Parallel,240,Olivier Dubois,Sherbrooke,Phoenix,,10,Random Inserts in Hobby & e-Pack,20,,,,,,,2024-25 CHL Hockey Checklist,2024-25-chl-hockey-checklist
,,http://upperdeck.com/checklist/2024-25-chl-hockey-checklist/,2025-12-24T04:16:46.172Z,High Gloss Parallel,241,Max Namestnikov,Guelph,Storm,,10,Random Inserts in Hobby & e-Pack,20,,,,,,,2024-25 CHL Hockey Checklist,2024-25-chl-hockey-checklist
,,http://upperdeck.com/checklist/2024-25-chl-hockey-checklist/,2025-12-24T04:16:46.172Z,High Gloss Parallel,242,Reese Hamilton,Regina,Pats,,10,Random Inserts in Hobby & e-Pack,20,,,,,,,2024-25 CHL Hockey Checklist,2024-25-chl-hockey-checklist
,,http://upperdeck.com/checklist/2024-25-chl-hockey-checklist/,2025-12-24T04:16:46.172Z,High Gloss Parallel,243,Quinn Kennedy,Halifax,Mooseheads,,10,Random Inserts in Hobby & e-Pack,20,,,,,,,2024-25 CHL Hockey Checklist,2024-25-chl-hockey-checklist
,,http://upperdeck.com/checklist/2024-25-chl-hockey-checklist/,2025-12-24T04:16:46.172Z,High Gloss Parallel,244,Lucas Karmiris,Brampton,Steelheads,,10,Random Inserts in Hobby & e-Pack,20,,,,,,,2024-25 CHL Hockey Checklist,2024-25-chl-hockey-checklist
,,http://upperdeck.com/checklist/2024-25-chl-hockey-checklist/,2025-12-24T04:16:46.172Z,High Gloss Parallel,245,Max Hildebrand,Prince Albert,Raiders,,10,Random Inserts in Hobby & e-Pack,20,,,,,,,2024-25 CHL Hockey Checklist,2024-25-chl-hockey-checklist
,,http://upperdeck.com/checklist/2024-25-chl-hockey-checklist/,2025-12-24T04:16:46.172Z,High Gloss Parallel,246,Olivier Lampron,Sherbrooke,Phoenix,,10,Random Inserts in Hobby & e-Pack,20,,,,,,,2024-25 CHL Hockey Checklist,2024-25-chl-hockey-checklist
,,http://upperdeck.com/checklist/2024-25-chl-hockey-checklist/,2025-12-24T04:16:46.172Z,High Gloss Parallel,247,Brady Smith,Sault Ste. Marie,Greyhounds,,10,Random Inserts in Hobby & e-Pack,20,,,,,,,2024-25 CHL Hockey Checklist,2024-25-chl-hockey-checklist
,,http://upperdeck.com/checklist/2024-25-chl-hockey-checklist/,2025-12-24T04:16:46.172Z,High Gloss Parallel,248,Rylan Gould,Swift Current,Broncos,,10,Random Inserts in Hobby & e-Pack,20,,,,,,,2024-25 CHL Hockey Checklist,2024-25-chl-hockey-checklist
,,http://upperdeck.com/checklist/2024-25-chl-hockey-checklist/,2025-12-24T04:16:46.172Z,High Gloss Parallel,249,Vincent Desjardins,Blainville-Boisbriand,Armada,,10,Random Inserts in Hobby & e-Pack,20,,,,,,,2024-25 CHL Hockey Checklist,2024-25-chl-hockey-checklist
,,http://upperdeck.com/checklist/2024-25-chl-hockey-checklist/,2025-12-24T04:16:46.172Z,High Gloss Parallel,250,Jacob Cloutier,Saginaw,Spirit,,10,Random Inserts in Hobby & e-Pack,20,,,,,,,2024-25 CHL Hockey Checklist,2024-25-chl-hockey-checklist
,,http://upperdeck.com/checklist/2024-25-chl-hockey-checklist/,2025-12-24T04:16:46.172Z,High Gloss Parallel,251,Griffin Darby,Portland,Winterhawks,,10,Random Inserts in Hobby & e-Pack,20,,,,,,,2024-25 CHL Hockey Checklist,2024-25-chl-hockey-checklist
,,http://upperdeck.com/checklist/2024-25-chl-hockey-checklist/,2025-12-24T04:16:46.172Z,High Gloss Parallel,252,Justin Gendron,Baie-Comeau,Drakkar,,10,Random Inserts in Hobby & e-Pack,20,,,,,,,2024-25 CHL Hockey Checklist,2024-25-chl-hockey-checklist
,,http://upperdeck.com/checklist/2024-25-chl-hockey-checklist/,2025-12-24T04:16:46.172Z,High Gloss Parallel,253,Liam Sztuska,Peterborough,Petes,,10,Random Inserts in Hobby & e-Pack,20,,,,,,,2024-25 CHL Hockey Checklist,2024-25-chl-hockey-checklist
,,http://upperdeck.com/checklist/2024-25-chl-hockey-checklist/,2025-12-24T04:16:46.172Z,High Gloss Parallel,254,Niall Crocker,Prince Albert,Raiders,,10,Random Inserts in Hobby & e-Pack,20,,,,,,,2024-25 CHL Hockey Checklist,2024-25-chl-hockey-checklist
,,http://upperdeck.com/checklist/2024-25-chl-hockey-checklist/,2025-12-24T04:16:46.172Z,High Gloss Parallel,255,Alexandre Guy,Cape Breton,Eagles,,10,Random Inserts in Hobby & e-Pack,20,,,,,,,2024-25 CHL Hockey Checklist,2024-25-chl-hockey-checklist
,,http://upperdeck.com/checklist/2024-25-chl-hockey-checklist/,2025-12-24T04:16:46.172Z,High Gloss Parallel,256,Lincoln Moore,Saginaw,Spirit,,10,Random Inserts in Hobby & e-Pack,20,,,,,,,2024-25 CHL Hockey Checklist,2024-25-chl-hockey-checklist
,,http://upperdeck.com/checklist/2024-25-chl-hockey-checklist/,2025-12-24T04:16:46.172Z,High Gloss Parallel,257,Carson Bjarnason,Brandon,Wheat Kings,,10,Random Inserts in Hobby & e-Pack,20,,,,,,,2024-25 CHL Hockey Checklist,2024-25-chl-hockey-checklist
,,http://upperdeck.com/checklist/2024-25-chl-hockey-checklist/,2025-12-24T04:16:46.172Z,High Gloss Parallel,258,Hugo Primeau,Sherbrooke,Phoenix,,10,Random Inserts in Hobby & e-Pack,20,,,,,,,2024-25 CHL Hockey Checklist,2024-25-chl-hockey-checklist
,,http://upperdeck.com/checklist/2024-25-chl-hockey-checklist/,2025-12-24T04:16:46.172Z,High Gloss Parallel,259,Joey Willis,Kingston,Frontenacs,,10,Random Inserts in Hobby & e-Pack,20,,,,,,,2024-25 CHL Hockey Checklist,2024-25-chl-hockey-checklist
,,http://upperdeck.com/checklist/2024-25-chl-hockey-checklist/,2025-12-24T04:16:46.172Z,High Gloss Parallel,260,Jan Spunar,Portland,Winterhawks,,10,Random Inserts in Hobby & e-Pack,20,,,,,,,2024-25 CHL Hockey Checklist,2024-25-chl-hockey-checklist
,,http://upperdeck.com/checklist/2024-25-chl-hockey-checklist/,2025-12-24T04:16:46.172Z,High Gloss Parallel,261,Jakub Milota,Cape Breton,Eagles,,10,Random Inserts in Hobby & e-Pack,20,,,,,,,2024-25 CHL Hockey Checklist,2024-25-chl-hockey-checklist
,,http://upperdeck.com/checklist/2024-25-chl-hockey-checklist/,2025-12-24T04:16:46.172Z,High Gloss Parallel,262,Cooper Foster,Ottawa,67's,,10,Random Inserts in Hobby & e-Pack,20,,,,,,,2024-25 CHL Hockey Checklist,2024-25-chl-hockey-checklist
,,http://upperdeck.com/checklist/2024-25-chl-hockey-checklist/,2025-12-24T04:16:46.172Z,High Gloss Parallel,263,Tommy Lafreniere,Kamloops,Blazers,,10,Random Inserts in Hobby & e-Pack,20,,,,,,,2024-25 CHL Hockey Checklist,2024-25-chl-hockey-checklist
,,http://upperdeck.com/checklist/2024-25-chl-hockey-checklist/,2025-12-24T04:16:46.172Z,High Gloss Parallel,264,Simon-Pier Brunet,Drummondville,Voltigeurs,,10,Random Inserts in Hobby & e-Pack,20,,,,,,,2024-25 CHL Hockey Checklist,2024-25-chl-hockey-checklist
,,http://upperdeck.com/checklist/2024-25-chl-hockey-checklist/,2025-12-24T04:16:46.173Z,High Gloss Parallel,265,Evan Headrick,Kitchener,Rangers,,10,Random Inserts in Hobby & e-Pack,20,,,,,,,2024-25 CHL Hockey Checklist,2024-25-chl-hockey-checklist
,,http://upperdeck.com/checklist/2024-25-chl-hockey-checklist/,2025-12-24T04:16:46.173Z,High Gloss Parallel,266,Jett Lajoie,Prince George,Cougars,,10,Random Inserts in Hobby & e-Pack,20,,,,,,,2024-25 CHL Hockey Checklist,2024-25-chl-hockey-checklist
,,http://upperdeck.com/checklist/2024-25-chl-hockey-checklist/,2025-12-24T04:16:46.173Z,High Gloss Parallel,267,Nathan Brisson,Val-d'Or,Foreurs,,10,Random Inserts in Hobby & e-Pack,20,,,,,,,2024-25 CHL Hockey Checklist,2024-25-chl-hockey-checklist
,,http://upperdeck.com/checklist/2024-25-chl-hockey-checklist/,2025-12-24T04:16:46.173Z,High Gloss Parallel,268,Mike Levin,Niagara,IceDogs,,10,Random Inserts in Hobby & e-Pack,20,,,,,,,2024-25 CHL Hockey Checklist,2024-25-chl-hockey-checklist
,,http://upperdeck.com/checklist/2024-25-chl-hockey-checklist/,2025-12-24T04:16:46.173Z,High Gloss Parallel,269,Aaron Obobaifo,Vancouver,Giants,,10,Random Inserts in Hobby & e-Pack,20,,,,,,,2024-25 CHL Hockey Checklist,2024-25-chl-hockey-checklist
,,http://upperdeck.com/checklist/2024-25-chl-hockey-checklist/,2025-12-24T04:16:46.173Z,High Gloss Parallel,270,Landon Miller,Sault Ste. Marie,Greyhounds,,10,Random Inserts in Hobby & e-Pack,20,,,,,,,2024-25 CHL Hockey Checklist,2024-25-chl-hockey-checklist
,,http://upperdeck.com/checklist/2024-25-chl-hockey-checklist/,2025-12-24T04:16:46.173Z,High Gloss Parallel,271,John Babcock,Regina,Pats,,10,Random Inserts in Hobby & e-Pack,20,,,,,,,2024-25 CHL Hockey Checklist,2024-25-chl-hockey-checklist
,,http://upperdeck.com/checklist/2024-25-chl-hockey-checklist/,2025-12-24T04:16:46.173Z,High Gloss Parallel,272,Lou Levesque,Rimouski,Oceanic,,10,Random Inserts in Hobby & e-Pack,20,,,,,,,2024-25 CHL Hockey Checklist,2024-25-chl-hockey-checklist
,,http://upperdeck.com/checklist/2024-25-chl-hockey-checklist/,2025-12-24T04:16:46.173Z,High Gloss Parallel,273,Spencer Sova,Brampton,Steelheads,,10,Random Inserts in Hobby & e-Pack,20,,,,,,,2024-25 CHL Hockey Checklist,2024-25-chl-hockey-checklist
,,http://upperdeck.com/checklist/2024-25-chl-hockey-checklist/,2025-12-24T04:16:46.173Z,High Gloss Parallel,274,Reed Brown,Portland,Winterhawks,,10,Random Inserts in Hobby & e-Pack,20,,,,,,,2024-25 CHL Hockey Checklist,2024-25-chl-hockey-checklist
,,http://upperdeck.com/checklist/2024-25-chl-hockey-checklist/,2025-12-24T04:16:46.173Z,High Gloss Parallel,275,Jack Dever,Ottawa,67's,,10,Random Inserts in Hobby & e-Pack,20,,,,,,,2024-25 CHL Hockey Checklist,2024-25-chl-hockey-checklist
,,http://upperdeck.com/checklist/2024-25-chl-hockey-checklist/,2025-12-24T04:16:46.173Z,High Gloss Parallel,276,Kalan Lind,Red Deer,Rebels,,10,Random Inserts in Hobby & e-Pack,20,,,,,,,2024-25 CHL Hockey Checklist,2024-25-chl-hockey-checklist
,,http://upperdeck.com/checklist/2024-25-chl-hockey-checklist/,2025-12-24T04:16:46.173Z,High Gloss Parallel,277,Jacob Mathieu,Rimouski,Oceanic,,10,Random Inserts in Hobby & e-Pack,20,,,,,,,2024-25 CHL Hockey Checklist,2024-25-chl-hockey-checklist
,,http://upperdeck.com/checklist/2024-25-chl-hockey-checklist/,2025-12-24T04:16:46.173Z,High Gloss Parallel,278,Chase Lefebvre,Peterborough,Petes,,10,Random Inserts in Hobby & e-Pack,20,,,,,,,2024-25 CHL Hockey Checklist,2024-25-chl-hockey-checklist
,,http://upperdeck.com/checklist/2024-25-chl-hockey-checklist/,2025-12-24T04:16:46.173Z,High Gloss Parallel,279,Sawyer Mynio,Calgary,Hitmen,,10,Random Inserts in Hobby & e-Pack,20,,,,,,,2024-25 CHL Hockey Checklist,2024-25-chl-hockey-checklist
,,http://upperdeck.com/checklist/2024-25-chl-hockey-checklist/,2025-12-24T04:16:46.173Z,High Gloss Parallel,280,Nathan Villeneuve,Sudbury,Wolves,,10,Random Inserts in Hobby & e-Pack,20,,,,,,,2024-25 CHL Hockey Checklist,2024-25-chl-hockey-checklist
,,http://upperdeck.com/checklist/2024-25-chl-hockey-checklist/,2025-12-24T04:16:46.173Z,High Gloss Parallel,281,Braxton Whitehead,Regina,Pats,,10,Random Inserts in Hobby & e-Pack,20,,,,,,,2024-25 CHL Hockey Checklist,2024-25-chl-hockey-checklist
,,http://upperdeck.com/checklist/2024-25-chl-hockey-checklist/,2025-12-24T04:16:46.173Z,High Gloss Parallel,282,Brady Schultz,Halifax,Mooseheads,,10,Random Inserts in Hobby & e-Pack,20,,,,,,,2024-25 CHL Hockey Checklist,2024-25-chl-hockey-checklist
,,http://upperdeck.com/checklist/2024-25-chl-hockey-checklist/,2025-12-24T04:16:46.173Z,High Gloss Parallel,283,Braydon McCallum,Peterborough,Petes,,10,Random Inserts in Hobby & e-Pack,20,,,,,,,2024-25 CHL Hockey Checklist,2024-25-chl-hockey-checklist
,,http://upperdeck.com/checklist/2024-25-chl-hockey-checklist/,2025-12-24T04:16:46.173Z,High Gloss Parallel,284,Jari Kykkanen,Kelowna,Rockets,,10,Random Inserts in Hobby & e-Pack,20,,,,,,,2024-25 CHL Hockey Checklist,2024-25-chl-hockey-checklist
,,http://upperdeck.com/checklist/2024-25-chl-hockey-checklist/,2025-12-24T04:16:46.173Z,High Gloss Parallel,285,Brad Gardiner,Barrie,Colts,,10,Random Inserts in Hobby & e-Pack,20,,,,,,,2024-25 CHL Hockey Checklist,2024-25-chl-hockey-checklist
,,http://upperdeck.com/checklist/2024-25-chl-hockey-checklist/,2025-12-24T04:16:46.173Z,High Gloss Parallel,286,Ethan Miedema,Kingston,Frontenacs,,10,Random Inserts in Hobby & e-Pack,20,,,,,,,2024-25 CHL Hockey Checklist,2024-25-chl-hockey-checklist
,,http://upperdeck.com/checklist/2024-25-chl-hockey-checklist/,2025-12-24T04:16:46.173Z,High Gloss Parallel,287,Justin Cote,Quebec,Remparts,,10,Random Inserts in Hobby & e-Pack,20,,,,,,,2024-25 CHL Hockey Checklist,2024-25-chl-hockey-checklist
,,http://upperdeck.com/checklist/2024-25-chl-hockey-checklist/,2025-12-24T04:16:46.173Z,High Gloss Parallel,288,Andrew Gibson,Oshawa,Generals,,10,Random Inserts in Hobby & e-Pack,20,,,,,,,2024-25 CHL Hockey Checklist,2024-25-chl-hockey-checklist
,,http://upperdeck.com/checklist/2024-25-chl-hockey-checklist/,2025-12-24T04:16:46.173Z,High Gloss Parallel,289,Cameron Kuzma,Regina,Pats,,10,Random Inserts in Hobby & e-Pack,20,,,,,,,2024-25 CHL Hockey Checklist,2024-25-chl-hockey-checklist
,,http://upperdeck.com/checklist/2024-25-chl-hockey-checklist/,2025-12-24T04:16:46.173Z,High Gloss Parallel,290,Ben Cormier,Owen Sound,Attack,,10,Random Inserts in Hobby & e-Pack,20,,,,,,,2024-25 CHL Hockey Checklist,2024-25-chl-hockey-checklist
,,http://upperdeck.com/checklist/2024-25-chl-hockey-checklist/,2025-12-24T04:16:46.173Z,High Gloss Parallel,291,Connor Hvidston,Calgary,Hitmen,,10,Random Inserts in Hobby & e-Pack,20,,,,,,,2024-25 CHL Hockey Checklist,2024-25-chl-hockey-checklist
,,http://upperdeck.com/checklist/2024-25-chl-hockey-checklist/,2025-12-24T04:16:46.173Z,High Gloss Parallel,292,Matthew Andonovski,Kitchener,Rangers,,10,Random Inserts in Hobby & e-Pack,20,,,,,,,2024-25 CHL Hockey Checklist,2024-25-chl-hockey-checklist
,,http://upperdeck.com/checklist/2024-25-chl-hockey-checklist/,2025-12-24T04:16:46.173Z,High Gloss Parallel,293,Emile Perron,Acadie-Bathurst,Titan,,10,Random Inserts in Hobby & e-Pack,20,,,,,,,2024-25 CHL Hockey Checklist,2024-25-chl-hockey-checklist
,,http://upperdeck.com/checklist/2024-25-chl-hockey-checklist/,2025-12-24T04:16:46.173Z,High Gloss Parallel,294,Malcolm Spence,Erie,Otters,,10,Random Inserts in Hobby & e-Pack,20,,,,,,,2024-25 CHL Hockey Checklist,2024-25-chl-hockey-checklist
,,http://upperdeck.com/checklist/2024-25-chl-hockey-checklist/,2025-12-24T04:16:46.173Z,High Gloss Parallel,295,Caden Price,Lethbridge,Hurricanes,,10,Random Inserts in Hobby & e-Pack,20,,,,,,,2024-25 CHL Hockey Checklist,2024-25-chl-hockey-checklist
,,http://upperdeck.com/checklist/2024-25-chl-hockey-checklist/,2025-12-24T04:16:46.173Z,High Gloss Parallel,296,Nathan Aspinall,Flint,Firebirds,,10,Random Inserts in Hobby & e-Pack,20,,,,,,,2024-25 CHL Hockey Checklist,2024-25-chl-hockey-checklist
,,http://upperdeck.com/checklist/2024-25-chl-hockey-checklist/,2025-12-24T04:16:46.173Z,High Gloss Parallel,297,Jordan Keller,Kamloops,Blazers,,10,Random Inserts in Hobby & e-Pack,20,,,,,,,2024-25 CHL Hockey Checklist,2024-25-chl-hockey-checklist
,,http://upperdeck.com/checklist/2024-25-chl-hockey-checklist/,2025-12-24T04:16:46.173Z,High Gloss Parallel,298,Lukas Fischer,Sarnia,Sting,,10,Random Inserts in Hobby & e-Pack,20,,,,,,,2024-25 CHL Hockey Checklist,2024-25-chl-hockey-checklist
,,http://upperdeck.com/checklist/2024-25-chl-hockey-checklist/,2025-12-24T04:16:46.173Z,High Gloss Parallel,299,Jan Sprynar,Halifax,Mooseheads,,10,Random Inserts in Hobby & e-Pack,20,,,,,,,2024-25 CHL Hockey Checklist,2024-25-chl-hockey-checklist
,,http://upperdeck.com/checklist/2024-25-chl-hockey-checklist/,2025-12-24T04:16:46.173Z,High Gloss Parallel,300,Matthew Soto,Kingston,Frontenacs,,10,Random Inserts in Hobby & e-Pack,20,,,,,,,2024-25 CHL Hockey Checklist,2024-25-chl-hockey-checklist
,,http://upperdeck.com/checklist/2024-25-chl-hockey-checklist/,2025-12-24T04:16:46.173Z,High Gloss Parallel - Stars and Star Rookies,301,Michael Misa,Saginaw,Spirit,,10,Random Inserts in Hobby & e-Pack,20,,,,,,,2024-25 CHL Hockey Checklist,2024-25-chl-hockey-checklist
,,http://upperdeck.com/checklist/2024-25-chl-hockey-checklist/,2025-12-24T04:16:46.173Z,High Gloss Parallel - Stars and Star Rookies,302,Tij Iginla,Kelowna,Rockets,,10,Random Inserts in Hobby & e-Pack,20,,,,,,,2024-25 CHL Hockey Checklist,2024-25-chl-hockey-checklist
,,http://upperdeck.com/checklist/2024-25-chl-hockey-checklist/,2025-12-24T04:16:46.173Z,High Gloss Parallel - Stars and Star Rookies,303,Sam Dickinson,London,Knights,,10,Random Inserts in Hobby & e-Pack,20,,,,,,,2024-25 CHL Hockey Checklist,2024-25-chl-hockey-checklist
,,http://upperdeck.com/checklist/2024-25-chl-hockey-checklist/,2025-12-24T04:16:46.173Z,High Gloss Parallel - Stars and Star Rookies,304,Carter Yakemchuk,Calgary,Hitmen,,10,Random Inserts in Hobby & e-Pack,20,,,,,,,2024-25 CHL Hockey Checklist,2024-25-chl-hockey-checklist
,,http://upperdeck.com/checklist/2024-25-chl-hockey-checklist/,2025-12-24T04:16:46.173Z,High Gloss Parallel - Stars and Star Rookies,305,Justin Poirier,Baie-Comeau,Drakkar,,10,Random Inserts in Hobby & e-Pack,20,,,,,,,2024-25 CHL Hockey Checklist,2024-25-chl-hockey-checklist
,,http://upperdeck.com/checklist/2024-25-chl-hockey-checklist/,2025-12-24T04:16:46.173Z,High Gloss Parallel - Stars and Star Rookies,306,Easton Cowan,London,Knights,,10,Random Inserts in Hobby & e-Pack,20,,,,,,,2024-25 CHL Hockey Checklist,2024-25-chl-hockey-checklist
,,http://upperdeck.com/checklist/2024-25-chl-hockey-checklist/,2025-12-24T04:16:46.173Z,High Gloss Parallel - Stars and Star Rookies,307,Reid Dyck,Swift Current,Broncos,,10,Random Inserts in Hobby & e-Pack,20,,,,,,,2024-25 CHL Hockey Checklist,2024-25-chl-hockey-checklist
,,http://upperdeck.com/checklist/2024-25-chl-hockey-checklist/,2025-12-24T04:16:46.173Z,High Gloss Parallel - Stars and Star Rookies,308,Calum Ritchie,Oshawa,Generals,,10,Random Inserts in Hobby & e-Pack,20,,,,,,,2024-25 CHL Hockey Checklist,2024-25-chl-hockey-checklist
,,http://upperdeck.com/checklist/2024-25-chl-hockey-checklist/,2025-12-24T04:16:46.173Z,High Gloss Parallel - Stars and Star Rookies,309,Kenta Isogai,Victoria,Royals,,10,Random Inserts in Hobby & e-Pack,20,,,,,,,2024-25 CHL Hockey Checklist,2024-25-chl-hockey-checklist
,,http://upperdeck.com/checklist/2024-25-chl-hockey-checklist/,2025-12-24T04:16:46.173Z,High Gloss Parallel - Stars and Star Rookies,310,Antonin Verreault,Rouyn-Noranda,Huskies,,10,Random Inserts in Hobby & e-Pack,20,,,,,,,2024-25 CHL Hockey Checklist,2024-25-chl-hockey-checklist
,,http://upperdeck.com/checklist/2024-25-chl-hockey-checklist/,2025-12-24T04:16:46.173Z,High Gloss Parallel - Stars and Star Rookies,311,Andrei Loshko,Niagara,IceDogs,,10,Random Inserts in Hobby & e-Pack,20,,,,,,,2024-25 CHL Hockey Checklist,2024-25-chl-hockey-checklist
,,http://upperdeck.com/checklist/2024-25-chl-hockey-checklist/,2025-12-24T04:16:46.173Z,High Gloss Parallel - Stars and Star Rookies,312,Oliver Tulk,Calgary,Hitmen,,10,Random Inserts in Hobby & e-Pack,20,,,,,,,2024-25 CHL Hockey Checklist,2024-25-chl-hockey-checklist
,,http://upperdeck.com/checklist/2024-25-chl-hockey-checklist/,2025-12-24T04:16:46.173Z,High Gloss Parallel - Stars and Star Rookies,313,Beckett Sennecke,Oshawa,Generals,,10,Random Inserts in Hobby & e-Pack,20,,,,,,,2024-25 CHL Hockey Checklist,2024-25-chl-hockey-checklist
,,http://upperdeck.com/checklist/2024-25-chl-hockey-checklist/,2025-12-24T04:16:46.173Z,High Gloss Parallel - Stars and Star Rookies,314,Andrew Basha,Medicine Hat,Tigers,,10,Random Inserts in Hobby & e-Pack,20,,,,,,,2024-25 CHL Hockey Checklist,2024-25-chl-hockey-checklist
,,http://upperdeck.com/checklist/2024-25-chl-hockey-checklist/,2025-12-24T04:16:46.173Z,High Gloss Parallel - Stars and Star Rookies,315,Cam Squires,Cape Breton,Eagles,,10,Random Inserts in Hobby & e-Pack,20,,,,,,,2024-25 CHL Hockey Checklist,2024-25-chl-hockey-checklist
,,http://upperdeck.com/checklist/2024-25-chl-hockey-checklist/,2025-12-24T04:16:46.173Z,High Gloss Parallel - Stars and Star Rookies,316,Marek Vanacker,Brantford,Bulldogs,,10,Random Inserts in Hobby & e-Pack,20,,,,,,,2024-25 CHL Hockey Checklist,2024-25-chl-hockey-checklist
,,http://upperdeck.com/checklist/2024-25-chl-hockey-checklist/,2025-12-24T04:16:46.173Z,High Gloss Parallel - Stars and Star Rookies,317,Riley Heidt,Prince George,Cougars,,10,Random Inserts in Hobby & e-Pack,20,,,,,,,2024-25 CHL Hockey Checklist,2024-25-chl-hockey-checklist
,,http://upperdeck.com/checklist/2024-25-chl-hockey-checklist/,2025-12-24T04:16:46.173Z,High Gloss Parallel - Stars and Star Rookies,318,Liam Greentree,Windsor,Spitfires,,10,Random Inserts in Hobby & e-Pack,20,,,,,,,2024-25 CHL Hockey Checklist,2024-25-chl-hockey-checklist
,,http://upperdeck.com/checklist/2024-25-chl-hockey-checklist/,2025-12-24T04:16:46.173Z,High Gloss Parallel - Stars and Star Rookies,319,Berkly Catton,Spokane,Chiefs,,10,Random Inserts in Hobby & e-Pack,20,,,,,,,2024-25 CHL Hockey Checklist,2024-25-chl-hockey-checklist
,,http://upperdeck.com/checklist/2024-25-chl-hockey-checklist/,2025-12-24T04:16:46.173Z,High Gloss Parallel - Stars and Star Rookies,320,Caleb Desnoyers,Moncton,Wildcats,,10,Random Inserts in Hobby & e-Pack,20,,,,,,,2024-25 CHL Hockey Checklist,2024-25-chl-hockey-checklist
,,http://upperdeck.com/checklist/2024-25-chl-hockey-checklist/,2025-12-24T04:16:46.173Z,High Gloss Parallel - Stars and Star Rookies,321,Jett Luchanko,Guelph,Storm,,10,Random Inserts in Hobby & e-Pack,20,,,,,,,2024-25 CHL Hockey Checklist,2024-25-chl-hockey-checklist
,,http://upperdeck.com/checklist/2024-25-chl-hockey-checklist/,2025-12-24T04:16:46.173Z,High Gloss Parallel - Stars and Star Rookies,322,Brayden Yager,Lethbridge,Hurricanes,,10,Random Inserts in Hobby & e-Pack,20,,,,,,,2024-25 CHL Hockey Checklist,2024-25-chl-hockey-checklist
,,http://upperdeck.com/checklist/2024-25-chl-hockey-checklist/,2025-12-24T04:16:46.173Z,High Gloss Parallel - Stars and Star Rookies,323,Dalyn Wakely,Barrie,Colts,,10,Random Inserts in Hobby & e-Pack,20,,,,,,,2024-25 CHL Hockey Checklist,2024-25-chl-hockey-checklist
,,http://upperdeck.com/checklist/2024-25-chl-hockey-checklist/,2025-12-24T04:16:46.173Z,High Gloss Parallel - Stars and Star Rookies,324,Cameron Schmidt,Vancouver,Giants,,10,Random Inserts in Hobby & e-Pack,20,,,,,,,2024-25 CHL Hockey Checklist,2024-25-chl-hockey-checklist
,,http://upperdeck.com/checklist/2024-25-chl-hockey-checklist/,2025-12-24T04:16:46.173Z,High Gloss Parallel - Stars and Star Rookies,325,Justin Larose,Drummondville,Voltigeurs,,10,Random Inserts in Hobby & e-Pack,20,,,,,,,2024-25 CHL Hockey Checklist,2024-25-chl-hockey-checklist
,,http://upperdeck.com/checklist/2024-25-chl-hockey-checklist/,2025-12-24T04:16:46.173Z,High Gloss Parallel - Stars and Star Rookies,326,Luke Misa,Brampton,Steelheads,,10,Random Inserts in Hobby & e-Pack,20,,,,,,,2024-25 CHL Hockey Checklist,2024-25-chl-hockey-checklist
,,http://upperdeck.com/checklist/2024-25-chl-hockey-checklist/,2025-12-24T04:16:46.173Z,High Gloss Parallel - Stars and Star Rookies,327,Roger McQueen,Brandon,Wheat Kings,,10,Random Inserts in Hobby & e-Pack,20,,,,,,,2024-25 CHL Hockey Checklist,2024-25-chl-hockey-checklist
,,http://upperdeck.com/checklist/2024-25-chl-hockey-checklist/,2025-12-24T04:16:46.173Z,High Gloss Parallel - Stars and Star Rookies,328,Tuomas Uronen,Kingston,Frontenacs,,10,Random Inserts in Hobby & e-Pack,20,,,,,,,2024-25 CHL Hockey Checklist,2024-25-chl-hockey-checklist
,,http://upperdeck.com/checklist/2024-25-chl-hockey-checklist/,2025-12-24T04:16:46.173Z,High Gloss Parallel - Stars and Star Rookies,329,Cayden Lindstrom,Medicine Hat,Tigers,,10,Random Inserts in Hobby & e-Pack,20,,,,,,,2024-25 CHL Hockey Checklist,2024-25-chl-hockey-checklist
,,http://upperdeck.com/checklist/2024-25-chl-hockey-checklist/,2025-12-24T04:16:46.173Z,High Gloss Parallel - Stars and Star Rookies,330,Sam Oliver,Drummondville,Voltigeurs,,10,Random Inserts in Hobby & e-Pack,20,,,,,,,2024-25 CHL Hockey Checklist,2024-25-chl-hockey-checklist
,,http://upperdeck.com/checklist/2024-25-chl-hockey-checklist/,2025-12-24T04:16:46.173Z,High Gloss Parallel - Stars and Star Rookies,331,Carter George,Owen Sound,Attack,,10,Random Inserts in Hobby & e-Pack,20,,,,,,,2024-25 CHL Hockey Checklist,2024-25-chl-hockey-checklist
,,http://upperdeck.com/checklist/2024-25-chl-hockey-checklist/,2025-12-24T04:16:46.173Z,High Gloss Parallel - Stars and Star Rookies,332,Andrew Cristall,Spokane,Chiefs,,10,Random Inserts in Hobby & e-Pack,20,,,,,,,2024-25 CHL Hockey Checklist,2024-25-chl-hockey-checklist
,,http://upperdeck.com/checklist/2024-25-chl-hockey-checklist/,2025-12-24T04:16:46.173Z,High Gloss Parallel - Stars and Star Rookies,333,Luca Pinelli,Ottawa,67's,,10,Random Inserts in Hobby & e-Pack,20,,,,,,,2024-25 CHL Hockey Checklist,2024-25-chl-hockey-checklist
,,http://upperdeck.com/checklist/2024-25-chl-hockey-checklist/,2025-12-24T04:16:46.173Z,High Gloss Parallel - Stars and Star Rookies,334,Harrison Brunicke,Kamloops,Blazers,,10,Random Inserts in Hobby & e-Pack,20,,,,,,,2024-25 CHL Hockey Checklist,2024-25-chl-hockey-checklist
,,http://upperdeck.com/checklist/2024-25-chl-hockey-checklist/,2025-12-24T04:16:46.173Z,High Gloss Parallel - Stars and Star Rookies,335,Joseph Henneberry,Cape Breton,Eagles,,10,Random Inserts in Hobby & e-Pack,20,,,,,,,2024-25 CHL Hockey Checklist,2024-25-chl-hockey-checklist
,,http://upperdeck.com/checklist/2024-25-chl-hockey-checklist/,2025-12-24T04:16:46.174Z,High Gloss Parallel - Stars and Star Rookies,336,Colby Barlow,Oshawa,Generals,,10,Random Inserts in Hobby & e-Pack,20,,,,,,,2024-25 CHL Hockey Checklist,2024-25-chl-hockey-checklist
,,http://upperdeck.com/checklist/2024-25-chl-hockey-checklist/,2025-12-24T04:16:46.174Z,High Gloss Parallel - Stars and Star Rookies,337,Terik Parascak,Prince George,Cougars,,10,Random Inserts in Hobby & e-Pack,20,,,,,,,2024-25 CHL Hockey Checklist,2024-25-chl-hockey-checklist
,,http://upperdeck.com/checklist/2024-25-chl-hockey-checklist/,2025-12-24T04:16:46.174Z,High Gloss Parallel - Stars and Star Rookies,338,Quentin Musty,Sudbury,Wolves,,10,Random Inserts in Hobby & e-Pack,20,,,,,,,2024-25 CHL Hockey Checklist,2024-25-chl-hockey-checklist
,,http://upperdeck.com/checklist/2024-25-chl-hockey-checklist/,2025-12-24T04:16:46.174Z,High Gloss Parallel - Stars and Star Rookies,339,Gavin McKenna,Medicine Hat,Tigers,,10,Random Inserts in Hobby & e-Pack,20,,,,,,,2024-25 CHL Hockey Checklist,2024-25-chl-hockey-checklist
,,http://upperdeck.com/checklist/2024-25-chl-hockey-checklist/,2025-12-24T04:16:46.174Z,High Gloss Parallel - Stars and Star Rookies,340,Carson Rehkopf,Brampton,Steelheads,,10,Random Inserts in Hobby & e-Pack,20,,,,,,,2024-25 CHL Hockey Checklist,2024-25-chl-hockey-checklist
,,http://upperdeck.com/checklist/2024-25-chl-hockey-checklist/,2025-12-24T04:16:46.174Z,High Gloss Parallel - Stars and Star Rookies,341,Jonathan Fauchon,Rimouski,Oceanic,,10,Random Inserts in Hobby & e-Pack,20,,,,,,,2024-25 CHL Hockey Checklist,2024-25-chl-hockey-checklist
,,http://upperdeck.com/checklist/2024-25-chl-hockey-checklist/,2025-12-24T04:16:46.174Z,High Gloss Parallel - Stars and Star Rookies,342,Jake O'Brien,Brantford,Bulldogs,,10,Random Inserts in Hobby & e-Pack,20,,,,,,,2024-25 CHL Hockey Checklist,2024-25-chl-hockey-checklist
,,http://upperdeck.com/checklist/2024-25-chl-hockey-checklist/,2025-12-24T04:16:46.174Z,High Gloss Parallel - Stars and Star Rookies,343,Ethan Gauthier,Drummondville,Voltigeurs,,10,Random Inserts in Hobby & e-Pack,20,,,,,,,2024-25 CHL Hockey Checklist,2024-25-chl-hockey-checklist
,,http://upperdeck.com/checklist/2024-25-chl-hockey-checklist/,2025-12-24T04:16:46.174Z,High Gloss Parallel - Stars and Star Rookies,344,Kashawn Aitcheson,Barrie,Colts,,10,Random Inserts in Hobby & e-Pack,20,,,,,,,2024-25 CHL Hockey Checklist,2024-25-chl-hockey-checklist
,,http://upperdeck.com/checklist/2024-25-chl-hockey-checklist/,2025-12-24T04:16:46.174Z,High Gloss Parallel - Stars and Star Rookies,345,Alexandre Blais,Rimouski,Oceanic,,10,Random Inserts in Hobby & e-Pack,20,,,,,,,2024-25 CHL Hockey Checklist,2024-25-chl-hockey-checklist
,,http://upperdeck.com/checklist/2024-25-chl-hockey-checklist/,2025-12-24T04:16:46.174Z,High Gloss Parallel - Stars and Star Rookies,346,Henry Mews,Sudbury,Wolves,,10,Random Inserts in Hobby & e-Pack,20,,,,,,,2024-25 CHL Hockey Checklist,2024-25-chl-hockey-checklist
,,http://upperdeck.com/checklist/2024-25-chl-hockey-checklist/,2025-12-24T04:16:46.174Z,High Gloss Parallel - Stars and Star Rookies,347,Oasiz Wiesblatt,Medicine Hat,Tigers,,10,Random Inserts in Hobby & e-Pack,20,,,,,,,2024-25 CHL Hockey Checklist,2024-25-chl-hockey-checklist
,,http://upperdeck.com/checklist/2024-25-chl-hockey-checklist/,2025-12-24T04:16:46.174Z,High Gloss Parallel - Stars and Star Rookies,348,Zayne Parekh,Saginaw,Spirit,,10,Random Inserts in Hobby & e-Pack,20,,,,,,,2024-25 CHL Hockey Checklist,2024-25-chl-hockey-checklist
,,http://upperdeck.com/checklist/2024-25-chl-hockey-checklist/,2025-12-24T04:16:46.174Z,High Gloss Parallel - Stars and Star Rookies,349,Jeremie Minville,Gatineau,Olympiques,,10,Random Inserts in Hobby & e-Pack,20,,,,,,,2024-25 CHL Hockey Checklist,2024-25-chl-hockey-checklist
,,http://upperdeck.com/checklist/2024-25-chl-hockey-checklist/,2025-12-24T04:16:46.174Z,High Gloss Parallel - Stars and Star Rookies,350,Porter Martone,Brampton,Steelheads,,10,Random Inserts in Hobby & e-Pack,20,,,,,,,2024-25 CHL Hockey Checklist,2024-25-chl-hockey-checklist
,,http://upperdeck.com/checklist/2024-25-chl-hockey-checklist/,2025-12-24T04:16:46.174Z,High Gloss Parallel - Stars and Star Rookies,351,Dylan Rozzi,Saint John,Sea Dogs,,10,Random Inserts in Hobby & e-Pack,20,,,,,,,2024-25 CHL Hockey Checklist,2024-25-chl-hockey-checklist
,,http://upperdeck.com/checklist/2024-25-chl-hockey-checklist/,2025-12-24T04:16:46.174Z,High Gloss Parallel - Stars and Star Rookies,352,Beckett Hamilton,Red Deer,Rebels,,10,Random Inserts in Hobby & e-Pack,20,,,,,,,2024-25 CHL Hockey Checklist,2024-25-chl-hockey-checklist
,,http://upperdeck.com/checklist/2024-25-chl-hockey-checklist/,2025-12-24T04:16:46.174Z,High Gloss Parallel - Stars and Star Rookies,353,Max Bleicher,Owen Sound,Attack,,10,Random Inserts in Hobby & e-Pack,20,,,,,,,2024-25 CHL Hockey Checklist,2024-25-chl-hockey-checklist
,,http://upperdeck.com/checklist/2024-25-chl-hockey-checklist/,2025-12-24T04:16:46.174Z,High Gloss Parallel - Stars and Star Rookies,354,Biagio Jr. Daniele,Acadie-Bathurst,Titan,,10,Random Inserts in Hobby & e-Pack,20,,,,,,,2024-25 CHL Hockey Checklist,2024-25-chl-hockey-checklist
,,http://upperdeck.com/checklist/2024-25-chl-hockey-checklist/,2025-12-24T04:16:46.174Z,High Gloss Parallel - Stars and Star Rookies,355,Carter Esler,Spokane,Chiefs,,10,Random Inserts in Hobby & e-Pack,20,,,,,,,2024-25 CHL Hockey Checklist,2024-25-chl-hockey-checklist
,,http://upperdeck.com/checklist/2024-25-chl-hockey-checklist/,2025-12-24T04:16:46.174Z,High Gloss Parallel - Stars and Star Rookies,356,Filip Ekberg,Ottawa,67's,,10,Random Inserts in Hobby & e-Pack,20,,,,,,,2024-25 CHL Hockey Checklist,2024-25-chl-hockey-checklist
,,http://upperdeck.com/checklist/2024-25-chl-hockey-checklist/,2025-12-24T04:16:46.174Z,High Gloss Parallel - Stars and Star Rookies,357,Matvei Gridin,Shawinigan,Cataracts,,10,Random Inserts in Hobby & e-Pack,20,,,,,,,2024-25 CHL Hockey Checklist,2024-25-chl-hockey-checklist
,,http://upperdeck.com/checklist/2024-25-chl-hockey-checklist/,2025-12-24T04:16:46.174Z,High Gloss Parallel - Stars and Star Rookies,358,Niilopekka Muhonen,Medicine Hat,Tigers,,10,Random Inserts in Hobby & e-Pack,20,,,,,,,2024-25 CHL Hockey Checklist,2024-25-chl-hockey-checklist
,,http://upperdeck.com/checklist/2024-25-chl-hockey-checklist/,2025-12-24T04:16:46.174Z,High Gloss Parallel - Stars and Star Rookies,359,Braidy Wassilyn,Niagara,IceDogs,,10,Random Inserts in Hobby & e-Pack,20,,,,,,,2024-25 CHL Hockey Checklist,2024-25-chl-hockey-checklist
,,http://upperdeck.com/checklist/2024-25-chl-hockey-checklist/,2025-12-24T04:16:46.174Z,High Gloss Parallel - Stars and Star Rookies,360,Elliot Dube,Saint John,Sea Dogs,,10,Random Inserts in Hobby & e-Pack,20,,,,,,,2024-25 CHL Hockey Checklist,2024-25-chl-hockey-checklist
,,http://upperdeck.com/checklist/2024-25-chl-hockey-checklist/,2025-12-24T04:16:46.174Z,High Gloss Parallel - Stars and Star Rookies,361,Landon DuPont,Everett,Silvertips,,10,Random Inserts in Hobby & e-Pack,20,,,,,,,2024-25 CHL Hockey Checklist,2024-25-chl-hockey-checklist
,,http://upperdeck.com/checklist/2024-25-chl-hockey-checklist/,2025-12-24T04:16:46.174Z,High Gloss Parallel - Stars and Star Rookies,362,Carson Harmer,Saginaw,Spirit,,10,Random Inserts in Hobby & e-Pack,20,,,,,,,2024-25 CHL Hockey Checklist,2024-25-chl-hockey-checklist
,,http://upperdeck.com/checklist/2024-25-chl-hockey-checklist/,2025-12-24T04:16:46.174Z,High Gloss Parallel - Stars and Star Rookies,363,Lars Steiner,Rouyn-Noranda,Huskies,,10,Random Inserts in Hobby & e-Pack,20,,,,,,,2024-25 CHL Hockey Checklist,2024-25-chl-hockey-checklist
,,http://upperdeck.com/checklist/2024-25-chl-hockey-checklist/,2025-12-24T04:16:46.174Z,High Gloss Parallel - Stars and Star Rookies,364,Ondrej Stebetak,Portland,Winterhawks,,10,Random Inserts in Hobby & e-Pack,20,,,,,,,2024-25 CHL Hockey Checklist,2024-25-chl-hockey-checklist
,,http://upperdeck.com/checklist/2024-25-chl-hockey-checklist/,2025-12-24T04:16:46.174Z,High Gloss Parallel - Stars and Star Rookies,365,Andreas Straka,Quebec,Remparts,,10,Random Inserts in Hobby & e-Pack,20,,,,,,,2024-25 CHL Hockey Checklist,2024-25-chl-hockey-checklist
,,http://upperdeck.com/checklist/2024-25-chl-hockey-checklist/,2025-12-24T04:16:46.174Z,High Gloss Parallel - Stars and Star Rookies,366,Miroslav Holinka,Edmonton,Oil Kings,,10,Random Inserts in Hobby & e-Pack,20,,,,,,,2024-25 CHL Hockey Checklist,2024-25-chl-hockey-checklist
,,http://upperdeck.com/checklist/2024-25-chl-hockey-checklist/,2025-12-24T04:16:46.174Z,High Gloss Parallel - Stars and Star Rookies,367,Colin Fitzgerald,Peterborough,Petes,,10,Random Inserts in Hobby & e-Pack,20,,,,,,,2024-25 CHL Hockey Checklist,2024-25-chl-hockey-checklist
,,http://upperdeck.com/checklist/2024-25-chl-hockey-checklist/,2025-12-24T04:16:46.174Z,High Gloss Parallel - Stars and Star Rookies,368,Maxim Dube,Gatineau,Olympiques,,10,Random Inserts in Hobby & e-Pack,20,,,,,,,2024-25 CHL Hockey Checklist,2024-25-chl-hockey-checklist
,,http://upperdeck.com/checklist/2024-25-chl-hockey-checklist/,2025-12-24T04:16:46.174Z,High Gloss Parallel - Stars and Star Rookies,369,Matej Pekar,Seattle,Thunderbirds,,10,Random Inserts in Hobby & e-Pack,20,,,,,,,2024-25 CHL Hockey Checklist,2024-25-chl-hockey-checklist
,,http://upperdeck.com/checklist/2024-25-chl-hockey-checklist/,2025-12-24T04:16:46.174Z,High Gloss Parallel - Stars and Star Rookies,370,William Yared,Saint John,Sea Dogs,,10,Random Inserts in Hobby & e-Pack,20,,,,,,,2024-25 CHL Hockey Checklist,2024-25-chl-hockey-checklist
,,http://upperdeck.com/checklist/2024-25-chl-hockey-checklist/,2025-12-24T04:16:46.174Z,High Gloss Parallel - Stars and Star Rookies,371,Brek Liske,Everett,Silvertips,,10,Random Inserts in Hobby & e-Pack,20,,,,,,,2024-25 CHL Hockey Checklist,2024-25-chl-hockey-checklist
,,http://upperdeck.com/checklist/2024-25-chl-hockey-checklist/,2025-12-24T04:16:46.174Z,High Gloss Parallel - Stars and Star Rookies,372,Alessandro Di Iorio,Sarnia,Sting,,10,Random Inserts in Hobby & e-Pack,20,,,,,,,2024-25 CHL Hockey Checklist,2024-25-chl-hockey-checklist
,,http://upperdeck.com/checklist/2024-25-chl-hockey-checklist/,2025-12-24T04:16:46.174Z,High Gloss Parallel - Stars and Star Rookies,373,Carlos Handel,Halifax,Mooseheads,,10,Random Inserts in Hobby & e-Pack,20,,,,,,,2024-25 CHL Hockey Checklist,2024-25-chl-hockey-checklist
,,http://upperdeck.com/checklist/2024-25-chl-hockey-checklist/,2025-12-24T04:16:46.174Z,High Gloss Parallel - Stars and Star Rookies,374,Cole Zurawski,Owen Sound,Attack,,10,Random Inserts in Hobby & e-Pack,20,,,,,,,2024-25 CHL Hockey Checklist,2024-25-chl-hockey-checklist
,,http://upperdeck.com/checklist/2024-25-chl-hockey-checklist/,2025-12-24T04:16:46.174Z,High Gloss Parallel - Stars and Star Rookies,375,Mikko Leppa,Victoriaville,Tigres,,10,Random Inserts in Hobby & e-Pack,20,,,,,,,2024-25 CHL Hockey Checklist,2024-25-chl-hockey-checklist
,,http://upperdeck.com/checklist/2024-25-chl-hockey-checklist/,2025-12-24T04:16:46.174Z,High Gloss Parallel - Stars and Star Rookies,376,Mathis Preston,Spokane,Chiefs,,10,Random Inserts in Hobby & e-Pack,20,,,,,,,2024-25 CHL Hockey Checklist,2024-25-chl-hockey-checklist
,,http://upperdeck.com/checklist/2024-25-chl-hockey-checklist/,2025-12-24T04:16:46.174Z,High Gloss Parallel - Stars and Star Rookies,377,Kent Greer,North Bay,Battalion,,10,Random Inserts in Hobby & e-Pack,20,,,,,,,2024-25 CHL Hockey Checklist,2024-25-chl-hockey-checklist
,,http://upperdeck.com/checklist/2024-25-chl-hockey-checklist/,2025-12-24T04:16:46.174Z,High Gloss Parallel - Stars and Star Rookies,378,Daniel Walters,Halifax,Mooseheads,,10,Random Inserts in Hobby & e-Pack,20,,,,,,,2024-25 CHL Hockey Checklist,2024-25-chl-hockey-checklist
,,http://upperdeck.com/checklist/2024-25-chl-hockey-checklist/,2025-12-24T04:16:46.174Z,High Gloss Parallel - Stars and Star Rookies,379,Nathan Behm,Kamloops,Blazers,,10,Random Inserts in Hobby & e-Pack,20,,,,,,,2024-25 CHL Hockey Checklist,2024-25-chl-hockey-checklist
,,http://upperdeck.com/checklist/2024-25-chl-hockey-checklist/,2025-12-24T04:16:46.174Z,High Gloss Parallel - Stars and Star Rookies,380,Trent Gates,Owen Sound,Attack,,10,Random Inserts in Hobby & e-Pack,20,,,,,,,2024-25 CHL Hockey Checklist,2024-25-chl-hockey-checklist
,,http://upperdeck.com/checklist/2024-25-chl-hockey-checklist/,2025-12-24T04:16:46.174Z,High Gloss Parallel - Stars and Star Rookies,381,Chad Lygitsakos,Shawinigan,Cataractes,,10,Random Inserts in Hobby & e-Pack,20,,,,,,,2024-25 CHL Hockey Checklist,2024-25-chl-hockey-checklist
,,http://upperdeck.com/checklist/2024-25-chl-hockey-checklist/,2025-12-24T04:16:46.174Z,High Gloss Parallel - Stars and Star Rookies,382,Isaac Poll,Saskatoon,Blades,,10,Random Inserts in Hobby & e-Pack,20,,,,,,,2024-25 CHL Hockey Checklist,2024-25-chl-hockey-checklist
,,http://upperdeck.com/checklist/2024-25-chl-hockey-checklist/,2025-12-24T04:16:46.174Z,High Gloss Parallel - Stars and Star Rookies,383,Pierce Mbuyi,Owen Sound,Attack,,10,Random Inserts in Hobby & e-Pack,20,,,,,,,2024-25 CHL Hockey Checklist,2024-25-chl-hockey-checklist
,,http://upperdeck.com/checklist/2024-25-chl-hockey-checklist/,2025-12-24T04:16:46.174Z,High Gloss Parallel - Stars and Star Rookies,384,Maddox Dagenais,Quebec,Remparts,,10,Random Inserts in Hobby & e-Pack,20,,,,,,,2024-25 CHL Hockey Checklist,2024-25-chl-hockey-checklist
,,http://upperdeck.com/checklist/2024-25-chl-hockey-checklist/,2025-12-24T04:16:46.174Z,High Gloss Parallel - Stars and Star Rookies,385,Veeti Vaisanen,Medicine Hat,Tigers,,10,Random Inserts in Hobby & e-Pack,20,,,,,,,2024-25 CHL Hockey Checklist,2024-25-chl-hockey-checklist
,,http://upperdeck.com/checklist/2024-25-chl-hockey-checklist/,2025-12-24T04:16:46.174Z,High Gloss Parallel - Stars and Star Rookies,386,Benjamin Olivier,Val-d'Or,Foreurs,,10,Random Inserts in Hobby & e-Pack,20,,,,,,,2024-25 CHL Hockey Checklist,2024-25-chl-hockey-checklist
,,http://upperdeck.com/checklist/2024-25-chl-hockey-checklist/,2025-12-24T04:16:46.174Z,High Gloss Parallel - Stars and Star Rookies,387,Rylan Ng,Calgary,Hitmen,,10,Random Inserts in Hobby & e-Pack,20,,,,,,,2024-25 CHL Hockey Checklist,2024-25-chl-hockey-checklist
,,http://upperdeck.com/checklist/2024-25-chl-hockey-checklist/,2025-12-24T04:16:46.174Z,High Gloss Parallel - Stars and Star Rookies,388,Jacob Gouchie,Val-d'Or,Foreurs,,10,Random Inserts in Hobby & e-Pack,20,,,,,,,2024-25 CHL Hockey Checklist,2024-25-chl-hockey-checklist
,,http://upperdeck.com/checklist/2024-25-chl-hockey-checklist/,2025-12-24T04:16:46.174Z,High Gloss Parallel - Stars and Star Rookies,389,Markus Loponen,Victoria,Royals,,10,Random Inserts in Hobby & e-Pack,20,,,,,,,2024-25 CHL Hockey Checklist,2024-25-chl-hockey-checklist
,,http://upperdeck.com/checklist/2024-25-chl-hockey-checklist/,2025-12-24T04:16:46.174Z,High Gloss Parallel - Stars and Star Rookies,390,Florian Schenk,Saint John,Sea Dogs,,10,Random Inserts in Hobby & e-Pack,20,,,,,,,2024-25 CHL Hockey Checklist,2024-25-chl-hockey-checklist
,,http://upperdeck.com/checklist/2024-25-chl-hockey-checklist/,2025-12-24T04:16:46.174Z,High Gloss Parallel - Stars and Star Rookies,391,Parker Vaughan,North Bay,Battalion,,10,Random Inserts in Hobby & e-Pack,20,,,,,,,2024-25 CHL Hockey Checklist,2024-25-chl-hockey-checklist
,,http://upperdeck.com/checklist/2024-25-chl-hockey-checklist/,2025-12-24T04:16:46.174Z,High Gloss Parallel - Stars and Star Rookies,392,Liam Arsenault,Acadie-Bathurst,Titan,,10,Random Inserts in Hobby & e-Pack,20,,,,,,,2024-25 CHL Hockey Checklist,2024-25-chl-hockey-checklist
,,http://upperdeck.com/checklist/2024-25-chl-hockey-checklist/,2025-12-24T04:16:46.174Z,High Gloss Parallel - Stars and Star Rookies,393,Joe Iginla,Edmonton,Oil Kings,,10,Random Inserts in Hobby & e-Pack,20,,,,,,,2024-25 CHL Hockey Checklist,2024-25-chl-hockey-checklist
,,http://upperdeck.com/checklist/2024-25-chl-hockey-checklist/,2025-12-24T04:16:46.174Z,High Gloss Parallel - Stars and Star Rookies,394,Simon-Xavier Cyr,Gatineau,Olympiques,,10,Random Inserts in Hobby & e-Pack,20,,,,,,,2024-25 CHL Hockey Checklist,2024-25-chl-hockey-checklist
,,http://upperdeck.com/checklist/2024-25-chl-hockey-checklist/,2025-12-24T04:16:46.174Z,High Gloss Parallel - Stars and Star Rookies,395,Axel Hurtig,Calgary,Hitmen,,10,Random Inserts in Hobby & e-Pack,20,,,,,,,2024-25 CHL Hockey Checklist,2024-25-chl-hockey-checklist
,,http://upperdeck.com/checklist/2024-25-chl-hockey-checklist/,2025-12-24T04:16:46.174Z,High Gloss Parallel - Stars and Star Rookies,396,Bo Damphousse,Blainville-Boisbriand,Armada,,10,Random Inserts in Hobby & e-Pack,20,,,,,,,2024-25 CHL Hockey Checklist,2024-25-chl-hockey-checklist
,,http://upperdeck.com/checklist/2024-25-chl-hockey-checklist/,2025-12-24T04:16:46.174Z,High Gloss Parallel - Stars and Star Rookies,397,Brody Gillespie,Spokane,Chiefs,,10,Random Inserts in Hobby & e-Pack,20,,,,,,,2024-25 CHL Hockey Checklist,2024-25-chl-hockey-checklist
,,http://upperdeck.com/checklist/2024-25-chl-hockey-checklist/,2025-12-24T04:16:46.174Z,High Gloss Parallel - Stars and Star Rookies,398,Ryder Carey,North Bay,Battalion,,10,Random Inserts in Hobby & e-Pack,20,,,,,,,2024-25 CHL Hockey Checklist,2024-25-chl-hockey-checklist
,,http://upperdeck.com/checklist/2024-25-chl-hockey-checklist/,2025-12-24T04:16:46.174Z,High Gloss Parallel - Stars and Star Rookies,399,Aaron Sawatzky,Moose Jaw,Warriors,,10,Random Inserts in Hobby & e-Pack,20,,,,,,,2024-25 CHL Hockey Checklist,2024-25-chl-hockey-checklist
,,http://upperdeck.com/checklist/2024-25-chl-hockey-checklist/,2025-12-24T04:16:46.174Z,High Gloss Parallel - Stars and Star Rookies,400,Brennan O'Donnell,Chicoutimi,Sagueneens,,10,Random Inserts in Hobby & e-Pack,20,,,,,,,2024-25 CHL Hockey Checklist,2024-25-chl-hockey-checklist
,,http://upperdeck.com/checklist/2024-25-chl-hockey-checklist/,2025-12-24T04:16:46.174Z,Outburst Gold Parallel - Stars and Star Rookies,301,Michael Misa,Saginaw,Spirit,,1,Random Inserts in Hobby & e-Pack,20,,,,,,,2024-25 CHL Hockey Checklist,2024-25-chl-hockey-checklist
,,http://upperdeck.com/checklist/2024-25-chl-hockey-checklist/,2025-12-24T04:16:46.174Z,Outburst Gold Parallel - Stars and Star Rookies,302,Tij Iginla,Kelowna,Rockets,,1,Random Inserts in Hobby & e-Pack,20,,,,,,,2024-25 CHL Hockey Checklist,2024-25-chl-hockey-checklist
,,http://upperdeck.com/checklist/2024-25-chl-hockey-checklist/,2025-12-24T04:16:46.174Z,Outburst Gold Parallel - Stars and Star Rookies,303,Sam Dickinson,London,Knights,,1,Random Inserts in Hobby & e-Pack,20,,,,,,,2024-25 CHL Hockey Checklist,2024-25-chl-hockey-checklist
,,http://upperdeck.com/checklist/2024-25-chl-hockey-checklist/,2025-12-24T04:16:46.174Z,Outburst Gold Parallel - Stars and Star Rookies,304,Carter Yakemchuk,Calgary,Hitmen,,1,Random Inserts in Hobby & e-Pack,20,,,,,,,2024-25 CHL Hockey Checklist,2024-25-chl-hockey-checklist
,,http://upperdeck.com/checklist/2024-25-chl-hockey-checklist/,2025-12-24T04:16:46.174Z,Outburst Gold Parallel - Stars and Star Rookies,305,Justin Poirier,Baie-Comeau,Drakkar,,1,Random Inserts in Hobby & e-Pack,20,,,,,,,2024-25 CHL Hockey Checklist,2024-25-chl-hockey-checklist
,,http://upperdeck.com/checklist/2024-25-chl-hockey-checklist/,2025-12-24T04:16:46.174Z,Outburst Gold Parallel - Stars and Star Rookies,306,Easton Cowan,London,Knights,,1,Random Inserts in Hobby & e-Pack,20,,,,,,,2024-25 CHL Hockey Checklist,2024-25-chl-hockey-checklist
,,http://upperdeck.com/checklist/2024-25-chl-hockey-checklist/,2025-12-24T04:16:46.175Z,Outburst Gold Parallel - Stars and Star Rookies,307,Reid Dyck,Swift Current,Broncos,,1,Random Inserts in Hobby & e-Pack,20,,,,,,,2024-25 CHL Hockey Checklist,2024-25-chl-hockey-checklist
,,http://upperdeck.com/checklist/2024-25-chl-hockey-checklist/,2025-12-24T04:16:46.175Z,Outburst Gold Parallel - Stars and Star Rookies,308,Calum Ritchie,Oshawa,Generals,,1,Random Inserts in Hobby & e-Pack,20,,,,,,,2024-25 CHL Hockey Checklist,2024-25-chl-hockey-checklist
,,http://upperdeck.com/checklist/2024-25-chl-hockey-checklist/,2025-12-24T04:16:46.175Z,Outburst Gold Parallel - Stars and Star Rookies,309,Kenta Isogai,Victoria,Royals,,1,Random Inserts in Hobby & e-Pack,20,,,,,,,2024-25 CHL Hockey Checklist,2024-25-chl-hockey-checklist
,,http://upperdeck.com/checklist/2024-25-chl-hockey-checklist/,2025-12-24T04:16:46.175Z,Outburst Gold Parallel - Stars and Star Rookies,310,Antonin Verreault,Rouyn-Noranda,Huskies,,1,Random Inserts in Hobby & e-Pack,20,,,,,,,2024-25 CHL Hockey Checklist,2024-25-chl-hockey-checklist
,,http://upperdeck.com/checklist/2024-25-chl-hockey-checklist/,2025-12-24T04:16:46.175Z,Outburst Gold Parallel - Stars and Star Rookies,311,Andrei Loshko,Niagara,IceDogs,,1,Random Inserts in Hobby & e-Pack,20,,,,,,,2024-25 CHL Hockey Checklist,2024-25-chl-hockey-checklist
,,http://upperdeck.com/checklist/2024-25-chl-hockey-checklist/,2025-12-24T04:16:46.175Z,Outburst Gold Parallel - Stars and Star Rookies,312,Oliver Tulk,Calgary,Hitmen,,1,Random Inserts in Hobby & e-Pack,20,,,,,,,2024-25 CHL Hockey Checklist,2024-25-chl-hockey-checklist
,,http://upperdeck.com/checklist/2024-25-chl-hockey-checklist/,2025-12-24T04:16:46.175Z,Outburst Gold Parallel - Stars and Star Rookies,313,Beckett Sennecke,Oshawa,Generals,,1,Random Inserts in Hobby & e-Pack,20,,,,,,,2024-25 CHL Hockey Checklist,2024-25-chl-hockey-checklist
,,http://upperdeck.com/checklist/2024-25-chl-hockey-checklist/,2025-12-24T04:16:46.175Z,Outburst Gold Parallel - Stars and Star Rookies,314,Andrew Basha,Medicine Hat,Tigers,,1,Random Inserts in Hobby & e-Pack,20,,,,,,,2024-25 CHL Hockey Checklist,2024-25-chl-hockey-checklist
,,http://upperdeck.com/checklist/2024-25-chl-hockey-checklist/,2025-12-24T04:16:46.175Z,Outburst Gold Parallel - Stars and Star Rookies,315,Cam Squires,Cape Breton,Eagles,,1,Random Inserts in Hobby & e-Pack,20,,,,,,,2024-25 CHL Hockey Checklist,2024-25-chl-hockey-checklist
,,http://upperdeck.com/checklist/2024-25-chl-hockey-checklist/,2025-12-24T04:16:46.179Z,Outburst Gold Parallel - Stars and Star Rookies,316,Marek Vanacker,Brantford,Bulldogs,,1,Random Inserts in Hobby & e-Pack,20,,,,,,,2024-25 CHL Hockey Checklist,2024-25-chl-hockey-checklist
,,http://upperdeck.com/checklist/2024-25-chl-hockey-checklist/,2025-12-24T04:16:46.179Z,Outburst Gold Parallel - Stars and Star Rookies,317,Riley Heidt,Prince George,Cougars,,1,Random Inserts in Hobby & e-Pack,20,,,,,,,2024-25 CHL Hockey Checklist,2024-25-chl-hockey-checklist
,,http://upperdeck.com/checklist/2024-25-chl-hockey-checklist/,2025-12-24T04:16:46.179Z,Outburst Gold Parallel - Stars and Star Rookies,318,Liam Greentree,Windsor,Spitfires,,1,Random Inserts in Hobby & e-Pack,20,,,,,,,2024-25 CHL Hockey Checklist,2024-25-chl-hockey-checklist
,,http://upperdeck.com/checklist/2024-25-chl-hockey-checklist/,2025-12-24T04:16:46.179Z,Outburst Gold Parallel - Stars and Star Rookies,319,Berkly Catton,Spokane,Chiefs,,1,Random Inserts in Hobby & e-Pack,20,,,,,,,2024-25 CHL Hockey Checklist,2024-25-chl-hockey-checklist
,,http://upperdeck.com/checklist/2024-25-chl-hockey-checklist/,2025-12-24T04:16:46.179Z,Outburst Gold Parallel - Stars and Star Rookies,320,Caleb Desnoyers,Moncton,Wildcats,,1,Random Inserts in Hobby & e-Pack,20,,,,,,,2024-25 CHL Hockey Checklist,2024-25-chl-hockey-checklist
,,http://upperdeck.com/checklist/2024-25-chl-hockey-checklist/,2025-12-24T04:16:46.179Z,Outburst Gold Parallel - Stars and Star Rookies,321,Jett Luchanko,Guelph,Storm,,1,Random Inserts in Hobby & e-Pack,20,,,,,,,2024-25 CHL Hockey Checklist,2024-25-chl-hockey-checklist
,,http://upperdeck.com/checklist/2024-25-chl-hockey-checklist/,2025-12-24T04:16:46.179Z,Outburst Gold Parallel - Stars and Star Rookies,322,Brayden Yager,Lethbridge,Hurricanes,,1,Random Inserts in Hobby & e-Pack,20,,,,,,,2024-25 CHL Hockey Checklist,2024-25-chl-hockey-checklist
,,http://upperdeck.com/checklist/2024-25-chl-hockey-checklist/,2025-12-24T04:16:46.179Z,Outburst Gold Parallel - Stars and Star Rookies,323,Dalyn Wakely,Barrie,Colts,,1,Random Inserts in Hobby & e-Pack,20,,,,,,,2024-25 CHL Hockey Checklist,2024-25-chl-hockey-checklist
,,http://upperdeck.com/checklist/2024-25-chl-hockey-checklist/,2025-12-24T04:16:46.179Z,Outburst Gold Parallel - Stars and Star Rookies,324,Cameron Schmidt,Vancouver,Giants,,1,Random Inserts in Hobby & e-Pack,20,,,,,,,2024-25 CHL Hockey Checklist,2024-25-chl-hockey-checklist
,,http://upperdeck.com/checklist/2024-25-chl-hockey-checklist/,2025-12-24T04:16:46.179Z,Outburst Gold Parallel - Stars and Star Rookies,325,Justin Larose,Drummondville,Voltigeurs,,1,Random Inserts in Hobby & e-Pack,20,,,,,,,2024-25 CHL Hockey Checklist,2024-25-chl-hockey-checklist
,,http://upperdeck.com/checklist/2024-25-chl-hockey-checklist/,2025-12-24T04:16:46.179Z,Outburst Gold Parallel - Stars and Star Rookies,326,Luke Misa,Brampton,Steelheads,,1,Random Inserts in Hobby & e-Pack,20,,,,,,,2024-25 CHL Hockey Checklist,2024-25-chl-hockey-checklist
,,http://upperdeck.com/checklist/2024-25-chl-hockey-checklist/,2025-12-24T04:16:46.179Z,Outburst Gold Parallel - Stars and Star Rookies,327,Roger McQueen,Brandon,Wheat Kings,,1,Random Inserts in Hobby & e-Pack,20,,,,,,,2024-25 CHL Hockey Checklist,2024-25-chl-hockey-checklist
,,http://upperdeck.com/checklist/2024-25-chl-hockey-checklist/,2025-12-24T04:16:46.179Z,Outburst Gold Parallel - Stars and Star Rookies,328,Tuomas Uronen,Kingston,Frontenacs,,1,Random Inserts in Hobby & e-Pack,20,,,,,,,2024-25 CHL Hockey Checklist,2024-25-chl-hockey-checklist
,,http://upperdeck.com/checklist/2024-25-chl-hockey-checklist/,2025-12-24T04:16:46.179Z,Outburst Gold Parallel - Stars and Star Rookies,329,Cayden Lindstrom,Medicine Hat,Tigers,,1,Random Inserts in Hobby & e-Pack,20,,,,,,,2024-25 CHL Hockey Checklist,2024-25-chl-hockey-checklist
,,http://upperdeck.com/checklist/2024-25-chl-hockey-checklist/,2025-12-24T04:16:46.179Z,Outburst Gold Parallel - Stars and Star Rookies,330,Sam Oliver,Drummondville,Voltigeurs,,1,Random Inserts in Hobby & e-Pack,20,,,,,,,2024-25 CHL Hockey Checklist,2024-25-chl-hockey-checklist
,,http://upperdeck.com/checklist/2024-25-chl-hockey-checklist/,2025-12-24T04:16:46.180Z,Outburst Gold Parallel - Stars and Star Rookies,331,Carter George,Owen Sound,Attack,,1,Random Inserts in Hobby & e-Pack,20,,,,,,,2024-25 CHL Hockey Checklist,2024-25-chl-hockey-checklist
,,http://upperdeck.com/checklist/2024-25-chl-hockey-checklist/,2025-12-24T04:16:46.180Z,Outburst Gold Parallel - Stars and Star Rookies,332,Andrew Cristall,Spokane,Chiefs,,1,Random Inserts in Hobby & e-Pack,20,,,,,,,2024-25 CHL Hockey Checklist,2024-25-chl-hockey-checklist
,,http://upperdeck.com/checklist/2024-25-chl-hockey-checklist/,2025-12-24T04:16:46.180Z,Outburst Gold Parallel - Stars and Star Rookies,333,Luca Pinelli,Ottawa,67's,,1,Random Inserts in Hobby & e-Pack,20,,,,,,,2024-25 CHL Hockey Checklist,2024-25-chl-hockey-checklist
,,http://upperdeck.com/checklist/2024-25-chl-hockey-checklist/,2025-12-24T04:16:46.180Z,Outburst Gold Parallel - Stars and Star Rookies,334,Harrison Brunicke,Kamloops,Blazers,,1,Random Inserts in Hobby & e-Pack,20,,,,,,,2024-25 CHL Hockey Checklist,2024-25-chl-hockey-checklist
,,http://upperdeck.com/checklist/2024-25-chl-hockey-checklist/,2025-12-24T04:16:46.180Z,Outburst Gold Parallel - Stars and Star Rookies,335,Joseph Henneberry,Cape Breton,Eagles,,1,Random Inserts in Hobby & e-Pack,20,,,,,,,2024-25 CHL Hockey Checklist,2024-25-chl-hockey-checklist
,,http://upperdeck.com/checklist/2024-25-chl-hockey-checklist/,2025-12-24T04:16:46.180Z,Outburst Gold Parallel - Stars and Star Rookies,336,Colby Barlow,Oshawa,Generals,,1,Random Inserts in Hobby & e-Pack,20,,,,,,,2024-25 CHL Hockey Checklist,2024-25-chl-hockey-checklist
,,http://upperdeck.com/checklist/2024-25-chl-hockey-checklist/,2025-12-24T04:16:46.180Z,Outburst Gold Parallel - Stars and Star Rookies,337,Terik Parascak,Prince George,Cougars,,1,Random Inserts in Hobby & e-Pack,20,,,,,,,2024-25 CHL Hockey Checklist,2024-25-chl-hockey-checklist
,,http://upperdeck.com/checklist/2024-25-chl-hockey-checklist/,2025-12-24T04:16:46.180Z,Outburst Gold Parallel - Stars and Star Rookies,338,Quentin Musty,Sudbury,Wolves,,1,Random Inserts in Hobby & e-Pack,20,,,,,,,2024-25 CHL Hockey Checklist,2024-25-chl-hockey-checklist
,,http://upperdeck.com/checklist/2024-25-chl-hockey-checklist/,2025-12-24T04:16:46.180Z,Outburst Gold Parallel - Stars and Star Rookies,339,Gavin McKenna,Medicine Hat,Tigers,,1,Random Inserts in Hobby & e-Pack,20,,,,,,,2024-25 CHL Hockey Checklist,2024-25-chl-hockey-checklist
,,http://upperdeck.com/checklist/2024-25-chl-hockey-checklist/,2025-12-24T04:16:46.180Z,Outburst Gold Parallel - Stars and Star Rookies,340,Carson Rehkopf,Brampton,Steelheads,,1,Random Inserts in Hobby & e-Pack,20,,,,,,,2024-25 CHL Hockey Checklist,2024-25-chl-hockey-checklist
,,http://upperdeck.com/checklist/2024-25-chl-hockey-checklist/,2025-12-24T04:16:46.180Z,Outburst Gold Parallel - Stars and Star Rookies,341,Jonathan Fauchon,Rimouski,Oceanic,,1,Random Inserts in Hobby & e-Pack,20,,,,,,,2024-25 CHL Hockey Checklist,2024-25-chl-hockey-checklist
,,http://upperdeck.com/checklist/2024-25-chl-hockey-checklist/,2025-12-24T04:16:46.180Z,Outburst Gold Parallel - Stars and Star Rookies,342,Jake O'Brien,Brantford,Bulldogs,,1,Random Inserts in Hobby & e-Pack,20,,,,,,,2024-25 CHL Hockey Checklist,2024-25-chl-hockey-checklist
,,http://upperdeck.com/checklist/2024-25-chl-hockey-checklist/,2025-12-24T04:16:46.180Z,Outburst Gold Parallel - Stars and Star Rookies,343,Ethan Gauthier,Drummondville,Voltigeurs,,1,Random Inserts in Hobby & e-Pack,20,,,,,,,2024-25 CHL Hockey Checklist,2024-25-chl-hockey-checklist
,,http://upperdeck.com/checklist/2024-25-chl-hockey-checklist/,2025-12-24T04:16:46.180Z,Outburst Gold Parallel - Stars and Star Rookies,344,Kashawn Aitcheson,Barrie,Colts,,1,Random Inserts in Hobby & e-Pack,20,,,,,,,2024-25 CHL Hockey Checklist,2024-25-chl-hockey-checklist
,,http://upperdeck.com/checklist/2024-25-chl-hockey-checklist/,2025-12-24T04:16:46.180Z,Outburst Gold Parallel - Stars and Star Rookies,345,Alexandre Blais,Rimouski,Oceanic,,1,Random Inserts in Hobby & e-Pack,20,,,,,,,2024-25 CHL Hockey Checklist,2024-25-chl-hockey-checklist
,,http://upperdeck.com/checklist/2024-25-chl-hockey-checklist/,2025-12-24T04:16:46.180Z,Outburst Gold Parallel - Stars and Star Rookies,346,Henry Mews,Sudbury,Wolves,,1,Random Inserts in Hobby & e-Pack,20,,,,,,,2024-25 CHL Hockey Checklist,2024-25-chl-hockey-checklist
,,http://upperdeck.com/checklist/2024-25-chl-hockey-checklist/,2025-12-24T04:16:46.180Z,Outburst Gold Parallel - Stars and Star Rookies,347,Oasiz Wiesblatt,Medicine Hat,Tigers,,1,Random Inserts in Hobby & e-Pack,20,,,,,,,2024-25 CHL Hockey Checklist,2024-25-chl-hockey-checklist
,,http://upperdeck.com/checklist/2024-25-chl-hockey-checklist/,2025-12-24T04:16:46.180Z,Outburst Gold Parallel - Stars and Star Rookies,348,Zayne Parekh,Saginaw,Spirit,,1,Random Inserts in Hobby & e-Pack,20,,,,,,,2024-25 CHL Hockey Checklist,2024-25-chl-hockey-checklist
,,http://upperdeck.com/checklist/2024-25-chl-hockey-checklist/,2025-12-24T04:16:46.180Z,Outburst Gold Parallel - Stars and Star Rookies,349,Jeremie Minville,Gatineau,Olympiques,,1,Random Inserts in Hobby & e-Pack,20,,,,,,,2024-25 CHL Hockey Checklist,2024-25-chl-hockey-checklist
,,http://upperdeck.com/checklist/2024-25-chl-hockey-checklist/,2025-12-24T04:16:46.180Z,Outburst Gold Parallel - Stars and Star Rookies,350,Porter Martone,Brampton,Steelheads,,1,Random Inserts in Hobby & e-Pack,20,,,,,,,2024-25 CHL Hockey Checklist,2024-25-chl-hockey-checklist
,,http://upperdeck.com/checklist/2024-25-chl-hockey-checklist/,2025-12-24T04:16:46.180Z,Outburst Gold Parallel - Stars and Star Rookies,351,Dylan Rozzi,Saint John,Sea Dogs,,1,Random Inserts in Hobby & e-Pack,20,,,,,,,2024-25 CHL Hockey Checklist,2024-25-chl-hockey-checklist
,,http://upperdeck.com/checklist/2024-25-chl-hockey-checklist/,2025-12-24T04:16:46.180Z,Outburst Gold Parallel - Stars and Star Rookies,352,Beckett Hamilton,Red Deer,Rebels,,1,Random Inserts in Hobby & e-Pack,20,,,,,,,2024-25 CHL Hockey Checklist,2024-25-chl-hockey-checklist
,,http://upperdeck.com/checklist/2024-25-chl-hockey-checklist/,2025-12-24T04:16:46.180Z,Outburst Gold Parallel - Stars and Star Rookies,353,Max Bleicher,Owen Sound,Attack,,1,Random Inserts in Hobby & e-Pack,20,,,,,,,2024-25 CHL Hockey Checklist,2024-25-chl-hockey-checklist
,,http://upperdeck.com/checklist/2024-25-chl-hockey-checklist/,2025-12-24T04:16:46.180Z,Outburst Gold Parallel - Stars and Star Rookies,354,Biagio Jr. Daniele,Acadie-Bathurst,Titan,,1,Random Inserts in Hobby & e-Pack,20,,,,,,,2024-25 CHL Hockey Checklist,2024-25-chl-hockey-checklist
,,http://upperdeck.com/checklist/2024-25-chl-hockey-checklist/,2025-12-24T04:16:46.180Z,Outburst Gold Parallel - Stars and Star Rookies,355,Carter Esler,Spokane,Chiefs,,1,Random Inserts in Hobby & e-Pack,20,,,,,,,2024-25 CHL Hockey Checklist,2024-25-chl-hockey-checklist
,,http://upperdeck.com/checklist/2024-25-chl-hockey-checklist/,2025-12-24T04:16:46.180Z,Outburst Gold Parallel - Stars and Star Rookies,356,Filip Ekberg,Ottawa,67's,,1,Random Inserts in Hobby & e-Pack,20,,,,,,,2024-25 CHL Hockey Checklist,2024-25-chl-hockey-checklist
,,http://upperdeck.com/checklist/2024-25-chl-hockey-checklist/,2025-12-24T04:16:46.180Z,Outburst Gold Parallel - Stars and Star Rookies,357,Matvei Gridin,Shawinigan,Cataracts,,1,Random Inserts in Hobby & e-Pack,20,,,,,,,2024-25 CHL Hockey Checklist,2024-25-chl-hockey-checklist
,,http://upperdeck.com/checklist/2024-25-chl-hockey-checklist/,2025-12-24T04:16:46.180Z,Outburst Gold Parallel - Stars and Star Rookies,358,Niilopekka Muhonen,Medicine Hat,Tigers,,1,Random Inserts in Hobby & e-Pack,20,,,,,,,2024-25 CHL Hockey Checklist,2024-25-chl-hockey-checklist
,,http://upperdeck.com/checklist/2024-25-chl-hockey-checklist/,2025-12-24T04:16:46.180Z,Outburst Gold Parallel - Stars and Star Rookies,359,Braidy Wassilyn,Niagara,IceDogs,,1,Random Inserts in Hobby & e-Pack,20,,,,,,,2024-25 CHL Hockey Checklist,2024-25-chl-hockey-checklist
,,http://upperdeck.com/checklist/2024-25-chl-hockey-checklist/,2025-12-24T04:16:46.180Z,Outburst Gold Parallel - Stars and Star Rookies,360,Elliot Dube,Saint John,Sea Dogs,,1,Random Inserts in Hobby & e-Pack,20,,,,,,,2024-25 CHL Hockey Checklist,2024-25-chl-hockey-checklist
,,http://upperdeck.com/checklist/2024-25-chl-hockey-checklist/,2025-12-24T04:16:46.180Z,Outburst Gold Parallel - Stars and Star Rookies,361,Landon DuPont,Everett,Silvertips,,1,Random Inserts in Hobby & e-Pack,20,,,,,,,2024-25 CHL Hockey Checklist,2024-25-chl-hockey-checklist
,,http://upperdeck.com/checklist/2024-25-chl-hockey-checklist/,2025-12-24T04:16:46.180Z,Outburst Gold Parallel - Stars and Star Rookies,362,Carson Harmer,Saginaw,Spirit,,1,Random Inserts in Hobby & e-Pack,20,,,,,,,2024-25 CHL Hockey Checklist,2024-25-chl-hockey-checklist
,,http://upperdeck.com/checklist/2024-25-chl-hockey-checklist/,2025-12-24T04:16:46.181Z,Outburst Gold Parallel - Stars and Star Rookies,363,Lars Steiner,Rouyn-Noranda,Huskies,,1,Random Inserts in Hobby & e-Pack,20,,,,,,,2024-25 CHL Hockey Checklist,2024-25-chl-hockey-checklist
,,http://upperdeck.com/checklist/2024-25-chl-hockey-checklist/,2025-12-24T04:16:46.181Z,Outburst Gold Parallel - Stars and Star Rookies,364,Ondrej Stebetak,Portland,Winterhawks,,1,Random Inserts in Hobby & e-Pack,20,,,,,,,2024-25 CHL Hockey Checklist,2024-25-chl-hockey-checklist
,,http://upperdeck.com/checklist/2024-25-chl-hockey-checklist/,2025-12-24T04:16:46.181Z,Outburst Gold Parallel - Stars and Star Rookies,365,Andreas Straka,Quebec,Remparts,,1,Random Inserts in Hobby & e-Pack,20,,,,,,,2024-25 CHL Hockey Checklist,2024-25-chl-hockey-checklist
,,http://upperdeck.com/checklist/2024-25-chl-hockey-checklist/,2025-12-24T04:16:46.181Z,Outburst Gold Parallel - Stars and Star Rookies,366,Miroslav Holinka,Edmonton,Oil Kings,,1,Random Inserts in Hobby & e-Pack,20,,,,,,,2024-25 CHL Hockey Checklist,2024-25-chl-hockey-checklist
,,http://upperdeck.com/checklist/2024-25-chl-hockey-checklist/,2025-12-24T04:16:46.181Z,Outburst Gold Parallel - Stars and Star Rookies,367,Colin Fitzgerald,Peterborough,Petes,,1,Random Inserts in Hobby & e-Pack,20,,,,,,,2024-25 CHL Hockey Checklist,2024-25-chl-hockey-checklist
,,http://upperdeck.com/checklist/2024-25-chl-hockey-checklist/,2025-12-24T04:16:46.181Z,Outburst Gold Parallel - Stars and Star Rookies,368,Maxim Dube,Gatineau,Olympiques,,1,Random Inserts in Hobby & e-Pack,20,,,,,,,2024-25 CHL Hockey Checklist,2024-25-chl-hockey-checklist
,,http://upperdeck.com/checklist/2024-25-chl-hockey-checklist/,2025-12-24T04:16:46.181Z,Outburst Gold Parallel - Stars and Star Rookies,369,Matej Pekar,Seattle,Thunderbirds,,1,Random Inserts in Hobby & e-Pack,20,,,,,,,2024-25 CHL Hockey Checklist,2024-25-chl-hockey-checklist
,,http://upperdeck.com/checklist/2024-25-chl-hockey-checklist/,2025-12-24T04:16:46.181Z,Outburst Gold Parallel - Stars and Star Rookies,370,William Yared,Saint John,Sea Dogs,,1,Random Inserts in Hobby & e-Pack,20,,,,,,,2024-25 CHL Hockey Checklist,2024-25-chl-hockey-checklist
,,http://upperdeck.com/checklist/2024-25-chl-hockey-checklist/,2025-12-24T04:16:46.183Z,Outburst Gold Parallel - Stars and Star Rookies,371,Brek Liske,Everett,Silvertips,,1,Random Inserts in Hobby & e-Pack,20,,,,,,,2024-25 CHL Hockey Checklist,2024-25-chl-hockey-checklist
,,http://upperdeck.com/checklist/2024-25-chl-hockey-checklist/,2025-12-24T04:16:46.184Z,Outburst Gold Parallel - Stars and Star Rookies,372,Alessandro Di Iorio,Sarnia,Sting,,1,Random Inserts in Hobby & e-Pack,20,,,,,,,2024-25 CHL Hockey Checklist,2024-25-chl-hockey-checklist
,,http://upperdeck.com/checklist/2024-25-chl-hockey-checklist/,2025-12-24T04:16:46.184Z,Outburst Gold Parallel - Stars and Star Rookies,373,Carlos Handel,Halifax,Mooseheads,,1,Random Inserts in Hobby & e-Pack,20,,,,,,,2024-25 CHL Hockey Checklist,2024-25-chl-hockey-checklist
,,http://upperdeck.com/checklist/2024-25-chl-hockey-checklist/,2025-12-24T04:16:46.184Z,Outburst Gold Parallel - Stars and Star Rookies,374,Cole Zurawski,Owen Sound,Attack,,1,Random Inserts in Hobby & e-Pack,20,,,,,,,2024-25 CHL Hockey Checklist,2024-25-chl-hockey-checklist
,,http://upperdeck.com/checklist/2024-25-chl-hockey-checklist/,2025-12-24T04:16:46.184Z,Outburst Gold Parallel - Stars and Star Rookies,375,Mikko Leppa,Victoriaville,Tigres,,1,Random Inserts in Hobby & e-Pack,20,,,,,,,2024-25 CHL Hockey Checklist,2024-25-chl-hockey-checklist
,,http://upperdeck.com/checklist/2024-25-chl-hockey-checklist/,2025-12-24T04:16:46.184Z,Outburst Gold Parallel - Stars and Star Rookies,376,Mathis Preston,Spokane,Chiefs,,1,Random Inserts in Hobby & e-Pack,20,,,,,,,2024-25 CHL Hockey Checklist,2024-25-chl-hockey-checklist
,,http://upperdeck.com/checklist/2024-25-chl-hockey-checklist/,2025-12-24T04:16:46.184Z,Outburst Gold Parallel - Stars and Star Rookies,377,Kent Greer,North Bay,Battalion,,1,Random Inserts in Hobby & e-Pack,20,,,,,,,2024-25 CHL Hockey Checklist,2024-25-chl-hockey-checklist
,,http://upperdeck.com/checklist/2024-25-chl-hockey-checklist/,2025-12-24T04:16:46.184Z,Outburst Gold Parallel - Stars and Star Rookies,378,Daniel Walters,Halifax,Mooseheads,,1,Random Inserts in Hobby & e-Pack,20,,,,,,,2024-25 CHL Hockey Checklist,2024-25-chl-hockey-checklist
,,http://upperdeck.com/checklist/2024-25-chl-hockey-checklist/,2025-12-24T04:16:46.184Z,Outburst Gold Parallel - Stars and Star Rookies,379,Nathan Behm,Kamloops,Blazers,,1,Random Inserts in Hobby & e-Pack,20,,,,,,,2024-25 CHL Hockey Checklist,2024-25-chl-hockey-checklist
,,http://upperdeck.com/checklist/2024-25-chl-hockey-checklist/,2025-12-24T04:16:46.184Z,Outburst Gold Parallel - Stars and Star Rookies,380,Trent Gates,Owen Sound,Attack,,1,Random Inserts in Hobby & e-Pack,20,,,,,,,2024-25 CHL Hockey Checklist,2024-25-chl-hockey-checklist
,,http://upperdeck.com/checklist/2024-25-chl-hockey-checklist/,2025-12-24T04:16:46.184Z,Outburst Gold Parallel - Stars and Star Rookies,381,Chad Lygitsakos,Shawinigan,Cataractes,,1,Random Inserts in Hobby & e-Pack,20,,,,,,,2024-25 CHL Hockey Checklist,2024-25-chl-hockey-checklist
,,http://upperdeck.com/checklist/2024-25-chl-hockey-checklist/,2025-12-24T04:16:46.184Z,Outburst Gold Parallel - Stars and Star Rookies,382,Isaac Poll,Saskatoon,Blades,,1,Random Inserts in Hobby & e-Pack,20,,,,,,,2024-25 CHL Hockey Checklist,2024-25-chl-hockey-checklist
,,http://upperdeck.com/checklist/2024-25-chl-hockey-checklist/,2025-12-24T04:16:46.184Z,Outburst Gold Parallel - Stars and Star Rookies,383,Pierce Mbuyi,Owen Sound,Attack,,1,Random Inserts in Hobby & e-Pack,20,,,,,,,2024-25 CHL Hockey Checklist,2024-25-chl-hockey-checklist
,,http://upperdeck.com/checklist/2024-25-chl-hockey-checklist/,2025-12-24T04:16:46.184Z,Outburst Gold Parallel - Stars and Star Rookies,384,Maddox Dagenais,Quebec,Remparts,,1,Random Inserts in Hobby & e-Pack,20,,,,,,,2024-25 CHL Hockey Checklist,2024-25-chl-hockey-checklist
,,http://upperdeck.com/checklist/2024-25-chl-hockey-checklist/,2025-12-24T04:16:46.184Z,Outburst Gold Parallel - Stars and Star Rookies,385,Veeti Vaisanen,Medicine Hat,Tigers,,1,Random Inserts in Hobby & e-Pack,20,,,,,,,2024-25 CHL Hockey Checklist,2024-25-chl-hockey-checklist
,,http://upperdeck.com/checklist/2024-25-chl-hockey-checklist/,2025-12-24T04:16:46.184Z,Outburst Gold Parallel - Stars and Star Rookies,386,Benjamin Olivier,Val-d'Or,Foreurs,,1,Random Inserts in Hobby & e-Pack,20,,,,,,,2024-25 CHL Hockey Checklist,2024-25-chl-hockey-checklist
,,http://upperdeck.com/checklist/2024-25-chl-hockey-checklist/,2025-12-24T04:16:46.184Z,Outburst Gold Parallel - Stars and Star Rookies,387,Rylan Ng,Calgary,Hitmen,,1,Random Inserts in Hobby & e-Pack,20,,,,,,,2024-25 CHL Hockey Checklist,2024-25-chl-hockey-checklist
,,http://upperdeck.com/checklist/2024-25-chl-hockey-checklist/,2025-12-24T04:16:46.184Z,Outburst Gold Parallel - Stars and Star Rookies,388,Jacob Gouchie,Val-d'Or,Foreurs,,1,Random Inserts in Hobby & e-Pack,20,,,,,,,2024-25 CHL Hockey Checklist,2024-25-chl-hockey-checklist
,,http://upperdeck.com/checklist/2024-25-chl-hockey-checklist/,2025-12-24T04:16:46.184Z,Outburst Gold Parallel - Stars and Star Rookies,389,Markus Loponen,Victoria,Royals,,1,Random Inserts in Hobby & e-Pack,20,,,,,,,2024-25 CHL Hockey Checklist,2024-25-chl-hockey-checklist
,,http://upperdeck.com/checklist/2024-25-chl-hockey-checklist/,2025-12-24T04:16:46.184Z,Outburst Gold Parallel - Stars and Star Rookies,390,Florian Schenk,Saint John,Sea Dogs,,1,Random Inserts in Hobby & e-Pack,20,,,,,,,2024-25 CHL Hockey Checklist,2024-25-chl-hockey-checklist
,,http://upperdeck.com/checklist/2024-25-chl-hockey-checklist/,2025-12-24T04:16:46.184Z,Outburst Gold Parallel - Stars and Star Rookies,391,Parker Vaughan,North Bay,Battalion,,1,Random Inserts in Hobby & e-Pack,20,,,,,,,2024-25 CHL Hockey Checklist,2024-25-chl-hockey-checklist
,,http://upperdeck.com/checklist/2024-25-chl-hockey-checklist/,2025-12-24T04:16:46.184Z,Outburst Gold Parallel - Stars and Star Rookies,392,Liam Arsenault,Acadie-Bathurst,Titan,,1,Random Inserts in Hobby & e-Pack,20,,,,,,,2024-25 CHL Hockey Checklist,2024-25-chl-hockey-checklist
,,http://upperdeck.com/checklist/2024-25-chl-hockey-checklist/,2025-12-24T04:16:46.184Z,Outburst Gold Parallel - Stars and Star Rookies,393,Joe Iginla,Edmonton,Oil Kings,,1,Random Inserts in Hobby & e-Pack,20,,,,,,,2024-25 CHL Hockey Checklist,2024-25-chl-hockey-checklist
,,http://upperdeck.com/checklist/2024-25-chl-hockey-checklist/,2025-12-24T04:16:46.184Z,Outburst Gold Parallel - Stars and Star Rookies,394,Simon-Xavier Cyr,Gatineau,Olympiques,,1,Random Inserts in Hobby & e-Pack,20,,,,,,,2024-25 CHL Hockey Checklist,2024-25-chl-hockey-checklist
,,http://upperdeck.com/checklist/2024-25-chl-hockey-checklist/,2025-12-24T04:16:46.184Z,Outburst Gold Parallel - Stars and Star Rookies,395,Axel Hurtig,Calgary,Hitmen,,1,Random Inserts in Hobby & e-Pack,20,,,,,,,2024-25 CHL Hockey Checklist,2024-25-chl-hockey-checklist
,,http://upperdeck.com/checklist/2024-25-chl-hockey-checklist/,2025-12-24T04:16:46.184Z,Outburst Gold Parallel - Stars and Star Rookies,396,Bo Damphousse,Blainville-Boisbriand,Armada,,1,Random Inserts in Hobby & e-Pack,20,,,,,,,2024-25 CHL Hockey Checklist,2024-25-chl-hockey-checklist
,,http://upperdeck.com/checklist/2024-25-chl-hockey-checklist/,2025-12-24T04:16:46.184Z,Outburst Gold Parallel - Stars and Star Rookies,397,Brody Gillespie,Spokane,Chiefs,,1,Random Inserts in Hobby & e-Pack,20,,,,,,,2024-25 CHL Hockey Checklist,2024-25-chl-hockey-checklist
,,http://upperdeck.com/checklist/2024-25-chl-hockey-checklist/,2025-12-24T04:16:46.184Z,Outburst Gold Parallel - Stars and Star Rookies,398,Ryder Carey,North Bay,Battalion,,1,Random Inserts in Hobby & e-Pack,20,,,,,,,2024-25 CHL Hockey Checklist,2024-25-chl-hockey-checklist
,,http://upperdeck.com/checklist/2024-25-chl-hockey-checklist/,2025-12-24T04:16:46.184Z,Outburst Gold Parallel - Stars and Star Rookies,399,Aaron Sawatzky,Moose Jaw,Warriors,,1,Random Inserts in Hobby & e-Pack,20,,,,,,,2024-25 CHL Hockey Checklist,2024-25-chl-hockey-checklist
,,http://upperdeck.com/checklist/2024-25-chl-hockey-checklist/,2025-12-24T04:16:46.184Z,Outburst Gold Parallel - Stars and Star Rookies,400,Brennan O'Donnell,Chicoutimi,Sagueneens,,1,Random Inserts in Hobby & e-Pack,20,,,,,,,2024-25 CHL Hockey Checklist,2024-25-chl-hockey-checklist
,,http://upperdeck.com/checklist/2024-25-chl-hockey-checklist/,2025-12-24T04:16:46.184Z,Printing Plates Parallel,1,Oliver Bonk,London,Knights,,4,Random Inserts in Hobby & e-Pack,12,,,,,,,2024-25 CHL Hockey Checklist,2024-25-chl-hockey-checklist
,,http://upperdeck.com/checklist/2024-25-chl-hockey-checklist/,2025-12-24T04:16:46.185Z,Printing Plates Parallel,3,Jules Boilard,Baie-Comeau,Drakkar,,4,Random Inserts in Hobby & e-Pack,12,,,,,,,2024-25 CHL Hockey Checklist,2024-25-chl-hockey-checklist
,,http://upperdeck.com/checklist/2024-25-chl-hockey-checklist/,2025-12-24T04:16:46.185Z,Printing Plates Parallel,8,Dominik Rymon,Everett,Silvertips,,4,Random Inserts in Hobby & e-Pack,12,,,,,,,2024-25 CHL Hockey Checklist,2024-25-chl-hockey-checklist
,,http://upperdeck.com/checklist/2024-25-chl-hockey-checklist/,2025-12-24T04:16:46.185Z,Printing Plates Parallel,10,Beau Jelsma,Barrie,Colts,,4,Random Inserts in Hobby & e-Pack,12,,,,,,,2024-25 CHL Hockey Checklist,2024-25-chl-hockey-checklist
,,http://upperdeck.com/checklist/2024-25-chl-hockey-checklist/,2025-12-24T04:16:46.185Z,Printing Plates Parallel,12,Matthew Butler,Charlottetown,Islanders,,4,Random Inserts in Hobby & e-Pack,12,,,,,,,2024-25 CHL Hockey Checklist,2024-25-chl-hockey-checklist
,,http://upperdeck.com/checklist/2024-25-chl-hockey-checklist/,2025-12-24T04:16:46.185Z,Printing Plates Parallel,13,Dylan Edwards,Erie,Otters,,4,Random Inserts in Hobby & e-Pack,12,,,,,,,2024-25 CHL Hockey Checklist,2024-25-chl-hockey-checklist
,,http://upperdeck.com/checklist/2024-25-chl-hockey-checklist/,2025-12-24T04:16:46.185Z,Printing Plates Parallel,14,Max Graham,Kelowna,Rockets,,4,Random Inserts in Hobby & e-Pack,12,,,,,,,2024-25 CHL Hockey Checklist,2024-25-chl-hockey-checklist
,,http://upperdeck.com/checklist/2024-25-chl-hockey-checklist/,2025-12-24T04:16:46.185Z,Printing Plates Parallel,15,Nathan Baril,Drummondville,Voltigeurs,,4,Random Inserts in Hobby & e-Pack,12,,,,,,,2024-25 CHL Hockey Checklist,2024-25-chl-hockey-checklist
,,http://upperdeck.com/checklist/2024-25-chl-hockey-checklist/,2025-12-24T04:16:46.185Z,Printing Plates Parallel,16,Calem Mangone,Saginaw,Spirit,,4,Random Inserts in Hobby & e-Pack,12,,,,,,,2024-25 CHL Hockey Checklist,2024-25-chl-hockey-checklist
,,http://upperdeck.com/checklist/2024-25-chl-hockey-checklist/,2025-12-24T04:16:46.185Z,Printing Plates Parallel,19,Jacob Oster,Oshawa,Generals,,4,Random Inserts in Hobby & e-Pack,12,,,,,,,2024-25 CHL Hockey Checklist,2024-25-chl-hockey-checklist
,,http://upperdeck.com/checklist/2024-25-chl-hockey-checklist/,2025-12-24T04:16:46.185Z,Printing Plates Parallel,20,Ty Halaburda,Vancouver,Giants,,4,Random Inserts in Hobby & e-Pack,12,,,,,,,2024-25 CHL Hockey Checklist,2024-25-chl-hockey-checklist
,,http://upperdeck.com/checklist/2024-25-chl-hockey-checklist/,2025-12-24T04:16:46.185Z,Printing Plates Parallel,22,Cedrick Guindon,Kingston,Frontenacs,,4,Random Inserts in Hobby & e-Pack,12,,,,,,,2024-25 CHL Hockey Checklist,2024-25-chl-hockey-checklist
,,http://upperdeck.com/checklist/2024-25-chl-hockey-checklist/,2025-12-24T04:16:46.185Z,Printing Plates Parallel,24,Paille Julien,Gatineau,Olympiques,,4,Random Inserts in Hobby & e-Pack,12,,,,,,,2024-25 CHL Hockey Checklist,2024-25-chl-hockey-checklist
,,http://upperdeck.com/checklist/2024-25-chl-hockey-checklist/,2025-12-24T04:16:46.185Z,Printing Plates Parallel,25,Cam Allen,London,Knights,,4,Random Inserts in Hobby & e-Pack,12,,,,,,,2024-25 CHL Hockey Checklist,2024-25-chl-hockey-checklist
,,http://upperdeck.com/checklist/2024-25-chl-hockey-checklist/,2025-12-24T04:16:46.185Z,Printing Plates Parallel,26,Logan McCutcheon,Lethbridge,Hurricanes,,4,Random Inserts in Hobby & e-Pack,12,,,,,,,2024-25 CHL Hockey Checklist,2024-25-chl-hockey-checklist
,,http://upperdeck.com/checklist/2024-25-chl-hockey-checklist/,2025-12-24T04:16:46.185Z,Printing Plates Parallel,27,Mael St-Denis,Rimouski,Oceanic,,4,Random Inserts in Hobby & e-Pack,12,,,,,,,2024-25 CHL Hockey Checklist,2024-25-chl-hockey-checklist
,,http://upperdeck.com/checklist/2024-25-chl-hockey-checklist/,2025-12-24T04:16:46.185Z,Printing Plates Parallel,31,Jacob Julien,London,Knights,,4,Random Inserts in Hobby & e-Pack,12,,,,,,,2024-25 CHL Hockey Checklist,2024-25-chl-hockey-checklist
,,http://upperdeck.com/checklist/2024-25-chl-hockey-checklist/,2025-12-24T04:16:46.185Z,Printing Plates Parallel,33,Jacob Newcombe,Cape Breton,Eagles,,4,Random Inserts in Hobby & e-Pack,12,,,,,,,2024-25 CHL Hockey Checklist,2024-25-chl-hockey-checklist
,,http://upperdeck.com/checklist/2024-25-chl-hockey-checklist/,2025-12-24T04:16:46.185Z,Printing Plates Parallel,34,Nolan Collins,Flint,Firebirds,,4,Random Inserts in Hobby & e-Pack,12,,,,,,,2024-25 CHL Hockey Checklist,2024-25-chl-hockey-checklist
,,http://upperdeck.com/checklist/2024-25-chl-hockey-checklist/,2025-12-24T04:16:46.185Z,Printing Plates Parallel,35,Tyson Jugnauth,Portland,Winterhawks,,4,Random Inserts in Hobby & e-Pack,12,,,,,,,2024-25 CHL Hockey Checklist,2024-25-chl-hockey-checklist
,,http://upperdeck.com/checklist/2024-25-chl-hockey-checklist/,2025-12-24T04:16:46.185Z,Printing Plates Parallel,38,Austin Elliot,London,Knights,,4,Random Inserts in Hobby & e-Pack,12,,,,,,,2024-25 CHL Hockey Checklist,2024-25-chl-hockey-checklist
,,http://upperdeck.com/checklist/2024-25-chl-hockey-checklist/,2025-12-24T04:16:46.185Z,Printing Plates Parallel,39,Emile Guite,Chicoutimi,Sagueneens,,4,Random Inserts in Hobby & e-Pack,12,,,,,,,2024-25 CHL Hockey Checklist,2024-25-chl-hockey-checklist
,,http://upperdeck.com/checklist/2024-25-chl-hockey-checklist/,2025-12-24T04:16:46.185Z,Printing Plates Parallel,41,Jackson Unger,Lethbridge,Hurricanes,,4,Random Inserts in Hobby & e-Pack,12,,,,,,,2024-25 CHL Hockey Checklist,2024-25-chl-hockey-checklist
,,http://upperdeck.com/checklist/2024-25-chl-hockey-checklist/,2025-12-24T04:16:46.185Z,Printing Plates Parallel,46,Cole Beaudoin,Barrie,Colts,,4,Random Inserts in Hobby & e-Pack,12,,,,,,,2024-25 CHL Hockey Checklist,2024-25-chl-hockey-checklist
,,http://upperdeck.com/checklist/2024-25-chl-hockey-checklist/,2025-12-24T04:16:46.185Z,Printing Plates Parallel,47,Aiden Oiring,Prince Albert,Raiders,,4,Random Inserts in Hobby & e-Pack,12,,,,,,,2024-25 CHL Hockey Checklist,2024-25-chl-hockey-checklist
,,http://upperdeck.com/checklist/2024-25-chl-hockey-checklist/,2025-12-24T04:16:46.185Z,Printing Plates Parallel,50,Jackson Smith,Tri-City,Americans,,4,Random Inserts in Hobby & e-Pack,12,,,,,,,2024-25 CHL Hockey Checklist,2024-25-chl-hockey-checklist
,,http://upperdeck.com/checklist/2024-25-chl-hockey-checklist/,2025-12-24T04:16:46.190Z,Printing Plates Parallel,51,Olivier Houde,Victoriaville,Tigres,,4,Random Inserts in Hobby & e-Pack,12,,,,,,,2024-25 CHL Hockey Checklist,2024-25-chl-hockey-checklist
,,http://upperdeck.com/checklist/2024-25-chl-hockey-checklist/,2025-12-24T04:16:46.190Z,Printing Plates Parallel,53,Tanner Scott,Saskatoon,Blades,,4,Random Inserts in Hobby & e-Pack,12,,,,,,,2024-25 CHL Hockey Checklist,2024-25-chl-hockey-checklist
,,http://upperdeck.com/checklist/2024-25-chl-hockey-checklist/,2025-12-24T04:16:46.190Z,Printing Plates Parallel,55,Tyler Challenger,Erie,Otters,,4,Random Inserts in Hobby & e-Pack,12,,,,,,,2024-25 CHL Hockey Checklist,2024-25-chl-hockey-checklist
,,http://upperdeck.com/checklist/2024-25-chl-hockey-checklist/,2025-12-24T04:16:46.190Z,Printing Plates Parallel,56,Brandon Lisowsky,Victoria,Royals,,4,Random Inserts in Hobby & e-Pack,12,,,,,,,2024-25 CHL Hockey Checklist,2024-25-chl-hockey-checklist
,,http://upperdeck.com/checklist/2024-25-chl-hockey-checklist/,2025-12-24T04:16:46.191Z,Printing Plates Parallel,58,Denver Barkey,London,Knights,,4,Random Inserts in Hobby & e-Pack,12,,,,,,,2024-25 CHL Hockey Checklist,2024-25-chl-hockey-checklist
,,http://upperdeck.com/checklist/2024-25-chl-hockey-checklist/,2025-12-24T04:16:46.191Z,Printing Plates Parallel,59,Vincent Collard,Moncton,Wildcats,,4,Random Inserts in Hobby & e-Pack,12,,,,,,,2024-25 CHL Hockey Checklist,2024-25-chl-hockey-checklist
,,http://upperdeck.com/checklist/2024-25-chl-hockey-checklist/,2025-12-24T04:16:46.191Z,Printing Plates Parallel,62,Jeremy Leroux,Val-d'Or,Foreurs,,4,Random Inserts in Hobby & e-Pack,12,,,,,,,2024-25 CHL Hockey Checklist,2024-25-chl-hockey-checklist
,,http://upperdeck.com/checklist/2024-25-chl-hockey-checklist/,2025-12-24T04:16:46.191Z,Printing Plates Parallel,64,Tanner Howe,Calgary,Hitmen,,4,Random Inserts in Hobby & e-Pack,12,,,,,,,2024-25 CHL Hockey Checklist,2024-25-chl-hockey-checklist
,,http://upperdeck.com/checklist/2024-25-chl-hockey-checklist/,2025-12-24T04:16:46.191Z,Printing Plates Parallel,65,Carey Terrance,Erie,Otters,,4,Random Inserts in Hobby & e-Pack,12,,,,,,,2024-25 CHL Hockey Checklist,2024-25-chl-hockey-checklist
,,http://upperdeck.com/checklist/2024-25-chl-hockey-checklist/,2025-12-24T04:16:46.191Z,Printing Plates Parallel,66,Lewis Gendron,Cape Breton,Screaming Eagles,,4,Random Inserts in Hobby & e-Pack,12,,,,,,,2024-25 CHL Hockey Checklist,2024-25-chl-hockey-checklist
,,http://upperdeck.com/checklist/2024-25-chl-hockey-checklist/,2025-12-24T04:16:46.191Z,Printing Plates Parallel,68,Hiroki Gojsic,Kelowna,Rockets,,4,Random Inserts in Hobby & e-Pack,12,,,,,,,2024-25 CHL Hockey Checklist,2024-25-chl-hockey-checklist
,,http://upperdeck.com/checklist/2024-25-chl-hockey-checklist/,2025-12-24T04:16:46.191Z,Printing Plates Parallel,69,Thomas Desruisseaux,Chicoutimi,Sagueneens,,4,Random Inserts in Hobby & e-Pack,12,,,,,,,2024-25 CHL Hockey Checklist,2024-25-chl-hockey-checklist
,,http://upperdeck.com/checklist/2024-25-chl-hockey-checklist/,2025-12-24T04:16:46.191Z,Printing Plates Parallel,72,Anthony Romani,Barrie,Colts,,4,Random Inserts in Hobby & e-Pack,12,,,,,,,2024-25 CHL Hockey Checklist,2024-25-chl-hockey-checklist
,,http://upperdeck.com/checklist/2024-25-chl-hockey-checklist/,2025-12-24T04:16:46.191Z,Printing Plates Parallel,73,Louis-Francois Belanger,Acadie-Bathurst,Titan,,4,Random Inserts in Hobby & e-Pack,12,,,,,,,2024-25 CHL Hockey Checklist,2024-25-chl-hockey-checklist
,,http://upperdeck.com/checklist/2024-25-chl-hockey-checklist/,2025-12-24T04:16:46.191Z,Printing Plates Parallel,74,Emil Hemming,Barrie,Colts,,4,Random Inserts in Hobby & e-Pack,12,,,,,,,2024-25 CHL Hockey Checklist,2024-25-chl-hockey-checklist
,,http://upperdeck.com/checklist/2024-25-chl-hockey-checklist/,2025-12-24T04:16:46.196Z,Printing Plates Parallel,75,Josh Fluker,Wenatchee,Wild,,4,Random Inserts in Hobby & e-Pack,12,,,,,,,2024-25 CHL Hockey Checklist,2024-25-chl-hockey-checklist
,,http://upperdeck.com/checklist/2024-25-chl-hockey-checklist/,2025-12-24T04:16:46.196Z,Printing Plates Parallel,80,Christopher Thibodeau,Flint,Firebirds,,4,Random Inserts in Hobby & e-Pack,12,,,,,,,2024-25 CHL Hockey Checklist,2024-25-chl-hockey-checklist
,,http://upperdeck.com/checklist/2024-25-chl-hockey-checklist/,2025-12-24T04:16:46.198Z,Printing Plates Parallel,83,Brayden Edwards,Lethbridge,Hurricanes,,4,Random Inserts in Hobby & e-Pack,12,,,,,,,2024-25 CHL Hockey Checklist,2024-25-chl-hockey-checklist
,,http://upperdeck.com/checklist/2024-25-chl-hockey-checklist/,2025-12-24T04:16:46.198Z,Printing Plates Parallel,84,Nick DeAngelis,Sudbury,Wolves,,4,Random Inserts in Hobby & e-Pack,12,,,,,,,2024-25 CHL Hockey Checklist,2024-25-chl-hockey-checklist
,,http://upperdeck.com/checklist/2024-25-chl-hockey-checklist/,2025-12-24T04:16:46.198Z,Printing Plates Parallel,86,Aiden O'Donnell,Brantford,Bulldogs,,4,Random Inserts in Hobby & e-Pack,12,,,,,,,2024-25 CHL Hockey Checklist,2024-25-chl-hockey-checklist
,,http://upperdeck.com/checklist/2024-25-chl-hockey-checklist/,2025-12-24T04:16:46.198Z,Printing Plates Parallel,88,Trent Swick,Kitchener,Rangers,,4,Random Inserts in Hobby & e-Pack,12,,,,,,,2024-25 CHL Hockey Checklist,2024-25-chl-hockey-checklist
,,http://upperdeck.com/checklist/2024-25-chl-hockey-checklist/,2025-12-24T04:16:46.199Z,Printing Plates Parallel,91,Diego Buttazzoni,Portland,Winterhawks,,4,Random Inserts in Hobby & e-Pack,12,,,,,,,2024-25 CHL Hockey Checklist,2024-25-chl-hockey-checklist
,,http://upperdeck.com/checklist/2024-25-chl-hockey-checklist/,2025-12-24T04:16:46.199Z,Printing Plates Parallel,93,Braeden Cootes,Seattle,Thunderbirds,,4,Random Inserts in Hobby & e-Pack,12,,,,,,,2024-25 CHL Hockey Checklist,2024-25-chl-hockey-checklist
,,http://upperdeck.com/checklist/2024-25-chl-hockey-checklist/,2025-12-24T04:16:46.199Z,Printing Plates Parallel,95,Raoul Boilard,Baie-Comeau,Drakkar,,4,Random Inserts in Hobby & e-Pack,12,,,,,,,2024-25 CHL Hockey Checklist,2024-25-chl-hockey-checklist
,,http://upperdeck.com/checklist/2024-25-chl-hockey-checklist/,2025-12-24T04:16:46.199Z,Printing Plates Parallel,96,Angus MacDonell,Brampton,Steelheads,,4,Random Inserts in Hobby & e-Pack,12,,,,,,,2024-25 CHL Hockey Checklist,2024-25-chl-hockey-checklist
,,http://upperdeck.com/checklist/2024-25-chl-hockey-checklist/,2025-12-24T04:16:46.199Z,Printing Plates Parallel,97,Julius Miettinen,Everett,Silvertips,,4,Random Inserts in Hobby & e-Pack,12,,,,,,,2024-25 CHL Hockey Checklist,2024-25-chl-hockey-checklist
,,http://upperdeck.com/checklist/2024-25-chl-hockey-checklist/,2025-12-24T04:16:46.199Z,Printing Plates Parallel,98,Riley Patterson,Barrie,Colts,,4,Random Inserts in Hobby & e-Pack,12,,,,,,,2024-25 CHL Hockey Checklist,2024-25-chl-hockey-checklist
,,http://upperdeck.com/checklist/2024-25-chl-hockey-checklist/,2025-12-24T04:16:46.199Z,Printing Plates Parallel,99,Maxim Masse,Chicoutimi,Sagueneens,,4,Random Inserts in Hobby & e-Pack,12,,,,,,,2024-25 CHL Hockey Checklist,2024-25-chl-hockey-checklist
,,http://upperdeck.com/checklist/2024-25-chl-hockey-checklist/,2025-12-24T04:16:46.199Z,Printing Plates Parallel,100,Jacob Battaglia,Kingston,Frontenacs,,4,Random Inserts in Hobby & e-Pack,12,,,,,,,2024-25 CHL Hockey Checklist,2024-25-chl-hockey-checklist
,,http://upperdeck.com/checklist/2024-25-chl-hockey-checklist/,2025-12-24T04:16:46.199Z,Printing Plates Parallel,101,Gavin Bryant,Peterborough,Petes,,4,Random Inserts in Hobby & e-Pack,12,,,,,,,2024-25 CHL Hockey Checklist,2024-25-chl-hockey-checklist
,,http://upperdeck.com/checklist/2024-25-chl-hockey-checklist/,2025-12-24T04:16:46.199Z,Printing Plates Parallel,102,Rylen Roersma,Edmonton,Oil Kings,,4,Random Inserts in Hobby & e-Pack,12,,,,,,,2024-25 CHL Hockey Checklist,2024-25-chl-hockey-checklist
,,http://upperdeck.com/checklist/2024-25-chl-hockey-checklist/,2025-12-24T04:16:46.199Z,Printing Plates Parallel,103,Alexis Bernier,Baie-Comeau,Drakkar,,4,Random Inserts in Hobby & e-Pack,12,,,,,,,2024-25 CHL Hockey Checklist,2024-25-chl-hockey-checklist
,,http://upperdeck.com/checklist/2024-25-chl-hockey-checklist/,2025-12-24T04:16:46.199Z,Printing Plates Parallel,104,Wil McFadden,Guelph,Storm,,4,Random Inserts in Hobby & e-Pack,12,,,,,,,2024-25 CHL Hockey Checklist,2024-25-chl-hockey-checklist
,,http://upperdeck.com/checklist/2024-25-chl-hockey-checklist/,2025-12-24T04:16:46.199Z,Printing Plates Parallel,105,Miles Cooper,Wenatchee,Wild,,4,Random Inserts in Hobby & e-Pack,12,,,,,,,2024-25 CHL Hockey Checklist,2024-25-chl-hockey-checklist
,,http://upperdeck.com/checklist/2024-25-chl-hockey-checklist/,2025-12-24T04:16:46.199Z,Printing Plates Parallel,106,Eriks Mateiko,Rimouski,Oceanic,,4,Random Inserts in Hobby & e-Pack,12,,,,,,,2024-25 CHL Hockey Checklist,2024-25-chl-hockey-checklist
,,http://upperdeck.com/checklist/2024-25-chl-hockey-checklist/,2025-12-24T04:16:46.199Z,Printing Plates Parallel,107,Kristian Epperson,Saginaw,Spirit,,4,Random Inserts in Hobby & e-Pack,12,,,,,,,2024-25 CHL Hockey Checklist,2024-25-chl-hockey-checklist
,,http://upperdeck.com/checklist/2024-25-chl-hockey-checklist/,2025-12-24T04:16:46.199Z,Printing Plates Parallel,108,Tyler Thorpe,Vancouver,Giants,,4,Random Inserts in Hobby & e-Pack,12,,,,,,,2024-25 CHL Hockey Checklist,2024-25-chl-hockey-checklist
,,http://upperdeck.com/checklist/2024-25-chl-hockey-checklist/,2025-12-24T04:16:46.199Z,Printing Plates Parallel,109,Simon Hughes,Charlottetown,Islanders,,4,Random Inserts in Hobby & e-Pack,12,,,,,,,2024-25 CHL Hockey Checklist,2024-25-chl-hockey-checklist
,,http://upperdeck.com/checklist/2024-25-chl-hockey-checklist/,2025-12-24T04:16:46.199Z,Printing Plates Parallel,110,Rowan Henderson,Sudbury,Wolves,,4,Random Inserts in Hobby & e-Pack,12,,,,,,,2024-25 CHL Hockey Checklist,2024-25-chl-hockey-checklist
,,http://upperdeck.com/checklist/2024-25-chl-hockey-checklist/,2025-12-24T04:16:46.199Z,Printing Plates Parallel,111,Layton Feist,Kamloops,Blazers,,4,Random Inserts in Hobby & e-Pack,12,,,,,,,2024-25 CHL Hockey Checklist,2024-25-chl-hockey-checklist
,,http://upperdeck.com/checklist/2024-25-chl-hockey-checklist/,2025-12-24T04:16:46.199Z,Printing Plates Parallel,112,Loic Goyette,Quebec,Remparts,,4,Random Inserts in Hobby & e-Pack,12,,,,,,,2024-25 CHL Hockey Checklist,2024-25-chl-hockey-checklist
,,http://upperdeck.com/checklist/2024-25-chl-hockey-checklist/,2025-12-24T04:16:46.199Z,Printing Plates Parallel,113,Gabriel Frasca,Erie,Otters,,4,Random Inserts in Hobby & e-Pack,12,,,,,,,2024-25 CHL Hockey Checklist,2024-25-chl-hockey-checklist
,,http://upperdeck.com/checklist/2024-25-chl-hockey-checklist/,2025-12-24T04:16:46.199Z,Printing Plates Parallel,114,Justice Christensen,Prince Albert,Raiders,,4,Random Inserts in Hobby & e-Pack,12,,,,,,,2024-25 CHL Hockey Checklist,2024-25-chl-hockey-checklist
,,http://upperdeck.com/checklist/2024-25-chl-hockey-checklist/,2025-12-24T04:16:46.199Z,Printing Plates Parallel,115,Lucas Romeo,Cape Breton,Eagles,,4,Random Inserts in Hobby & e-Pack,12,,,,,,,2024-25 CHL Hockey Checklist,2024-25-chl-hockey-checklist
,,http://upperdeck.com/checklist/2024-25-chl-hockey-checklist/,2025-12-24T04:16:46.199Z,Printing Plates Parallel,116,Jackson Parsons,Kitchener,Rangers,,4,Random Inserts in Hobby & e-Pack,12,,,,,,,2024-25 CHL Hockey Checklist,2024-25-chl-hockey-checklist
,,http://upperdeck.com/checklist/2024-25-chl-hockey-checklist/,2025-12-24T04:16:46.199Z,Printing Plates Parallel,117,Tomas Mrsic,Prince Albert,Raiders,,4,Random Inserts in Hobby & e-Pack,12,,,,,,,2024-25 CHL Hockey Checklist,2024-25-chl-hockey-checklist
,,http://upperdeck.com/checklist/2024-25-chl-hockey-checklist/,2025-12-24T04:16:46.199Z,Printing Plates Parallel,118,Marcus Kearsey,Charlottetown,Islanders,,4,Random Inserts in Hobby & e-Pack,12,,,,,,,2024-25 CHL Hockey Checklist,2024-25-chl-hockey-checklist
,,http://upperdeck.com/checklist/2024-25-chl-hockey-checklist/,2025-12-24T04:16:46.200Z,Printing Plates Parallel,119,Zach Filak,Sarnia,Sting,,4,Random Inserts in Hobby & e-Pack,12,,,,,,,2024-25 CHL Hockey Checklist,2024-25-chl-hockey-checklist
,,http://upperdeck.com/checklist/2024-25-chl-hockey-checklist/,2025-12-24T04:16:46.200Z,Printing Plates Parallel,120,Krzysztof Macias,Moose Jaw,Warriors,,4,Random Inserts in Hobby & e-Pack,12,,,,,,,2024-25 CHL Hockey Checklist,2024-25-chl-hockey-checklist
,,http://upperdeck.com/checklist/2024-25-chl-hockey-checklist/,2025-12-24T04:16:46.200Z,Printing Plates Parallel,121,Spencer Gill,Rimouski,Oceanic,,4,Random Inserts in Hobby & e-Pack,12,,,,,,,2024-25 CHL Hockey Checklist,2024-25-chl-hockey-checklist
,,http://upperdeck.com/checklist/2024-25-chl-hockey-checklist/,2025-12-24T04:16:46.200Z,Printing Plates Parallel,122,Martin Misiak,Erie,Otters,,4,Random Inserts in Hobby & e-Pack,12,,,,,,,2024-25 CHL Hockey Checklist,2024-25-chl-hockey-checklist
,,http://upperdeck.com/checklist/2024-25-chl-hockey-checklist/,2025-12-24T04:16:46.200Z,Printing Plates Parallel,123,Cohen Klassen,Regina,Pats,,4,Random Inserts in Hobby & e-Pack,12,,,,,,,2024-25 CHL Hockey Checklist,2024-25-chl-hockey-checklist
,,http://upperdeck.com/checklist/2024-25-chl-hockey-checklist/,2025-12-24T04:16:46.200Z,Printing Plates Parallel,124,Louis-Felix Charrois,Drummondville,Voltigeurs,,4,Random Inserts in Hobby & e-Pack,12,,,,,,,2024-25 CHL Hockey Checklist,2024-25-chl-hockey-checklist
,,http://upperdeck.com/checklist/2024-25-chl-hockey-checklist/,2025-12-24T04:16:46.200Z,Printing Plates Parallel,125,Christopher Brown,Sault Ste. Marie,Greyhounds,,4,Random Inserts in Hobby & e-Pack,12,,,,,,,2024-25 CHL Hockey Checklist,2024-25-chl-hockey-checklist
,,http://upperdeck.com/checklist/2024-25-chl-hockey-checklist/,2025-12-24T04:16:46.200Z,Printing Plates Parallel,126,Carter Bear,Everett,Silvertips,,4,Random Inserts in Hobby & e-Pack,12,,,,,,,2024-25 CHL Hockey Checklist,2024-25-chl-hockey-checklist
,,http://upperdeck.com/checklist/2024-25-chl-hockey-checklist/,2025-12-24T04:16:46.200Z,Printing Plates Parallel,127,Antoine Dorion,Quebec,Remparts,,4,Random Inserts in Hobby & e-Pack,12,,,,,,,2024-25 CHL Hockey Checklist,2024-25-chl-hockey-checklist
,,http://upperdeck.com/checklist/2024-25-chl-hockey-checklist/,2025-12-24T04:16:46.205Z,Printing Plates Parallel,128,Evan Van Gorp,London,Knights,,4,Random Inserts in Hobby & e-Pack,12,,,,,,,2024-25 CHL Hockey Checklist,2024-25-chl-hockey-checklist
,,http://upperdeck.com/checklist/2024-25-chl-hockey-checklist/,2025-12-24T04:16:46.205Z,Printing Plates Parallel,129,Evan Friesen,Wenatchee,Wild,,4,Random Inserts in Hobby & e-Pack,12,,,,,,,2024-25 CHL Hockey Checklist,2024-25-chl-hockey-checklist
,,http://upperdeck.com/checklist/2024-25-chl-hockey-checklist/,2025-12-24T04:16:46.205Z,Printing Plates Parallel,130,Jordan Tourigny,Shawinigan,Cataractes,,4,Random Inserts in Hobby & e-Pack,12,,,,,,,2024-25 CHL Hockey Checklist,2024-25-chl-hockey-checklist
,,http://upperdeck.com/checklist/2024-25-chl-hockey-checklist/,2025-12-24T04:16:46.205Z,Printing Plates Parallel,131,Saige Weinstein,Spokane,Chiefs,,4,Random Inserts in Hobby & e-Pack,12,,,,,,,2024-25 CHL Hockey Checklist,2024-25-chl-hockey-checklist
,,http://upperdeck.com/checklist/2024-25-chl-hockey-checklist/,2025-12-24T04:16:46.205Z,Printing Plates Parallel,132,Cole Burbidge,Cape Breton,Eagles,,4,Random Inserts in Hobby & e-Pack,12,,,,,,,2024-25 CHL Hockey Checklist,2024-25-chl-hockey-checklist
,,http://upperdeck.com/checklist/2024-25-chl-hockey-checklist/,2025-12-24T04:16:46.205Z,Printing Plates Parallel,133,Charlie Paquette,Guelph,Storm,,4,Random Inserts in Hobby & e-Pack,12,,,,,,,2024-25 CHL Hockey Checklist,2024-25-chl-hockey-checklist
,,http://upperdeck.com/checklist/2024-25-chl-hockey-checklist/,2025-12-24T04:16:46.205Z,Printing Plates Parallel,134,Connor Levis,Vancouver,Giants,,4,Random Inserts in Hobby & e-Pack,12,,,,,,,2024-25 CHL Hockey Checklist,2024-25-chl-hockey-checklist
,,http://upperdeck.com/checklist/2024-25-chl-hockey-checklist/,2025-12-24T04:16:46.205Z,Printing Plates Parallel,135,Jiri Klima,Shawinigan,Cataractes,,4,Random Inserts in Hobby & e-Pack,12,,,,,,,2024-25 CHL Hockey Checklist,2024-25-chl-hockey-checklist
,,http://upperdeck.com/checklist/2024-25-chl-hockey-checklist/,2025-12-24T04:16:46.205Z,Printing Plates Parallel,136,Ryder McIntyre,Peterborough,Petes,,4,Random Inserts in Hobby & e-Pack,12,,,,,,,2024-25 CHL Hockey Checklist,2024-25-chl-hockey-checklist
,,http://upperdeck.com/checklist/2024-25-chl-hockey-checklist/,2025-12-24T04:16:46.205Z,Printing Plates Parallel,137,Sam Oremba,Spokane,Chiefs,,4,Random Inserts in Hobby & e-Pack,12,,,,,,,2024-25 CHL Hockey Checklist,2024-25-chl-hockey-checklist
,,http://upperdeck.com/checklist/2024-25-chl-hockey-checklist/,2025-12-24T04:16:46.205Z,Printing Plates Parallel,138,Tomas Lavoie,Cape Breton,Screaming Eagles,,4,Random Inserts in Hobby & e-Pack,12,,,,,,,2024-25 CHL Hockey Checklist,2024-25-chl-hockey-checklist
,,http://upperdeck.com/checklist/2024-25-chl-hockey-checklist/,2025-12-24T04:16:46.206Z,Printing Plates Parallel,139,Easton Wainwright,Sarnia,Sting,,4,Random Inserts in Hobby & e-Pack,12,,,,,,,2024-25 CHL Hockey Checklist,2024-25-chl-hockey-checklist
,,http://upperdeck.com/checklist/2024-25-chl-hockey-checklist/,2025-12-24T04:16:46.206Z,Printing Plates Parallel,140,Reid Andresen,Wenatchee,Wild,,4,Random Inserts in Hobby & e-Pack,12,,,,,,,2024-25 CHL Hockey Checklist,2024-25-chl-hockey-checklist
,,http://upperdeck.com/checklist/2024-25-chl-hockey-checklist/,2025-12-24T04:16:46.206Z,Printing Plates Parallel,141,Charles-Antoine Beauregard,Sherbrooke,Phoenix,,4,Random Inserts in Hobby & e-Pack,12,,,,,,,2024-25 CHL Hockey Checklist,2024-25-chl-hockey-checklist
,,http://upperdeck.com/checklist/2024-25-chl-hockey-checklist/,2025-12-24T04:16:46.206Z,Printing Plates Parallel,142,Jake Karabela,Guelph,Storm,,4,Random Inserts in Hobby & e-Pack,12,,,,,,,2024-25 CHL Hockey Checklist,2024-25-chl-hockey-checklist
,,http://upperdeck.com/checklist/2024-25-chl-hockey-checklist/,2025-12-24T04:16:46.206Z,Printing Plates Parallel,143,Gracyn Sawchyn,Edmonton,Oil Kings,,4,Random Inserts in Hobby & e-Pack,12,,,,,,,2024-25 CHL Hockey Checklist,2024-25-chl-hockey-checklist
,,http://upperdeck.com/checklist/2024-25-chl-hockey-checklist/,2025-12-24T04:16:46.206Z,Printing Plates Parallel,144,Samuel Fiala,Val-d'Or,Foreurs,,4,Random Inserts in Hobby & e-Pack,12,,,,,,,2024-25 CHL Hockey Checklist,2024-25-chl-hockey-checklist
,,http://upperdeck.com/checklist/2024-25-chl-hockey-checklist/,2025-12-24T04:16:46.206Z,Printing Plates Parallel,145,Ben Danford,Oshawa,Generals,,4,Random Inserts in Hobby & e-Pack,12,,,,,,,2024-25 CHL Hockey Checklist,2024-25-chl-hockey-checklist
,,http://upperdeck.com/checklist/2024-25-chl-hockey-checklist/,2025-12-24T04:16:46.206Z,Printing Plates Parallel,146,Ollie Josephson,Red Deer,Rebels,,4,Random Inserts in Hobby & e-Pack,12,,,,,,,2024-25 CHL Hockey Checklist,2024-25-chl-hockey-checklist
,,http://upperdeck.com/checklist/2024-25-chl-hockey-checklist/,2025-12-24T04:16:46.206Z,Printing Plates Parallel,147,Maxime Coursol,Rimouski,Oceanic,,4,Random Inserts in Hobby & e-Pack,12,,,,,,,2024-25 CHL Hockey Checklist,2024-25-chl-hockey-checklist
,,http://upperdeck.com/checklist/2024-25-chl-hockey-checklist/,2025-12-24T04:16:46.206Z,Printing Plates Parallel,148,Cole Davis,Windsor,Spitfires,,4,Random Inserts in Hobby & e-Pack,12,,,,,,,2024-25 CHL Hockey Checklist,2024-25-chl-hockey-checklist
,,http://upperdeck.com/checklist/2024-25-chl-hockey-checklist/,2025-12-24T04:16:46.206Z,Printing Plates Parallel,149,Max Curran,Tri-City,Americans,,4,Random Inserts in Hobby & e-Pack,12,,,,,,,2024-25 CHL Hockey Checklist,2024-25-chl-hockey-checklist
,,http://upperdeck.com/checklist/2024-25-chl-hockey-checklist/,2025-12-24T04:16:46.206Z,Printing Plates Parallel,150,Tyson Goguen,Acadie-Bathurst,Titan,,4,Random Inserts in Hobby & e-Pack,12,,,,,,,2024-25 CHL Hockey Checklist,2024-25-chl-hockey-checklist
,,http://upperdeck.com/checklist/2024-25-chl-hockey-checklist/,2025-12-24T04:16:46.206Z,Printing Plates Parallel,151,Tyson Doucette,Sarnia,Sting,,4,Random Inserts in Hobby & e-Pack,12,,,,,,,2024-25 CHL Hockey Checklist,2024-25-chl-hockey-checklist
,,http://upperdeck.com/checklist/2024-25-chl-hockey-checklist/,2025-12-24T04:16:46.206Z,Printing Plates Parallel,152,Dominik Petr,Brandon,Wheat Kings,,4,Random Inserts in Hobby & e-Pack,12,,,,,,,2024-25 CHL Hockey Checklist,2024-25-chl-hockey-checklist
,,http://upperdeck.com/checklist/2024-25-chl-hockey-checklist/,2025-12-24T04:16:46.206Z,Printing Plates Parallel,153,Juraj Pekarcik,Moncton,Wildcats,,4,Random Inserts in Hobby & e-Pack,12,,,,,,,2024-25 CHL Hockey Checklist,2024-25-chl-hockey-checklist
,,http://upperdeck.com/checklist/2024-25-chl-hockey-checklist/,2025-12-24T04:16:46.206Z,Printing Plates Parallel,154,Justin Cloutier,Sault Ste. Marie,Greyhounds,,4,Random Inserts in Hobby & e-Pack,12,,,,,,,2024-25 CHL Hockey Checklist,2024-25-chl-hockey-checklist
,,http://upperdeck.com/checklist/2024-25-chl-hockey-checklist/,2025-12-24T04:16:46.206Z,Printing Plates Parallel,155,Jordan Gavin,Brandon,Wheat Kings,,4,Random Inserts in Hobby & e-Pack,12,,,,,,,2024-25 CHL Hockey Checklist,2024-25-chl-hockey-checklist
,,http://upperdeck.com/checklist/2024-25-chl-hockey-checklist/,2025-12-24T04:16:46.206Z,Printing Plates Parallel,156,Gabriel D'Aigle,Victoriaville,Tigres,,4,Random Inserts in Hobby & e-Pack,12,,,,,,,2024-25 CHL Hockey Checklist,2024-25-chl-hockey-checklist
,,http://upperdeck.com/checklist/2024-25-chl-hockey-checklist/,2025-12-24T04:16:46.206Z,Printing Plates Parallel,157,Ruslan Karimov,Sarnia,Sting,,4,Random Inserts in Hobby & e-Pack,12,,,,,,,2024-25 CHL Hockey Checklist,2024-25-chl-hockey-checklist
,,http://upperdeck.com/checklist/2024-25-chl-hockey-checklist/,2025-12-24T04:16:46.206Z,Printing Plates Parallel,158,Noah Chadwick,Lethbridge,Hurricanes,,4,Random Inserts in Hobby & e-Pack,12,,,,,,,2024-25 CHL Hockey Checklist,2024-25-chl-hockey-checklist
,,http://upperdeck.com/checklist/2024-25-chl-hockey-checklist/,2025-12-24T04:16:46.206Z,Printing Plates Parallel,159,Isaac Menard,Shawinigan,Cataractes,,4,Random Inserts in Hobby & e-Pack,12,,,,,,,2024-25 CHL Hockey Checklist,2024-25-chl-hockey-checklist
,,http://upperdeck.com/checklist/2024-25-chl-hockey-checklist/,2025-12-24T04:16:46.206Z,Printing Plates Parallel,160,Kaden Pitre,Flint,Firebirds,,4,Random Inserts in Hobby & e-Pack,12,,,,,,,2024-25 CHL Hockey Checklist,2024-25-chl-hockey-checklist
,,http://upperdeck.com/checklist/2024-25-chl-hockey-checklist/,2025-12-24T04:16:46.206Z,Printing Plates Parallel,161,Adam Jecho,Edmonton,Oil Kings,,4,Random Inserts in Hobby & e-Pack,12,,,,,,,2024-25 CHL Hockey Checklist,2024-25-chl-hockey-checklist
,,http://upperdeck.com/checklist/2024-25-chl-hockey-checklist/,2025-12-24T04:16:46.206Z,Printing Plates Parallel,162,Owen Phillips,Halifax,Mooseheads,,4,Random Inserts in Hobby & e-Pack,12,,,,,,,2024-25 CHL Hockey Checklist,2024-25-chl-hockey-checklist
,,http://upperdeck.com/checklist/2024-25-chl-hockey-checklist/,2025-12-24T04:16:46.207Z,Printing Plates Parallel,163,Ethan Procyszyn,North Bay,Battalion,,4,Random Inserts in Hobby & e-Pack,12,,,,,,,2024-25 CHL Hockey Checklist,2024-25-chl-hockey-checklist
,,http://upperdeck.com/checklist/2024-25-chl-hockey-checklist/,2025-12-24T04:16:46.207Z,Printing Plates Parallel,164,Scott Ratzlaff,Seattle,Thunderbirds,,4,Random Inserts in Hobby & e-Pack,12,,,,,,,2024-25 CHL Hockey Checklist,2024-25-chl-hockey-checklist
,,http://upperdeck.com/checklist/2024-25-chl-hockey-checklist/,2025-12-24T04:16:46.207Z,Printing Plates Parallel,165,Alexandre Lallier,Acadie-Bathurst,Titan,,4,Random Inserts in Hobby & e-Pack,12,,,,,,,2024-25 CHL Hockey Checklist,2024-25-chl-hockey-checklist
,,http://upperdeck.com/checklist/2024-25-chl-hockey-checklist/,2025-12-24T04:16:46.207Z,Printing Plates Parallel,166,Luke Ellinas,Kitchener,Rangers,,4,Random Inserts in Hobby & e-Pack,12,,,,,,,2024-25 CHL Hockey Checklist,2024-25-chl-hockey-checklist
,,http://upperdeck.com/checklist/2024-25-chl-hockey-checklist/,2025-12-24T04:16:46.207Z,Printing Plates Parallel,167,Carlin Dezainde,Swift Current,Broncos,,4,Random Inserts in Hobby & e-Pack,12,,,,,,,2024-25 CHL Hockey Checklist,2024-25-chl-hockey-checklist
,,http://upperdeck.com/checklist/2024-25-chl-hockey-checklist/,2025-12-24T04:16:46.207Z,Printing Plates Parallel,168,Owen Conrad,Charlottetown,Islanders,,4,Random Inserts in Hobby & e-Pack,12,,,,,,,2024-25 CHL Hockey Checklist,2024-25-chl-hockey-checklist
,,http://upperdeck.com/checklist/2024-25-chl-hockey-checklist/,2025-12-24T04:16:46.207Z,Printing Plates Parallel,169,Sam McCue,Flint,Firebirds,,4,Random Inserts in Hobby & e-Pack,12,,,,,,,2024-25 CHL Hockey Checklist,2024-25-chl-hockey-checklist
,,http://upperdeck.com/checklist/2024-25-chl-hockey-checklist/,2025-12-24T04:16:46.207Z,Printing Plates Parallel,170,Ben Kindel,Calgary,Hitmen,,4,Random Inserts in Hobby & e-Pack,12,,,,,,,2024-25 CHL Hockey Checklist,2024-25-chl-hockey-checklist
,,http://upperdeck.com/checklist/2024-25-chl-hockey-checklist/,2025-12-24T04:16:46.207Z,Printing Plates Parallel,171,Mavrick Lachance,Sherbrooke,Phoenix,,4,Random Inserts in Hobby & e-Pack,12,,,,,,,2024-25 CHL Hockey Checklist,2024-25-chl-hockey-checklist
,,http://upperdeck.com/checklist/2024-25-chl-hockey-checklist/,2025-12-24T04:16:46.207Z,Printing Plates Parallel,172,Connor Clattenburg,Flint,Firebirds,,4,Random Inserts in Hobby & e-Pack,12,,,,,,,2024-25 CHL Hockey Checklist,2024-25-chl-hockey-checklist
,,http://upperdeck.com/checklist/2024-25-chl-hockey-checklist/,2025-12-24T04:16:46.207Z,Printing Plates Parallel,173,Nate Misskey,Victoria,Royals,,4,Random Inserts in Hobby & e-Pack,12,,,,,,,2024-25 CHL Hockey Checklist,2024-25-chl-hockey-checklist
,,http://upperdeck.com/checklist/2024-25-chl-hockey-checklist/,2025-12-24T04:16:46.207Z,Printing Plates Parallel,174,Jan Golicic,Gatineau,Olympiques,,4,Random Inserts in Hobby & e-Pack,12,,,,,,,2024-25 CHL Hockey Checklist,2024-25-chl-hockey-checklist
,,http://upperdeck.com/checklist/2024-25-chl-hockey-checklist/,2025-12-24T04:16:46.207Z,Printing Plates Parallel,175,AJ Spellacy,Windsor,Spitfires,,4,Random Inserts in Hobby & e-Pack,12,,,,,,,2024-25 CHL Hockey Checklist,2024-25-chl-hockey-checklist
,,http://upperdeck.com/checklist/2024-25-chl-hockey-checklist/,2025-12-24T04:16:46.207Z,Printing Plates Parallel,176,Daxon Rudolph,Prince Albert,Raiders,,4,Random Inserts in Hobby & e-Pack,12,,,,,,,2024-25 CHL Hockey Checklist,2024-25-chl-hockey-checklist
,,http://upperdeck.com/checklist/2024-25-chl-hockey-checklist/,2025-12-24T04:16:46.207Z,Printing Plates Parallel,177,Gabe Smith,Moncton,Wildcats,,4,Random Inserts in Hobby & e-Pack,12,,,,,,,2024-25 CHL Hockey Checklist,2024-25-chl-hockey-checklist
,,http://upperdeck.com/checklist/2024-25-chl-hockey-checklist/,2025-12-24T04:16:46.207Z,Printing Plates Parallel,178,Kieron Walton,Sudbury,Wolves,,4,Random Inserts in Hobby & e-Pack,12,,,,,,,2024-25 CHL Hockey Checklist,2024-25-chl-hockey-checklist
,,http://upperdeck.com/checklist/2024-25-chl-hockey-checklist/,2025-12-24T04:16:46.207Z,Printing Plates Parallel,179,Roan Woodward,Edmonton,Oil Kings,,4,Random Inserts in Hobby & e-Pack,12,,,,,,,2024-25 CHL Hockey Checklist,2024-25-chl-hockey-checklist
,,http://upperdeck.com/checklist/2024-25-chl-hockey-checklist/,2025-12-24T04:16:46.207Z,Printing Plates Parallel,180,Francois-James Buteau,Acadie-Bathurst,Titan,,4,Random Inserts in Hobby & e-Pack,12,,,,,,,2024-25 CHL Hockey Checklist,2024-25-chl-hockey-checklist
,,http://upperdeck.com/checklist/2024-25-chl-hockey-checklist/,2025-12-24T04:16:46.207Z,Printing Plates Parallel,181,Carson Cameron,Peterborough,Petes,,4,Random Inserts in Hobby & e-Pack,12,,,,,,,2024-25 CHL Hockey Checklist,2024-25-chl-hockey-checklist
,,http://upperdeck.com/checklist/2024-25-chl-hockey-checklist/,2025-12-24T04:16:46.207Z,Printing Plates Parallel,182,Vojtech Port,Lethbridge,Hurricanes,,4,Random Inserts in Hobby & e-Pack,12,,,,,,,2024-25 CHL Hockey Checklist,2024-25-chl-hockey-checklist
,,http://upperdeck.com/checklist/2024-25-chl-hockey-checklist/,2025-12-24T04:16:46.207Z,Printing Plates Parallel,183,Xavier Villeneuve,Blainville-Boisbriand,Armada,,4,Random Inserts in Hobby & e-Pack,12,,,,,,,2024-25 CHL Hockey Checklist,2024-25-chl-hockey-checklist
,,http://upperdeck.com/checklist/2024-25-chl-hockey-checklist/,2025-12-24T04:16:46.207Z,Printing Plates Parallel,184,Brady Martin,Sault Ste. Marie,Greyhounds,,4,Random Inserts in Hobby & e-Pack,12,,,,,,,2024-25 CHL Hockey Checklist,2024-25-chl-hockey-checklist
,,http://upperdeck.com/checklist/2024-25-chl-hockey-checklist/,2025-12-24T04:16:46.212Z,Printing Plates Parallel,185,Evan Gardner,Saskatoon,Blades,,4,Random Inserts in Hobby & e-Pack,12,,,,,,,2024-25 CHL Hockey Checklist,2024-25-chl-hockey-checklist
,,http://upperdeck.com/checklist/2024-25-chl-hockey-checklist/,2025-12-24T04:16:46.212Z,Printing Plates Parallel,186,Oliver Samson,Baie-Comeau,Drakkar,,4,Random Inserts in Hobby & e-Pack,12,,,,,,,2024-25 CHL Hockey Checklist,2024-25-chl-hockey-checklist
,,http://upperdeck.com/checklist/2024-25-chl-hockey-checklist/,2025-12-24T04:16:46.213Z,Printing Plates Parallel,187,Kocha Delic,Sudbury,Wolves,,4,Random Inserts in Hobby & e-Pack,12,,,,,,,2024-25 CHL Hockey Checklist,2024-25-chl-hockey-checklist
,,http://upperdeck.com/checklist/2024-25-chl-hockey-checklist/,2025-12-24T04:16:46.213Z,Printing Plates Parallel,188,Logan Wormald,Lethbridge,Hurricanes,,4,Random Inserts in Hobby & e-Pack,12,,,,,,,2024-25 CHL Hockey Checklist,2024-25-chl-hockey-checklist
,,http://upperdeck.com/checklist/2024-25-chl-hockey-checklist/,2025-12-24T04:16:46.213Z,Printing Plates Parallel,189,Jacob Steinman,Halifax,Mooseheads,,4,Random Inserts in Hobby & e-Pack,12,,,,,,,2024-25 CHL Hockey Checklist,2024-25-chl-hockey-checklist
,,http://upperdeck.com/checklist/2024-25-chl-hockey-checklist/,2025-12-24T04:16:46.213Z,Printing Plates Parallel,190,Ethan Hay,Kingston,Frontenacs,,4,Random Inserts in Hobby & e-Pack,12,,,,,,,2024-25 CHL Hockey Checklist,2024-25-chl-hockey-checklist
,,http://upperdeck.com/checklist/2024-25-chl-hockey-checklist/,2025-12-24T04:16:46.213Z,Printing Plates Parallel,191,Harrison Meneghin,Medicine Hat,Tigers,,4,Random Inserts in Hobby & e-Pack,12,,,,,,,2024-25 CHL Hockey Checklist,2024-25-chl-hockey-checklist
,,http://upperdeck.com/checklist/2024-25-chl-hockey-checklist/,2025-12-24T04:16:46.213Z,Printing Plates Parallel,192,Xavier Lebel,Quebec,Remparts,,4,Random Inserts in Hobby & e-Pack,12,,,,,,,2024-25 CHL Hockey Checklist,2024-25-chl-hockey-checklist
,,http://upperdeck.com/checklist/2024-25-chl-hockey-checklist/,2025-12-24T04:16:46.213Z,Printing Plates Parallel,193,Caden Taylor,Peterborough,Petes,,4,Random Inserts in Hobby & e-Pack,12,,,,,,,2024-25 CHL Hockey Checklist,2024-25-chl-hockey-checklist
,,http://upperdeck.com/checklist/2024-25-chl-hockey-checklist/,2025-12-24T04:16:46.213Z,Printing Plates Parallel,194,Will McIsaac,Spokane,Chiefs,,4,Random Inserts in Hobby & e-Pack,12,,,,,,,2024-25 CHL Hockey Checklist,2024-25-chl-hockey-checklist
,,http://upperdeck.com/checklist/2024-25-chl-hockey-checklist/,2025-12-24T04:16:46.213Z,Printing Plates Parallel,195,Raphael Precourt,Chicoutimi,Sagueneens,,4,Random Inserts in Hobby & e-Pack,12,,,,,,,2024-25 CHL Hockey Checklist,2024-25-chl-hockey-checklist
,,http://upperdeck.com/checklist/2024-25-chl-hockey-checklist/,2025-12-24T04:16:46.213Z,Printing Plates Parallel,196,Owen Allard,Sault Ste. Marie,Greyhounds,,4,Random Inserts in Hobby & e-Pack,12,,,,,,,2024-25 CHL Hockey Checklist,2024-25-chl-hockey-checklist
,,http://upperdeck.com/checklist/2024-25-chl-hockey-checklist/,2025-12-24T04:16:46.213Z,Printing Plates Parallel,197,Tyson Zimmer,Vancouver,Giants,,4,Random Inserts in Hobby & e-Pack,12,,,,,,,2024-25 CHL Hockey Checklist,2024-25-chl-hockey-checklist
,,http://upperdeck.com/checklist/2024-25-chl-hockey-checklist/,2025-12-24T04:16:46.213Z,Printing Plates Parallel,198,Thomas Rousseau,Sherbrooke,Phoenix,,4,Random Inserts in Hobby & e-Pack,12,,,,,,,2024-25 CHL Hockey Checklist,2024-25-chl-hockey-checklist
,,http://upperdeck.com/checklist/2024-25-chl-hockey-checklist/,2025-12-24T04:16:46.213Z,Printing Plates Parallel,199,Will Gerrior,Ottawa,67's,,4,Random Inserts in Hobby & e-Pack,12,,,,,,,2024-25 CHL Hockey Checklist,2024-25-chl-hockey-checklist
,,http://upperdeck.com/checklist/2024-25-chl-hockey-checklist/,2025-12-24T04:16:46.213Z,Printing Plates Parallel,200,Lukas Dragicevic,Prince Albert,Raiders,,4,Random Inserts in Hobby & e-Pack,12,,,,,,,2024-25 CHL Hockey Checklist,2024-25-chl-hockey-checklist
,,http://upperdeck.com/checklist/2024-25-chl-hockey-checklist/,2025-12-24T04:16:46.213Z,Printing Plates Parallel,201,Nathan Levesque,Gatineau,Olympiques,,4,Random Inserts in Hobby & e-Pack,12,,,,,,,2024-25 CHL Hockey Checklist,2024-25-chl-hockey-checklist
,,http://upperdeck.com/checklist/2024-25-chl-hockey-checklist/,2025-12-24T04:16:46.213Z,Printing Plates Parallel,202,Ryerson Leenders,Brantford,Bulldogs,,4,Random Inserts in Hobby & e-Pack,12,,,,,,,2024-25 CHL Hockey Checklist,2024-25-chl-hockey-checklist
,,http://upperdeck.com/checklist/2024-25-chl-hockey-checklist/,2025-12-24T04:16:46.213Z,Printing Plates Parallel,203,Jake Sloan,Tri-City,Americans,,4,Random Inserts in Hobby & e-Pack,12,,,,,,,2024-25 CHL Hockey Checklist,2024-25-chl-hockey-checklist
,,http://upperdeck.com/checklist/2024-25-chl-hockey-checklist/,2025-12-24T04:16:46.213Z,Printing Plates Parallel,204,Philippe Veilleux,Val-d'Or,Foreurs,,4,Random Inserts in Hobby & e-Pack,12,,,,,,,2024-25 CHL Hockey Checklist,2024-25-chl-hockey-checklist
,,http://upperdeck.com/checklist/2024-25-chl-hockey-checklist/,2025-12-24T04:16:46.213Z,Printing Plates Parallel,205,Alex Pharand,Sudbury,Wolves,,4,Random Inserts in Hobby & e-Pack,12,,,,,,,2024-25 CHL Hockey Checklist,2024-25-chl-hockey-checklist
,,http://upperdeck.com/checklist/2024-25-chl-hockey-checklist/,2025-12-24T04:16:46.213Z,Printing Plates Parallel,206,Reggie Newman,Victoria,Royals,,4,Random Inserts in Hobby & e-Pack,12,,,,,,,2024-25 CHL Hockey Checklist,2024-25-chl-hockey-checklist
,,http://upperdeck.com/checklist/2024-25-chl-hockey-checklist/,2025-12-24T04:16:46.213Z,Printing Plates Parallel,207,Mathys Fernandez,Shawinigan,Cataractes,,4,Random Inserts in Hobby & e-Pack,12,,,,,,,2024-25 CHL Hockey Checklist,2024-25-chl-hockey-checklist
,,http://upperdeck.com/checklist/2024-25-chl-hockey-checklist/,2025-12-24T04:16:46.213Z,Printing Plates Parallel,208,Konnor Smith,Brampton,Steelheads,,4,Random Inserts in Hobby & e-Pack,12,,,,,,,2024-25 CHL Hockey Checklist,2024-25-chl-hockey-checklist
,,http://upperdeck.com/checklist/2024-25-chl-hockey-checklist/,2025-12-24T04:16:46.213Z,Printing Plates Parallel,209,Emmitt Finnie,Kamloops,Blazers,,4,Random Inserts in Hobby & e-Pack,12,,,,,,,2024-25 CHL Hockey Checklist,2024-25-chl-hockey-checklist
,,http://upperdeck.com/checklist/2024-25-chl-hockey-checklist/,2025-12-24T04:16:46.213Z,Printing Plates Parallel,210,Justin Boisselle,Gatineau,Olympiques,,4,Random Inserts in Hobby & e-Pack,12,,,,,,,2024-25 CHL Hockey Checklist,2024-25-chl-hockey-checklist
,,http://upperdeck.com/checklist/2024-25-chl-hockey-checklist/,2025-12-24T04:16:46.213Z,Printing Plates Parallel,211,Andrew LeBlanc,North Bay,Battalion,,4,Random Inserts in Hobby & e-Pack,12,,,,,,,2024-25 CHL Hockey Checklist,2024-25-chl-hockey-checklist
,,http://upperdeck.com/checklist/2024-25-chl-hockey-checklist/,2025-12-24T04:16:46.213Z,Printing Plates Parallel,212,Cruz Pavao,Tri-City,Americans,,4,Random Inserts in Hobby & e-Pack,12,,,,,,,2024-25 CHL Hockey Checklist,2024-25-chl-hockey-checklist
,,http://upperdeck.com/checklist/2024-25-chl-hockey-checklist/,2025-12-24T04:16:46.213Z,Printing Plates Parallel,213,Tyler Peddle,Drummondville,Voltigeurs,,4,Random Inserts in Hobby & e-Pack,12,,,,,,,2024-25 CHL Hockey Checklist,2024-25-chl-hockey-checklist
,,http://upperdeck.com/checklist/2024-25-chl-hockey-checklist/,2025-12-24T04:16:46.213Z,Printing Plates Parallel,214,Marco Mignosa,Sault Ste. Marie,Greyhounds,,4,Random Inserts in Hobby & e-Pack,12,,,,,,,2024-25 CHL Hockey Checklist,2024-25-chl-hockey-checklist
,,http://upperdeck.com/checklist/2024-25-chl-hockey-checklist/,2025-12-24T04:16:46.213Z,Printing Plates Parallel,215,Ryder Ritchie,Medicine Hat,Tigers,,4,Random Inserts in Hobby & e-Pack,12,,,,,,,2024-25 CHL Hockey Checklist,2024-25-chl-hockey-checklist
,,http://upperdeck.com/checklist/2024-25-chl-hockey-checklist/,2025-12-24T04:16:46.213Z,Printing Plates Parallel,216,Nathan Drapeau,Val-d'Or,Foreurs,,4,Random Inserts in Hobby & e-Pack,12,,,,,,,2024-25 CHL Hockey Checklist,2024-25-chl-hockey-checklist
,,http://upperdeck.com/checklist/2024-25-chl-hockey-checklist/,2025-12-24T04:16:46.213Z,Printing Plates Parallel,217,Jonathan Melee,Peterborough,Petes,,4,Random Inserts in Hobby & e-Pack,12,,,,,,,2024-25 CHL Hockey Checklist,2024-25-chl-hockey-checklist
,,http://upperdeck.com/checklist/2024-25-chl-hockey-checklist/,2025-12-24T04:16:46.213Z,Printing Plates Parallel,218,Nolan Flamand,Brandon,Wheat Kings,,4,Random Inserts in Hobby & e-Pack,12,,,,,,,2024-25 CHL Hockey Checklist,2024-25-chl-hockey-checklist
,,http://upperdeck.com/checklist/2024-25-chl-hockey-checklist/,2025-12-24T04:16:46.213Z,Printing Plates Parallel,219,Dominic Pilote,Rimouski,Oceanic,,4,Random Inserts in Hobby & e-Pack,12,,,,,,,2024-25 CHL Hockey Checklist,2024-25-chl-hockey-checklist
,,http://upperdeck.com/checklist/2024-25-chl-hockey-checklist/,2025-12-24T04:16:46.213Z,Printing Plates Parallel,220,Jakub Chromiak,Kitchener,Rangers,,4,Random Inserts in Hobby & e-Pack,12,,,,,,,2024-25 CHL Hockey Checklist,2024-25-chl-hockey-checklist
,,http://upperdeck.com/checklist/2024-25-chl-hockey-checklist/,2025-12-24T04:16:46.213Z,Printing Plates Parallel,221,Justin Kipkie,Victoria,Royals,,4,Random Inserts in Hobby & e-Pack,12,,,,,,,2024-25 CHL Hockey Checklist,2024-25-chl-hockey-checklist
,,http://upperdeck.com/checklist/2024-25-chl-hockey-checklist/,2025-12-24T04:16:46.213Z,Printing Plates Parallel,222,Brayden Schmitt,Cape Breton,Eagles,,4,Random Inserts in Hobby & e-Pack,12,,,,,,,2024-25 CHL Hockey Checklist,2024-25-chl-hockey-checklist
,,http://upperdeck.com/checklist/2024-25-chl-hockey-checklist/,2025-12-24T04:16:46.213Z,Printing Plates Parallel,223,Emil Pieniniemi,Kingston,Frontenacs,,4,Random Inserts in Hobby & e-Pack,12,,,,,,,2024-25 CHL Hockey Checklist,2024-25-chl-hockey-checklist
,,http://upperdeck.com/checklist/2024-25-chl-hockey-checklist/,2025-12-24T04:16:46.213Z,Printing Plates Parallel,224,Terrell Goldsmith,Tri-City,Americans,,4,Random Inserts in Hobby & e-Pack,12,,,,,,,2024-25 CHL Hockey Checklist,2024-25-chl-hockey-checklist
,,http://upperdeck.com/checklist/2024-25-chl-hockey-checklist/,2025-12-24T04:16:46.213Z,Printing Plates Parallel,225,William Shields,Charlottetown,Islanders,,4,Random Inserts in Hobby & e-Pack,12,,,,,,,2024-25 CHL Hockey Checklist,2024-25-chl-hockey-checklist
,,http://upperdeck.com/checklist/2024-25-chl-hockey-checklist/,2025-12-24T04:16:46.213Z,Printing Plates Parallel,226,Matthew Mayich,Ottawa,67's,,4,Random Inserts in Hobby & e-Pack,12,,,,,,,2024-25 CHL Hockey Checklist,2024-25-chl-hockey-checklist
,,http://upperdeck.com/checklist/2024-25-chl-hockey-checklist/,2025-12-24T04:16:46.213Z,Printing Plates Parallel,227,Antonio Martorana,Seattle,Thunderbirds,,4,Random Inserts in Hobby & e-Pack,12,,,,,,,2024-25 CHL Hockey Checklist,2024-25-chl-hockey-checklist
,,http://upperdeck.com/checklist/2024-25-chl-hockey-checklist/,2025-12-24T04:16:46.213Z,Printing Plates Parallel,228,Eliot L'ltalien,Blainville-Boisbriand,Armada,,4,Random Inserts in Hobby & e-Pack,12,,,,,,,2024-25 CHL Hockey Checklist,2024-25-chl-hockey-checklist
,,http://upperdeck.com/checklist/2024-25-chl-hockey-checklist/,2025-12-24T04:16:46.213Z,Printing Plates Parallel,229,Jack Van Volsen,Brampton,Steelheads,,4,Random Inserts in Hobby & e-Pack,12,,,,,,,2024-25 CHL Hockey Checklist,2024-25-chl-hockey-checklist
,,http://upperdeck.com/checklist/2024-25-chl-hockey-checklist/,2025-12-24T04:16:46.213Z,Printing Plates Parallel,230,Blake Fiddler,Edmonton,Oil Kings,,4,Random Inserts in Hobby & e-Pack,12,,,,,,,2024-25 CHL Hockey Checklist,2024-25-chl-hockey-checklist
,,http://upperdeck.com/checklist/2024-25-chl-hockey-checklist/,2025-12-24T04:16:46.213Z,Printing Plates Parallel,231,Benjamin Brunelle,Rouyn-Noranda,Huskies,,4,Random Inserts in Hobby & e-Pack,12,,,,,,,2024-25 CHL Hockey Checklist,2024-25-chl-hockey-checklist
,,http://upperdeck.com/checklist/2024-25-chl-hockey-checklist/,2025-12-24T04:16:46.213Z,Printing Plates Parallel,232,Luca Blonda,Sudbury,Wolves,,4,Random Inserts in Hobby & e-Pack,12,,,,,,,2024-25 CHL Hockey Checklist,2024-25-chl-hockey-checklist
,,http://upperdeck.com/checklist/2024-25-chl-hockey-checklist/,2025-12-24T04:16:46.213Z,Printing Plates Parallel,233,Brayden Schuurman,Seattle,Thunderbirds,,4,Random Inserts in Hobby & e-Pack,12,,,,,,,2024-25 CHL Hockey Checklist,2024-25-chl-hockey-checklist
,,http://upperdeck.com/checklist/2024-25-chl-hockey-checklist/,2025-12-24T04:16:46.213Z,Printing Plates Parallel,234,Alexis Bourque,Victoriaville,Tigres,,4,Random Inserts in Hobby & e-Pack,12,,,,,,,2024-25 CHL Hockey Checklist,2024-25-chl-hockey-checklist
,,http://upperdeck.com/checklist/2024-25-chl-hockey-checklist/,2025-12-24T04:16:46.213Z,Printing Plates Parallel,235,Brodie McConnell-Barker,Sault Ste. Marie,Greyhounds,,4,Random Inserts in Hobby & e-Pack,12,,,,,,,2024-25 CHL Hockey Checklist,2024-25-chl-hockey-checklist
,,http://upperdeck.com/checklist/2024-25-chl-hockey-checklist/,2025-12-24T04:16:46.213Z,Printing Plates Parallel,236,Carter Sotheran,Portland,Winterhawks,,4,Random Inserts in Hobby & e-Pack,12,,,,,,,2024-25 CHL Hockey Checklist,2024-25-chl-hockey-checklist
,,http://upperdeck.com/checklist/2024-25-chl-hockey-checklist/,2025-12-24T04:16:46.213Z,Printing Plates Parallel,237,Coen Miller,Saint John,Sea Dogs,,4,Random Inserts in Hobby & e-Pack,12,,,,,,,2024-25 CHL Hockey Checklist,2024-25-chl-hockey-checklist
,,http://upperdeck.com/checklist/2024-25-chl-hockey-checklist/,2025-12-24T04:16:46.213Z,Printing Plates Parallel,238,Ryan Brown,Sarnia,Sting,,4,Random Inserts in Hobby & e-Pack,12,,,,,,,2024-25 CHL Hockey Checklist,2024-25-chl-hockey-checklist
,,http://upperdeck.com/checklist/2024-25-chl-hockey-checklist/,2025-12-24T04:16:46.214Z,Printing Plates Parallel,239,Chase Wutzke,Red Deer,Rebels,,4,Random Inserts in Hobby & e-Pack,12,,,,,,,2024-25 CHL Hockey Checklist,2024-25-chl-hockey-checklist
,,http://upperdeck.com/checklist/2024-25-chl-hockey-checklist/,2025-12-24T04:16:46.214Z,Printing Plates Parallel,240,Olivier Dubois,Sherbrooke,Phoenix,,4,Random Inserts in Hobby & e-Pack,12,,,,,,,2024-25 CHL Hockey Checklist,2024-25-chl-hockey-checklist
,,http://upperdeck.com/checklist/2024-25-chl-hockey-checklist/,2025-12-24T04:16:46.219Z,Printing Plates Parallel,241,Max Namestnikov,Guelph,Storm,,4,Random Inserts in Hobby & e-Pack,12,,,,,,,2024-25 CHL Hockey Checklist,2024-25-chl-hockey-checklist
,,http://upperdeck.com/checklist/2024-25-chl-hockey-checklist/,2025-12-24T04:16:46.222Z,Printing Plates Parallel,242,Reese Hamilton,Regina,Pats,,4,Random Inserts in Hobby & e-Pack,12,,,,,,,2024-25 CHL Hockey Checklist,2024-25-chl-hockey-checklist
,,http://upperdeck.com/checklist/2024-25-chl-hockey-checklist/,2025-12-24T04:16:46.223Z,Printing Plates Parallel,243,Quinn Kennedy,Halifax,Mooseheads,,4,Random Inserts in Hobby & e-Pack,12,,,,,,,2024-25 CHL Hockey Checklist,2024-25-chl-hockey-checklist
,,http://upperdeck.com/checklist/2024-25-chl-hockey-checklist/,2025-12-24T04:16:46.223Z,Printing Plates Parallel,244,Lucas Karmiris,Brampton,Steelheads,,4,Random Inserts in Hobby & e-Pack,12,,,,,,,2024-25 CHL Hockey Checklist,2024-25-chl-hockey-checklist
,,http://upperdeck.com/checklist/2024-25-chl-hockey-checklist/,2025-12-24T04:16:46.223Z,Printing Plates Parallel,245,Max Hildebrand,Prince Albert,Raiders,,4,Random Inserts in Hobby & e-Pack,12,,,,,,,2024-25 CHL Hockey Checklist,2024-25-chl-hockey-checklist
,,http://upperdeck.com/checklist/2024-25-chl-hockey-checklist/,2025-12-24T04:16:46.223Z,Printing Plates Parallel,246,Olivier Lampron,Sherbrooke,Phoenix,,4,Random Inserts in Hobby & e-Pack,12,,,,,,,2024-25 CHL Hockey Checklist,2024-25-chl-hockey-checklist
,,http://upperdeck.com/checklist/2024-25-chl-hockey-checklist/,2025-12-24T04:16:46.223Z,Printing Plates Parallel,247,Brady Smith,Sault Ste. Marie,Greyhounds,,4,Random Inserts in Hobby & e-Pack,12,,,,,,,2024-25 CHL Hockey Checklist,2024-25-chl-hockey-checklist
,,http://upperdeck.com/checklist/2024-25-chl-hockey-checklist/,2025-12-24T04:16:46.223Z,Printing Plates Parallel,248,Rylan Gould,Swift Current,Broncos,,4,Random Inserts in Hobby & e-Pack,12,,,,,,,2024-25 CHL Hockey Checklist,2024-25-chl-hockey-checklist
,,http://upperdeck.com/checklist/2024-25-chl-hockey-checklist/,2025-12-24T04:16:46.223Z,Printing Plates Parallel,249,Vincent Desjardins,Blainville-Boisbriand,Armada,,4,Random Inserts in Hobby & e-Pack,12,,,,,,,2024-25 CHL Hockey Checklist,2024-25-chl-hockey-checklist
,,http://upperdeck.com/checklist/2024-25-chl-hockey-checklist/,2025-12-24T04:16:46.223Z,Printing Plates Parallel,250,Jacob Cloutier,Saginaw,Spirit,,4,Random Inserts in Hobby & e-Pack,12,,,,,,,2024-25 CHL Hockey Checklist,2024-25-chl-hockey-checklist
,,http://upperdeck.com/checklist/2024-25-chl-hockey-checklist/,2025-12-24T04:16:46.223Z,Printing Plates Parallel,251,Griffin Darby,Portland,Winterhawks,,4,Random Inserts in Hobby & e-Pack,12,,,,,,,2024-25 CHL Hockey Checklist,2024-25-chl-hockey-checklist
,,http://upperdeck.com/checklist/2024-25-chl-hockey-checklist/,2025-12-24T04:16:46.223Z,Printing Plates Parallel,252,Justin Gendron,Baie-Comeau,Drakkar,,4,Random Inserts in Hobby & e-Pack,12,,,,,,,2024-25 CHL Hockey Checklist,2024-25-chl-hockey-checklist
,,http://upperdeck.com/checklist/2024-25-chl-hockey-checklist/,2025-12-24T04:16:46.223Z,Printing Plates Parallel,253,Liam Sztuska,Peterborough,Petes,,4,Random Inserts in Hobby & e-Pack,12,,,,,,,2024-25 CHL Hockey Checklist,2024-25-chl-hockey-checklist
,,http://upperdeck.com/checklist/2024-25-chl-hockey-checklist/,2025-12-24T04:16:46.223Z,Printing Plates Parallel,254,Niall Crocker,Prince Albert,Raiders,,4,Random Inserts in Hobby & e-Pack,12,,,,,,,2024-25 CHL Hockey Checklist,2024-25-chl-hockey-checklist
,,http://upperdeck.com/checklist/2024-25-chl-hockey-checklist/,2025-12-24T04:16:46.223Z,Printing Plates Parallel,255,Alexandre Guy,Cape Breton,Eagles,,4,Random Inserts in Hobby & e-Pack,12,,,,,,,2024-25 CHL Hockey Checklist,2024-25-chl-hockey-checklist
,,http://upperdeck.com/checklist/2024-25-chl-hockey-checklist/,2025-12-24T04:16:46.223Z,Printing Plates Parallel,256,Lincoln Moore,Saginaw,Spirit,,4,Random Inserts in Hobby & e-Pack,12,,,,,,,2024-25 CHL Hockey Checklist,2024-25-chl-hockey-checklist
,,http://upperdeck.com/checklist/2024-25-chl-hockey-checklist/,2025-12-24T04:16:46.223Z,Printing Plates Parallel,257,Carson Bjarnason,Brandon,Wheat Kings,,4,Random Inserts in Hobby & e-Pack,12,,,,,,,2024-25 CHL Hockey Checklist,2024-25-chl-hockey-checklist
,,http://upperdeck.com/checklist/2024-25-chl-hockey-checklist/,2025-12-24T04:16:46.223Z,Printing Plates Parallel,258,Hugo Primeau,Sherbrooke,Phoenix,,4,Random Inserts in Hobby & e-Pack,12,,,,,,,2024-25 CHL Hockey Checklist,2024-25-chl-hockey-checklist
,,http://upperdeck.com/checklist/2024-25-chl-hockey-checklist/,2025-12-24T04:16:46.223Z,Printing Plates Parallel,259,Joey Willis,Kingston,Frontenacs,,4,Random Inserts in Hobby & e-Pack,12,,,,,,,2024-25 CHL Hockey Checklist,2024-25-chl-hockey-checklist
,,http://upperdeck.com/checklist/2024-25-chl-hockey-checklist/,2025-12-24T04:16:46.223Z,Printing Plates Parallel,260,Jan Spunar,Portland,Winterhawks,,4,Random Inserts in Hobby & e-Pack,12,,,,,,,2024-25 CHL Hockey Checklist,2024-25-chl-hockey-checklist
,,http://upperdeck.com/checklist/2024-25-chl-hockey-checklist/,2025-12-24T04:16:46.223Z,Printing Plates Parallel,261,Jakub Milota,Cape Breton,Eagles,,4,Random Inserts in Hobby & e-Pack,12,,,,,,,2024-25 CHL Hockey Checklist,2024-25-chl-hockey-checklist
,,http://upperdeck.com/checklist/2024-25-chl-hockey-checklist/,2025-12-24T04:16:46.223Z,Printing Plates Parallel,262,Cooper Foster,Ottawa,67's,,4,Random Inserts in Hobby & e-Pack,12,,,,,,,2024-25 CHL Hockey Checklist,2024-25-chl-hockey-checklist
,,http://upperdeck.com/checklist/2024-25-chl-hockey-checklist/,2025-12-24T04:16:46.223Z,Printing Plates Parallel,263,Tommy Lafreniere,Kamloops,Blazers,,4,Random Inserts in Hobby & e-Pack,12,,,,,,,2024-25 CHL Hockey Checklist,2024-25-chl-hockey-checklist
,,http://upperdeck.com/checklist/2024-25-chl-hockey-checklist/,2025-12-24T04:16:46.223Z,Printing Plates Parallel,264,Simon-Pier Brunet,Drummondville,Voltigeurs,,4,Random Inserts in Hobby & e-Pack,12,,,,,,,2024-25 CHL Hockey Checklist,2024-25-chl-hockey-checklist
,,http://upperdeck.com/checklist/2024-25-chl-hockey-checklist/,2025-12-24T04:16:46.223Z,Printing Plates Parallel,265,Evan Headrick,Kitchener,Rangers,,4,Random Inserts in Hobby & e-Pack,12,,,,,,,2024-25 CHL Hockey Checklist,2024-25-chl-hockey-checklist
,,http://upperdeck.com/checklist/2024-25-chl-hockey-checklist/,2025-12-24T04:16:46.223Z,Printing Plates Parallel,266,Jett Lajoie,Prince George,Cougars,,4,Random Inserts in Hobby & e-Pack,12,,,,,,,2024-25 CHL Hockey Checklist,2024-25-chl-hockey-checklist
,,http://upperdeck.com/checklist/2024-25-chl-hockey-checklist/,2025-12-24T04:16:46.223Z,Printing Plates Parallel,267,Nathan Brisson,Val-d'Or,Foreurs,,4,Random Inserts in Hobby & e-Pack,12,,,,,,,2024-25 CHL Hockey Checklist,2024-25-chl-hockey-checklist
,,http://upperdeck.com/checklist/2024-25-chl-hockey-checklist/,2025-12-24T04:16:46.223Z,Printing Plates Parallel,268,Mike Levin,Niagara,IceDogs,,4,Random Inserts in Hobby & e-Pack,12,,,,,,,2024-25 CHL Hockey Checklist,2024-25-chl-hockey-checklist
,,http://upperdeck.com/checklist/2024-25-chl-hockey-checklist/,2025-12-24T04:16:46.223Z,Printing Plates Parallel,269,Aaron Obobaifo,Vancouver,Giants,,4,Random Inserts in Hobby & e-Pack,12,,,,,,,2024-25 CHL Hockey Checklist,2024-25-chl-hockey-checklist
,,http://upperdeck.com/checklist/2024-25-chl-hockey-checklist/,2025-12-24T04:16:46.223Z,Printing Plates Parallel,270,Landon Miller,Sault Ste. Marie,Greyhounds,,4,Random Inserts in Hobby & e-Pack,12,,,,,,,2024-25 CHL Hockey Checklist,2024-25-chl-hockey-checklist
,,http://upperdeck.com/checklist/2024-25-chl-hockey-checklist/,2025-12-24T04:16:46.223Z,Printing Plates Parallel,271,John Babcock,Regina,Pats,,4,Random Inserts in Hobby & e-Pack,12,,,,,,,2024-25 CHL Hockey Checklist,2024-25-chl-hockey-checklist
,,http://upperdeck.com/checklist/2024-25-chl-hockey-checklist/,2025-12-24T04:16:46.223Z,Printing Plates Parallel,272,Lou Levesque,Rimouski,Oceanic,,4,Random Inserts in Hobby & e-Pack,12,,,,,,,2024-25 CHL Hockey Checklist,2024-25-chl-hockey-checklist
,,http://upperdeck.com/checklist/2024-25-chl-hockey-checklist/,2025-12-24T04:16:46.223Z,Printing Plates Parallel,273,Spencer Sova,Brampton,Steelheads,,4,Random Inserts in Hobby & e-Pack,12,,,,,,,2024-25 CHL Hockey Checklist,2024-25-chl-hockey-checklist
,,http://upperdeck.com/checklist/2024-25-chl-hockey-checklist/,2025-12-24T04:16:46.223Z,Printing Plates Parallel,274,Reed Brown,Portland,Winterhawks,,4,Random Inserts in Hobby & e-Pack,12,,,,,,,2024-25 CHL Hockey Checklist,2024-25-chl-hockey-checklist
,,http://upperdeck.com/checklist/2024-25-chl-hockey-checklist/,2025-12-24T04:16:46.223Z,Printing Plates Parallel,275,Jack Dever,Ottawa,67's,,4,Random Inserts in Hobby & e-Pack,12,,,,,,,2024-25 CHL Hockey Checklist,2024-25-chl-hockey-checklist
,,http://upperdeck.com/checklist/2024-25-chl-hockey-checklist/,2025-12-24T04:16:46.223Z,Printing Plates Parallel,276,Kalan Lind,Red Deer,Rebels,,4,Random Inserts in Hobby & e-Pack,12,,,,,,,2024-25 CHL Hockey Checklist,2024-25-chl-hockey-checklist
,,http://upperdeck.com/checklist/2024-25-chl-hockey-checklist/,2025-12-24T04:16:46.223Z,Printing Plates Parallel,277,Jacob Mathieu,Rimouski,Oceanic,,4,Random Inserts in Hobby & e-Pack,12,,,,,,,2024-25 CHL Hockey Checklist,2024-25-chl-hockey-checklist
,,http://upperdeck.com/checklist/2024-25-chl-hockey-checklist/,2025-12-24T04:16:46.223Z,Printing Plates Parallel,278,Chase Lefebvre,Peterborough,Petes,,4,Random Inserts in Hobby & e-Pack,12,,,,,,,2024-25 CHL Hockey Checklist,2024-25-chl-hockey-checklist
,,http://upperdeck.com/checklist/2024-25-chl-hockey-checklist/,2025-12-24T04:16:46.223Z,Printing Plates Parallel,279,Sawyer Mynio,Calgary,Hitmen,,4,Random Inserts in Hobby & e-Pack,12,,,,,,,2024-25 CHL Hockey Checklist,2024-25-chl-hockey-checklist
,,http://upperdeck.com/checklist/2024-25-chl-hockey-checklist/,2025-12-24T04:16:46.223Z,Printing Plates Parallel,280,Nathan Villeneuve,Sudbury,Wolves,,4,Random Inserts in Hobby & e-Pack,12,,,,,,,2024-25 CHL Hockey Checklist,2024-25-chl-hockey-checklist
,,http://upperdeck.com/checklist/2024-25-chl-hockey-checklist/,2025-12-24T04:16:46.223Z,Printing Plates Parallel,281,Braxton Whitehead,Regina,Pats,,4,Random Inserts in Hobby & e-Pack,12,,,,,,,2024-25 CHL Hockey Checklist,2024-25-chl-hockey-checklist
,,http://upperdeck.com/checklist/2024-25-chl-hockey-checklist/,2025-12-24T04:16:46.223Z,Printing Plates Parallel,282,Brady Schultz,Halifax,Mooseheads,,4,Random Inserts in Hobby & e-Pack,12,,,,,,,2024-25 CHL Hockey Checklist,2024-25-chl-hockey-checklist
,,http://upperdeck.com/checklist/2024-25-chl-hockey-checklist/,2025-12-24T04:16:46.223Z,Printing Plates Parallel,283,Braydon McCallum,Peterborough,Petes,,4,Random Inserts in Hobby & e-Pack,12,,,,,,,2024-25 CHL Hockey Checklist,2024-25-chl-hockey-checklist
,,http://upperdeck.com/checklist/2024-25-chl-hockey-checklist/,2025-12-24T04:16:46.223Z,Printing Plates Parallel,284,Jari Kykkanen,Kelowna,Rockets,,4,Random Inserts in Hobby & e-Pack,12,,,,,,,2024-25 CHL Hockey Checklist,2024-25-chl-hockey-checklist
,,http://upperdeck.com/checklist/2024-25-chl-hockey-checklist/,2025-12-24T04:16:46.223Z,Printing Plates Parallel,285,Brad Gardiner,Barrie,Colts,,4,Random Inserts in Hobby & e-Pack,12,,,,,,,2024-25 CHL Hockey Checklist,2024-25-chl-hockey-checklist
,,http://upperdeck.com/checklist/2024-25-chl-hockey-checklist/,2025-12-24T04:16:46.223Z,Printing Plates Parallel,286,Ethan Miedema,Kingston,Frontenacs,,4,Random Inserts in Hobby & e-Pack,12,,,,,,,2024-25 CHL Hockey Checklist,2024-25-chl-hockey-checklist
,,http://upperdeck.com/checklist/2024-25-chl-hockey-checklist/,2025-12-24T04:16:46.223Z,Printing Plates Parallel,287,Justin Cote,Quebec,Remparts,,4,Random Inserts in Hobby & e-Pack,12,,,,,,,2024-25 CHL Hockey Checklist,2024-25-chl-hockey-checklist
,,http://upperdeck.com/checklist/2024-25-chl-hockey-checklist/,2025-12-24T04:16:46.223Z,Printing Plates Parallel,288,Andrew Gibson,Oshawa,Generals,,4,Random Inserts in Hobby & e-Pack,12,,,,,,,2024-25 CHL Hockey Checklist,2024-25-chl-hockey-checklist
,,http://upperdeck.com/checklist/2024-25-chl-hockey-checklist/,2025-12-24T04:16:46.224Z,Printing Plates Parallel,289,Cameron Kuzma,Regina,Pats,,4,Random Inserts in Hobby & e-Pack,12,,,,,,,2024-25 CHL Hockey Checklist,2024-25-chl-hockey-checklist
,,http://upperdeck.com/checklist/2024-25-chl-hockey-checklist/,2025-12-24T04:16:46.224Z,Printing Plates Parallel,290,Ben Cormier,Owen Sound,Attack,,4,Random Inserts in Hobby & e-Pack,12,,,,,,,2024-25 CHL Hockey Checklist,2024-25-chl-hockey-checklist
,,http://upperdeck.com/checklist/2024-25-chl-hockey-checklist/,2025-12-24T04:16:46.224Z,Printing Plates Parallel,291,Connor Hvidston,Calgary,Hitmen,,4,Random Inserts in Hobby & e-Pack,12,,,,,,,2024-25 CHL Hockey Checklist,2024-25-chl-hockey-checklist
,,http://upperdeck.com/checklist/2024-25-chl-hockey-checklist/,2025-12-24T04:16:46.224Z,Printing Plates Parallel,292,Matthew Andonovski,Kitchener,Rangers,,4,Random Inserts in Hobby & e-Pack,12,,,,,,,2024-25 CHL Hockey Checklist,2024-25-chl-hockey-checklist
,,http://upperdeck.com/checklist/2024-25-chl-hockey-checklist/,2025-12-24T04:16:46.224Z,Printing Plates Parallel,293,Emile Perron,Acadie-Bathurst,Titan,,4,Random Inserts in Hobby & e-Pack,12,,,,,,,2024-25 CHL Hockey Checklist,2024-25-chl-hockey-checklist
,,http://upperdeck.com/checklist/2024-25-chl-hockey-checklist/,2025-12-24T04:16:46.224Z,Printing Plates Parallel,294,Malcolm Spence,Erie,Otters,,4,Random Inserts in Hobby & e-Pack,12,,,,,,,2024-25 CHL Hockey Checklist,2024-25-chl-hockey-checklist
,,http://upperdeck.com/checklist/2024-25-chl-hockey-checklist/,2025-12-24T04:16:46.224Z,Printing Plates Parallel,295,Caden Price,Lethbridge,Hurricanes,,4,Random Inserts in Hobby & e-Pack,12,,,,,,,2024-25 CHL Hockey Checklist,2024-25-chl-hockey-checklist
,,http://upperdeck.com/checklist/2024-25-chl-hockey-checklist/,2025-12-24T04:16:46.224Z,Printing Plates Parallel,296,Nathan Aspinall,Flint,Firebirds,,4,Random Inserts in Hobby & e-Pack,12,,,,,,,2024-25 CHL Hockey Checklist,2024-25-chl-hockey-checklist
,,http://upperdeck.com/checklist/2024-25-chl-hockey-checklist/,2025-12-24T04:16:46.224Z,Printing Plates Parallel,297,Jordan Keller,Kamloops,Blazers,,4,Random Inserts in Hobby & e-Pack,12,,,,,,,2024-25 CHL Hockey Checklist,2024-25-chl-hockey-checklist
,,http://upperdeck.com/checklist/2024-25-chl-hockey-checklist/,2025-12-24T04:16:46.224Z,Printing Plates Parallel,298,Lukas Fischer,Sarnia,Sting,,4,Random Inserts in Hobby & e-Pack,12,,,,,,,2024-25 CHL Hockey Checklist,2024-25-chl-hockey-checklist
,,http://upperdeck.com/checklist/2024-25-chl-hockey-checklist/,2025-12-24T04:16:46.224Z,Printing Plates Parallel,299,Jan Sprynar,Halifax,Mooseheads,,4,Random Inserts in Hobby & e-Pack,12,,,,,,,2024-25 CHL Hockey Checklist,2024-25-chl-hockey-checklist
,,http://upperdeck.com/checklist/2024-25-chl-hockey-checklist/,2025-12-24T04:16:46.224Z,Printing Plates Parallel,300,Matthew Soto,Kingston,Frontenacs,,4,Random Inserts in Hobby & e-Pack,12,,,,,,,2024-25 CHL Hockey Checklist,2024-25-chl-hockey-checklist
,,http://upperdeck.com/checklist/2024-25-chl-hockey-checklist/,2025-12-24T04:16:46.224Z,Printing Plates Parallel - Stars,311,Andrei Loshko,Niagara,IceDogs,,4,Random Inserts in Hobby & e-Pack,12,,,,,,,2024-25 CHL Hockey Checklist,2024-25-chl-hockey-checklist
,,http://upperdeck.com/checklist/2024-25-chl-hockey-checklist/,2025-12-24T04:16:46.224Z,Printing Plates Parallel - Stars,312,Oliver Tulk,Calgary,Hitmen,,4,Random Inserts in Hobby & e-Pack,12,,,,,,,2024-25 CHL Hockey Checklist,2024-25-chl-hockey-checklist
,,http://upperdeck.com/checklist/2024-25-chl-hockey-checklist/,2025-12-24T04:16:46.224Z,Printing Plates Parallel - Stars,315,Cam Squires,Cape Breton,Eagles,,4,Random Inserts in Hobby & e-Pack,12,,,,,,,2024-25 CHL Hockey Checklist,2024-25-chl-hockey-checklist
,,http://upperdeck.com/checklist/2024-25-chl-hockey-checklist/,2025-12-24T04:16:46.224Z,Printing Plates Parallel - Stars,317,Riley Heidt,Prince George,Cougars,,4,Random Inserts in Hobby & e-Pack,12,,,,,,,2024-25 CHL Hockey Checklist,2024-25-chl-hockey-checklist
,,http://upperdeck.com/checklist/2024-25-chl-hockey-checklist/,2025-12-24T04:16:46.224Z,Printing Plates Parallel - Stars,323,Dalyn Wakely,Barrie,Colts,,4,Random Inserts in Hobby & e-Pack,12,,,,,,,2024-25 CHL Hockey Checklist,2024-25-chl-hockey-checklist
,,http://upperdeck.com/checklist/2024-25-chl-hockey-checklist/,2025-12-24T04:16:46.224Z,Printing Plates Parallel - Stars,324,Cameron Schmidt,Vancouver,Giants,,4,Random Inserts in Hobby & e-Pack,12,,,,,,,2024-25 CHL Hockey Checklist,2024-25-chl-hockey-checklist
,,http://upperdeck.com/checklist/2024-25-chl-hockey-checklist/,2025-12-24T04:16:46.224Z,Printing Plates Parallel - Stars,325,Justin Larose,Drummondville,Voltigeurs,,4,Random Inserts in Hobby & e-Pack,12,,,,,,,2024-25 CHL Hockey Checklist,2024-25-chl-hockey-checklist
,,http://upperdeck.com/checklist/2024-25-chl-hockey-checklist/,2025-12-24T04:16:46.224Z,Printing Plates Parallel - Stars,327,Roger McQueen,Brandon,Wheat Kings,,4,Random Inserts in Hobby & e-Pack,12,,,,,,,2024-25 CHL Hockey Checklist,2024-25-chl-hockey-checklist
,,http://upperdeck.com/checklist/2024-25-chl-hockey-checklist/,2025-12-24T04:16:46.224Z,Printing Plates Parallel - Stars,330,Sam Oliver,Drummondville,Voltigeurs,,4,Random Inserts in Hobby & e-Pack,12,,,,,,,2024-25 CHL Hockey Checklist,2024-25-chl-hockey-checklist
,,http://upperdeck.com/checklist/2024-25-chl-hockey-checklist/,2025-12-24T04:16:46.224Z,Printing Plates Parallel - Stars,335,Joseph Henneberry,Cape Breton,Eagles,,4,Random Inserts in Hobby & e-Pack,12,,,,,,,2024-25 CHL Hockey Checklist,2024-25-chl-hockey-checklist
,,http://upperdeck.com/checklist/2024-25-chl-hockey-checklist/,2025-12-24T04:16:46.224Z,Printing Plates Parallel - Stars,343,Ethan Gauthier,Drummondville,Voltigeurs,,4,Random Inserts in Hobby & e-Pack,12,,,,,,,2024-25 CHL Hockey Checklist,2024-25-chl-hockey-checklist
,,http://upperdeck.com/checklist/2024-25-chl-hockey-checklist/,2025-12-24T04:16:46.224Z,Printing Plates Parallel - Star Rookies,351,Dylan Rozzi,Saint John,Sea Dogs,,4,Random Inserts in Hobby & e-Pack,12,,,,,,,2024-25 CHL Hockey Checklist,2024-25-chl-hockey-checklist
,,http://upperdeck.com/checklist/2024-25-chl-hockey-checklist/,2025-12-24T04:16:46.224Z,Printing Plates Parallel - Star Rookies,352,Beckett Hamilton,Red Deer,Rebels,,4,Random Inserts in Hobby & e-Pack,12,,,,,,,2024-25 CHL Hockey Checklist,2024-25-chl-hockey-checklist
,,http://upperdeck.com/checklist/2024-25-chl-hockey-checklist/,2025-12-24T04:16:46.224Z,Printing Plates Parallel - Star Rookies,353,Max Bleicher,Owen Sound,Attack,,4,Random Inserts in Hobby & e-Pack,12,,,,,,,2024-25 CHL Hockey Checklist,2024-25-chl-hockey-checklist
,,http://upperdeck.com/checklist/2024-25-chl-hockey-checklist/,2025-12-24T04:16:46.224Z,Printing Plates Parallel - Star Rookies,354,Biagio Jr. Daniele,Acadie-Bathurst,Titan,,4,Random Inserts in Hobby & e-Pack,12,,,,,,,2024-25 CHL Hockey Checklist,2024-25-chl-hockey-checklist
,,http://upperdeck.com/checklist/2024-25-chl-hockey-checklist/,2025-12-24T04:16:46.224Z,Printing Plates Parallel - Star Rookies,355,Carter Esler,Spokane,Chiefs,,4,Random Inserts in Hobby & e-Pack,12,,,,,,,2024-25 CHL Hockey Checklist,2024-25-chl-hockey-checklist
,,http://upperdeck.com/checklist/2024-25-chl-hockey-checklist/,2025-12-24T04:16:46.224Z,Printing Plates Parallel - Star Rookies,356,Filip Ekberg,Ottawa,67's,,4,Random Inserts in Hobby & e-Pack,12,,,,,,,2024-25 CHL Hockey Checklist,2024-25-chl-hockey-checklist
,,http://upperdeck.com/checklist/2024-25-chl-hockey-checklist/,2025-12-24T04:16:46.225Z,Printing Plates Parallel - Star Rookies,357,Matvei Gridin,Shawinigan,Cataracts,,4,Random Inserts in Hobby & e-Pack,12,,,,,,,2024-25 CHL Hockey Checklist,2024-25-chl-hockey-checklist
,,http://upperdeck.com/checklist/2024-25-chl-hockey-checklist/,2025-12-24T04:16:46.225Z,Printing Plates Parallel - Star Rookies,358,Niilopekka Muhonen,Medicine Hat,Tigers,,4,Random Inserts in Hobby & e-Pack,12,,,,,,,2024-25 CHL Hockey Checklist,2024-25-chl-hockey-checklist
,,http://upperdeck.com/checklist/2024-25-chl-hockey-checklist/,2025-12-24T04:16:46.225Z,Printing Plates Parallel - Star Rookies,359,Braidy Wassilyn,Niagara,IceDogs,,4,Random Inserts in Hobby & e-Pack,12,,,,,,,2024-25 CHL Hockey Checklist,2024-25-chl-hockey-checklist
,,http://upperdeck.com/checklist/2024-25-chl-hockey-checklist/,2025-12-24T04:16:46.225Z,Printing Plates Parallel - Star Rookies,360,Elliot Dube,Saint John,Sea Dogs,,4,Random Inserts in Hobby & e-Pack,12,,,,,,,2024-25 CHL Hockey Checklist,2024-25-chl-hockey-checklist
,,http://upperdeck.com/checklist/2024-25-chl-hockey-checklist/,2025-12-24T04:16:46.225Z,Printing Plates Parallel - Star Rookies,362,Ryland Cunningham,Flint,Firebirds,,4,Random Inserts in Hobby & e-Pack,12,,,,,,,2024-25 CHL Hockey Checklist,2024-25-chl-hockey-checklist
,,http://upperdeck.com/checklist/2024-25-chl-hockey-checklist/,2025-12-24T04:16:46.225Z,Printing Plates Parallel - Star Rookies,363,Lars Steiner,Rouyn-Noranda,Huskies,,4,Random Inserts in Hobby & e-Pack,12,,,,,,,2024-25 CHL Hockey Checklist,2024-25-chl-hockey-checklist
,,http://upperdeck.com/checklist/2024-25-chl-hockey-checklist/,2025-12-24T04:16:46.225Z,Printing Plates Parallel - Star Rookies,364,Ondrej Stebetak,Portland,Winterhawks,,4,Random Inserts in Hobby & e-Pack,12,,,,,,,2024-25 CHL Hockey Checklist,2024-25-chl-hockey-checklist
,,http://upperdeck.com/checklist/2024-25-chl-hockey-checklist/,2025-12-24T04:16:46.225Z,Printing Plates Parallel - Star Rookies,365,Andreas Straka,Quebec,Remparts,,4,Random Inserts in Hobby & e-Pack,12,,,,,,,2024-25 CHL Hockey Checklist,2024-25-chl-hockey-checklist
,,http://upperdeck.com/checklist/2024-25-chl-hockey-checklist/,2025-12-24T04:16:46.225Z,Printing Plates Parallel - Star Rookies,366,Miroslav Holinka,Edmonton,Oil Kings,,4,Random Inserts in Hobby & e-Pack,12,,,,,,,2024-25 CHL Hockey Checklist,2024-25-chl-hockey-checklist
,,http://upperdeck.com/checklist/2024-25-chl-hockey-checklist/,2025-12-24T04:16:46.225Z,Printing Plates Parallel - Star Rookies,368,Maxim Dube,Gatineau,Olympiques,,4,Random Inserts in Hobby & e-Pack,12,,,,,,,2024-25 CHL Hockey Checklist,2024-25-chl-hockey-checklist
,,http://upperdeck.com/checklist/2024-25-chl-hockey-checklist/,2025-12-24T04:16:46.225Z,Printing Plates Parallel - Star Rookies,369,Matej Pekar,Seattle,Thunderbirds,,4,Random Inserts in Hobby & e-Pack,12,,,,,,,2024-25 CHL Hockey Checklist,2024-25-chl-hockey-checklist
,,http://upperdeck.com/checklist/2024-25-chl-hockey-checklist/,2025-12-24T04:16:46.225Z,Printing Plates Parallel - Star Rookies,371,Brek Liske,Everett,Silvertips,,4,Random Inserts in Hobby & e-Pack,12,,,,,,,2024-25 CHL Hockey Checklist,2024-25-chl-hockey-checklist
,,http://upperdeck.com/checklist/2024-25-chl-hockey-checklist/,2025-12-24T04:16:46.225Z,Printing Plates Parallel - Star Rookies,373,Carlos Handel,Halifax,Mooseheads,,4,Random Inserts in Hobby & e-Pack,12,,,,,,,2024-25 CHL Hockey Checklist,2024-25-chl-hockey-checklist
,,http://upperdeck.com/checklist/2024-25-chl-hockey-checklist/,2025-12-24T04:16:46.225Z,Printing Plates Parallel - Star Rookies,374,Cole Zurawski,Owen Sound,Attack,,4,Random Inserts in Hobby & e-Pack,12,,,,,,,2024-25 CHL Hockey Checklist,2024-25-chl-hockey-checklist
,,http://upperdeck.com/checklist/2024-25-chl-hockey-checklist/,2025-12-24T04:16:46.225Z,Printing Plates Parallel - Star Rookies,375,Mikko Leppa,Victoriaville,Tigres,,4,Random Inserts in Hobby & e-Pack,12,,,,,,,2024-25 CHL Hockey Checklist,2024-25-chl-hockey-checklist
,,http://upperdeck.com/checklist/2024-25-chl-hockey-checklist/,2025-12-24T04:16:46.225Z,Printing Plates Parallel - Star Rookies,376,Mathis Preston,Spokane,Chiefs,,4,Random Inserts in Hobby & e-Pack,12,,,,,,,2024-25 CHL Hockey Checklist,2024-25-chl-hockey-checklist
,,http://upperdeck.com/checklist/2024-25-chl-hockey-checklist/,2025-12-24T04:16:46.225Z,Printing Plates Parallel - Star Rookies,377,Kent Greer,North Bay,Battalion,,4,Random Inserts in Hobby & e-Pack,12,,,,,,,2024-25 CHL Hockey Checklist,2024-25-chl-hockey-checklist
,,http://upperdeck.com/checklist/2024-25-chl-hockey-checklist/,2025-12-24T04:16:46.225Z,Printing Plates Parallel - Star Rookies,378,Daniel Walters,Halifax,Mooseheads,,4,Random Inserts in Hobby & e-Pack,12,,,,,,,2024-25 CHL Hockey Checklist,2024-25-chl-hockey-checklist
,,http://upperdeck.com/checklist/2024-25-chl-hockey-checklist/,2025-12-24T04:16:46.225Z,Printing Plates Parallel - Star Rookies,379,Nathan Behm,Kamloops,Blazers,,4,Random Inserts in Hobby & e-Pack,12,,,,,,,2024-25 CHL Hockey Checklist,2024-25-chl-hockey-checklist
,,http://upperdeck.com/checklist/2024-25-chl-hockey-checklist/,2025-12-24T04:16:46.225Z,Printing Plates Parallel - Star Rookies,380,Trent Gates,Owen Sound,Attack,,4,Random Inserts in Hobby & e-Pack,12,,,,,,,2024-25 CHL Hockey Checklist,2024-25-chl-hockey-checklist
,,http://upperdeck.com/checklist/2024-25-chl-hockey-checklist/,2025-12-24T04:16:46.225Z,Printing Plates Parallel - Star Rookies,382,Isaac Poll,Saskatoon,Blades,,4,Random Inserts in Hobby & e-Pack,12,,,,,,,2024-25 CHL Hockey Checklist,2024-25-chl-hockey-checklist
,,http://upperdeck.com/checklist/2024-25-chl-hockey-checklist/,2025-12-24T04:16:46.225Z,Printing Plates Parallel - Star Rookies,383,Pierce Mbuyi,Owen Sound,Attack,,4,Random Inserts in Hobby & e-Pack,12,,,,,,,2024-25 CHL Hockey Checklist,2024-25-chl-hockey-checklist
,,http://upperdeck.com/checklist/2024-25-chl-hockey-checklist/,2025-12-24T04:16:46.225Z,Printing Plates Parallel - Star Rookies,385,Veeti Vaisanen,Medicine Hat,Tigers,,4,Random Inserts in Hobby & e-Pack,12,,,,,,,2024-25 CHL Hockey Checklist,2024-25-chl-hockey-checklist
,,http://upperdeck.com/checklist/2024-25-chl-hockey-checklist/,2025-12-24T04:16:46.225Z,Printing Plates Parallel - Star Rookies,386,Benjamin Olivier,Val-d'Or,Foreurs,,4,Random Inserts in Hobby & e-Pack,12,,,,,,,2024-25 CHL Hockey Checklist,2024-25-chl-hockey-checklist
,,http://upperdeck.com/checklist/2024-25-chl-hockey-checklist/,2025-12-24T04:16:46.225Z,Printing Plates Parallel - Star Rookies,387,Rylan Ng,Calgary,Hitmen,,4,Random Inserts in Hobby & e-Pack,12,,,,,,,2024-25 CHL Hockey Checklist,2024-25-chl-hockey-checklist
,,http://upperdeck.com/checklist/2024-25-chl-hockey-checklist/,2025-12-24T04:16:46.225Z,Printing Plates Parallel - Star Rookies,388,Jacob Gouchie,Val-d'Or,Foreurs,,4,Random Inserts in Hobby & e-Pack,12,,,,,,,2024-25 CHL Hockey Checklist,2024-25-chl-hockey-checklist
,,http://upperdeck.com/checklist/2024-25-chl-hockey-checklist/,2025-12-24T04:16:46.225Z,Printing Plates Parallel - Star Rookies,389,Markus Loponen,Victoria,Royals,,4,Random Inserts in Hobby & e-Pack,12,,,,,,,2024-25 CHL Hockey Checklist,2024-25-chl-hockey-checklist
,,http://upperdeck.com/checklist/2024-25-chl-hockey-checklist/,2025-12-24T04:16:46.225Z,Printing Plates Parallel - Star Rookies,390,Florian Schenk,Saint John,Sea Dogs,,4,Random Inserts in Hobby & e-Pack,12,,,,,,,2024-25 CHL Hockey Checklist,2024-25-chl-hockey-checklist
,,http://upperdeck.com/checklist/2024-25-chl-hockey-checklist/,2025-12-24T04:16:46.225Z,Printing Plates Parallel - Star Rookies,391,Parker Vaughan,North Bay,Battalion,,4,Random Inserts in Hobby & e-Pack,12,,,,,,,2024-25 CHL Hockey Checklist,2024-25-chl-hockey-checklist
,,http://upperdeck.com/checklist/2024-25-chl-hockey-checklist/,2025-12-24T04:16:46.225Z,Printing Plates Parallel - Star Rookies,392,Liam Arsenault,Acadie-Bathurst,Titan,,4,Random Inserts in Hobby & e-Pack,12,,,,,,,2024-25 CHL Hockey Checklist,2024-25-chl-hockey-checklist
,,http://upperdeck.com/checklist/2024-25-chl-hockey-checklist/,2025-12-24T04:16:46.225Z,Printing Plates Parallel - Star Rookies,393,Joe Iginla,Edmonton,Oil Kings,,4,Random Inserts in Hobby & e-Pack,12,,,,,,,2024-25 CHL Hockey Checklist,2024-25-chl-hockey-checklist
,,http://upperdeck.com/checklist/2024-25-chl-hockey-checklist/,2025-12-24T04:16:46.225Z,Printing Plates Parallel - Star Rookies,394,Simon-Xavier Cyr,Gatineau,Olympiques,,4,Random Inserts in Hobby & e-Pack,12,,,,,,,2024-25 CHL Hockey Checklist,2024-25-chl-hockey-checklist
,,http://upperdeck.com/checklist/2024-25-chl-hockey-checklist/,2025-12-24T04:16:46.225Z,Printing Plates Parallel - Star Rookies,395,Axel Hurtig,Calgary,Hitmen,,4,Random Inserts in Hobby & e-Pack,12,,,,,,,2024-25 CHL Hockey Checklist,2024-25-chl-hockey-checklist
,,http://upperdeck.com/checklist/2024-25-chl-hockey-checklist/,2025-12-24T04:16:46.225Z,Printing Plates Parallel - Star Rookies,396,Bo Damphousse,Blainville-Boisbriand,Armada,,4,Random Inserts in Hobby & e-Pack,12,,,,,,,2024-25 CHL Hockey Checklist,2024-25-chl-hockey-checklist
,,http://upperdeck.com/checklist/2024-25-chl-hockey-checklist/,2025-12-24T04:16:46.225Z,Printing Plates Parallel - Star Rookies,397,Brody Gillespie,Spokane,Chiefs,,4,Random Inserts in Hobby & e-Pack,12,,,,,,,2024-25 CHL Hockey Checklist,2024-25-chl-hockey-checklist
,,http://upperdeck.com/checklist/2024-25-chl-hockey-checklist/,2025-12-24T04:16:46.225Z,Printing Plates Parallel - Star Rookies,398,Ryder Carey,North Bay,Battalion,,4,Random Inserts in Hobby & e-Pack,12,,,,,,,2024-25 CHL Hockey Checklist,2024-25-chl-hockey-checklist
,,http://upperdeck.com/checklist/2024-25-chl-hockey-checklist/,2025-12-24T04:16:46.225Z,Printing Plates Parallel - Star Rookies,399,Aaron Sawatzky,Moose Jaw,Warriors,,4,Random Inserts in Hobby & e-Pack,12,,,,,,,2024-25 CHL Hockey Checklist,2024-25-chl-hockey-checklist
,,http://upperdeck.com/checklist/2024-25-chl-hockey-checklist/,2025-12-24T04:16:46.225Z,Printing Plates Parallel - Star Rookies,400,Brennan O'Donnell,Chicoutimi,Sagueneens,,4,Random Inserts in Hobby & e-Pack,12,,,,,,,2024-25 CHL Hockey Checklist,2024-25-chl-hockey-checklist
,,http://upperdeck.com/checklist/2024-25-chl-hockey-checklist/,2025-12-24T04:16:46.225Z,Auto Parallel,1,Oliver Bonk,London,Knights,true,,"1:48 h, 1:48 e, 1:48 b",20,,,,,,,2024-25 CHL Hockey Checklist,2024-25-chl-hockey-checklist
,,http://upperdeck.com/checklist/2024-25-chl-hockey-checklist/,2025-12-24T04:16:46.225Z,Auto Parallel,2,Tyler MacKenzie,Everett,Silvertips,true,,"1:48 h, 1:48 e, 1:48 b",20,,,,,,,2024-25 CHL Hockey Checklist,2024-25-chl-hockey-checklist
,,http://upperdeck.com/checklist/2024-25-chl-hockey-checklist/,2025-12-24T04:16:46.225Z,Auto Parallel,3,Jules Boilard,Baie-Comeau,Drakkar,true,,"1:48 h, 1:48 e, 1:48 b",20,,,,,,,2024-25 CHL Hockey Checklist,2024-25-chl-hockey-checklist
,,http://upperdeck.com/checklist/2024-25-chl-hockey-checklist/,2025-12-24T04:16:46.225Z,Auto Parallel,4,Kevin He,Niagara,IceDogs,true,,"1:48 h, 1:48 e, 1:48 b",20,,,,,,,2024-25 CHL Hockey Checklist,2024-25-chl-hockey-checklist
,,http://upperdeck.com/checklist/2024-25-chl-hockey-checklist/,2025-12-24T04:16:46.225Z,Auto Parallel,5,Clarke Caswell,Swift Current,Broncos,true,,"1:48 h, 1:48 e, 1:48 b",20,,,,,,,2024-25 CHL Hockey Checklist,2024-25-chl-hockey-checklist
,,http://upperdeck.com/checklist/2024-25-chl-hockey-checklist/,2025-12-24T04:16:46.225Z,Auto Parallel,6,Felix Lacerte,Shawinigan,Cataractes,true,,"1:48 h, 1:48 e, 1:48 b",20,,,,,,,2024-25 CHL Hockey Checklist,2024-25-chl-hockey-checklist
,,http://upperdeck.com/checklist/2024-25-chl-hockey-checklist/,2025-12-24T04:16:46.225Z,Auto Parallel,7,Ethan Belchetz,Windsor,Spitfires,true,,"1:48 h, 1:48 e, 1:48 b",20,,,,,,,2024-25 CHL Hockey Checklist,2024-25-chl-hockey-checklist
,,http://upperdeck.com/checklist/2024-25-chl-hockey-checklist/,2025-12-24T04:16:46.225Z,Auto Parallel,8,Dominik Rymon,Everett,Silvertips,true,,"1:48 h, 1:48 e, 1:48 b",20,,,,,,,2024-25 CHL Hockey Checklist,2024-25-chl-hockey-checklist
,,http://upperdeck.com/checklist/2024-25-chl-hockey-checklist/,2025-12-24T04:16:46.225Z,Auto Parallel,9,Emmanuel Vermette,Chicoutimi,Sagueneens,true,,"1:48 h, 1:48 e, 1:48 b",20,,,,,,,2024-25 CHL Hockey Checklist,2024-25-chl-hockey-checklist
,,http://upperdeck.com/checklist/2024-25-chl-hockey-checklist/,2025-12-24T04:16:46.225Z,Auto Parallel,10,Beau Jelsma,Barrie,Colts,true,,"1:48 h, 1:48 e, 1:48 b",20,,,,,,,2024-25 CHL Hockey Checklist,2024-25-chl-hockey-checklist
,,http://upperdeck.com/checklist/2024-25-chl-hockey-checklist/,2025-12-24T04:16:46.226Z,Auto Parallel,11,Carson Wetsch,Calgary,Flames,true,,"1:48 h, 1:48 e, 1:48 b",20,,,,,,,2024-25 CHL Hockey Checklist,2024-25-chl-hockey-checklist
,,http://upperdeck.com/checklist/2024-25-chl-hockey-checklist/,2025-12-24T04:16:46.226Z,Auto Parallel,12,Matthew Butler,Charlottetown,Islanders,true,,"1:48 h, 1:48 e, 1:48 b",20,,,,,,,2024-25 CHL Hockey Checklist,2024-25-chl-hockey-checklist
,,http://upperdeck.com/checklist/2024-25-chl-hockey-checklist/,2025-12-24T04:16:46.226Z,Auto Parallel,13,Dylan Edwards,Erie,Otters,true,,"1:48 h, 1:48 e, 1:48 b",20,,,,,,,2024-25 CHL Hockey Checklist,2024-25-chl-hockey-checklist
,,http://upperdeck.com/checklist/2024-25-chl-hockey-checklist/,2025-12-24T04:16:46.226Z,Auto Parallel,14,Max Graham,Kelowna,Rockets,true,,"1:48 h, 1:48 e, 1:48 b",20,,,,,,,2024-25 CHL Hockey Checklist,2024-25-chl-hockey-checklist
,,http://upperdeck.com/checklist/2024-25-chl-hockey-checklist/,2025-12-24T04:16:46.226Z,Auto Parallel,15,Nathan Baril,Drummondville,Voltigeurs,true,,"1:48 h, 1:48 e, 1:48 b",20,,,,,,,2024-25 CHL Hockey Checklist,2024-25-chl-hockey-checklist
,,http://upperdeck.com/checklist/2024-25-chl-hockey-checklist/,2025-12-24T04:16:46.226Z,Auto Parallel,16,Calem Mangone,Saginaw,Spirit,true,,"1:48 h, 1:48 e, 1:48 b",20,,,,,,,2024-25 CHL Hockey Checklist,2024-25-chl-hockey-checklist
,,http://upperdeck.com/checklist/2024-25-chl-hockey-checklist/,2025-12-24T04:16:46.226Z,Auto Parallel,17,Brady Birnie,Swift Current,Broncos,true,,"1:48 h, 1:48 e, 1:48 b",20,,,,,,,2024-25 CHL Hockey Checklist,2024-25-chl-hockey-checklist
,,http://upperdeck.com/checklist/2024-25-chl-hockey-checklist/,2025-12-24T04:16:46.226Z,Auto Parallel,18,Vince Elie,Shawinigan,Cataractes,true,,"1:48 h, 1:48 e, 1:48 b",20,,,,,,,2024-25 CHL Hockey Checklist,2024-25-chl-hockey-checklist
,,http://upperdeck.com/checklist/2024-25-chl-hockey-checklist/,2025-12-24T04:16:46.226Z,Auto Parallel,19,Jacob Oster,Oshawa,Generals,true,,"1:48 h, 1:48 e, 1:48 b",20,,,,,,,2024-25 CHL Hockey Checklist,2024-25-chl-hockey-checklist
,,http://upperdeck.com/checklist/2024-25-chl-hockey-checklist/,2025-12-24T04:16:46.226Z,Auto Parallel,20,Ty Halaburda,Vancouver,Giants,true,,"1:48 h, 1:48 e, 1:48 b",20,,,,,,,2024-25 CHL Hockey Checklist,2024-25-chl-hockey-checklist
,,http://upperdeck.com/checklist/2024-25-chl-hockey-checklist/,2025-12-24T04:16:46.226Z,Auto Parallel,21,Yoan Loshing,Shawinigan,Cataractes,true,,"1:48 h, 1:48 e, 1:48 b",20,,,,,,,2024-25 CHL Hockey Checklist,2024-25-chl-hockey-checklist
,,http://upperdeck.com/checklist/2024-25-chl-hockey-checklist/,2025-12-24T04:16:46.226Z,Auto Parallel,22,Cedrick Guindon,Kingston,Frontenacs,true,,"1:48 h, 1:48 e, 1:48 b",20,,,,,,,2024-25 CHL Hockey Checklist,2024-25-chl-hockey-checklist
,,http://upperdeck.com/checklist/2024-25-chl-hockey-checklist/,2025-12-24T04:16:46.226Z,Auto Parallel,23,Cole Reschny,Victoria,Royals,true,,"1:48 h, 1:48 e, 1:48 b",20,,,,,,,2024-25 CHL Hockey Checklist,2024-25-chl-hockey-checklist
,,http://upperdeck.com/checklist/2024-25-chl-hockey-checklist/,2025-12-24T04:16:46.226Z,Auto Parallel,24,Paille Julien,Gatineau,Olympiques,true,,"1:48 h, 1:48 e, 1:48 b",20,,,,,,,2024-25 CHL Hockey Checklist,2024-25-chl-hockey-checklist
,,http://upperdeck.com/checklist/2024-25-chl-hockey-checklist/,2025-12-24T04:16:46.226Z,Auto Parallel,25,Cam Allen,London,Knights,true,,"1:48 h, 1:48 e, 1:48 b",20,,,,,,,2024-25 CHL Hockey Checklist,2024-25-chl-hockey-checklist
,,http://upperdeck.com/checklist/2024-25-chl-hockey-checklist/,2025-12-24T04:16:46.226Z,Auto Parallel,26,Logan McCutcheon,Lethbridge,Hurricanes,true,,"1:48 h, 1:48 e, 1:48 b",20,,,,,,,2024-25 CHL Hockey Checklist,2024-25-chl-hockey-checklist
,,http://upperdeck.com/checklist/2024-25-chl-hockey-checklist/,2025-12-24T04:16:46.226Z,Auto Parallel,27,Mael St-Denis,Rimouski,Oceanic,true,,"1:48 h, 1:48 e, 1:48 b",20,,,,,,,2024-25 CHL Hockey Checklist,2024-25-chl-hockey-checklist
,,http://upperdeck.com/checklist/2024-25-chl-hockey-checklist/,2025-12-24T04:16:46.226Z,Auto Parallel,28,Patrick Thomas,Brantford,Bulldogs,true,,"1:48 h, 1:48 e, 1:48 b",20,,,,,,,2024-25 CHL Hockey Checklist,2024-25-chl-hockey-checklist
,,http://upperdeck.com/checklist/2024-25-chl-hockey-checklist/,2025-12-24T04:16:46.226Z,Auto Parallel,29,Gavin Hodnett,Edmonton,Oil Kings,true,,"1:48 h, 1:48 e, 1:48 b",20,,,,,,,2024-25 CHL Hockey Checklist,2024-25-chl-hockey-checklist
,,http://upperdeck.com/checklist/2024-25-chl-hockey-checklist/,2025-12-24T04:16:46.226Z,Auto Parallel,30,Nate Tivey,Saint John,Sea Dogs,true,,"1:48 h, 1:48 e, 1:48 b",20,,,,,,,2024-25 CHL Hockey Checklist,2024-25-chl-hockey-checklist
,,http://upperdeck.com/checklist/2024-25-chl-hockey-checklist/,2025-12-24T04:16:46.226Z,Auto Parallel,31,Jacob Julien,London,Knights,true,,"1:48 h, 1:48 e, 1:48 b",20,,,,,,,2024-25 CHL Hockey Checklist,2024-25-chl-hockey-checklist
,,http://upperdeck.com/checklist/2024-25-chl-hockey-checklist/,2025-12-24T04:16:46.226Z,Auto Parallel,32,Miguel Marques,Lethbridge,Hurricanes,true,,"1:48 h, 1:48 e, 1:48 b",20,,,,,,,2024-25 CHL Hockey Checklist,2024-25-chl-hockey-checklist
,,http://upperdeck.com/checklist/2024-25-chl-hockey-checklist/,2025-12-24T04:16:46.226Z,Auto Parallel,33,Jacob Newcombe,Cape Breton,Eagles,true,,"1:48 h, 1:48 e, 1:48 b",20,,,,,,,2024-25 CHL Hockey Checklist,2024-25-chl-hockey-checklist
,,http://upperdeck.com/checklist/2024-25-chl-hockey-checklist/,2025-12-24T04:16:46.226Z,Auto Parallel,34,Nolan Collins,Flint,Firebirds,true,,"1:48 h, 1:48 e, 1:48 b",20,,,,,,,2024-25 CHL Hockey Checklist,2024-25-chl-hockey-checklist
,,http://upperdeck.com/checklist/2024-25-chl-hockey-checklist/,2025-12-24T04:16:46.226Z,Auto Parallel,35,Tyson Jugnauth,Portland,Winterhawks,true,,"1:48 h, 1:48 e, 1:48 b",20,,,,,,,2024-25 CHL Hockey Checklist,2024-25-chl-hockey-checklist
,,http://upperdeck.com/checklist/2024-25-chl-hockey-checklist/,2025-12-24T04:16:46.226Z,Auto Parallel,36,Mathis Rousseau,Moncton,Wildcats,true,,"1:48 h, 1:48 e, 1:48 b",20,,,,,,,2024-25 CHL Hockey Checklist,2024-25-chl-hockey-checklist
,,http://upperdeck.com/checklist/2024-25-chl-hockey-checklist/,2025-12-24T04:16:46.226Z,Auto Parallel,37,Sam Alfano,Erie,Otters,true,,"1:48 h, 1:48 e, 1:48 b",20,,,,,,,2024-25 CHL Hockey Checklist,2024-25-chl-hockey-checklist
,,http://upperdeck.com/checklist/2024-25-chl-hockey-checklist/,2025-12-24T04:16:46.226Z,Auto Parallel,38,Austin Elliot,London,Knights,true,,"1:48 h, 1:48 e, 1:48 b",20,,,,,,,2024-25 CHL Hockey Checklist,2024-25-chl-hockey-checklist
,,http://upperdeck.com/checklist/2024-25-chl-hockey-checklist/,2025-12-24T04:16:46.226Z,Auto Parallel,39,Emile Guite,Chicoutimi,Sagueneens,true,,"1:48 h, 1:48 e, 1:48 b",20,,,,,,,2024-25 CHL Hockey Checklist,2024-25-chl-hockey-checklist
,,http://upperdeck.com/checklist/2024-25-chl-hockey-checklist/,2025-12-24T04:16:46.226Z,Auto Parallel,40,Cameron Reid,Kitchener,Rangers,true,,"1:48 h, 1:48 e, 1:48 b",20,,,,,,,2024-25 CHL Hockey Checklist,2024-25-chl-hockey-checklist
,,http://upperdeck.com/checklist/2024-25-chl-hockey-checklist/,2025-12-24T04:16:46.226Z,Auto Parallel,41,Jackson Unger,Lethbridge,Hurricanes,true,,"1:48 h, 1:48 e, 1:48 b",20,,,,,,,2024-25 CHL Hockey Checklist,2024-25-chl-hockey-checklist
,,http://upperdeck.com/checklist/2024-25-chl-hockey-checklist/,2025-12-24T04:16:46.233Z,Auto Parallel,42,Luke Woodworth,Drummondville,Voltigeurs,true,,"1:48 h, 1:48 e, 1:48 b",20,,,,,,,2024-25 CHL Hockey Checklist,2024-25-chl-hockey-checklist
,,http://upperdeck.com/checklist/2024-25-chl-hockey-checklist/,2025-12-24T04:16:46.233Z,Auto Parallel,43,Ilya Protas,Windsor,Spitfires,true,,"1:48 h, 1:48 e, 1:48 b",20,,,,,,,2024-25 CHL Hockey Checklist,2024-25-chl-hockey-checklist
,,http://upperdeck.com/checklist/2024-25-chl-hockey-checklist/,2025-12-24T04:16:46.233Z,Auto Parallel,44,Tarin Smith,Everett,Silvertips,true,,"1:48 h, 1:48 e, 1:48 b",20,,,,,,,2024-25 CHL Hockey Checklist,2024-25-chl-hockey-checklist
,,http://upperdeck.com/checklist/2024-25-chl-hockey-checklist/,2025-12-24T04:16:46.233Z,Auto Parallel,45,Justin Carbonneau,Blainville-Boisbriand,Armada,true,,"1:48 h, 1:48 e, 1:48 b",20,,,,,,,2024-25 CHL Hockey Checklist,2024-25-chl-hockey-checklist
,,http://upperdeck.com/checklist/2024-25-chl-hockey-checklist/,2025-12-24T04:16:46.233Z,Auto Parallel,46,Cole Beaudoin,Barrie,Colts,true,,"1:48 h, 1:48 e, 1:48 b",20,,,,,,,2024-25 CHL Hockey Checklist,2024-25-chl-hockey-checklist
,,http://upperdeck.com/checklist/2024-25-chl-hockey-checklist/,2025-12-24T04:16:46.233Z,Auto Parallel,47,Aiden Oiring,Prince Albert,Raiders,true,,"1:48 h, 1:48 e, 1:48 b",20,,,,,,,2024-25 CHL Hockey Checklist,2024-25-chl-hockey-checklist
,,http://upperdeck.com/checklist/2024-25-chl-hockey-checklist/,2025-12-24T04:16:46.233Z,Auto Parallel,48,Julius Sumpf,Moncton,Wildcats,true,,"1:48 h, 1:48 e, 1:48 b",20,,,,,,,2024-25 CHL Hockey Checklist,2024-25-chl-hockey-checklist
,,http://upperdeck.com/checklist/2024-25-chl-hockey-checklist/,2025-12-24T04:16:46.233Z,Auto Parallel,49,Ryan Roobroeck,Niagara,IceDogs,true,,"1:48 h, 1:48 e, 1:48 b",20,,,,,,,2024-25 CHL Hockey Checklist,2024-25-chl-hockey-checklist
,,http://upperdeck.com/checklist/2024-25-chl-hockey-checklist/,2025-12-24T04:16:46.233Z,Auto Parallel,50,Jackson Smith,Tri-City,Americans,true,,"1:48 h, 1:48 e, 1:48 b",20,,,,,,,2024-25 CHL Hockey Checklist,2024-25-chl-hockey-checklist
,,http://upperdeck.com/checklist/2024-25-chl-hockey-checklist/,2025-12-24T04:16:46.233Z,Auto Parallel,51,Olivier Houde,Victoriaville,Tigres,true,,"1:48 h, 1:48 e, 1:48 b",20,,,,,,,2024-25 CHL Hockey Checklist,2024-25-chl-hockey-checklist
,,http://upperdeck.com/checklist/2024-25-chl-hockey-checklist/,2025-12-24T04:16:46.233Z,Auto Parallel,52,Nick Lardis,Brantford,Bulldogs,true,,"1:48 h, 1:48 e, 1:48 b",20,,,,,,,2024-25 CHL Hockey Checklist,2024-25-chl-hockey-checklist
,,http://upperdeck.com/checklist/2024-25-chl-hockey-checklist/,2025-12-24T04:16:46.233Z,Auto Parallel,53,Tanner Scott,Saskatoon,Blades,true,,"1:48 h, 1:48 e, 1:48 b",20,,,,,,,2024-25 CHL Hockey Checklist,2024-25-chl-hockey-checklist
,,http://upperdeck.com/checklist/2024-25-chl-hockey-checklist/,2025-12-24T04:16:46.233Z,Auto Parallel,54,Colby Huggan,Acadie-Bathurst,Titan,true,,"1:48 h, 1:48 e, 1:48 b",20,,,,,,,2024-25 CHL Hockey Checklist,2024-25-chl-hockey-checklist
,,http://upperdeck.com/checklist/2024-25-chl-hockey-checklist/,2025-12-24T04:16:46.233Z,Auto Parallel,55,Tyler Challenger,Erie,Otters,true,,"1:48 h, 1:48 e, 1:48 b",20,,,,,,,2024-25 CHL Hockey Checklist,2024-25-chl-hockey-checklist
,,http://upperdeck.com/checklist/2024-25-chl-hockey-checklist/,2025-12-24T04:16:46.233Z,Auto Parallel,56,Brandon Lisowsky,Victoria,Royals,true,,"1:48 h, 1:48 e, 1:48 b",20,,,,,,,2024-25 CHL Hockey Checklist,2024-25-chl-hockey-checklist
,,http://upperdeck.com/checklist/2024-25-chl-hockey-checklist/,2025-12-24T04:16:46.233Z,Auto Parallel,57,Bill Zonnon,Rouyn-Noranda,Huskies,true,,"1:48 h, 1:48 e, 1:48 b",20,,,,,,,2024-25 CHL Hockey Checklist,2024-25-chl-hockey-checklist
,,http://upperdeck.com/checklist/2024-25-chl-hockey-checklist/,2025-12-24T04:16:46.233Z,Auto Parallel,58,Denver Barkey,London,Knights,true,,"1:48 h, 1:48 e, 1:48 b",20,,,,,,,2024-25 CHL Hockey Checklist,2024-25-chl-hockey-checklist
,,http://upperdeck.com/checklist/2024-25-chl-hockey-checklist/,2025-12-24T04:16:46.233Z,Auto Parallel,59,Vincent Collard,Moncton,Wildcats,true,,"1:48 h, 1:48 e, 1:48 b",20,,,,,,,2024-25 CHL Hockey Checklist,2024-25-chl-hockey-checklist
,,http://upperdeck.com/checklist/2024-25-chl-hockey-checklist/,2025-12-24T04:16:46.233Z,Auto Parallel,60,Luca Marrelli,Oshawa,Generals,true,,"1:48 h, 1:48 e, 1:48 b",20,,,,,,,2024-25 CHL Hockey Checklist,2024-25-chl-hockey-checklist
,,http://upperdeck.com/checklist/2024-25-chl-hockey-checklist/,2025-12-24T04:16:46.233Z,Auto Parallel,61,Tanner Molendyk,Medicine Hat,Tigers,true,,"1:48 h, 1:48 e, 1:48 b",20,,,,,,,2024-25 CHL Hockey Checklist,2024-25-chl-hockey-checklist
,,http://upperdeck.com/checklist/2024-25-chl-hockey-checklist/,2025-12-24T04:16:46.233Z,Auto Parallel,62,Jeremy Leroux,Val-d'Or,Foreurs,true,,"1:48 h, 1:48 e, 1:48 b",20,,,,,,,2024-25 CHL Hockey Checklist,2024-25-chl-hockey-checklist
,,http://upperdeck.com/checklist/2024-25-chl-hockey-checklist/,2025-12-24T04:16:46.234Z,Auto Parallel,63,Owen Van Steensel,North Bay,Battalion,true,,"1:48 h, 1:48 e, 1:48 b",20,,,,,,,2024-25 CHL Hockey Checklist,2024-25-chl-hockey-checklist
,,http://upperdeck.com/checklist/2024-25-chl-hockey-checklist/,2025-12-24T04:16:46.234Z,Auto Parallel,64,Tanner Howe,Calgary,Hitmen,true,,"1:48 h, 1:48 e, 1:48 b",20,,,,,,,2024-25 CHL Hockey Checklist,2024-25-chl-hockey-checklist
,,http://upperdeck.com/checklist/2024-25-chl-hockey-checklist/,2025-12-24T04:16:46.234Z,Auto Parallel,65,Carey Terrance,Erie,Otters,true,,"1:48 h, 1:48 e, 1:48 b",20,,,,,,,2024-25 CHL Hockey Checklist,2024-25-chl-hockey-checklist
,,http://upperdeck.com/checklist/2024-25-chl-hockey-checklist/,2025-12-24T04:16:46.234Z,Auto Parallel,66,Lewis Gendron,Cape Breton,Screaming Eagles,true,,"1:48 h, 1:48 e, 1:48 b",20,,,,,,,2024-25 CHL Hockey Checklist,2024-25-chl-hockey-checklist
,,http://upperdeck.com/checklist/2024-25-chl-hockey-checklist/,2025-12-24T04:16:46.234Z,Auto Parallel,67,Adrian Misaljevic,Kitchener,Rangers,true,,"1:48 h, 1:48 e, 1:48 b",20,,,,,,,2024-25 CHL Hockey Checklist,2024-25-chl-hockey-checklist
,,http://upperdeck.com/checklist/2024-25-chl-hockey-checklist/,2025-12-24T04:16:46.234Z,Auto Parallel,68,Hiroki Gojsic,Kelowna,Rockets,true,,"1:48 h, 1:48 e, 1:48 b",20,,,,,,,2024-25 CHL Hockey Checklist,2024-25-chl-hockey-checklist
,,http://upperdeck.com/checklist/2024-25-chl-hockey-checklist/,2025-12-24T04:16:46.234Z,Auto Parallel,69,Thomas Desruisseaux,Chicoutimi,Sagueneens,true,,"1:48 h, 1:48 e, 1:48 b",20,,,,,,,2024-25 CHL Hockey Checklist,2024-25-chl-hockey-checklist
,,http://upperdeck.com/checklist/2024-25-chl-hockey-checklist/,2025-12-24T04:16:46.234Z,Auto Parallel,70,Anthony Cristoforo,Windsor,Spitfires,true,,"1:48 h, 1:48 e, 1:48 b",20,,,,,,,2024-25 CHL Hockey Checklist,2024-25-chl-hockey-checklist
,,http://upperdeck.com/checklist/2024-25-chl-hockey-checklist/,2025-12-24T04:16:46.234Z,Auto Parallel,71,Kyle Chyzowski,Portland,Winterhawks,true,,"1:48 h, 1:48 e, 1:48 b",20,,,,,,,2024-25 CHL Hockey Checklist,2024-25-chl-hockey-checklist
,,http://upperdeck.com/checklist/2024-25-chl-hockey-checklist/,2025-12-24T04:16:46.234Z,Auto Parallel,72,Anthony Romani,Barrie,Colts,true,,"1:48 h, 1:48 e, 1:48 b",20,,,,,,,2024-25 CHL Hockey Checklist,2024-25-chl-hockey-checklist
,,http://upperdeck.com/checklist/2024-25-chl-hockey-checklist/,2025-12-24T04:16:46.234Z,Auto Parallel,73,Louis-Francois Belanger,Acadie-Bathurst,Titan,true,,"1:48 h, 1:48 e, 1:48 b",20,,,,,,,2024-25 CHL Hockey Checklist,2024-25-chl-hockey-checklist
,,http://upperdeck.com/checklist/2024-25-chl-hockey-checklist/,2025-12-24T04:16:46.234Z,Auto Parallel,74,Emil Hemming,Barrie,Colts,true,,"1:48 h, 1:48 e, 1:48 b",20,,,,,,,2024-25 CHL Hockey Checklist,2024-25-chl-hockey-checklist
,,http://upperdeck.com/checklist/2024-25-chl-hockey-checklist/,2025-12-24T04:16:46.234Z,Auto Parallel,75,Josh Fluker,Wenatchee,Wild,true,,"1:48 h, 1:48 e, 1:48 b",20,,,,,,,2024-25 CHL Hockey Checklist,2024-25-chl-hockey-checklist
,,http://upperdeck.com/checklist/2024-25-chl-hockey-checklist/,2025-12-24T04:16:46.234Z,Auto Parallel,76,Thomas Verdon,Rouyn-Noranda,Huskies,true,,"1:48 h, 1:48 e, 1:48 b",20,,,,,,,2024-25 CHL Hockey Checklist,2024-25-chl-hockey-checklist
,,http://upperdeck.com/checklist/2024-25-chl-hockey-checklist/,2025-12-24T04:16:46.234Z,Auto Parallel,77,Jack Ivankovic,Brampton,Steelheads,true,,"1:48 h, 1:48 e, 1:48 b",20,,,,,,,2024-25 CHL Hockey Checklist,2024-25-chl-hockey-checklist
,,http://upperdeck.com/checklist/2024-25-chl-hockey-checklist/,2025-12-24T04:16:46.234Z,Auto Parallel,78,Borya Valis,Prince George,Cougars,true,,"1:48 h, 1:48 e, 1:48 b",20,,,,,,,2024-25 CHL Hockey Checklist,2024-25-chl-hockey-checklist
,,http://upperdeck.com/checklist/2024-25-chl-hockey-checklist/,2025-12-24T04:16:46.234Z,Auto Parallel,79,Mael Lavigne,Rimouski,Oceanic,true,,"1:48 h, 1:48 e, 1:48 b",20,,,,,,,2024-25 CHL Hockey Checklist,2024-25-chl-hockey-checklist
,,http://upperdeck.com/checklist/2024-25-chl-hockey-checklist/,2025-12-24T04:16:46.234Z,Auto Parallel,80,Christopher Thibodeau,Flint,Firebirds,true,,"1:48 h, 1:48 e, 1:48 b",20,,,,,,,2024-25 CHL Hockey Checklist,2024-25-chl-hockey-checklist
,,http://upperdeck.com/checklist/2024-25-chl-hockey-checklist/,2025-12-24T04:16:46.234Z,Auto Parallel,81,Shea Van Olm,Spokane,Chiefs,true,,"1:48 h, 1:48 e, 1:48 b",20,,,,,,,2024-25 CHL Hockey Checklist,2024-25-chl-hockey-checklist
,,http://upperdeck.com/checklist/2024-25-chl-hockey-checklist/,2025-12-24T04:16:46.234Z,Auto Parallel,82,Matthew Schaefer,Erie,Otters,true,,"1:48 h, 1:48 e, 1:48 b",20,,,,,,,2024-25 CHL Hockey Checklist,2024-25-chl-hockey-checklist
,,http://upperdeck.com/checklist/2024-25-chl-hockey-checklist/,2025-12-24T04:16:46.234Z,Auto Parallel,83,Brayden Edwards,Lethbridge,Hurricanes,true,,"1:48 h, 1:48 e, 1:48 b",20,,,,,,,2024-25 CHL Hockey Checklist,2024-25-chl-hockey-checklist
,,http://upperdeck.com/checklist/2024-25-chl-hockey-checklist/,2025-12-24T04:16:46.234Z,Auto Parallel,84,Nick DeAngelis,Sudbury,Wolves,true,,"1:48 h, 1:48 e, 1:48 b",20,,,,,,,2024-25 CHL Hockey Checklist,2024-25-chl-hockey-checklist
,,http://upperdeck.com/checklist/2024-25-chl-hockey-checklist/,2025-12-24T04:16:46.234Z,Auto Parallel,85,Joshua Ravensbergen,Prince George,Cougars,true,,"1:48 h, 1:48 e, 1:48 b",20,,,,,,,2024-25 CHL Hockey Checklist,2024-25-chl-hockey-checklist
,,http://upperdeck.com/checklist/2024-25-chl-hockey-checklist/,2025-12-24T04:16:46.234Z,Auto Parallel,86,Aiden O'Donnell,Brantford,Bulldogs,true,,"1:48 h, 1:48 e, 1:48 b",20,,,,,,,2024-25 CHL Hockey Checklist,2024-25-chl-hockey-checklist
,,http://upperdeck.com/checklist/2024-25-chl-hockey-checklist/,2025-12-24T04:16:46.234Z,Auto Parallel,87,Riley Mercer,Drummondville,Voltigeurs,true,,"1:48 h, 1:48 e, 1:48 b",20,,,,,,,2024-25 CHL Hockey Checklist,2024-25-chl-hockey-checklist
,,http://upperdeck.com/checklist/2024-25-chl-hockey-checklist/,2025-12-24T04:16:46.234Z,Auto Parallel,88,Trent Swick,Kitchener,Rangers,true,,"1:48 h, 1:48 e, 1:48 b",20,,,,,,,2024-25 CHL Hockey Checklist,2024-25-chl-hockey-checklist
,,http://upperdeck.com/checklist/2024-25-chl-hockey-checklist/,2025-12-24T04:16:46.234Z,Auto Parallel,89,Luke Mistelbacher,Swift Current,Broncos,true,,"1:48 h, 1:48 e, 1:48 b",20,,,,,,,2024-25 CHL Hockey Checklist,2024-25-chl-hockey-checklist
,,http://upperdeck.com/checklist/2024-25-chl-hockey-checklist/,2025-12-24T04:16:46.234Z,Auto Parallel,90,Ryan Abraham,Windsor,Spitfires,true,,"1:48 h, 1:48 e, 1:48 b",20,,,,,,,2024-25 CHL Hockey Checklist,2024-25-chl-hockey-checklist
,,http://upperdeck.com/checklist/2024-25-chl-hockey-checklist/,2025-12-24T04:16:46.234Z,Auto Parallel,91,Diego Buttazzoni,Portland,Winterhawks,true,,"1:48 h, 1:48 e, 1:48 b",20,,,,,,,2024-25 CHL Hockey Checklist,2024-25-chl-hockey-checklist
,,http://upperdeck.com/checklist/2024-25-chl-hockey-checklist/,2025-12-24T04:16:46.234Z,Auto Parallel,92,Jack Nesbitt,Windsor,Spitfires,true,,"1:48 h, 1:48 e, 1:48 b",20,,,,,,,2024-25 CHL Hockey Checklist,2024-25-chl-hockey-checklist
,,http://upperdeck.com/checklist/2024-25-chl-hockey-checklist/,2025-12-24T04:16:46.234Z,Auto Parallel,93,Braeden Cootes,Seattle,Thunderbirds,true,,"1:48 h, 1:48 e, 1:48 b",20,,,,,,,2024-25 CHL Hockey Checklist,2024-25-chl-hockey-checklist
,,http://upperdeck.com/checklist/2024-25-chl-hockey-checklist/,2025-12-24T04:16:46.234Z,Auto Parallel,94,Pano Fimis,Erie,Otters,true,,"1:48 h, 1:48 e, 1:48 b",20,,,,,,,2024-25 CHL Hockey Checklist,2024-25-chl-hockey-checklist
,,http://upperdeck.com/checklist/2024-25-chl-hockey-checklist/,2025-12-24T04:16:46.234Z,Auto Parallel,95,Raoul Boilard,Baie-Comeau,Drakkar,true,,"1:48 h, 1:48 e, 1:48 b",20,,,,,,,2024-25 CHL Hockey Checklist,2024-25-chl-hockey-checklist
,,http://upperdeck.com/checklist/2024-25-chl-hockey-checklist/,2025-12-24T04:16:46.234Z,Auto Parallel,96,Angus MacDonell,Brampton,Steelheads,true,,"1:48 h, 1:48 e, 1:48 b",20,,,,,,,2024-25 CHL Hockey Checklist,2024-25-chl-hockey-checklist
,,http://upperdeck.com/checklist/2024-25-chl-hockey-checklist/,2025-12-24T04:16:46.234Z,Auto Parallel,97,Julius Miettinen,Everett,Silvertips,true,,"1:48 h, 1:48 e, 1:48 b",20,,,,,,,2024-25 CHL Hockey Checklist,2024-25-chl-hockey-checklist
,,http://upperdeck.com/checklist/2024-25-chl-hockey-checklist/,2025-12-24T04:16:46.234Z,Auto Parallel,98,Riley Patterson,Barrie,Colts,true,,"1:48 h, 1:48 e, 1:48 b",20,,,,,,,2024-25 CHL Hockey Checklist,2024-25-chl-hockey-checklist
,,http://upperdeck.com/checklist/2024-25-chl-hockey-checklist/,2025-12-24T04:16:46.234Z,Auto Parallel,99,Maxim Masse,Chicoutimi,Sagueneens,true,,"1:48 h, 1:48 e, 1:48 b",20,,,,,,,2024-25 CHL Hockey Checklist,2024-25-chl-hockey-checklist
,,http://upperdeck.com/checklist/2024-25-chl-hockey-checklist/,2025-12-24T04:16:46.234Z,Auto Parallel,100,Jacob Battaglia,Kingston,Frontenacs,true,,"1:48 h, 1:48 e, 1:48 b",20,,,,,,,2024-25 CHL Hockey Checklist,2024-25-chl-hockey-checklist
,,http://upperdeck.com/checklist/2024-25-chl-hockey-checklist/,2025-12-24T04:16:46.234Z,Auto Parallel - Stars and Star Rookies,301,Michael Misa,Saginaw,Spirit,true,,"1:48 h, 1:48 e, 1:48 b",20,,,,,,,2024-25 CHL Hockey Checklist,2024-25-chl-hockey-checklist
,,http://upperdeck.com/checklist/2024-25-chl-hockey-checklist/,2025-12-24T04:16:46.234Z,Auto Parallel - Stars and Star Rookies,302,Tij Iginla,Kelowna,Rockets,true,,"1:48 h, 1:48 e, 1:48 b",20,,,,,,,2024-25 CHL Hockey Checklist,2024-25-chl-hockey-checklist
,,http://upperdeck.com/checklist/2024-25-chl-hockey-checklist/,2025-12-24T04:16:46.234Z,Auto Parallel - Stars and Star Rookies,303,Sam Dickinson,London,Knights,true,,"1:48 h, 1:48 e, 1:48 b",20,,,,,,,2024-25 CHL Hockey Checklist,2024-25-chl-hockey-checklist
,,http://upperdeck.com/checklist/2024-25-chl-hockey-checklist/,2025-12-24T04:16:46.234Z,Auto Parallel - Stars and Star Rookies,304,Carter Yakemchuk,Calgary,Hitmen,true,,"1:48 h, 1:48 e, 1:48 b",20,,,,,,,2024-25 CHL Hockey Checklist,2024-25-chl-hockey-checklist
,,http://upperdeck.com/checklist/2024-25-chl-hockey-checklist/,2025-12-24T04:16:46.234Z,Auto Parallel - Stars and Star Rookies,305,Justin Poirier,Baie-Comeau,Drakkar,true,,"1:48 h, 1:48 e, 1:48 b",20,,,,,,,2024-25 CHL Hockey Checklist,2024-25-chl-hockey-checklist
,,http://upperdeck.com/checklist/2024-25-chl-hockey-checklist/,2025-12-24T04:16:46.234Z,Auto Parallel - Stars and Star Rookies,306,Easton Cowan,London,Knights,true,,"1:48 h, 1:48 e, 1:48 b",20,,,,,,,2024-25 CHL Hockey Checklist,2024-25-chl-hockey-checklist
,,http://upperdeck.com/checklist/2024-25-chl-hockey-checklist/,2025-12-24T04:16:46.234Z,Auto Parallel - Stars and Star Rookies,307,Reid Dyck,Swift Current,Broncos,true,,"1:48 h, 1:48 e, 1:48 b",20,,,,,,,2024-25 CHL Hockey Checklist,2024-25-chl-hockey-checklist
,,http://upperdeck.com/checklist/2024-25-chl-hockey-checklist/,2025-12-24T04:16:46.234Z,Auto Parallel - Stars and Star Rookies,308,Calum Ritchie,Oshawa,Generals,true,,"1:48 h, 1:48 e, 1:48 b",20,,,,,,,2024-25 CHL Hockey Checklist,2024-25-chl-hockey-checklist
,,http://upperdeck.com/checklist/2024-25-chl-hockey-checklist/,2025-12-24T04:16:46.234Z,Auto Parallel - Stars and Star Rookies,309,Kenta Isogai,Victoria,Royals,true,,"1:48 h, 1:48 e, 1:48 b",20,,,,,,,2024-25 CHL Hockey Checklist,2024-25-chl-hockey-checklist
,,http://upperdeck.com/checklist/2024-25-chl-hockey-checklist/,2025-12-24T04:16:46.234Z,Auto Parallel - Stars and Star Rookies,310,Antonin Verreault,Rouyn-Noranda,Huskies,true,,"1:48 h, 1:48 e, 1:48 b",20,,,,,,,2024-25 CHL Hockey Checklist,2024-25-chl-hockey-checklist
,,http://upperdeck.com/checklist/2024-25-chl-hockey-checklist/,2025-12-24T04:16:46.234Z,Auto Parallel - Stars and Star Rookies,311,Andrei Loshko,Niagara,IceDogs,true,,"1:48 h, 1:48 e, 1:48 b",20,,,,,,,2024-25 CHL Hockey Checklist,2024-25-chl-hockey-checklist
,,http://upperdeck.com/checklist/2024-25-chl-hockey-checklist/,2025-12-24T04:16:46.234Z,Auto Parallel - Stars and Star Rookies,312,Oliver Tulk,Calgary,Hitmen,true,,"1:48 h, 1:48 e, 1:48 b",20,,,,,,,2024-25 CHL Hockey Checklist,2024-25-chl-hockey-checklist
,,http://upperdeck.com/checklist/2024-25-chl-hockey-checklist/,2025-12-24T04:16:46.234Z,Auto Parallel - Stars and Star Rookies,313,Beckett Sennecke,Oshawa,Generals,true,,"1:48 h, 1:48 e, 1:48 b",20,,,,,,,2024-25 CHL Hockey Checklist,2024-25-chl-hockey-checklist
,,http://upperdeck.com/checklist/2024-25-chl-hockey-checklist/,2025-12-24T04:16:46.234Z,Auto Parallel - Stars and Star Rookies,314,Andrew Basha,Medicine Hat,Tigers,true,,"1:48 h, 1:48 e, 1:48 b",20,,,,,,,2024-25 CHL Hockey Checklist,2024-25-chl-hockey-checklist
,,http://upperdeck.com/checklist/2024-25-chl-hockey-checklist/,2025-12-24T04:16:46.234Z,Auto Parallel - Stars and Star Rookies,315,Cam Squires,Cape Breton,Eagles,true,,"1:48 h, 1:48 e, 1:48 b",20,,,,,,,2024-25 CHL Hockey Checklist,2024-25-chl-hockey-checklist
,,http://upperdeck.com/checklist/2024-25-chl-hockey-checklist/,2025-12-24T04:16:46.234Z,Auto Parallel - Stars and Star Rookies,316,Marek Vanacker,Brantford,Bulldogs,true,,"1:48 h, 1:48 e, 1:48 b",20,,,,,,,2024-25 CHL Hockey Checklist,2024-25-chl-hockey-checklist
,,http://upperdeck.com/checklist/2024-25-chl-hockey-checklist/,2025-12-24T04:16:46.234Z,Auto Parallel - Stars and Star Rookies,317,Riley Heidt,Prince George,Cougars,true,,"1:48 h, 1:48 e, 1:48 b",20,,,,,,,2024-25 CHL Hockey Checklist,2024-25-chl-hockey-checklist
,,http://upperdeck.com/checklist/2024-25-chl-hockey-checklist/,2025-12-24T04:16:46.234Z,Auto Parallel - Stars and Star Rookies,318,Liam Greentree,Windsor,Spitfires,true,,"1:48 h, 1:48 e, 1:48 b",20,,,,,,,2024-25 CHL Hockey Checklist,2024-25-chl-hockey-checklist
,,http://upperdeck.com/checklist/2024-25-chl-hockey-checklist/,2025-12-24T04:16:46.234Z,Auto Parallel - Stars and Star Rookies,319,Berkly Catton,Spokane,Chiefs,true,,"1:48 h, 1:48 e, 1:48 b",20,,,,,,,2024-25 CHL Hockey Checklist,2024-25-chl-hockey-checklist
,,http://upperdeck.com/checklist/2024-25-chl-hockey-checklist/,2025-12-24T04:16:46.234Z,Auto Parallel - Stars and Star Rookies,320,Caleb Desnoyers,Moncton,Wildcats,true,,"1:48 h, 1:48 e, 1:48 b",20,,,,,,,2024-25 CHL Hockey Checklist,2024-25-chl-hockey-checklist
,,http://upperdeck.com/checklist/2024-25-chl-hockey-checklist/,2025-12-24T04:16:46.234Z,Auto Parallel - Stars and Star Rookies,321,Jett Luchanko,Guelph,Storm,true,,"1:48 h, 1:48 e, 1:48 b",20,,,,,,,2024-25 CHL Hockey Checklist,2024-25-chl-hockey-checklist
,,http://upperdeck.com/checklist/2024-25-chl-hockey-checklist/,2025-12-24T04:16:46.235Z,Auto Parallel - Stars and Star Rookies,322,Brayden Yager,Lethbridge,Hurricanes,true,,"1:48 h, 1:48 e, 1:48 b",20,,,,,,,2024-25 CHL Hockey Checklist,2024-25-chl-hockey-checklist
,,http://upperdeck.com/checklist/2024-25-chl-hockey-checklist/,2025-12-24T04:16:46.235Z,Auto Parallel - Stars and Star Rookies,323,Dalyn Wakely,Barrie,Colts,true,,"1:48 h, 1:48 e, 1:48 b",20,,,,,,,2024-25 CHL Hockey Checklist,2024-25-chl-hockey-checklist
,,http://upperdeck.com/checklist/2024-25-chl-hockey-checklist/,2025-12-24T04:16:46.235Z,Auto Parallel - Stars and Star Rookies,324,Cameron Schmidt,Vancouver,Giants,true,,"1:48 h, 1:48 e, 1:48 b",20,,,,,,,2024-25 CHL Hockey Checklist,2024-25-chl-hockey-checklist
,,http://upperdeck.com/checklist/2024-25-chl-hockey-checklist/,2025-12-24T04:16:46.235Z,Auto Parallel - Stars and Star Rookies,325,Justin Larose,Drummondville,Voltigeurs,true,,"1:48 h, 1:48 e, 1:48 b",20,,,,,,,2024-25 CHL Hockey Checklist,2024-25-chl-hockey-checklist
,,http://upperdeck.com/checklist/2024-25-chl-hockey-checklist/,2025-12-24T04:16:46.235Z,Auto Parallel - Stars and Star Rookies,326,Luke Misa,Brampton,Steelheads,true,,"1:48 h, 1:48 e, 1:48 b",20,,,,,,,2024-25 CHL Hockey Checklist,2024-25-chl-hockey-checklist
,,http://upperdeck.com/checklist/2024-25-chl-hockey-checklist/,2025-12-24T04:16:46.235Z,Auto Parallel - Stars and Star Rookies,327,Roger McQueen,Brandon,Wheat Kings,true,,"1:48 h, 1:48 e, 1:48 b",20,,,,,,,2024-25 CHL Hockey Checklist,2024-25-chl-hockey-checklist
,,http://upperdeck.com/checklist/2024-25-chl-hockey-checklist/,2025-12-24T04:16:46.235Z,Auto Parallel - Stars and Star Rookies,328,Tuomas Uronen,Kingston,Frontenacs,true,,"1:48 h, 1:48 e, 1:48 b",20,,,,,,,2024-25 CHL Hockey Checklist,2024-25-chl-hockey-checklist
,,http://upperdeck.com/checklist/2024-25-chl-hockey-checklist/,2025-12-24T04:16:46.235Z,Auto Parallel - Stars and Star Rookies,329,Cayden Lindstrom,Medicine Hat,Tigers,true,,"1:48 h, 1:48 e, 1:48 b",20,,,,,,,2024-25 CHL Hockey Checklist,2024-25-chl-hockey-checklist
,,http://upperdeck.com/checklist/2024-25-chl-hockey-checklist/,2025-12-24T04:16:46.235Z,Auto Parallel - Stars and Star Rookies,330,Sam Oliver,Drummondville,Voltigeurs,true,,"1:48 h, 1:48 e, 1:48 b",20,,,,,,,2024-25 CHL Hockey Checklist,2024-25-chl-hockey-checklist
,,http://upperdeck.com/checklist/2024-25-chl-hockey-checklist/,2025-12-24T04:16:46.235Z,Auto Parallel - Stars and Star Rookies,331,Carter George,Owen Sound,Attack,true,,"1:48 h, 1:48 e, 1:48 b",20,,,,,,,2024-25 CHL Hockey Checklist,2024-25-chl-hockey-checklist
,,http://upperdeck.com/checklist/2024-25-chl-hockey-checklist/,2025-12-24T04:16:46.235Z,Auto Parallel - Stars and Star Rookies,332,Andrew Cristall,Spokane,Chiefs,true,,"1:48 h, 1:48 e, 1:48 b",20,,,,,,,2024-25 CHL Hockey Checklist,2024-25-chl-hockey-checklist
,,http://upperdeck.com/checklist/2024-25-chl-hockey-checklist/,2025-12-24T04:16:46.235Z,Auto Parallel - Stars and Star Rookies,333,Luca Pinelli,Ottawa,67's,true,,"1:48 h, 1:48 e, 1:48 b",20,,,,,,,2024-25 CHL Hockey Checklist,2024-25-chl-hockey-checklist
,,http://upperdeck.com/checklist/2024-25-chl-hockey-checklist/,2025-12-24T04:16:46.235Z,Auto Parallel - Stars and Star Rookies,334,Harrison Brunicke,Kamloops,Blazers,true,,"1:48 h, 1:48 e, 1:48 b",20,,,,,,,2024-25 CHL Hockey Checklist,2024-25-chl-hockey-checklist
,,http://upperdeck.com/checklist/2024-25-chl-hockey-checklist/,2025-12-24T04:16:46.235Z,Auto Parallel - Stars and Star Rookies,335,Joseph Henneberry,Cape Breton,Eagles,true,,"1:48 h, 1:48 e, 1:48 b",20,,,,,,,2024-25 CHL Hockey Checklist,2024-25-chl-hockey-checklist
,,http://upperdeck.com/checklist/2024-25-chl-hockey-checklist/,2025-12-24T04:16:46.235Z,Auto Parallel - Stars and Star Rookies,336,Colby Barlow,Oshawa,Generals,true,,"1:48 h, 1:48 e, 1:48 b",20,,,,,,,2024-25 CHL Hockey Checklist,2024-25-chl-hockey-checklist
,,http://upperdeck.com/checklist/2024-25-chl-hockey-checklist/,2025-12-24T04:16:46.235Z,Auto Parallel - Stars and Star Rookies,337,Terik Parascak,Prince George,Cougars,true,,"1:48 h, 1:48 e, 1:48 b",20,,,,,,,2024-25 CHL Hockey Checklist,2024-25-chl-hockey-checklist
,,http://upperdeck.com/checklist/2024-25-chl-hockey-checklist/,2025-12-24T04:16:46.235Z,Auto Parallel - Stars and Star Rookies,338,Quentin Musty,Sudbury,Wolves,true,,"1:48 h, 1:48 e, 1:48 b",20,,,,,,,2024-25 CHL Hockey Checklist,2024-25-chl-hockey-checklist
,,http://upperdeck.com/checklist/2024-25-chl-hockey-checklist/,2025-12-24T04:16:46.235Z,Auto Parallel - Stars and Star Rookies,339,Gavin McKenna,Medicine Hat,Tigers,true,,"1:48 h, 1:48 e, 1:48 b",20,,,,,,,2024-25 CHL Hockey Checklist,2024-25-chl-hockey-checklist
,,http://upperdeck.com/checklist/2024-25-chl-hockey-checklist/,2025-12-24T04:16:46.235Z,Auto Parallel - Stars and Star Rookies,340,Carson Rehkopf,Brampton,Steelheads,true,,"1:48 h, 1:48 e, 1:48 b",20,,,,,,,2024-25 CHL Hockey Checklist,2024-25-chl-hockey-checklist
,,http://upperdeck.com/checklist/2024-25-chl-hockey-checklist/,2025-12-24T04:16:46.235Z,Auto Parallel - Stars and Star Rookies,341,Jonathan Fauchon,Rimouski,Oceanic,true,,"1:48 h, 1:48 e, 1:48 b",20,,,,,,,2024-25 CHL Hockey Checklist,2024-25-chl-hockey-checklist
,,http://upperdeck.com/checklist/2024-25-chl-hockey-checklist/,2025-12-24T04:16:46.235Z,Auto Parallel - Stars and Star Rookies,342,Jake O'Brien,Brantford,Bulldogs,true,,"1:48 h, 1:48 e, 1:48 b",20,,,,,,,2024-25 CHL Hockey Checklist,2024-25-chl-hockey-checklist
,,http://upperdeck.com/checklist/2024-25-chl-hockey-checklist/,2025-12-24T04:16:46.235Z,Auto Parallel - Stars and Star Rookies,343,Ethan Gauthier,Drummondville,Voltigeurs,true,,"1:48 h, 1:48 e, 1:48 b",20,,,,,,,2024-25 CHL Hockey Checklist,2024-25-chl-hockey-checklist
,,http://upperdeck.com/checklist/2024-25-chl-hockey-checklist/,2025-12-24T04:16:46.235Z,Auto Parallel - Stars and Star Rookies,344,Kashawn Aitcheson,Barrie,Colts,true,,"1:48 h, 1:48 e, 1:48 b",20,,,,,,,2024-25 CHL Hockey Checklist,2024-25-chl-hockey-checklist
,,http://upperdeck.com/checklist/2024-25-chl-hockey-checklist/,2025-12-24T04:16:46.235Z,Auto Parallel - Stars and Star Rookies,345,Alexandre Blais,Rimouski,Oceanic,true,,"1:48 h, 1:48 e, 1:48 b",20,,,,,,,2024-25 CHL Hockey Checklist,2024-25-chl-hockey-checklist
,,http://upperdeck.com/checklist/2024-25-chl-hockey-checklist/,2025-12-24T04:16:46.235Z,Auto Parallel - Stars and Star Rookies,346,Henry Mews,Sudbury,Wolves,true,,"1:48 h, 1:48 e, 1:48 b",20,,,,,,,2024-25 CHL Hockey Checklist,2024-25-chl-hockey-checklist
,,http://upperdeck.com/checklist/2024-25-chl-hockey-checklist/,2025-12-24T04:16:46.235Z,Auto Parallel - Stars and Star Rookies,347,Oasiz Wiesblatt,Medicine Hat,Tigers,true,,"1:48 h, 1:48 e, 1:48 b",20,,,,,,,2024-25 CHL Hockey Checklist,2024-25-chl-hockey-checklist
,,http://upperdeck.com/checklist/2024-25-chl-hockey-checklist/,2025-12-24T04:16:46.235Z,Auto Parallel - Stars and Star Rookies,348,Zayne Parekh,Saginaw,Spirit,true,,"1:48 h, 1:48 e, 1:48 b",20,,,,,,,2024-25 CHL Hockey Checklist,2024-25-chl-hockey-checklist
,,http://upperdeck.com/checklist/2024-25-chl-hockey-checklist/,2025-12-24T04:16:46.235Z,Auto Parallel - Stars and Star Rookies,349,Jeremie Minville,Gatineau,Olympiques,true,,"1:48 h, 1:48 e, 1:48 b",20,,,,,,,2024-25 CHL Hockey Checklist,2024-25-chl-hockey-checklist
,,http://upperdeck.com/checklist/2024-25-chl-hockey-checklist/,2025-12-24T04:16:46.235Z,Auto Parallel - Stars and Star Rookies,350,Porter Martone,Brampton,Steelheads,true,,"1:48 h, 1:48 e, 1:48 b",20,,,,,,,2024-25 CHL Hockey Checklist,2024-25-chl-hockey-checklist
,,http://upperdeck.com/checklist/2024-25-chl-hockey-checklist/,2025-12-24T04:16:46.235Z,Auto Parallel - Stars and Star Rookies,351,Dylan Rozzi,Saint John,Sea Dogs,true,,"1:48 h, 1:48 e, 1:48 b",20,,,,,,,2024-25 CHL Hockey Checklist,2024-25-chl-hockey-checklist
,,http://upperdeck.com/checklist/2024-25-chl-hockey-checklist/,2025-12-24T04:16:46.235Z,Auto Parallel - Stars and Star Rookies,352,Beckett Hamilton,Red Deer,Rebels,true,,"1:48 h, 1:48 e, 1:48 b",20,,,,,,,2024-25 CHL Hockey Checklist,2024-25-chl-hockey-checklist
,,http://upperdeck.com/checklist/2024-25-chl-hockey-checklist/,2025-12-24T04:16:46.235Z,Auto Parallel - Stars and Star Rookies,353,Max Bleicher,Owen Sound,Attack,true,,"1:48 h, 1:48 e, 1:48 b",20,,,,,,,2024-25 CHL Hockey Checklist,2024-25-chl-hockey-checklist
,,http://upperdeck.com/checklist/2024-25-chl-hockey-checklist/,2025-12-24T04:16:46.235Z,Auto Parallel - Stars and Star Rookies,354,Biagio Jr. Daniele,Acadie-Bathurst,Titan,true,,"1:48 h, 1:48 e, 1:48 b",20,,,,,,,2024-25 CHL Hockey Checklist,2024-25-chl-hockey-checklist
,,http://upperdeck.com/checklist/2024-25-chl-hockey-checklist/,2025-12-24T04:16:46.235Z,Auto Parallel - Stars and Star Rookies,355,Carter Esler,Spokane,Chiefs,true,,"1:48 h, 1:48 e, 1:48 b",20,,,,,,,2024-25 CHL Hockey Checklist,2024-25-chl-hockey-checklist
,,http://upperdeck.com/checklist/2024-25-chl-hockey-checklist/,2025-12-24T04:16:46.235Z,Auto Parallel - Stars and Star Rookies,356,Filip Ekberg,Ottawa,67's,true,,"1:48 h, 1:48 e, 1:48 b",20,,,,,,,2024-25 CHL Hockey Checklist,2024-25-chl-hockey-checklist
,,http://upperdeck.com/checklist/2024-25-chl-hockey-checklist/,2025-12-24T04:16:46.235Z,Auto Parallel - Stars and Star Rookies,357,Matvei Gridin,Shawinigan,Cataracts,true,,"1:48 h, 1:48 e, 1:48 b",20,,,,,,,2024-25 CHL Hockey Checklist,2024-25-chl-hockey-checklist
,,http://upperdeck.com/checklist/2024-25-chl-hockey-checklist/,2025-12-24T04:16:46.235Z,Auto Parallel - Stars and Star Rookies,358,Niilopekka Muhonen,Medicine Hat,Tigers,true,,"1:48 h, 1:48 e, 1:48 b",20,,,,,,,2024-25 CHL Hockey Checklist,2024-25-chl-hockey-checklist
,,http://upperdeck.com/checklist/2024-25-chl-hockey-checklist/,2025-12-24T04:16:46.235Z,Auto Parallel - Stars and Star Rookies,359,Braidy Wassilyn,Niagara,IceDogs,true,,"1:48 h, 1:48 e, 1:48 b",20,,,,,,,2024-25 CHL Hockey Checklist,2024-25-chl-hockey-checklist
,,http://upperdeck.com/checklist/2024-25-chl-hockey-checklist/,2025-12-24T04:16:46.235Z,Auto Parallel - Stars and Star Rookies,360,Elliot Dube,Saint John,Sea Dogs,true,,"1:48 h, 1:48 e, 1:48 b",20,,,,,,,2024-25 CHL Hockey Checklist,2024-25-chl-hockey-checklist
,,http://upperdeck.com/checklist/2024-25-chl-hockey-checklist/,2025-12-24T04:16:46.235Z,Auto Parallel - Stars and Star Rookies,361,Landon DuPont,Everett,Silvertips,true,,"1:48 h, 1:48 e, 1:48 b",20,,,,,,,2024-25 CHL Hockey Checklist,2024-25-chl-hockey-checklist
,,http://upperdeck.com/checklist/2024-25-chl-hockey-checklist/,2025-12-24T04:16:46.235Z,Auto Parallel - Stars and Star Rookies,362,Carson Harmer,Saginaw,Spirit,true,,"1:48 h, 1:48 e, 1:48 b",20,,,,,,,2024-25 CHL Hockey Checklist,2024-25-chl-hockey-checklist
,,http://upperdeck.com/checklist/2024-25-chl-hockey-checklist/,2025-12-24T04:16:46.235Z,Auto Parallel - Stars and Star Rookies,363,Lars Steiner,Rouyn-Noranda,Huskies,true,,"1:48 h, 1:48 e, 1:48 b",20,,,,,,,2024-25 CHL Hockey Checklist,2024-25-chl-hockey-checklist
,,http://upperdeck.com/checklist/2024-25-chl-hockey-checklist/,2025-12-24T04:16:46.235Z,Auto Parallel - Stars and Star Rookies,364,Ondrej Stebetak,Portland,Winterhawks,true,,"1:48 h, 1:48 e, 1:48 b",20,,,,,,,2024-25 CHL Hockey Checklist,2024-25-chl-hockey-checklist
,,http://upperdeck.com/checklist/2024-25-chl-hockey-checklist/,2025-12-24T04:16:46.235Z,Auto Parallel - Stars and Star Rookies,365,Andreas Straka,Quebec,Remparts,true,,"1:48 h, 1:48 e, 1:48 b",20,,,,,,,2024-25 CHL Hockey Checklist,2024-25-chl-hockey-checklist
,,http://upperdeck.com/checklist/2024-25-chl-hockey-checklist/,2025-12-24T04:16:46.235Z,Auto Parallel - Stars and Star Rookies,366,Miroslav Holinka,Edmonton,Oil Kings,true,,"1:48 h, 1:48 e, 1:48 b",20,,,,,,,2024-25 CHL Hockey Checklist,2024-25-chl-hockey-checklist
,,http://upperdeck.com/checklist/2024-25-chl-hockey-checklist/,2025-12-24T04:16:46.235Z,Auto Parallel - Stars and Star Rookies,367,Colin Fitzgerald,Peterborough,Petes,true,,"1:48 h, 1:48 e, 1:48 b",20,,,,,,,2024-25 CHL Hockey Checklist,2024-25-chl-hockey-checklist
,,http://upperdeck.com/checklist/2024-25-chl-hockey-checklist/,2025-12-24T04:16:46.235Z,Auto Parallel - Stars and Star Rookies,368,Maxim Dube,Gatineau,Olympiques,true,,"1:48 h, 1:48 e, 1:48 b",20,,,,,,,2024-25 CHL Hockey Checklist,2024-25-chl-hockey-checklist
,,http://upperdeck.com/checklist/2024-25-chl-hockey-checklist/,2025-12-24T04:16:46.235Z,Auto Parallel - Stars and Star Rookies,369,Matej Pekar,Seattle,Thunderbirds,true,,"1:48 h, 1:48 e, 1:48 b",20,,,,,,,2024-25 CHL Hockey Checklist,2024-25-chl-hockey-checklist
,,http://upperdeck.com/checklist/2024-25-chl-hockey-checklist/,2025-12-24T04:16:46.235Z,Auto Parallel - Stars and Star Rookies,370,William Yared,Saint John,Sea Dogs,true,,"1:48 h, 1:48 e, 1:48 b",20,,,,,,,2024-25 CHL Hockey Checklist,2024-25-chl-hockey-checklist
,,http://upperdeck.com/checklist/2024-25-chl-hockey-checklist/,2025-12-24T04:16:46.235Z,Auto Parallel - Stars and Star Rookies,371,Brek Liske,Everett,Silvertips,true,,"1:48 h, 1:48 e, 1:48 b",20,,,,,,,2024-25 CHL Hockey Checklist,2024-25-chl-hockey-checklist
,,http://upperdeck.com/checklist/2024-25-chl-hockey-checklist/,2025-12-24T04:16:46.235Z,Auto Parallel - Stars and Star Rookies,372,Alessandro Di Iorio,Sarnia,Sting,true,,"1:48 h, 1:48 e, 1:48 b",20,,,,,,,2024-25 CHL Hockey Checklist,2024-25-chl-hockey-checklist
,,http://upperdeck.com/checklist/2024-25-chl-hockey-checklist/,2025-12-24T04:16:46.235Z,Auto Parallel - Stars and Star Rookies,373,Carlos Handel,Halifax,Mooseheads,true,,"1:48 h, 1:48 e, 1:48 b",20,,,,,,,2024-25 CHL Hockey Checklist,2024-25-chl-hockey-checklist
,,http://upperdeck.com/checklist/2024-25-chl-hockey-checklist/,2025-12-24T04:16:46.235Z,Auto Parallel - Stars and Star Rookies,374,Cole Zurawski,Owen Sound,Attack,true,,"1:48 h, 1:48 e, 1:48 b",20,,,,,,,2024-25 CHL Hockey Checklist,2024-25-chl-hockey-checklist
,,http://upperdeck.com/checklist/2024-25-chl-hockey-checklist/,2025-12-24T04:16:46.235Z,Auto Parallel - Stars and Star Rookies,375,Mikko Leppa,Victoriaville,Tigres,true,,"1:48 h, 1:48 e, 1:48 b",20,,,,,,,2024-25 CHL Hockey Checklist,2024-25-chl-hockey-checklist
,,http://upperdeck.com/checklist/2024-25-chl-hockey-checklist/,2025-12-24T04:16:46.235Z,Auto Parallel - Stars and Star Rookies,376,Mathis Preston,Spokane,Chiefs,true,,"1:48 h, 1:48 e, 1:48 b",20,,,,,,,2024-25 CHL Hockey Checklist,2024-25-chl-hockey-checklist
,,http://upperdeck.com/checklist/2024-25-chl-hockey-checklist/,2025-12-24T04:16:46.235Z,Auto Parallel - Stars and Star Rookies,377,Kent Greer,North Bay,Battalion,true,,"1:48 h, 1:48 e, 1:48 b",20,,,,,,,2024-25 CHL Hockey Checklist,2024-25-chl-hockey-checklist
,,http://upperdeck.com/checklist/2024-25-chl-hockey-checklist/,2025-12-24T04:16:46.235Z,Auto Parallel - Stars and Star Rookies,378,Daniel Walters,Halifax,Mooseheads,true,,"1:48 h, 1:48 e, 1:48 b",20,,,,,,,2024-25 CHL Hockey Checklist,2024-25-chl-hockey-checklist
,,http://upperdeck.com/checklist/2024-25-chl-hockey-checklist/,2025-12-24T04:16:46.235Z,Auto Parallel - Stars and Star Rookies,379,Nathan Behm,Kamloops,Blazers,true,,"1:48 h, 1:48 e, 1:48 b",20,,,,,,,2024-25 CHL Hockey Checklist,2024-25-chl-hockey-checklist
,,http://upperdeck.com/checklist/2024-25-chl-hockey-checklist/,2025-12-24T04:16:46.235Z,Auto Parallel - Stars and Star Rookies,380,Trent Gates,Owen Sound,Attack,true,,"1:48 h, 1:48 e, 1:48 b",20,,,,,,,2024-25 CHL Hockey Checklist,2024-25-chl-hockey-checklist
,,http://upperdeck.com/checklist/2024-25-chl-hockey-checklist/,2025-12-24T04:16:46.235Z,Auto Parallel - Stars and Star Rookies,381,Chad Lygitsakos,Shawinigan,Cataractes,true,,"1:48 h, 1:48 e, 1:48 b",20,,,,,,,2024-25 CHL Hockey Checklist,2024-25-chl-hockey-checklist
,,http://upperdeck.com/checklist/2024-25-chl-hockey-checklist/,2025-12-24T04:16:46.235Z,Auto Parallel - Stars and Star Rookies,382,Isaac Poll,Saskatoon,Blades,true,,"1:48 h, 1:48 e, 1:48 b",20,,,,,,,2024-25 CHL Hockey Checklist,2024-25-chl-hockey-checklist
,,http://upperdeck.com/checklist/2024-25-chl-hockey-checklist/,2025-12-24T04:16:46.235Z,Auto Parallel - Stars and Star Rookies,383,Pierce Mbuyi,Owen Sound,Attack,true,,"1:48 h, 1:48 e, 1:48 b",20,,,,,,,2024-25 CHL Hockey Checklist,2024-25-chl-hockey-checklist
,,http://upperdeck.com/checklist/2024-25-chl-hockey-checklist/,2025-12-24T04:16:46.235Z,Auto Parallel - Stars and Star Rookies,384,Maddox Dagenais,Quebec,Remparts,true,,"1:48 h, 1:48 e, 1:48 b",20,,,,,,,2024-25 CHL Hockey Checklist,2024-25-chl-hockey-checklist
,,http://upperdeck.com/checklist/2024-25-chl-hockey-checklist/,2025-12-24T04:16:46.235Z,Auto Parallel - Stars and Star Rookies,385,Veeti Vaisanen,Medicine Hat,Tigers,true,,"1:48 h, 1:48 e, 1:48 b",20,,,,,,,2024-25 CHL Hockey Checklist,2024-25-chl-hockey-checklist
,,http://upperdeck.com/checklist/2024-25-chl-hockey-checklist/,2025-12-24T04:16:46.235Z,Auto Parallel - Stars and Star Rookies,386,Benjamin Olivier,Val-d'Or,Foreurs,true,,"1:48 h, 1:48 e, 1:48 b",20,,,,,,,2024-25 CHL Hockey Checklist,2024-25-chl-hockey-checklist
,,http://upperdeck.com/checklist/2024-25-chl-hockey-checklist/,2025-12-24T04:16:46.235Z,Auto Parallel - Stars and Star Rookies,387,Rylan Ng,Calgary,Hitmen,true,,"1:48 h, 1:48 e, 1:48 b",20,,,,,,,2024-25 CHL Hockey Checklist,2024-25-chl-hockey-checklist
,,http://upperdeck.com/checklist/2024-25-chl-hockey-checklist/,2025-12-24T04:16:46.235Z,Auto Parallel - Stars and Star Rookies,388,Jacob Gouchie,Val-d'Or,Foreurs,true,,"1:48 h, 1:48 e, 1:48 b",20,,,,,,,2024-25 CHL Hockey Checklist,2024-25-chl-hockey-checklist
,,http://upperdeck.com/checklist/2024-25-chl-hockey-checklist/,2025-12-24T04:16:46.235Z,Auto Parallel - Stars and Star Rookies,389,Markus Loponen,Victoria,Royals,true,,"1:48 h, 1:48 e, 1:48 b",20,,,,,,,2024-25 CHL Hockey Checklist,2024-25-chl-hockey-checklist
,,http://upperdeck.com/checklist/2024-25-chl-hockey-checklist/,2025-12-24T04:16:46.235Z,Auto Parallel - Stars and Star Rookies,390,Florian Schenk,Saint John,Sea Dogs,true,,"1:48 h, 1:48 e, 1:48 b",20,,,,,,,2024-25 CHL Hockey Checklist,2024-25-chl-hockey-checklist
,,http://upperdeck.com/checklist/2024-25-chl-hockey-checklist/,2025-12-24T04:16:46.236Z,Auto Parallel - Stars and Star Rookies,391,Parker Vaughan,North Bay,Battalion,true,,"1:48 h, 1:48 e, 1:48 b",20,,,,,,,2024-25 CHL Hockey Checklist,2024-25-chl-hockey-checklist
,,http://upperdeck.com/checklist/2024-25-chl-hockey-checklist/,2025-12-24T04:16:46.236Z,Auto Parallel - Stars and Star Rookies,392,Liam Arsenault,Acadie-Bathurst,Titan,true,,"1:48 h, 1:48 e, 1:48 b",20,,,,,,,2024-25 CHL Hockey Checklist,2024-25-chl-hockey-checklist
,,http://upperdeck.com/checklist/2024-25-chl-hockey-checklist/,2025-12-24T04:16:46.236Z,Auto Parallel - Stars and Star Rookies,393,Joe Iginla,Edmonton,Oil Kings,true,,"1:48 h, 1:48 e, 1:48 b",20,,,,,,,2024-25 CHL Hockey Checklist,2024-25-chl-hockey-checklist
,,http://upperdeck.com/checklist/2024-25-chl-hockey-checklist/,2025-12-24T04:16:46.236Z,Auto Parallel - Stars and Star Rookies,394,Simon-Xavier Cyr,Gatineau,Olympiques,true,,"1:48 h, 1:48 e, 1:48 b",20,,,,,,,2024-25 CHL Hockey Checklist,2024-25-chl-hockey-checklist
,,http://upperdeck.com/checklist/2024-25-chl-hockey-checklist/,2025-12-24T04:16:46.236Z,Auto Parallel - Stars and Star Rookies,395,Axel Hurtig,Calgary,Hitmen,true,,"1:48 h, 1:48 e, 1:48 b",20,,,,,,,2024-25 CHL Hockey Checklist,2024-25-chl-hockey-checklist
,,http://upperdeck.com/checklist/2024-25-chl-hockey-checklist/,2025-12-24T04:16:46.236Z,Auto Parallel - Stars and Star Rookies,396,Bo Damphousse,Blainville-Boisbriand,Armada,true,,"1:48 h, 1:48 e, 1:48 b",20,,,,,,,2024-25 CHL Hockey Checklist,2024-25-chl-hockey-checklist
,,http://upperdeck.com/checklist/2024-25-chl-hockey-checklist/,2025-12-24T04:16:46.236Z,Auto Parallel - Stars and Star Rookies,397,Brody Gillespie,Spokane,Chiefs,true,,"1:48 h, 1:48 e, 1:48 b",20,,,,,,,2024-25 CHL Hockey Checklist,2024-25-chl-hockey-checklist
,,http://upperdeck.com/checklist/2024-25-chl-hockey-checklist/,2025-12-24T04:16:46.236Z,Auto Parallel - Stars and Star Rookies,398,Ryder Carey,North Bay,Battalion,true,,"1:48 h, 1:48 e, 1:48 b",20,,,,,,,2024-25 CHL Hockey Checklist,2024-25-chl-hockey-checklist
,,http://upperdeck.com/checklist/2024-25-chl-hockey-checklist/,2025-12-24T04:16:46.236Z,Auto Parallel - Stars and Star Rookies,399,Aaron Sawatzky,Moose Jaw,Warriors,true,,"1:48 h, 1:48 e, 1:48 b",20,,,,,,,2024-25 CHL Hockey Checklist,2024-25-chl-hockey-checklist
,,http://upperdeck.com/checklist/2024-25-chl-hockey-checklist/,2025-12-24T04:16:46.236Z,Auto Parallel - Stars and Star Rookies,400,Brennan O'Donnell,Chicoutimi,Sagueneens,true,,"1:48 h, 1:48 e, 1:48 b",20,,,,,,,2024-25 CHL Hockey Checklist,2024-25-chl-hockey-checklist
,,http://upperdeck.com/checklist/2024-25-chl-hockey-checklist/,2025-12-24T04:16:46.236Z,Printing Plates Auto Parallel,2,Tyler MacKenzie,Everett,Silvertips,true,4,Random Inserts in Hobby & e-Pack,12,,,,,,,2024-25 CHL Hockey Checklist,2024-25-chl-hockey-checklist
,,http://upperdeck.com/checklist/2024-25-chl-hockey-checklist/,2025-12-24T04:16:46.236Z,Printing Plates Auto Parallel,4,Kevin He,Niagara,IceDogs,true,4,Random Inserts in Hobby & e-Pack,12,,,,,,,2024-25 CHL Hockey Checklist,2024-25-chl-hockey-checklist
,,http://upperdeck.com/checklist/2024-25-chl-hockey-checklist/,2025-12-24T04:16:46.236Z,Printing Plates Auto Parallel,5,Clarke Caswell,Swift Current,Broncos,true,4,Random Inserts in Hobby & e-Pack,12,,,,,,,2024-25 CHL Hockey Checklist,2024-25-chl-hockey-checklist
,,http://upperdeck.com/checklist/2024-25-chl-hockey-checklist/,2025-12-24T04:16:46.236Z,Printing Plates Auto Parallel,6,Felix Lacerte,Shawinigan,Cataractes,true,4,Random Inserts in Hobby & e-Pack,12,,,,,,,2024-25 CHL Hockey Checklist,2024-25-chl-hockey-checklist
,,http://upperdeck.com/checklist/2024-25-chl-hockey-checklist/,2025-12-24T04:16:46.236Z,Printing Plates Auto Parallel,7,Ethan Belchetz,Windsor,Spitfires,true,4,Random Inserts in Hobby & e-Pack,12,,,,,,,2024-25 CHL Hockey Checklist,2024-25-chl-hockey-checklist
,,http://upperdeck.com/checklist/2024-25-chl-hockey-checklist/,2025-12-24T04:16:46.236Z,Printing Plates Auto Parallel,9,Emmanuel Vermette,Chicoutimi,Sagueneens,true,4,Random Inserts in Hobby & e-Pack,12,,,,,,,2024-25 CHL Hockey Checklist,2024-25-chl-hockey-checklist
,,http://upperdeck.com/checklist/2024-25-chl-hockey-checklist/,2025-12-24T04:16:46.236Z,Printing Plates Auto Parallel,11,Carson Wetsch,Calgary,Flames,true,4,Random Inserts in Hobby & e-Pack,12,,,,,,,2024-25 CHL Hockey Checklist,2024-25-chl-hockey-checklist
,,http://upperdeck.com/checklist/2024-25-chl-hockey-checklist/,2025-12-24T04:16:46.236Z,Printing Plates Auto Parallel,17,Brady Birnie,Swift Current,Broncos,true,4,Random Inserts in Hobby & e-Pack,12,,,,,,,2024-25 CHL Hockey Checklist,2024-25-chl-hockey-checklist
,,http://upperdeck.com/checklist/2024-25-chl-hockey-checklist/,2025-12-24T04:16:46.236Z,Printing Plates Auto Parallel,18,Vince Elie,Shawinigan,Cataractes,true,4,Random Inserts in Hobby & e-Pack,12,,,,,,,2024-25 CHL Hockey Checklist,2024-25-chl-hockey-checklist
,,http://upperdeck.com/checklist/2024-25-chl-hockey-checklist/,2025-12-24T04:16:46.236Z,Printing Plates Auto Parallel,21,Yoan Loshing,Shawinigan,Cataractes,true,4,Random Inserts in Hobby & e-Pack,12,,,,,,,2024-25 CHL Hockey Checklist,2024-25-chl-hockey-checklist
,,http://upperdeck.com/checklist/2024-25-chl-hockey-checklist/,2025-12-24T04:16:46.236Z,Printing Plates Auto Parallel,23,Cole Reschny,Victoria,Royals,true,4,Random Inserts in Hobby & e-Pack,12,,,,,,,2024-25 CHL Hockey Checklist,2024-25-chl-hockey-checklist
,,http://upperdeck.com/checklist/2024-25-chl-hockey-checklist/,2025-12-24T04:16:46.236Z,Printing Plates Auto Parallel,28,Patrick Thomas,Brantford,Bulldogs,true,4,Random Inserts in Hobby & e-Pack,12,,,,,,,2024-25 CHL Hockey Checklist,2024-25-chl-hockey-checklist
,,http://upperdeck.com/checklist/2024-25-chl-hockey-checklist/,2025-12-24T04:16:46.236Z,Printing Plates Auto Parallel,29,Gavin Hodnett,Edmonton,Oil Kings,true,4,Random Inserts in Hobby & e-Pack,12,,,,,,,2024-25 CHL Hockey Checklist,2024-25-chl-hockey-checklist
,,http://upperdeck.com/checklist/2024-25-chl-hockey-checklist/,2025-12-24T04:16:46.236Z,Printing Plates Auto Parallel,30,Nate Tivey,Saint John,Sea Dogs,true,4,Random Inserts in Hobby & e-Pack,12,,,,,,,2024-25 CHL Hockey Checklist,2024-25-chl-hockey-checklist
,,http://upperdeck.com/checklist/2024-25-chl-hockey-checklist/,2025-12-24T04:16:46.236Z,Printing Plates Auto Parallel,32,Miguel Marques,Lethbridge,Hurricanes,true,4,Random Inserts in Hobby & e-Pack,12,,,,,,,2024-25 CHL Hockey Checklist,2024-25-chl-hockey-checklist
,,http://upperdeck.com/checklist/2024-25-chl-hockey-checklist/,2025-12-24T04:16:46.236Z,Printing Plates Auto Parallel,36,Mathis Rousseau,Moncton,Wildcats,true,4,Random Inserts in Hobby & e-Pack,12,,,,,,,2024-25 CHL Hockey Checklist,2024-25-chl-hockey-checklist
,,http://upperdeck.com/checklist/2024-25-chl-hockey-checklist/,2025-12-24T04:16:46.236Z,Printing Plates Auto Parallel,37,Sam Alfano,Erie,Otters,true,4,Random Inserts in Hobby & e-Pack,12,,,,,,,2024-25 CHL Hockey Checklist,2024-25-chl-hockey-checklist
,,http://upperdeck.com/checklist/2024-25-chl-hockey-checklist/,2025-12-24T04:16:46.236Z,Printing Plates Auto Parallel,40,Cameron Reid,Kitchener,Rangers,true,4,Random Inserts in Hobby & e-Pack,12,,,,,,,2024-25 CHL Hockey Checklist,2024-25-chl-hockey-checklist
,,http://upperdeck.com/checklist/2024-25-chl-hockey-checklist/,2025-12-24T04:16:46.236Z,Printing Plates Auto Parallel,42,Luke Woodworth,Drummondville,Voltigeurs,true,4,Random Inserts in Hobby & e-Pack,12,,,,,,,2024-25 CHL Hockey Checklist,2024-25-chl-hockey-checklist
,,http://upperdeck.com/checklist/2024-25-chl-hockey-checklist/,2025-12-24T04:16:46.236Z,Printing Plates Auto Parallel,43,Ilya Protas,Windsor,Spitfires,true,4,Random Inserts in Hobby & e-Pack,12,,,,,,,2024-25 CHL Hockey Checklist,2024-25-chl-hockey-checklist
,,http://upperdeck.com/checklist/2024-25-chl-hockey-checklist/,2025-12-24T04:16:46.236Z,Printing Plates Auto Parallel,44,Tarin Smith,Everett,Silvertips,true,4,Random Inserts in Hobby & e-Pack,12,,,,,,,2024-25 CHL Hockey Checklist,2024-25-chl-hockey-checklist
,,http://upperdeck.com/checklist/2024-25-chl-hockey-checklist/,2025-12-24T04:16:46.236Z,Printing Plates Auto Parallel,45,Justin Carbonneau,Blainville-Boisbriand,Armada,true,4,Random Inserts in Hobby & e-Pack,12,,,,,,,2024-25 CHL Hockey Checklist,2024-25-chl-hockey-checklist
,,http://upperdeck.com/checklist/2024-25-chl-hockey-checklist/,2025-12-24T04:16:46.236Z,Printing Plates Auto Parallel,48,Julius Sumpf,Moncton,Wildcats,true,4,Random Inserts in Hobby & e-Pack,12,,,,,,,2024-25 CHL Hockey Checklist,2024-25-chl-hockey-checklist
,,http://upperdeck.com/checklist/2024-25-chl-hockey-checklist/,2025-12-24T04:16:46.236Z,Printing Plates Auto Parallel,49,Ryan Roobroeck,Niagara,IceDogs,true,4,Random Inserts in Hobby & e-Pack,12,,,,,,,2024-25 CHL Hockey Checklist,2024-25-chl-hockey-checklist
,,http://upperdeck.com/checklist/2024-25-chl-hockey-checklist/,2025-12-24T04:16:46.236Z,Printing Plates Auto Parallel,52,Nick Lardis,Brantford,Bulldogs,true,4,Random Inserts in Hobby & e-Pack,12,,,,,,,2024-25 CHL Hockey Checklist,2024-25-chl-hockey-checklist
,,http://upperdeck.com/checklist/2024-25-chl-hockey-checklist/,2025-12-24T04:16:46.236Z,Printing Plates Auto Parallel,54,Colby Huggan,Acadie-Bathurst,Titan,true,4,Random Inserts in Hobby & e-Pack,12,,,,,,,2024-25 CHL Hockey Checklist,2024-25-chl-hockey-checklist
,,http://upperdeck.com/checklist/2024-25-chl-hockey-checklist/,2025-12-24T04:16:46.236Z,Printing Plates Auto Parallel,57,Bill Zonnon,Rouyn-Noranda,Huskies,true,4,Random Inserts in Hobby & e-Pack,12,,,,,,,2024-25 CHL Hockey Checklist,2024-25-chl-hockey-checklist
,,http://upperdeck.com/checklist/2024-25-chl-hockey-checklist/,2025-12-24T04:16:46.236Z,Printing Plates Auto Parallel,60,Luca Marrelli,Oshawa,Generals,true,4,Random Inserts in Hobby & e-Pack,12,,,,,,,2024-25 CHL Hockey Checklist,2024-25-chl-hockey-checklist
,,http://upperdeck.com/checklist/2024-25-chl-hockey-checklist/,2025-12-24T04:16:46.236Z,Printing Plates Auto Parallel,61,Tanner Molendyk,Medicine Hat,Tigers,true,4,Random Inserts in Hobby & e-Pack,12,,,,,,,2024-25 CHL Hockey Checklist,2024-25-chl-hockey-checklist
,,http://upperdeck.com/checklist/2024-25-chl-hockey-checklist/,2025-12-24T04:16:46.236Z,Printing Plates Auto Parallel,63,Owen Van Steensel,North Bay,Battalion,true,4,Random Inserts in Hobby & e-Pack,12,,,,,,,2024-25 CHL Hockey Checklist,2024-25-chl-hockey-checklist
,,http://upperdeck.com/checklist/2024-25-chl-hockey-checklist/,2025-12-24T04:16:46.236Z,Printing Plates Auto Parallel,67,Adrian Misaljevic,Kitchener,Rangers,true,4,Random Inserts in Hobby & e-Pack,12,,,,,,,2024-25 CHL Hockey Checklist,2024-25-chl-hockey-checklist
,,http://upperdeck.com/checklist/2024-25-chl-hockey-checklist/,2025-12-24T04:16:46.236Z,Printing Plates Auto Parallel,70,Anthony Cristoforo,Windsor,Spitfires,true,4,Random Inserts in Hobby & e-Pack,12,,,,,,,2024-25 CHL Hockey Checklist,2024-25-chl-hockey-checklist
,,http://upperdeck.com/checklist/2024-25-chl-hockey-checklist/,2025-12-24T04:16:46.236Z,Printing Plates Auto Parallel,71,Kyle Chyzowski,Portland,Winterhawks,true,4,Random Inserts in Hobby & e-Pack,12,,,,,,,2024-25 CHL Hockey Checklist,2024-25-chl-hockey-checklist
,,http://upperdeck.com/checklist/2024-25-chl-hockey-checklist/,2025-12-24T04:16:46.236Z,Printing Plates Auto Parallel,76,Thomas Verdon,Rouyn-Noranda,Huskies,true,4,Random Inserts in Hobby & e-Pack,12,,,,,,,2024-25 CHL Hockey Checklist,2024-25-chl-hockey-checklist
,,http://upperdeck.com/checklist/2024-25-chl-hockey-checklist/,2025-12-24T04:16:46.236Z,Printing Plates Auto Parallel,77,Jack Ivankovic,Brampton,Steelheads,true,4,Random Inserts in Hobby & e-Pack,12,,,,,,,2024-25 CHL Hockey Checklist,2024-25-chl-hockey-checklist
,,http://upperdeck.com/checklist/2024-25-chl-hockey-checklist/,2025-12-24T04:16:46.236Z,Printing Plates Auto Parallel,78,Borya Valis,Prince George,Cougars,true,4,Random Inserts in Hobby & e-Pack,12,,,,,,,2024-25 CHL Hockey Checklist,2024-25-chl-hockey-checklist
,,http://upperdeck.com/checklist/2024-25-chl-hockey-checklist/,2025-12-24T04:16:46.236Z,Printing Plates Auto Parallel,79,Mael Lavigne,Rimouski,Oceanic,true,4,Random Inserts in Hobby & e-Pack,12,,,,,,,2024-25 CHL Hockey Checklist,2024-25-chl-hockey-checklist
,,http://upperdeck.com/checklist/2024-25-chl-hockey-checklist/,2025-12-24T04:16:46.236Z,Printing Plates Auto Parallel,81,Shea Van Olm,Spokane,Chiefs,true,4,Random Inserts in Hobby & e-Pack,12,,,,,,,2024-25 CHL Hockey Checklist,2024-25-chl-hockey-checklist
,,http://upperdeck.com/checklist/2024-25-chl-hockey-checklist/,2025-12-24T04:16:46.236Z,Printing Plates Auto Parallel,82,Matthew Schaefer,Erie,Otters,true,4,Random Inserts in Hobby & e-Pack,12,,,,,,,2024-25 CHL Hockey Checklist,2024-25-chl-hockey-checklist
,,http://upperdeck.com/checklist/2024-25-chl-hockey-checklist/,2025-12-24T04:16:46.236Z,Printing Plates Auto Parallel,85,Joshua Ravensbergen,Prince George,Cougars,true,4,Random Inserts in Hobby & e-Pack,12,,,,,,,2024-25 CHL Hockey Checklist,2024-25-chl-hockey-checklist
,,http://upperdeck.com/checklist/2024-25-chl-hockey-checklist/,2025-12-24T04:16:46.236Z,Printing Plates Auto Parallel,87,Riley Mercer,Drummondville,Voltigeurs,true,4,Random Inserts in Hobby & e-Pack,12,,,,,,,2024-25 CHL Hockey Checklist,2024-25-chl-hockey-checklist
,,http://upperdeck.com/checklist/2024-25-chl-hockey-checklist/,2025-12-24T04:16:46.236Z,Printing Plates Auto Parallel,89,Luke Mistelbacher,Swift Current,Broncos,true,4,Random Inserts in Hobby & e-Pack,12,,,,,,,2024-25 CHL Hockey Checklist,2024-25-chl-hockey-checklist
,,http://upperdeck.com/checklist/2024-25-chl-hockey-checklist/,2025-12-24T04:16:46.236Z,Printing Plates Auto Parallel,90,Ryan Abraham,Windsor,Spitfires,true,4,Random Inserts in Hobby & e-Pack,12,,,,,,,2024-25 CHL Hockey Checklist,2024-25-chl-hockey-checklist
,,http://upperdeck.com/checklist/2024-25-chl-hockey-checklist/,2025-12-24T04:16:46.236Z,Printing Plates Auto Parallel,92,Jack Nesbitt,Windsor,Spitfires,true,4,Random Inserts in Hobby & e-Pack,12,,,,,,,2024-25 CHL Hockey Checklist,2024-25-chl-hockey-checklist
,,http://upperdeck.com/checklist/2024-25-chl-hockey-checklist/,2025-12-24T04:16:46.236Z,Printing Plates Auto Parallel,94,Pano Fimis,Erie,Otters,true,4,Random Inserts in Hobby & e-Pack,12,,,,,,,2024-25 CHL Hockey Checklist,2024-25-chl-hockey-checklist
,,http://upperdeck.com/checklist/2024-25-chl-hockey-checklist/,2025-12-24T04:16:46.236Z,Printing Plates Auto Parallel - Stars,301,Michael Misa,Saginaw,Spirit,true,4,Random Inserts in Hobby & e-Pack,12,,,,,,,2024-25 CHL Hockey Checklist,2024-25-chl-hockey-checklist
,,http://upperdeck.com/checklist/2024-25-chl-hockey-checklist/,2025-12-24T04:16:46.236Z,Printing Plates Auto Parallel - Stars,302,Tij Iginla,Kelowna,Rockets,true,4,Random Inserts in Hobby & e-Pack,12,,,,,,,2024-25 CHL Hockey Checklist,2024-25-chl-hockey-checklist
,,http://upperdeck.com/checklist/2024-25-chl-hockey-checklist/,2025-12-24T04:16:46.236Z,Printing Plates Auto Parallel - Stars,303,Sam Dickinson,London,Knights,true,4,Random Inserts in Hobby & e-Pack,12,,,,,,,2024-25 CHL Hockey Checklist,2024-25-chl-hockey-checklist
,,http://upperdeck.com/checklist/2024-25-chl-hockey-checklist/,2025-12-24T04:16:46.236Z,Printing Plates Auto Parallel - Stars,304,Carter Yakemchuk,Calgary,Hitmen,true,4,Random Inserts in Hobby & e-Pack,12,,,,,,,2024-25 CHL Hockey Checklist,2024-25-chl-hockey-checklist
,,http://upperdeck.com/checklist/2024-25-chl-hockey-checklist/,2025-12-24T04:16:46.236Z,Printing Plates Auto Parallel - Stars,305,Justin Poirier,Baie-Comeau,Drakkar,true,4,Random Inserts in Hobby & e-Pack,12,,,,,,,2024-25 CHL Hockey Checklist,2024-25-chl-hockey-checklist
,,http://upperdeck.com/checklist/2024-25-chl-hockey-checklist/,2025-12-24T04:16:46.236Z,Printing Plates Auto Parallel - Stars,306,Easton Cowan,London,Knights,true,4,Random Inserts in Hobby & e-Pack,12,,,,,,,2024-25 CHL Hockey Checklist,2024-25-chl-hockey-checklist
,,http://upperdeck.com/checklist/2024-25-chl-hockey-checklist/,2025-12-24T04:16:46.236Z,Printing Plates Auto Parallel - Stars,307,Reid Dyck,Swift Current,Broncos,true,4,Random Inserts in Hobby & e-Pack,12,,,,,,,2024-25 CHL Hockey Checklist,2024-25-chl-hockey-checklist
,,http://upperdeck.com/checklist/2024-25-chl-hockey-checklist/,2025-12-24T04:16:46.236Z,Printing Plates Auto Parallel - Stars,308,Calum Ritchie,Oshawa,Generals,true,4,Random Inserts in Hobby & e-Pack,12,,,,,,,2024-25 CHL Hockey Checklist,2024-25-chl-hockey-checklist
,,http://upperdeck.com/checklist/2024-25-chl-hockey-checklist/,2025-12-24T04:16:46.236Z,Printing Plates Auto Parallel - Stars,309,Kenta Isogai,Victoria,Royals,true,4,Random Inserts in Hobby & e-Pack,12,,,,,,,2024-25 CHL Hockey Checklist,2024-25-chl-hockey-checklist
,,http://upperdeck.com/checklist/2024-25-chl-hockey-checklist/,2025-12-24T04:16:46.236Z,Printing Plates Auto Parallel - Stars,310,Antonin Verreault,Rouyn-Noranda,Huskies,true,4,Random Inserts in Hobby & e-Pack,12,,,,,,,2024-25 CHL Hockey Checklist,2024-25-chl-hockey-checklist
,,http://upperdeck.com/checklist/2024-25-chl-hockey-checklist/,2025-12-24T04:16:46.236Z,Printing Plates Auto Parallel - Stars,313,Beckett Sennecke,Oshawa,Generals,true,4,Random Inserts in Hobby & e-Pack,12,,,,,,,2024-25 CHL Hockey Checklist,2024-25-chl-hockey-checklist
,,http://upperdeck.com/checklist/2024-25-chl-hockey-checklist/,2025-12-24T04:16:46.236Z,Printing Plates Auto Parallel - Stars,314,Andrew Basha,Medicine Hat,Tigers,true,4,Random Inserts in Hobby & e-Pack,12,,,,,,,2024-25 CHL Hockey Checklist,2024-25-chl-hockey-checklist
,,http://upperdeck.com/checklist/2024-25-chl-hockey-checklist/,2025-12-24T04:16:46.236Z,Printing Plates Auto Parallel - Stars,316,Marek Vanacker,Brantford,Bulldogs,true,4,Random Inserts in Hobby & e-Pack,12,,,,,,,2024-25 CHL Hockey Checklist,2024-25-chl-hockey-checklist
,,http://upperdeck.com/checklist/2024-25-chl-hockey-checklist/,2025-12-24T04:16:46.237Z,Printing Plates Auto Parallel - Stars,318,Liam Greentree,Windsor,Spitfires,true,4,Random Inserts in Hobby & e-Pack,12,,,,,,,2024-25 CHL Hockey Checklist,2024-25-chl-hockey-checklist
,,http://upperdeck.com/checklist/2024-25-chl-hockey-checklist/,2025-12-24T04:16:46.237Z,Printing Plates Auto Parallel - Stars,319,Berkly Catton,Spokane,Chiefs,true,4,Random Inserts in Hobby & e-Pack,12,,,,,,,2024-25 CHL Hockey Checklist,2024-25-chl-hockey-checklist
,,http://upperdeck.com/checklist/2024-25-chl-hockey-checklist/,2025-12-24T04:16:46.237Z,Printing Plates Auto Parallel - Stars,320,Caleb Desnoyers,Moncton,Wildcats,true,4,Random Inserts in Hobby & e-Pack,12,,,,,,,2024-25 CHL Hockey Checklist,2024-25-chl-hockey-checklist
,,http://upperdeck.com/checklist/2024-25-chl-hockey-checklist/,2025-12-24T04:16:46.237Z,Printing Plates Auto Parallel - Stars,321,Jett Luchanko,Guelph,Storm,true,4,Random Inserts in Hobby & e-Pack,12,,,,,,,2024-25 CHL Hockey Checklist,2024-25-chl-hockey-checklist
,,http://upperdeck.com/checklist/2024-25-chl-hockey-checklist/,2025-12-24T04:16:46.237Z,Printing Plates Auto Parallel - Stars,322,Brayden Yager,Lethbridge,Hurricanes,true,4,Random Inserts in Hobby & e-Pack,12,,,,,,,2024-25 CHL Hockey Checklist,2024-25-chl-hockey-checklist
,,http://upperdeck.com/checklist/2024-25-chl-hockey-checklist/,2025-12-24T04:16:46.237Z,Printing Plates Auto Parallel - Stars,326,Luke Misa,Brampton,Steelheads,true,4,Random Inserts in Hobby & e-Pack,12,,,,,,,2024-25 CHL Hockey Checklist,2024-25-chl-hockey-checklist
,,http://upperdeck.com/checklist/2024-25-chl-hockey-checklist/,2025-12-24T04:16:46.237Z,Printing Plates Auto Parallel - Stars,328,Tuomas Uronen,Kingston,Frontenacs,true,4,Random Inserts in Hobby & e-Pack,12,,,,,,,2024-25 CHL Hockey Checklist,2024-25-chl-hockey-checklist
,,http://upperdeck.com/checklist/2024-25-chl-hockey-checklist/,2025-12-24T04:16:46.237Z,Printing Plates Auto Parallel - Stars,329,Cayden Lindstrom,Medicine Hat,Tigers,true,4,Random Inserts in Hobby & e-Pack,12,,,,,,,2024-25 CHL Hockey Checklist,2024-25-chl-hockey-checklist
,,http://upperdeck.com/checklist/2024-25-chl-hockey-checklist/,2025-12-24T04:16:46.237Z,Printing Plates Auto Parallel - Stars,331,Carter George,Owen Sound,Attack,true,4,Random Inserts in Hobby & e-Pack,12,,,,,,,2024-25 CHL Hockey Checklist,2024-25-chl-hockey-checklist
,,http://upperdeck.com/checklist/2024-25-chl-hockey-checklist/,2025-12-24T04:16:46.237Z,Printing Plates Auto Parallel - Stars,332,Andrew Cristall,Spokane,Chiefs,true,4,Random Inserts in Hobby & e-Pack,12,,,,,,,2024-25 CHL Hockey Checklist,2024-25-chl-hockey-checklist
,,http://upperdeck.com/checklist/2024-25-chl-hockey-checklist/,2025-12-24T04:16:46.237Z,Printing Plates Auto Parallel - Stars,333,Luca Pinelli,Ottawa,67's,true,4,Random Inserts in Hobby & e-Pack,12,,,,,,,2024-25 CHL Hockey Checklist,2024-25-chl-hockey-checklist
,,http://upperdeck.com/checklist/2024-25-chl-hockey-checklist/,2025-12-24T04:16:46.237Z,Printing Plates Auto Parallel - Stars,334,Harrison Brunicke,Kamloops,Blazers,true,4,Random Inserts in Hobby & e-Pack,12,,,,,,,2024-25 CHL Hockey Checklist,2024-25-chl-hockey-checklist
,,http://upperdeck.com/checklist/2024-25-chl-hockey-checklist/,2025-12-24T04:16:46.237Z,Printing Plates Auto Parallel - Stars,336,Colby Barlow,Oshawa,Generals,true,4,Random Inserts in Hobby & e-Pack,12,,,,,,,2024-25 CHL Hockey Checklist,2024-25-chl-hockey-checklist
,,http://upperdeck.com/checklist/2024-25-chl-hockey-checklist/,2025-12-24T04:16:46.237Z,Printing Plates Auto Parallel - Stars,337,Terik Parascak,Prince George,Cougars,true,4,Random Inserts in Hobby & e-Pack,12,,,,,,,2024-25 CHL Hockey Checklist,2024-25-chl-hockey-checklist
,,http://upperdeck.com/checklist/2024-25-chl-hockey-checklist/,2025-12-24T04:16:46.237Z,Printing Plates Auto Parallel - Stars,338,Quentin Musty,Sudbury,Wolves,true,4,Random Inserts in Hobby & e-Pack,12,,,,,,,2024-25 CHL Hockey Checklist,2024-25-chl-hockey-checklist
,,http://upperdeck.com/checklist/2024-25-chl-hockey-checklist/,2025-12-24T04:16:46.237Z,Printing Plates Auto Parallel - Stars,339,Gavin McKenna,Medicine Hat,Tigers,true,4,Random Inserts in Hobby & e-Pack,12,,,,,,,2024-25 CHL Hockey Checklist,2024-25-chl-hockey-checklist
,,http://upperdeck.com/checklist/2024-25-chl-hockey-checklist/,2025-12-24T04:16:46.237Z,Printing Plates Auto Parallel - Stars,340,Carson Rehkopf,Brampton,Battalion,true,4,Random Inserts in Hobby & e-Pack,12,,,,,,,2024-25 CHL Hockey Checklist,2024-25-chl-hockey-checklist
,,http://upperdeck.com/checklist/2024-25-chl-hockey-checklist/,2025-12-24T04:16:46.237Z,Printing Plates Auto Parallel - Stars,341,Jonathan Fauchon,Rimouski,Oceanic,true,4,Random Inserts in Hobby & e-Pack,12,,,,,,,2024-25 CHL Hockey Checklist,2024-25-chl-hockey-checklist
,,http://upperdeck.com/checklist/2024-25-chl-hockey-checklist/,2025-12-24T04:16:46.237Z,Printing Plates Auto Parallel - Stars,342,Jake O'Brien,Brantford,Bulldogs,true,4,Random Inserts in Hobby & e-Pack,12,,,,,,,2024-25 CHL Hockey Checklist,2024-25-chl-hockey-checklist
,,http://upperdeck.com/checklist/2024-25-chl-hockey-checklist/,2025-12-24T04:16:46.237Z,Printing Plates Auto Parallel - Stars,344,Kashawn Aitcheson,Barrie,Colts,true,4,Random Inserts in Hobby & e-Pack,12,,,,,,,2024-25 CHL Hockey Checklist,2024-25-chl-hockey-checklist
,,http://upperdeck.com/checklist/2024-25-chl-hockey-checklist/,2025-12-24T04:16:46.237Z,Printing Plates Auto Parallel - Stars,345,Alexandre Blais,Rimouski,Oceanic,true,4,Random Inserts in Hobby & e-Pack,12,,,,,,,2024-25 CHL Hockey Checklist,2024-25-chl-hockey-checklist
,,http://upperdeck.com/checklist/2024-25-chl-hockey-checklist/,2025-12-24T04:16:46.237Z,Printing Plates Auto Parallel - Stars,346,Henry Mews,Sudbury,Wolves,true,4,Random Inserts in Hobby & e-Pack,12,,,,,,,2024-25 CHL Hockey Checklist,2024-25-chl-hockey-checklist
,,http://upperdeck.com/checklist/2024-25-chl-hockey-checklist/,2025-12-24T04:16:46.237Z,Printing Plates Auto Parallel - Stars,347,Oasiz Wiesblatt,Medicine Hat,Tigers,true,4,Random Inserts in Hobby & e-Pack,12,,,,,,,2024-25 CHL Hockey Checklist,2024-25-chl-hockey-checklist
,,http://upperdeck.com/checklist/2024-25-chl-hockey-checklist/,2025-12-24T04:16:46.237Z,Printing Plates Auto Parallel - Stars,348,Zayne Parekh,Saginaw,Spirit,true,4,Random Inserts in Hobby & e-Pack,12,,,,,,,2024-25 CHL Hockey Checklist,2024-25-chl-hockey-checklist
,,http://upperdeck.com/checklist/2024-25-chl-hockey-checklist/,2025-12-24T04:16:46.237Z,Printing Plates Auto Parallel - Stars,349,Jeremie Minville,Gatineau,Olympiques,true,4,Random Inserts in Hobby & e-Pack,12,,,,,,,2024-25 CHL Hockey Checklist,2024-25-chl-hockey-checklist
,,http://upperdeck.com/checklist/2024-25-chl-hockey-checklist/,2025-12-24T04:16:46.237Z,Printing Plates Auto Parallel - Stars,350,Porter Martone,Brampton,Steelheads,true,4,Random Inserts in Hobby & e-Pack,12,,,,,,,2024-25 CHL Hockey Checklist,2024-25-chl-hockey-checklist
,,http://upperdeck.com/checklist/2024-25-chl-hockey-checklist/,2025-12-24T04:16:46.237Z,Printing Plates Auto Parallel - Star Rookies,361,Landon DuPont,Everett,Silvertips,true,4,Random Inserts in Hobby & e-Pack,12,,,,,,,2024-25 CHL Hockey Checklist,2024-25-chl-hockey-checklist
,,http://upperdeck.com/checklist/2024-25-chl-hockey-checklist/,2025-12-24T04:16:46.237Z,Printing Plates Auto Parallel - Star Rookies,367,Colin Fitzgerald,Peterborough,Petes,true,4,Random Inserts in Hobby & e-Pack,12,,,,,,,2024-25 CHL Hockey Checklist,2024-25-chl-hockey-checklist
,,http://upperdeck.com/checklist/2024-25-chl-hockey-checklist/,2025-12-24T04:16:46.237Z,Printing Plates Auto Parallel - Star Rookies,370,William Yared,Saint John,Sea Dogs,true,4,Random Inserts in Hobby & e-Pack,12,,,,,,,2024-25 CHL Hockey Checklist,2024-25-chl-hockey-checklist
,,http://upperdeck.com/checklist/2024-25-chl-hockey-checklist/,2025-12-24T04:16:46.237Z,Printing Plates Auto Parallel - Star Rookies,372,Alessandro Di Iorio,Sarnia,Sting,true,4,Random Inserts in Hobby & e-Pack,12,,,,,,,2024-25 CHL Hockey Checklist,2024-25-chl-hockey-checklist
,,http://upperdeck.com/checklist/2024-25-chl-hockey-checklist/,2025-12-24T04:16:46.237Z,Printing Plates Auto Parallel - Star Rookies,381,Chad Lygitsakos,Shawinigan,Cataractes,true,4,Random Inserts in Hobby & e-Pack,12,,,,,,,2024-25 CHL Hockey Checklist,2024-25-chl-hockey-checklist
,,http://upperdeck.com/checklist/2024-25-chl-hockey-checklist/,2025-12-24T04:16:46.237Z,Printing Plates Auto Parallel - Star Rookies,384,Maddox Dagenais,Quebec,Remparts,true,4,Random Inserts in Hobby & e-Pack,12,,,,,,,2024-25 CHL Hockey Checklist,2024-25-chl-hockey-checklist
,,http://upperdeck.com/checklist/2024-25-chl-hockey-checklist/,2025-12-24T04:16:46.237Z,CHL First Draft,FD-1,Dylan Rozzi,Saint John,Sea Dogs,,,"1:9 h, 1:9 e, 1:16",20,,,,,,,2024-25 CHL Hockey Checklist,2024-25-chl-hockey-checklist
,,http://upperdeck.com/checklist/2024-25-chl-hockey-checklist/,2025-12-24T04:16:46.237Z,CHL First Draft,FD-2,Ethan Belchetz,Windsor,Spitfires,,,"1:9 h, 1:9 e, 1:16",20,,,,,,,2024-25 CHL Hockey Checklist,2024-25-chl-hockey-checklist
,,http://upperdeck.com/checklist/2024-25-chl-hockey-checklist/,2025-12-24T04:16:46.237Z,CHL First Draft,FD-3,Maddox Dagenais,Quebec,Remparts,,,"1:9 h, 1:9 e, 1:16",20,,,,,,,2024-25 CHL Hockey Checklist,2024-25-chl-hockey-checklist
,,http://upperdeck.com/checklist/2024-25-chl-hockey-checklist/,2025-12-24T04:16:46.237Z,CHL First Draft,FD-4,Alessandro Di Iorio,Sarnia,Sting,,,"1:9 h, 1:9 e, 1:16",20,,,,,,,2024-25 CHL Hockey Checklist,2024-25-chl-hockey-checklist
,,http://upperdeck.com/checklist/2024-25-chl-hockey-checklist/,2025-12-24T04:16:46.237Z,CHL First Draft,FD-5,Daniel Walters,Halifax,Mooseheads,,,"1:9 h, 1:9 e, 1:16",20,,,,,,,2024-25 CHL Hockey Checklist,2024-25-chl-hockey-checklist
,,http://upperdeck.com/checklist/2024-25-chl-hockey-checklist/,2025-12-24T04:16:46.237Z,CHL First Draft,FD-6,Colin Fitzgerald,Peterborough,Petes,,,"1:9 h, 1:9 e, 1:16",20,,,,,,,2024-25 CHL Hockey Checklist,2024-25-chl-hockey-checklist
,,http://upperdeck.com/checklist/2024-25-chl-hockey-checklist/,2025-12-24T04:16:46.237Z,CHL First Draft,FD-7,Landon DuPont,Everett,Silvertips,,,"1:9 h, 1:9 e, 1:16",20,,,,,,,2024-25 CHL Hockey Checklist,2024-25-chl-hockey-checklist
,,http://upperdeck.com/checklist/2024-25-chl-hockey-checklist/,2025-12-24T04:16:46.237Z,CHL First Draft,FD-8,Chad Lygitsakos,Shawinigan,Cataractes,,,"1:9 h, 1:9 e, 1:16",20,,,,,,,2024-25 CHL Hockey Checklist,2024-25-chl-hockey-checklist
,,http://upperdeck.com/checklist/2024-25-chl-hockey-checklist/,2025-12-24T04:16:46.237Z,CHL First Draft,FD-9,Parker Vaughan,North Bay,Battalion,,,"1:9 h, 1:9 e, 1:16",20,,,,,,,2024-25 CHL Hockey Checklist,2024-25-chl-hockey-checklist
,,http://upperdeck.com/checklist/2024-25-chl-hockey-checklist/,2025-12-24T04:16:46.237Z,CHL First Draft,FD-10,William Yared,Saint John,Sea Dogs,,,"1:9 h, 1:9 e, 1:16",20,,,,,,,2024-25 CHL Hockey Checklist,2024-25-chl-hockey-checklist
,,http://upperdeck.com/checklist/2024-25-chl-hockey-checklist/,2025-12-24T04:16:46.237Z,CHL First Draft,FD-11,Pierce Mbuyi,Owen Sound,Attack,,,"1:9 h, 1:9 e, 1:16",20,,,,,,,2024-25 CHL Hockey Checklist,2024-25-chl-hockey-checklist
,,http://upperdeck.com/checklist/2024-25-chl-hockey-checklist/,2025-12-24T04:16:46.237Z,CHL First Draft,FD-12,Lars Steiner,Rouyn-Noranda,Huskies,,,"1:9 h, 1:9 e, 1:16",20,,,,,,,2024-25 CHL Hockey Checklist,2024-25-chl-hockey-checklist
,,http://upperdeck.com/checklist/2024-25-chl-hockey-checklist/,2025-12-24T04:16:46.237Z,CHL First Draft,FD-13,Braidy Wassilyn,Niagara,IceDogs,,,"1:9 h, 1:9 e, 1:16",20,,,,,,,2024-25 CHL Hockey Checklist,2024-25-chl-hockey-checklist
,,http://upperdeck.com/checklist/2024-25-chl-hockey-checklist/,2025-12-24T04:16:46.237Z,CHL First Draft,FD-14,Mathis Preston,Spokane,Chiefs,,,"1:9 h, 1:9 e, 1:16",20,,,,,,,2024-25 CHL Hockey Checklist,2024-25-chl-hockey-checklist
,,http://upperdeck.com/checklist/2024-25-chl-hockey-checklist/,2025-12-24T04:16:46.237Z,CHL First Draft,FD-15,Cole Zurawski,Flint,Firebirds,,,"1:9 h, 1:9 e, 1:16",20,,,,,,,2024-25 CHL Hockey Checklist,2024-25-chl-hockey-checklist
,,http://upperdeck.com/checklist/2024-25-chl-hockey-checklist/,2025-12-24T04:16:46.237Z,CHL First Draft Red Parallel,FD-1,Dylan Rozzi,Saint John,Sea Dogs,,125,Random Inserts in Hobby & e-Pack,20,,,,,,,2024-25 CHL Hockey Checklist,2024-25-chl-hockey-checklist
,,http://upperdeck.com/checklist/2024-25-chl-hockey-checklist/,2025-12-24T04:16:46.237Z,CHL First Draft Red Parallel,FD-2,Ethan Belchetz,Windsor,Spitfires,,125,Random Inserts in Hobby & e-Pack,20,,,,,,,2024-25 CHL Hockey Checklist,2024-25-chl-hockey-checklist
,,http://upperdeck.com/checklist/2024-25-chl-hockey-checklist/,2025-12-24T04:16:46.237Z,CHL First Draft Red Parallel,FD-3,Maddox Dagenais,Quebec,Remparts,,125,Random Inserts in Hobby & e-Pack,20,,,,,,,2024-25 CHL Hockey Checklist,2024-25-chl-hockey-checklist
,,http://upperdeck.com/checklist/2024-25-chl-hockey-checklist/,2025-12-24T04:16:46.237Z,CHL First Draft Red Parallel,FD-4,Alessandro Di Iorio,Sarnia,Sting,,125,Random Inserts in Hobby & e-Pack,20,,,,,,,2024-25 CHL Hockey Checklist,2024-25-chl-hockey-checklist
,,http://upperdeck.com/checklist/2024-25-chl-hockey-checklist/,2025-12-24T04:16:46.237Z,CHL First Draft Red Parallel,FD-5,Daniel Walters,Halifax,Mooseheads,,125,Random Inserts in Hobby & e-Pack,20,,,,,,,2024-25 CHL Hockey Checklist,2024-25-chl-hockey-checklist
,,http://upperdeck.com/checklist/2024-25-chl-hockey-checklist/,2025-12-24T04:16:46.237Z,CHL First Draft Red Parallel,FD-6,Colin Fitzgerald,Peterborough,Petes,,125,Random Inserts in Hobby & e-Pack,20,,,,,,,2024-25 CHL Hockey Checklist,2024-25-chl-hockey-checklist
,,http://upperdeck.com/checklist/2024-25-chl-hockey-checklist/,2025-12-24T04:16:46.237Z,CHL First Draft Red Parallel,FD-7,Landon DuPont,Everett,Silvertips,,125,Random Inserts in Hobby & e-Pack,20,,,,,,,2024-25 CHL Hockey Checklist,2024-25-chl-hockey-checklist
,,http://upperdeck.com/checklist/2024-25-chl-hockey-checklist/,2025-12-24T04:16:46.237Z,CHL First Draft Red Parallel,FD-8,Chad Lygitsakos,Shawinigan,Cataractes,,125,Random Inserts in Hobby & e-Pack,20,,,,,,,2024-25 CHL Hockey Checklist,2024-25-chl-hockey-checklist
,,http://upperdeck.com/checklist/2024-25-chl-hockey-checklist/,2025-12-24T04:16:46.237Z,CHL First Draft Red Parallel,FD-9,Parker Vaughan,North Bay,Battalion,,125,Random Inserts in Hobby & e-Pack,20,,,,,,,2024-25 CHL Hockey Checklist,2024-25-chl-hockey-checklist
,,http://upperdeck.com/checklist/2024-25-chl-hockey-checklist/,2025-12-24T04:16:46.237Z,CHL First Draft Red Parallel,FD-10,William Yared,Saint John,Sea Dogs,,125,Random Inserts in Hobby & e-Pack,20,,,,,,,2024-25 CHL Hockey Checklist,2024-25-chl-hockey-checklist
,,http://upperdeck.com/checklist/2024-25-chl-hockey-checklist/,2025-12-24T04:16:46.237Z,CHL First Draft Red Parallel,FD-11,Pierce Mbuyi,Owen Sound,Attack,,125,Random Inserts in Hobby & e-Pack,20,,,,,,,2024-25 CHL Hockey Checklist,2024-25-chl-hockey-checklist
,,http://upperdeck.com/checklist/2024-25-chl-hockey-checklist/,2025-12-24T04:16:46.237Z,CHL First Draft Red Parallel,FD-12,Lars Steiner,Rouyn-Noranda,Huskies,,125,Random Inserts in Hobby & e-Pack,20,,,,,,,2024-25 CHL Hockey Checklist,2024-25-chl-hockey-checklist
,,http://upperdeck.com/checklist/2024-25-chl-hockey-checklist/,2025-12-24T04:16:46.237Z,CHL First Draft Red Parallel,FD-13,Braidy Wassilyn,Niagara,IceDogs,,125,Random Inserts in Hobby & e-Pack,20,,,,,,,2024-25 CHL Hockey Checklist,2024-25-chl-hockey-checklist
,,http://upperdeck.com/checklist/2024-25-chl-hockey-checklist/,2025-12-24T04:16:46.237Z,CHL First Draft Red Parallel,FD-14,Mathis Preston,Spokane,Chiefs,,125,Random Inserts in Hobby & e-Pack,20,,,,,,,2024-25 CHL Hockey Checklist,2024-25-chl-hockey-checklist
,,http://upperdeck.com/checklist/2024-25-chl-hockey-checklist/,2025-12-24T04:16:46.237Z,CHL First Draft Red Parallel,FD-15,Cole Zurawski,Flint,Firebirds,,125,Random Inserts in Hobby & e-Pack,20,,,,,,,2024-25 CHL Hockey Checklist,2024-25-chl-hockey-checklist
,,http://upperdeck.com/checklist/2024-25-chl-hockey-checklist/,2025-12-24T04:16:46.237Z,CHL First Draft Blue Parallel,FD-1,Dylan Rozzi,Saint John,Sea Dogs,,25,Random Inserts in Hobby & e-Pack,20,,,,,,,2024-25 CHL Hockey Checklist,2024-25-chl-hockey-checklist
,,http://upperdeck.com/checklist/2024-25-chl-hockey-checklist/,2025-12-24T04:16:46.237Z,CHL First Draft Blue Parallel,FD-2,Ethan Belchetz,Windsor,Spitfires,,25,Random Inserts in Hobby & e-Pack,20,,,,,,,2024-25 CHL Hockey Checklist,2024-25-chl-hockey-checklist
,,http://upperdeck.com/checklist/2024-25-chl-hockey-checklist/,2025-12-24T04:16:46.237Z,CHL First Draft Blue Parallel,FD-3,Maddox Dagenais,Quebec,Remparts,,25,Random Inserts in Hobby & e-Pack,20,,,,,,,2024-25 CHL Hockey Checklist,2024-25-chl-hockey-checklist
,,http://upperdeck.com/checklist/2024-25-chl-hockey-checklist/,2025-12-24T04:16:46.237Z,CHL First Draft Blue Parallel,FD-4,Alessandro Di Iorio,Sarnia,Sting,,25,Random Inserts in Hobby & e-Pack,20,,,,,,,2024-25 CHL Hockey Checklist,2024-25-chl-hockey-checklist
,,http://upperdeck.com/checklist/2024-25-chl-hockey-checklist/,2025-12-24T04:16:46.237Z,CHL First Draft Blue Parallel,FD-5,Daniel Walters,Halifax,Mooseheads,,25,Random Inserts in Hobby & e-Pack,20,,,,,,,2024-25 CHL Hockey Checklist,2024-25-chl-hockey-checklist
,,http://upperdeck.com/checklist/2024-25-chl-hockey-checklist/,2025-12-24T04:16:46.237Z,CHL First Draft Blue Parallel,FD-6,Colin Fitzgerald,Peterborough,Petes,,25,Random Inserts in Hobby & e-Pack,20,,,,,,,2024-25 CHL Hockey Checklist,2024-25-chl-hockey-checklist
,,http://upperdeck.com/checklist/2024-25-chl-hockey-checklist/,2025-12-24T04:16:46.237Z,CHL First Draft Blue Parallel,FD-7,Landon DuPont,Everett,Silvertips,,25,Random Inserts in Hobby & e-Pack,20,,,,,,,2024-25 CHL Hockey Checklist,2024-25-chl-hockey-checklist
,,http://upperdeck.com/checklist/2024-25-chl-hockey-checklist/,2025-12-24T04:16:46.237Z,CHL First Draft Blue Parallel,FD-8,Chad Lygitsakos,Shawinigan,Cataractes,,25,Random Inserts in Hobby & e-Pack,20,,,,,,,2024-25 CHL Hockey Checklist,2024-25-chl-hockey-checklist
,,http://upperdeck.com/checklist/2024-25-chl-hockey-checklist/,2025-12-24T04:16:46.237Z,CHL First Draft Blue Parallel,FD-9,Parker Vaughan,North Bay,Battalion,,25,Random Inserts in Hobby & e-Pack,20,,,,,,,2024-25 CHL Hockey Checklist,2024-25-chl-hockey-checklist
,,http://upperdeck.com/checklist/2024-25-chl-hockey-checklist/,2025-12-24T04:16:46.238Z,CHL First Draft Blue Parallel,FD-10,William Yared,Saint John,Sea Dogs,,25,Random Inserts in Hobby & e-Pack,20,,,,,,,2024-25 CHL Hockey Checklist,2024-25-chl-hockey-checklist
,,http://upperdeck.com/checklist/2024-25-chl-hockey-checklist/,2025-12-24T04:16:46.238Z,CHL First Draft Blue Parallel,FD-11,Pierce Mbuyi,Owen Sound,Attack,,25,Random Inserts in Hobby & e-Pack,20,,,,,,,2024-25 CHL Hockey Checklist,2024-25-chl-hockey-checklist
,,http://upperdeck.com/checklist/2024-25-chl-hockey-checklist/,2025-12-24T04:16:46.238Z,CHL First Draft Blue Parallel,FD-12,Lars Steiner,Rouyn-Noranda,Huskies,,25,Random Inserts in Hobby & e-Pack,20,,,,,,,2024-25 CHL Hockey Checklist,2024-25-chl-hockey-checklist
,,http://upperdeck.com/checklist/2024-25-chl-hockey-checklist/,2025-12-24T04:16:46.238Z,CHL First Draft Blue Parallel,FD-13,Braidy Wassilyn,Niagara,IceDogs,,25,Random Inserts in Hobby & e-Pack,20,,,,,,,2024-25 CHL Hockey Checklist,2024-25-chl-hockey-checklist
,,http://upperdeck.com/checklist/2024-25-chl-hockey-checklist/,2025-12-24T04:16:46.238Z,CHL First Draft Blue Parallel,FD-14,Mathis Preston,Spokane,Chiefs,,25,Random Inserts in Hobby & e-Pack,20,,,,,,,2024-25 CHL Hockey Checklist,2024-25-chl-hockey-checklist
,,http://upperdeck.com/checklist/2024-25-chl-hockey-checklist/,2025-12-24T04:16:46.238Z,CHL First Draft Blue Parallel,FD-15,Cole Zurawski,Flint,Firebirds,,25,Random Inserts in Hobby & e-Pack,20,,,,,,,2024-25 CHL Hockey Checklist,2024-25-chl-hockey-checklist
,,http://upperdeck.com/checklist/2024-25-chl-hockey-checklist/,2025-12-24T04:16:46.238Z,CHL First Draft Black Parallel,FD-1,Dylan Rozzi,Saint John,Sea Dogs,,1,Random Inserts in Hobby & e-Pack,20,,,,,,,2024-25 CHL Hockey Checklist,2024-25-chl-hockey-checklist
,,http://upperdeck.com/checklist/2024-25-chl-hockey-checklist/,2025-12-24T04:16:46.238Z,CHL First Draft Black Parallel,FD-2,Ethan Belchetz,Windsor,Spitfires,,1,Random Inserts in Hobby & e-Pack,20,,,,,,,2024-25 CHL Hockey Checklist,2024-25-chl-hockey-checklist
,,http://upperdeck.com/checklist/2024-25-chl-hockey-checklist/,2025-12-24T04:16:46.238Z,CHL First Draft Black Parallel,FD-3,Maddox Dagenais,Quebec,Remparts,,1,Random Inserts in Hobby & e-Pack,20,,,,,,,2024-25 CHL Hockey Checklist,2024-25-chl-hockey-checklist
,,http://upperdeck.com/checklist/2024-25-chl-hockey-checklist/,2025-12-24T04:16:46.238Z,CHL First Draft Black Parallel,FD-4,Alessandro Di Iorio,Sarnia,Sting,,1,Random Inserts in Hobby & e-Pack,20,,,,,,,2024-25 CHL Hockey Checklist,2024-25-chl-hockey-checklist
,,http://upperdeck.com/checklist/2024-25-chl-hockey-checklist/,2025-12-24T04:16:46.238Z,CHL First Draft Black Parallel,FD-5,Daniel Walters,Halifax,Mooseheads,,1,Random Inserts in Hobby & e-Pack,20,,,,,,,2024-25 CHL Hockey Checklist,2024-25-chl-hockey-checklist
,,http://upperdeck.com/checklist/2024-25-chl-hockey-checklist/,2025-12-24T04:16:46.238Z,CHL First Draft Black Parallel,FD-6,Colin Fitzgerald,Peterborough,Petes,,1,Random Inserts in Hobby & e-Pack,20,,,,,,,2024-25 CHL Hockey Checklist,2024-25-chl-hockey-checklist
,,http://upperdeck.com/checklist/2024-25-chl-hockey-checklist/,2025-12-24T04:16:46.238Z,CHL First Draft Black Parallel,FD-7,Landon DuPont,Everett,Silvertips,,1,Random Inserts in Hobby & e-Pack,20,,,,,,,2024-25 CHL Hockey Checklist,2024-25-chl-hockey-checklist
,,http://upperdeck.com/checklist/2024-25-chl-hockey-checklist/,2025-12-24T04:16:46.238Z,CHL First Draft Black Parallel,FD-8,Chad Lygitsakos,Shawinigan,Cataractes,,1,Random Inserts in Hobby & e-Pack,20,,,,,,,2024-25 CHL Hockey Checklist,2024-25-chl-hockey-checklist
,,http://upperdeck.com/checklist/2024-25-chl-hockey-checklist/,2025-12-24T04:16:46.238Z,CHL First Draft Black Parallel,FD-9,Parker Vaughan,North Bay,Battalion,,1,Random Inserts in Hobby & e-Pack,20,,,,,,,2024-25 CHL Hockey Checklist,2024-25-chl-hockey-checklist
,,http://upperdeck.com/checklist/2024-25-chl-hockey-checklist/,2025-12-24T04:16:46.238Z,CHL First Draft Black Parallel,FD-10,William Yared,Saint John,Sea Dogs,,1,Random Inserts in Hobby & e-Pack,20,,,,,,,2024-25 CHL Hockey Checklist,2024-25-chl-hockey-checklist
,,http://upperdeck.com/checklist/2024-25-chl-hockey-checklist/,2025-12-24T04:16:46.238Z,CHL First Draft Black Parallel,FD-11,Pierce Mbuyi,Owen Sound,Attack,,1,Random Inserts in Hobby & e-Pack,20,,,,,,,2024-25 CHL Hockey Checklist,2024-25-chl-hockey-checklist
,,http://upperdeck.com/checklist/2024-25-chl-hockey-checklist/,2025-12-24T04:16:46.238Z,CHL First Draft Black Parallel,FD-12,Lars Steiner,Rouyn-Noranda,Huskies,,1,Random Inserts in Hobby & e-Pack,20,,,,,,,2024-25 CHL Hockey Checklist,2024-25-chl-hockey-checklist
,,http://upperdeck.com/checklist/2024-25-chl-hockey-checklist/,2025-12-24T04:16:46.238Z,CHL First Draft Black Parallel,FD-13,Braidy Wassilyn,Niagara,IceDogs,,1,Random Inserts in Hobby & e-Pack,20,,,,,,,2024-25 CHL Hockey Checklist,2024-25-chl-hockey-checklist
,,http://upperdeck.com/checklist/2024-25-chl-hockey-checklist/,2025-12-24T04:16:46.238Z,CHL First Draft Black Parallel,FD-14,Mathis Preston,Spokane,Chiefs,,1,Random Inserts in Hobby & e-Pack,20,,,,,,,2024-25 CHL Hockey Checklist,2024-25-chl-hockey-checklist
,,http://upperdeck.com/checklist/2024-25-chl-hockey-checklist/,2025-12-24T04:16:46.238Z,CHL First Draft Black Parallel,FD-15,Cole Zurawski,Flint,Firebirds,,1,Random Inserts in Hobby & e-Pack,20,,,,,,,2024-25 CHL Hockey Checklist,2024-25-chl-hockey-checklist
,,http://upperdeck.com/checklist/2024-25-chl-hockey-checklist/,2025-12-24T04:16:46.238Z,CHL First Draft Auto Parallel,FD-1,Dylan Rozzi,Saint John,Sea Dogs,true,15,Random Inserts in Hobby & e-Pack,20,,,,,,,2024-25 CHL Hockey Checklist,2024-25-chl-hockey-checklist
,,http://upperdeck.com/checklist/2024-25-chl-hockey-checklist/,2025-12-24T04:16:46.238Z,CHL First Draft Auto Parallel,FD-2,Ethan Belchetz,Windsor,Spitfires,true,15,Random Inserts in Hobby & e-Pack,20,,,,,,,2024-25 CHL Hockey Checklist,2024-25-chl-hockey-checklist
,,http://upperdeck.com/checklist/2024-25-chl-hockey-checklist/,2025-12-24T04:16:46.238Z,CHL First Draft Auto Parallel,FD-3,Maddox Dagenais,Quebec,Remparts,true,15,Random Inserts in Hobby & e-Pack,20,,,,,,,2024-25 CHL Hockey Checklist,2024-25-chl-hockey-checklist
,,http://upperdeck.com/checklist/2024-25-chl-hockey-checklist/,2025-12-24T04:16:46.238Z,CHL First Draft Auto Parallel,FD-4,Alessandro Di Iorio,Sarnia,Sting,true,15,Random Inserts in Hobby & e-Pack,20,,,,,,,2024-25 CHL Hockey Checklist,2024-25-chl-hockey-checklist
,,http://upperdeck.com/checklist/2024-25-chl-hockey-checklist/,2025-12-24T04:16:46.238Z,CHL First Draft Auto Parallel,FD-5,Daniel Walters,Halifax,Mooseheads,true,15,Random Inserts in Hobby & e-Pack,20,,,,,,,2024-25 CHL Hockey Checklist,2024-25-chl-hockey-checklist
,,http://upperdeck.com/checklist/2024-25-chl-hockey-checklist/,2025-12-24T04:16:46.238Z,CHL First Draft Auto Parallel,FD-6,Colin Fitzgerald,Peterborough,Petes,true,15,Random Inserts in Hobby & e-Pack,20,,,,,,,2024-25 CHL Hockey Checklist,2024-25-chl-hockey-checklist
,,http://upperdeck.com/checklist/2024-25-chl-hockey-checklist/,2025-12-24T04:16:46.238Z,CHL First Draft Auto Parallel,FD-7,Landon DuPont,Everett,Silvertips,true,15,Random Inserts in Hobby & e-Pack,20,,,,,,,2024-25 CHL Hockey Checklist,2024-25-chl-hockey-checklist
,,http://upperdeck.com/checklist/2024-25-chl-hockey-checklist/,2025-12-24T04:16:46.238Z,CHL First Draft Auto Parallel,FD-8,Chad Lygitsakos,Shawinigan,Cataractes,true,15,Random Inserts in Hobby & e-Pack,20,,,,,,,2024-25 CHL Hockey Checklist,2024-25-chl-hockey-checklist
,,http://upperdeck.com/checklist/2024-25-chl-hockey-checklist/,2025-12-24T04:16:46.238Z,CHL First Draft Auto Parallel,FD-9,Parker Vaughan,North Bay,Battalion,true,15,Random Inserts in Hobby & e-Pack,20,,,,,,,2024-25 CHL Hockey Checklist,2024-25-chl-hockey-checklist
,,http://upperdeck.com/checklist/2024-25-chl-hockey-checklist/,2025-12-24T04:16:46.238Z,CHL First Draft Auto Parallel,FD-10,William Yared,Saint John,Sea Dogs,true,15,Random Inserts in Hobby & e-Pack,20,,,,,,,2024-25 CHL Hockey Checklist,2024-25-chl-hockey-checklist
,,http://upperdeck.com/checklist/2024-25-chl-hockey-checklist/,2025-12-24T04:16:46.238Z,CHL First Draft Auto Parallel,FD-11,Pierce Mbuyi,Owen Sound,Attack,true,15,Random Inserts in Hobby & e-Pack,20,,,,,,,2024-25 CHL Hockey Checklist,2024-25-chl-hockey-checklist
,,http://upperdeck.com/checklist/2024-25-chl-hockey-checklist/,2025-12-24T04:16:46.238Z,CHL First Draft Auto Parallel,FD-12,Lars Steiner,Rouyn-Noranda,Huskies,true,15,Random Inserts in Hobby & e-Pack,20,,,,,,,2024-25 CHL Hockey Checklist,2024-25-chl-hockey-checklist
,,http://upperdeck.com/checklist/2024-25-chl-hockey-checklist/,2025-12-24T04:16:46.238Z,CHL First Draft Auto Parallel,FD-13,Braidy Wassilyn,Niagara,IceDogs,true,15,Random Inserts in Hobby & e-Pack,20,,,,,,,2024-25 CHL Hockey Checklist,2024-25-chl-hockey-checklist
,,http://upperdeck.com/checklist/2024-25-chl-hockey-checklist/,2025-12-24T04:16:46.238Z,CHL First Draft Auto Parallel,FD-14,Mathis Preston,Spokane,Chiefs,true,15,Random Inserts in Hobby & e-Pack,20,,,,,,,2024-25 CHL Hockey Checklist,2024-25-chl-hockey-checklist
,,http://upperdeck.com/checklist/2024-25-chl-hockey-checklist/,2025-12-24T04:16:46.238Z,CHL First Draft Auto Parallel,FD-15,Cole Zurawski,Flint,Firebirds,true,15,Random Inserts in Hobby & e-Pack,20,,,,,,,2024-25 CHL Hockey Checklist,2024-25-chl-hockey-checklist
,,http://upperdeck.com/checklist/2024-25-chl-hockey-checklist/,2025-12-24T04:16:46.238Z,In the Lab,IL-1,Vince Elie,Shawinigan,Cataractes,,,"1:4 h, 1:4 e, 1:7 b",20,,,,,,,2024-25 CHL Hockey Checklist,2024-25-chl-hockey-checklist
,,http://upperdeck.com/checklist/2024-25-chl-hockey-checklist/,2025-12-24T04:16:46.238Z,In the Lab,IL-2,Riley Heidt,Prince George,Cougars,,,"1:4 h, 1:4 e, 1:7 b",20,,,,,,,2024-25 CHL Hockey Checklist,2024-25-chl-hockey-checklist
,,http://upperdeck.com/checklist/2024-25-chl-hockey-checklist/,2025-12-24T04:16:46.238Z,In the Lab,IL-3,Malcolm Spence,Erie,Otters,,,"1:4 h, 1:4 e, 1:7 b",20,,,,,,,2024-25 CHL Hockey Checklist,2024-25-chl-hockey-checklist
,,http://upperdeck.com/checklist/2024-25-chl-hockey-checklist/,2025-12-24T04:16:46.238Z,In the Lab,IL-4,Matthew Butler,Charlottetown,Islanders,,,"1:4 h, 1:4 e, 1:7 b",20,,,,,,,2024-25 CHL Hockey Checklist,2024-25-chl-hockey-checklist
,,http://upperdeck.com/checklist/2024-25-chl-hockey-checklist/,2025-12-24T04:16:46.238Z,In the Lab,IL-5,Harrison Brunicke,Kamloops,Blazers,,,"1:4 h, 1:4 e, 1:7 b",20,,,,,,,2024-25 CHL Hockey Checklist,2024-25-chl-hockey-checklist
,,http://upperdeck.com/checklist/2024-25-chl-hockey-checklist/,2025-12-24T04:16:46.238Z,In the Lab,IL-6,Nick DeAngelis,Sudbury,Wolves,,,"1:4 h, 1:4 e, 1:7 b",20,,,,,,,2024-25 CHL Hockey Checklist,2024-25-chl-hockey-checklist
,,http://upperdeck.com/checklist/2024-25-chl-hockey-checklist/,2025-12-24T04:16:46.238Z,In the Lab,IL-7,Jules Boilard,Baie-Comeau,Drakkar,,,"1:4 h, 1:4 e, 1:7 b",20,,,,,,,2024-25 CHL Hockey Checklist,2024-25-chl-hockey-checklist
,,http://upperdeck.com/checklist/2024-25-chl-hockey-checklist/,2025-12-24T04:16:46.238Z,In the Lab,IL-8,Oasiz Wiesblatt,Medicine Hat,Tigers,,,"1:4 h, 1:4 e, 1:7 b",20,,,,,,,2024-25 CHL Hockey Checklist,2024-25-chl-hockey-checklist
,,http://upperdeck.com/checklist/2024-25-chl-hockey-checklist/,2025-12-24T04:16:46.238Z,In the Lab,IL-9,Cedrick Guindon,Kingston,Frontenacs,,,"1:4 h, 1:4 e, 1:7 b",20,,,,,,,2024-25 CHL Hockey Checklist,2024-25-chl-hockey-checklist
,,http://upperdeck.com/checklist/2024-25-chl-hockey-checklist/,2025-12-24T04:16:46.238Z,In the Lab,IL-10,Alexandre Blais,Rimouski,Oceanic,,,"1:4 h, 1:4 e, 1:7 b",20,,,,,,,2024-25 CHL Hockey Checklist,2024-25-chl-hockey-checklist
,,http://upperdeck.com/checklist/2024-25-chl-hockey-checklist/,2025-12-24T04:16:46.238Z,In the Lab,IL-11,Tij Iginla,Kelowna,Rockets,,,"1:4 h, 1:4 e, 1:7 b",20,,,,,,,2024-25 CHL Hockey Checklist,2024-25-chl-hockey-checklist
,,http://upperdeck.com/checklist/2024-25-chl-hockey-checklist/,2025-12-24T04:16:46.238Z,In the Lab,IL-12,Jack Ivankovic,Brampton,Steelheads,,,"1:4 h, 1:4 e, 1:7 b",20,,,,,,,2024-25 CHL Hockey Checklist,2024-25-chl-hockey-checklist
,,http://upperdeck.com/checklist/2024-25-chl-hockey-checklist/,2025-12-24T04:16:46.238Z,In the Lab,IL-13,Thomas Verdon,Rouyn-Noranda,Huskies,,,"1:4 h, 1:4 e, 1:7 b",20,,,,,,,2024-25 CHL Hockey Checklist,2024-25-chl-hockey-checklist
,,http://upperdeck.com/checklist/2024-25-chl-hockey-checklist/,2025-12-24T04:16:46.238Z,In the Lab,IL-14,Carson Wetsch,Calgary,Hitmen,,,"1:4 h, 1:4 e, 1:7 b",20,,,,,,,2024-25 CHL Hockey Checklist,2024-25-chl-hockey-checklist
,,http://upperdeck.com/checklist/2024-25-chl-hockey-checklist/,2025-12-24T04:16:46.238Z,In the Lab,IL-15,Dalyn Wakely,Barrie,Colts,,,"1:4 h, 1:4 e, 1:7 b",20,,,,,,,2024-25 CHL Hockey Checklist,2024-25-chl-hockey-checklist
,,http://upperdeck.com/checklist/2024-25-chl-hockey-checklist/,2025-12-24T04:16:46.238Z,In the Lab,IL-16,Lewis Gendron,Cape Breton,Screaming Eagles,,,"1:4 h, 1:4 e, 1:7 b",20,,,,,,,2024-25 CHL Hockey Checklist,2024-25-chl-hockey-checklist
,,http://upperdeck.com/checklist/2024-25-chl-hockey-checklist/,2025-12-24T04:16:46.238Z,In the Lab,IL-17,Aiden Oiring,Prince Albert,Raiders,,,"1:4 h, 1:4 e, 1:7 b",20,,,,,,,2024-25 CHL Hockey Checklist,2024-25-chl-hockey-checklist
,,http://upperdeck.com/checklist/2024-25-chl-hockey-checklist/,2025-12-24T04:16:46.238Z,In the Lab,IL-18,Calem Mangone,Saginaw,Spirit,,,"1:4 h, 1:4 e, 1:7 b",20,,,,,,,2024-25 CHL Hockey Checklist,2024-25-chl-hockey-checklist
,,http://upperdeck.com/checklist/2024-25-chl-hockey-checklist/,2025-12-24T04:16:46.238Z,In the Lab,IL-19,Nathan Baril,Drummondville,Voltigeurs,,,"1:4 h, 1:4 e, 1:7 b",20,,,,,,,2024-25 CHL Hockey Checklist,2024-25-chl-hockey-checklist
,,http://upperdeck.com/checklist/2024-25-chl-hockey-checklist/,2025-12-24T04:16:46.238Z,In the Lab,IL-20,Max Graham,Kelowna,Rockets,,,"1:4 h, 1:4 e, 1:7 b",20,,,,,,,2024-25 CHL Hockey Checklist,2024-25-chl-hockey-checklist
,,http://upperdeck.com/checklist/2024-25-chl-hockey-checklist/,2025-12-24T04:16:46.238Z,In the Lab,IL-21,Carter George,Owen Sound,Attack,,,"1:4 h, 1:4 e, 1:7 b",20,,,,,,,2024-25 CHL Hockey Checklist,2024-25-chl-hockey-checklist
,,http://upperdeck.com/checklist/2024-25-chl-hockey-checklist/,2025-12-24T04:16:46.238Z,In the Lab,IL-22,Bo Damphousse,Blainville-Boisbriand,Armada,,,"1:4 h, 1:4 e, 1:7 b",20,,,,,,,2024-25 CHL Hockey Checklist,2024-25-chl-hockey-checklist
,,http://upperdeck.com/checklist/2024-25-chl-hockey-checklist/,2025-12-24T04:16:46.238Z,In the Lab,IL-23,Kenta Isogai,Victoria,Royals,,,"1:4 h, 1:4 e, 1:7 b",20,,,,,,,2024-25 CHL Hockey Checklist,2024-25-chl-hockey-checklist
,,http://upperdeck.com/checklist/2024-25-chl-hockey-checklist/,2025-12-24T04:16:46.238Z,In the Lab,IL-24,Christopher Thibodeau,Flint,Firebirds,,,"1:4 h, 1:4 e, 1:7 b",20,,,,,,,2024-25 CHL Hockey Checklist,2024-25-chl-hockey-checklist
,,http://upperdeck.com/checklist/2024-25-chl-hockey-checklist/,2025-12-24T04:16:46.238Z,In the Lab,IL-25,Raoul Boilard,Baie-Comeau,Drakkar,,,"1:4 h, 1:4 e, 1:7 b",20,,,,,,,2024-25 CHL Hockey Checklist,2024-25-chl-hockey-checklist
,,http://upperdeck.com/checklist/2024-25-chl-hockey-checklist/,2025-12-24T04:16:46.238Z,In the Lab,IL-26,Roger McQueen,Brandon,Wheat Kings,,,"1:4 h, 1:4 e, 1:7 b",20,,,,,,,2024-25 CHL Hockey Checklist,2024-25-chl-hockey-checklist
,,http://upperdeck.com/checklist/2024-25-chl-hockey-checklist/,2025-12-24T04:16:46.238Z,In the Lab,IL-27,Owen Van Steensel,North Bay,Battalion,,,"1:4 h, 1:4 e, 1:7 b",20,,,,,,,2024-25 CHL Hockey Checklist,2024-25-chl-hockey-checklist
,,http://upperdeck.com/checklist/2024-25-chl-hockey-checklist/,2025-12-24T04:16:46.238Z,In the Lab,IL-28,Maxim Masse,Chicoutimi,Sagueneens,,,"1:4 h, 1:4 e, 1:7 b",20,,,,,,,2024-25 CHL Hockey Checklist,2024-25-chl-hockey-checklist
,,http://upperdeck.com/checklist/2024-25-chl-hockey-checklist/,2025-12-24T04:16:46.238Z,In the Lab,IL-29,Julius Miettinen,Everett,Silvertips,,,"1:4 h, 1:4 e, 1:7 b",20,,,,,,,2024-25 CHL Hockey Checklist,2024-25-chl-hockey-checklist
,,http://upperdeck.com/checklist/2024-25-chl-hockey-checklist/,2025-12-24T04:16:46.238Z,In the Lab,IL-30,Adrian Misaljevic,Kitchener,Rangers,,,"1:4 h, 1:4 e, 1:7 b",20,,,,,,,2024-25 CHL Hockey Checklist,2024-25-chl-hockey-checklist
,,http://upperdeck.com/checklist/2024-25-chl-hockey-checklist/,2025-12-24T04:16:46.238Z,In the Lab,IL-31,Nate Tivey,Saint John,Sea Dogs,,,"1:4 h, 1:4 e, 1:7 b",20,,,,,,,2024-25 CHL Hockey Checklist,2024-25-chl-hockey-checklist
,,http://upperdeck.com/checklist/2024-25-chl-hockey-checklist/,2025-12-24T04:16:46.238Z,In the Lab,IL-32,Miguel Marques,Lethbridge,Hurricanes,,,"1:4 h, 1:4 e, 1:7 b",20,,,,,,,2024-25 CHL Hockey Checklist,2024-25-chl-hockey-checklist
,,http://upperdeck.com/checklist/2024-25-chl-hockey-checklist/,2025-12-24T04:16:46.238Z,In the Lab,IL-33,Jacob Oster,Oshawa,Generals,,,"1:4 h, 1:4 e, 1:7 b",20,,,,,,,2024-25 CHL Hockey Checklist,2024-25-chl-hockey-checklist
,,http://upperdeck.com/checklist/2024-25-chl-hockey-checklist/,2025-12-24T04:16:46.239Z,In the Lab,IL-34,Mathis Rousseau,Moncton,Wildcats,,,"1:4 h, 1:4 e, 1:7 b",20,,,,,,,2024-25 CHL Hockey Checklist,2024-25-chl-hockey-checklist
,,http://upperdeck.com/checklist/2024-25-chl-hockey-checklist/,2025-12-24T04:16:46.239Z,In the Lab,IL-35,Brayden Yager,Lethbridge,Hurricanes,,,"1:4 h, 1:4 e, 1:7 b",20,,,,,,,2024-25 CHL Hockey Checklist,2024-25-chl-hockey-checklist
,,http://upperdeck.com/checklist/2024-25-chl-hockey-checklist/,2025-12-24T04:16:46.239Z,In the Lab Red Parallel,IL-1,Vince Elie,Shawinigan,Cataractes,,125,Random Inserts in Hobby & e-Pack,20,,,,,,,2024-25 CHL Hockey Checklist,2024-25-chl-hockey-checklist
,,http://upperdeck.com/checklist/2024-25-chl-hockey-checklist/,2025-12-24T04:16:46.239Z,In the Lab Red Parallel,IL-2,Riley Heidt,Prince George,Cougars,,125,Random Inserts in Hobby & e-Pack,20,,,,,,,2024-25 CHL Hockey Checklist,2024-25-chl-hockey-checklist
,,http://upperdeck.com/checklist/2024-25-chl-hockey-checklist/,2025-12-24T04:16:46.239Z,In the Lab Red Parallel,IL-3,Malcolm Spence,Erie,Otters,,125,Random Inserts in Hobby & e-Pack,20,,,,,,,2024-25 CHL Hockey Checklist,2024-25-chl-hockey-checklist
,,http://upperdeck.com/checklist/2024-25-chl-hockey-checklist/,2025-12-24T04:16:46.239Z,In the Lab Red Parallel,IL-4,Matthew Butler,Charlottetown,Islanders,,125,Random Inserts in Hobby & e-Pack,20,,,,,,,2024-25 CHL Hockey Checklist,2024-25-chl-hockey-checklist
,,http://upperdeck.com/checklist/2024-25-chl-hockey-checklist/,2025-12-24T04:16:46.239Z,In the Lab Red Parallel,IL-5,Harrison Brunicke,Kamloops,Blazers,,125,Random Inserts in Hobby & e-Pack,20,,,,,,,2024-25 CHL Hockey Checklist,2024-25-chl-hockey-checklist
,,http://upperdeck.com/checklist/2024-25-chl-hockey-checklist/,2025-12-24T04:16:46.239Z,In the Lab Red Parallel,IL-6,Nick DeAngelis,Sudbury,Wolves,,125,Random Inserts in Hobby & e-Pack,20,,,,,,,2024-25 CHL Hockey Checklist,2024-25-chl-hockey-checklist
,,http://upperdeck.com/checklist/2024-25-chl-hockey-checklist/,2025-12-24T04:16:46.239Z,In the Lab Red Parallel,IL-7,Jules Boilard,Baie-Comeau,Drakkar,,125,Random Inserts in Hobby & e-Pack,20,,,,,,,2024-25 CHL Hockey Checklist,2024-25-chl-hockey-checklist
,,http://upperdeck.com/checklist/2024-25-chl-hockey-checklist/,2025-12-24T04:16:46.239Z,In the Lab Red Parallel,IL-8,Oasiz Wiesblatt,Medicine Hat,Tigers,,125,Random Inserts in Hobby & e-Pack,20,,,,,,,2024-25 CHL Hockey Checklist,2024-25-chl-hockey-checklist
,,http://upperdeck.com/checklist/2024-25-chl-hockey-checklist/,2025-12-24T04:16:46.239Z,In the Lab Red Parallel,IL-9,Cedrick Guindon,Kingston,Frontenacs,,125,Random Inserts in Hobby & e-Pack,20,,,,,,,2024-25 CHL Hockey Checklist,2024-25-chl-hockey-checklist
,,http://upperdeck.com/checklist/2024-25-chl-hockey-checklist/,2025-12-24T04:16:46.239Z,In the Lab Red Parallel,IL-10,Alexandre Blais,Rimouski,Oceanic,,125,Random Inserts in Hobby & e-Pack,20,,,,,,,2024-25 CHL Hockey Checklist,2024-25-chl-hockey-checklist
,,http://upperdeck.com/checklist/2024-25-chl-hockey-checklist/,2025-12-24T04:16:46.239Z,In the Lab Red Parallel,IL-11,Tij Iginla,Kelowna,Rockets,,125,Random Inserts in Hobby & e-Pack,20,,,,,,,2024-25 CHL Hockey Checklist,2024-25-chl-hockey-checklist
,,http://upperdeck.com/checklist/2024-25-chl-hockey-checklist/,2025-12-24T04:16:46.239Z,In the Lab Red Parallel,IL-12,Jack Ivankovic,Brampton,Steelheads,,125,Random Inserts in Hobby & e-Pack,20,,,,,,,2024-25 CHL Hockey Checklist,2024-25-chl-hockey-checklist
,,http://upperdeck.com/checklist/2024-25-chl-hockey-checklist/,2025-12-24T04:16:46.239Z,In the Lab Red Parallel,IL-13,Thomas Verdon,Rouyn-Noranda,Huskies,,125,Random Inserts in Hobby & e-Pack,20,,,,,,,2024-25 CHL Hockey Checklist,2024-25-chl-hockey-checklist
,,http://upperdeck.com/checklist/2024-25-chl-hockey-checklist/,2025-12-24T04:16:46.239Z,In the Lab Red Parallel,IL-14,Carson Wetsch,Calgary,Hitmen,,125,Random Inserts in Hobby & e-Pack,20,,,,,,,2024-25 CHL Hockey Checklist,2024-25-chl-hockey-checklist
,,http://upperdeck.com/checklist/2024-25-chl-hockey-checklist/,2025-12-24T04:16:46.239Z,In the Lab Red Parallel,IL-15,Dalyn Wakely,Barrie,Colts,,125,Random Inserts in Hobby & e-Pack,20,,,,,,,2024-25 CHL Hockey Checklist,2024-25-chl-hockey-checklist
,,http://upperdeck.com/checklist/2024-25-chl-hockey-checklist/,2025-12-24T04:16:46.239Z,In the Lab Red Parallel,IL-16,Lewis Gendron,Cape Breton,Screaming Eagles,,125,Random Inserts in Hobby & e-Pack,20,,,,,,,2024-25 CHL Hockey Checklist,2024-25-chl-hockey-checklist
,,http://upperdeck.com/checklist/2024-25-chl-hockey-checklist/,2025-12-24T04:16:46.239Z,In the Lab Red Parallel,IL-17,Aiden Oiring,Prince Albert,Raiders,,125,Random Inserts in Hobby & e-Pack,20,,,,,,,2024-25 CHL Hockey Checklist,2024-25-chl-hockey-checklist
,,http://upperdeck.com/checklist/2024-25-chl-hockey-checklist/,2025-12-24T04:16:46.239Z,In the Lab Red Parallel,IL-18,Calem Mangone,Saginaw,Spirit,,125,Random Inserts in Hobby & e-Pack,20,,,,,,,2024-25 CHL Hockey Checklist,2024-25-chl-hockey-checklist
,,http://upperdeck.com/checklist/2024-25-chl-hockey-checklist/,2025-12-24T04:16:46.239Z,In the Lab Red Parallel,IL-19,Nathan Baril,Drummondville,Voltigeurs,,125,Random Inserts in Hobby & e-Pack,20,,,,,,,2024-25 CHL Hockey Checklist,2024-25-chl-hockey-checklist
,,http://upperdeck.com/checklist/2024-25-chl-hockey-checklist/,2025-12-24T04:16:46.239Z,In the Lab Red Parallel,IL-20,Max Graham,Kelowna,Rockets,,125,Random Inserts in Hobby & e-Pack,20,,,,,,,2024-25 CHL Hockey Checklist,2024-25-chl-hockey-checklist
,,http://upperdeck.com/checklist/2024-25-chl-hockey-checklist/,2025-12-24T04:16:46.239Z,In the Lab Red Parallel,IL-21,Carter George,Owen Sound,Attack,,125,Random Inserts in Hobby & e-Pack,20,,,,,,,2024-25 CHL Hockey Checklist,2024-25-chl-hockey-checklist
,,http://upperdeck.com/checklist/2024-25-chl-hockey-checklist/,2025-12-24T04:16:46.239Z,In the Lab Red Parallel,IL-22,Bo Damphousse,Blainville-Boisbriand,Armada,,125,Random Inserts in Hobby & e-Pack,20,,,,,,,2024-25 CHL Hockey Checklist,2024-25-chl-hockey-checklist
,,http://upperdeck.com/checklist/2024-25-chl-hockey-checklist/,2025-12-24T04:16:46.239Z,In the Lab Red Parallel,IL-23,Kenta Isogai,Victoria,Royals,,125,Random Inserts in Hobby & e-Pack,20,,,,,,,2024-25 CHL Hockey Checklist,2024-25-chl-hockey-checklist
,,http://upperdeck.com/checklist/2024-25-chl-hockey-checklist/,2025-12-24T04:16:46.239Z,In the Lab Red Parallel,IL-24,Christopher Thibodeau,Flint,Firebirds,,125,Random Inserts in Hobby & e-Pack,20,,,,,,,2024-25 CHL Hockey Checklist,2024-25-chl-hockey-checklist
,,http://upperdeck.com/checklist/2024-25-chl-hockey-checklist/,2025-12-24T04:16:46.239Z,In the Lab Red Parallel,IL-25,Raoul Boilard,Baie-Comeau,Drakkar,,125,Random Inserts in Hobby & e-Pack,20,,,,,,,2024-25 CHL Hockey Checklist,2024-25-chl-hockey-checklist
,,http://upperdeck.com/checklist/2024-25-chl-hockey-checklist/,2025-12-24T04:16:46.239Z,In the Lab Red Parallel,IL-26,Roger McQueen,Brandon,Wheat Kings,,125,Random Inserts in Hobby & e-Pack,20,,,,,,,2024-25 CHL Hockey Checklist,2024-25-chl-hockey-checklist
,,http://upperdeck.com/checklist/2024-25-chl-hockey-checklist/,2025-12-24T04:16:46.239Z,In the Lab Red Parallel,IL-27,Owen Van Steensel,North Bay,Battalion,,125,Random Inserts in Hobby & e-Pack,20,,,,,,,2024-25 CHL Hockey Checklist,2024-25-chl-hockey-checklist
,,http://upperdeck.com/checklist/2024-25-chl-hockey-checklist/,2025-12-24T04:16:46.239Z,In the Lab Red Parallel,IL-28,Maxim Masse,Chicoutimi,Sagueneens,,125,Random Inserts in Hobby & e-Pack,20,,,,,,,2024-25 CHL Hockey Checklist,2024-25-chl-hockey-checklist
,,http://upperdeck.com/checklist/2024-25-chl-hockey-checklist/,2025-12-24T04:16:46.239Z,In the Lab Red Parallel,IL-29,Julius Miettinen,Everett,Silvertips,,125,Random Inserts in Hobby & e-Pack,20,,,,,,,2024-25 CHL Hockey Checklist,2024-25-chl-hockey-checklist
,,http://upperdeck.com/checklist/2024-25-chl-hockey-checklist/,2025-12-24T04:16:46.239Z,In the Lab Red Parallel,IL-30,Adrian Misaljevic,Kitchener,Rangers,,125,Random Inserts in Hobby & e-Pack,20,,,,,,,2024-25 CHL Hockey Checklist,2024-25-chl-hockey-checklist
,,http://upperdeck.com/checklist/2024-25-chl-hockey-checklist/,2025-12-24T04:16:46.239Z,In the Lab Red Parallel,IL-31,Nate Tivey,Saint John,Sea Dogs,,125,Random Inserts in Hobby & e-Pack,20,,,,,,,2024-25 CHL Hockey Checklist,2024-25-chl-hockey-checklist
,,http://upperdeck.com/checklist/2024-25-chl-hockey-checklist/,2025-12-24T04:16:46.239Z,In the Lab Red Parallel,IL-32,Miguel Marques,Lethbridge,Hurricanes,,125,Random Inserts in Hobby & e-Pack,20,,,,,,,2024-25 CHL Hockey Checklist,2024-25-chl-hockey-checklist
,,http://upperdeck.com/checklist/2024-25-chl-hockey-checklist/,2025-12-24T04:16:46.239Z,In the Lab Red Parallel,IL-33,Jacob Oster,Oshawa,Generals,,125,Random Inserts in Hobby & e-Pack,20,,,,,,,2024-25 CHL Hockey Checklist,2024-25-chl-hockey-checklist
,,http://upperdeck.com/checklist/2024-25-chl-hockey-checklist/,2025-12-24T04:16:46.239Z,In the Lab Red Parallel,IL-34,Mathis Rousseau,Moncton,Wildcats,,125,Random Inserts in Hobby & e-Pack,20,,,,,,,2024-25 CHL Hockey Checklist,2024-25-chl-hockey-checklist
,,http://upperdeck.com/checklist/2024-25-chl-hockey-checklist/,2025-12-24T04:16:46.239Z,In the Lab Red Parallel,IL-35,Brayden Yager,Lethbridge,Hurricanes,,125,Random Inserts in Hobby & e-Pack,20,,,,,,,2024-25 CHL Hockey Checklist,2024-25-chl-hockey-checklist
,,http://upperdeck.com/checklist/2024-25-chl-hockey-checklist/,2025-12-24T04:16:46.239Z,In the Lab Blue Parallel,IL-1,Vince Elie,Shawinigan,Cataractes,,25,Random Inserts in Hobby & e-Pack,20,,,,,,,2024-25 CHL Hockey Checklist,2024-25-chl-hockey-checklist
,,http://upperdeck.com/checklist/2024-25-chl-hockey-checklist/,2025-12-24T04:16:46.239Z,In the Lab Blue Parallel,IL-2,Riley Heidt,Prince George,Cougars,,25,Random Inserts in Hobby & e-Pack,20,,,,,,,2024-25 CHL Hockey Checklist,2024-25-chl-hockey-checklist
,,http://upperdeck.com/checklist/2024-25-chl-hockey-checklist/,2025-12-24T04:16:46.239Z,In the Lab Blue Parallel,IL-3,Malcolm Spence,Erie,Otters,,25,Random Inserts in Hobby & e-Pack,20,,,,,,,2024-25 CHL Hockey Checklist,2024-25-chl-hockey-checklist
,,http://upperdeck.com/checklist/2024-25-chl-hockey-checklist/,2025-12-24T04:16:46.239Z,In the Lab Blue Parallel,IL-4,Matthew Butler,Charlottetown,Islanders,,25,Random Inserts in Hobby & e-Pack,20,,,,,,,2024-25 CHL Hockey Checklist,2024-25-chl-hockey-checklist
,,http://upperdeck.com/checklist/2024-25-chl-hockey-checklist/,2025-12-24T04:16:46.239Z,In the Lab Blue Parallel,IL-5,Harrison Brunicke,Kamloops,Blazers,,25,Random Inserts in Hobby & e-Pack,20,,,,,,,2024-25 CHL Hockey Checklist,2024-25-chl-hockey-checklist
,,http://upperdeck.com/checklist/2024-25-chl-hockey-checklist/,2025-12-24T04:16:46.239Z,In the Lab Blue Parallel,IL-6,Nick DeAngelis,Sudbury,Wolves,,25,Random Inserts in Hobby & e-Pack,20,,,,,,,2024-25 CHL Hockey Checklist,2024-25-chl-hockey-checklist
,,http://upperdeck.com/checklist/2024-25-chl-hockey-checklist/,2025-12-24T04:16:46.239Z,In the Lab Blue Parallel,IL-7,Jules Boilard,Baie-Comeau,Drakkar,,25,Random Inserts in Hobby & e-Pack,20,,,,,,,2024-25 CHL Hockey Checklist,2024-25-chl-hockey-checklist
,,http://upperdeck.com/checklist/2024-25-chl-hockey-checklist/,2025-12-24T04:16:46.239Z,In the Lab Blue Parallel,IL-8,Oasiz Wiesblatt,Medicine Hat,Tigers,,25,Random Inserts in Hobby & e-Pack,20,,,,,,,2024-25 CHL Hockey Checklist,2024-25-chl-hockey-checklist
,,http://upperdeck.com/checklist/2024-25-chl-hockey-checklist/,2025-12-24T04:16:46.239Z,In the Lab Blue Parallel,IL-9,Cedrick Guindon,Kingston,Frontenacs,,25,Random Inserts in Hobby & e-Pack,20,,,,,,,2024-25 CHL Hockey Checklist,2024-25-chl-hockey-checklist
,,http://upperdeck.com/checklist/2024-25-chl-hockey-checklist/,2025-12-24T04:16:46.239Z,In the Lab Blue Parallel,IL-10,Alexandre Blais,Rimouski,Oceanic,,25,Random Inserts in Hobby & e-Pack,20,,,,,,,2024-25 CHL Hockey Checklist,2024-25-chl-hockey-checklist
,,http://upperdeck.com/checklist/2024-25-chl-hockey-checklist/,2025-12-24T04:16:46.239Z,In the Lab Blue Parallel,IL-11,Tij Iginla,Kelowna,Rockets,,25,Random Inserts in Hobby & e-Pack,20,,,,,,,2024-25 CHL Hockey Checklist,2024-25-chl-hockey-checklist
,,http://upperdeck.com/checklist/2024-25-chl-hockey-checklist/,2025-12-24T04:16:46.239Z,In the Lab Blue Parallel,IL-12,Jack Ivankovic,Brampton,Steelheads,,25,Random Inserts in Hobby & e-Pack,20,,,,,,,2024-25 CHL Hockey Checklist,2024-25-chl-hockey-checklist
,,http://upperdeck.com/checklist/2024-25-chl-hockey-checklist/,2025-12-24T04:16:46.239Z,In the Lab Blue Parallel,IL-13,Thomas Verdon,Rouyn-Noranda,Huskies,,25,Random Inserts in Hobby & e-Pack,20,,,,,,,2024-25 CHL Hockey Checklist,2024-25-chl-hockey-checklist
,,http://upperdeck.com/checklist/2024-25-chl-hockey-checklist/,2025-12-24T04:16:46.239Z,In the Lab Blue Parallel,IL-14,Carson Wetsch,Calgary,Hitmen,,25,Random Inserts in Hobby & e-Pack,20,,,,,,,2024-25 CHL Hockey Checklist,2024-25-chl-hockey-checklist
,,http://upperdeck.com/checklist/2024-25-chl-hockey-checklist/,2025-12-24T04:16:46.239Z,In the Lab Blue Parallel,IL-15,Dalyn Wakely,Barrie,Colts,,25,Random Inserts in Hobby & e-Pack,20,,,,,,,2024-25 CHL Hockey Checklist,2024-25-chl-hockey-checklist
,,http://upperdeck.com/checklist/2024-25-chl-hockey-checklist/,2025-12-24T04:16:46.239Z,In the Lab Blue Parallel,IL-16,Lewis Gendron,Cape Breton,Screaming Eagles,,25,Random Inserts in Hobby & e-Pack,20,,,,,,,2024-25 CHL Hockey Checklist,2024-25-chl-hockey-checklist
,,http://upperdeck.com/checklist/2024-25-chl-hockey-checklist/,2025-12-24T04:16:46.239Z,In the Lab Blue Parallel,IL-17,Aiden Oiring,Prince Albert,Raiders,,25,Random Inserts in Hobby & e-Pack,20,,,,,,,2024-25 CHL Hockey Checklist,2024-25-chl-hockey-checklist
,,http://upperdeck.com/checklist/2024-25-chl-hockey-checklist/,2025-12-24T04:16:46.239Z,In the Lab Blue Parallel,IL-18,Calem Mangone,Saginaw,Spirit,,25,Random Inserts in Hobby & e-Pack,20,,,,,,,2024-25 CHL Hockey Checklist,2024-25-chl-hockey-checklist
,,http://upperdeck.com/checklist/2024-25-chl-hockey-checklist/,2025-12-24T04:16:46.239Z,In the Lab Blue Parallel,IL-19,Nathan Baril,Drummondville,Voltigeurs,,25,Random Inserts in Hobby & e-Pack,20,,,,,,,2024-25 CHL Hockey Checklist,2024-25-chl-hockey-checklist
,,http://upperdeck.com/checklist/2024-25-chl-hockey-checklist/,2025-12-24T04:16:46.239Z,In the Lab Blue Parallel,IL-20,Max Graham,Kelowna,Rockets,,25,Random Inserts in Hobby & e-Pack,20,,,,,,,2024-25 CHL Hockey Checklist,2024-25-chl-hockey-checklist
,,http://upperdeck.com/checklist/2024-25-chl-hockey-checklist/,2025-12-24T04:16:46.239Z,In the Lab Blue Parallel,IL-21,Carter George,Owen Sound,Attack,,25,Random Inserts in Hobby & e-Pack,20,,,,,,,2024-25 CHL Hockey Checklist,2024-25-chl-hockey-checklist
,,http://upperdeck.com/checklist/2024-25-chl-hockey-checklist/,2025-12-24T04:16:46.239Z,In the Lab Blue Parallel,IL-22,Bo Damphousse,Blainville-Boisbriand,Armada,,25,Random Inserts in Hobby & e-Pack,20,,,,,,,2024-25 CHL Hockey Checklist,2024-25-chl-hockey-checklist
,,http://upperdeck.com/checklist/2024-25-chl-hockey-checklist/,2025-12-24T04:16:46.239Z,In the Lab Blue Parallel,IL-23,Kenta Isogai,Victoria,Royals,,25,Random Inserts in Hobby & e-Pack,20,,,,,,,2024-25 CHL Hockey Checklist,2024-25-chl-hockey-checklist
,,http://upperdeck.com/checklist/2024-25-chl-hockey-checklist/,2025-12-24T04:16:46.240Z,In the Lab Blue Parallel,IL-24,Christopher Thibodeau,Flint,Firebirds,,25,Random Inserts in Hobby & e-Pack,20,,,,,,,2024-25 CHL Hockey Checklist,2024-25-chl-hockey-checklist
,,http://upperdeck.com/checklist/2024-25-chl-hockey-checklist/,2025-12-24T04:16:46.240Z,In the Lab Blue Parallel,IL-25,Raoul Boilard,Baie-Comeau,Drakkar,,25,Random Inserts in Hobby & e-Pack,20,,,,,,,2024-25 CHL Hockey Checklist,2024-25-chl-hockey-checklist
,,http://upperdeck.com/checklist/2024-25-chl-hockey-checklist/,2025-12-24T04:16:46.240Z,In the Lab Blue Parallel,IL-26,Roger McQueen,Brandon,Wheat Kings,,25,Random Inserts in Hobby & e-Pack,20,,,,,,,2024-25 CHL Hockey Checklist,2024-25-chl-hockey-checklist
,,http://upperdeck.com/checklist/2024-25-chl-hockey-checklist/,2025-12-24T04:16:46.240Z,In the Lab Blue Parallel,IL-27,Owen Van Steensel,North Bay,Battalion,,25,Random Inserts in Hobby & e-Pack,20,,,,,,,2024-25 CHL Hockey Checklist,2024-25-chl-hockey-checklist
,,http://upperdeck.com/checklist/2024-25-chl-hockey-checklist/,2025-12-24T04:16:46.240Z,In the Lab Blue Parallel,IL-28,Maxim Masse,Chicoutimi,Sagueneens,,25,Random Inserts in Hobby & e-Pack,20,,,,,,,2024-25 CHL Hockey Checklist,2024-25-chl-hockey-checklist
,,http://upperdeck.com/checklist/2024-25-chl-hockey-checklist/,2025-12-24T04:16:46.240Z,In the Lab Blue Parallel,IL-29,Julius Miettinen,Everett,Silvertips,,25,Random Inserts in Hobby & e-Pack,20,,,,,,,2024-25 CHL Hockey Checklist,2024-25-chl-hockey-checklist
,,http://upperdeck.com/checklist/2024-25-chl-hockey-checklist/,2025-12-24T04:16:46.240Z,In the Lab Blue Parallel,IL-30,Adrian Misaljevic,Kitchener,Rangers,,25,Random Inserts in Hobby & e-Pack,20,,,,,,,2024-25 CHL Hockey Checklist,2024-25-chl-hockey-checklist
,,http://upperdeck.com/checklist/2024-25-chl-hockey-checklist/,2025-12-24T04:16:46.240Z,In the Lab Blue Parallel,IL-31,Nate Tivey,Saint John,Sea Dogs,,25,Random Inserts in Hobby & e-Pack,20,,,,,,,2024-25 CHL Hockey Checklist,2024-25-chl-hockey-checklist
,,http://upperdeck.com/checklist/2024-25-chl-hockey-checklist/,2025-12-24T04:16:46.240Z,In the Lab Blue Parallel,IL-32,Miguel Marques,Lethbridge,Hurricanes,,25,Random Inserts in Hobby & e-Pack,20,,,,,,,2024-25 CHL Hockey Checklist,2024-25-chl-hockey-checklist
,,http://upperdeck.com/checklist/2024-25-chl-hockey-checklist/,2025-12-24T04:16:46.240Z,In the Lab Blue Parallel,IL-33,Jacob Oster,Oshawa,Generals,,25,Random Inserts in Hobby & e-Pack,20,,,,,,,2024-25 CHL Hockey Checklist,2024-25-chl-hockey-checklist
,,http://upperdeck.com/checklist/2024-25-chl-hockey-checklist/,2025-12-24T04:16:46.240Z,In the Lab Blue Parallel,IL-34,Mathis Rousseau,Moncton,Wildcats,,25,Random Inserts in Hobby & e-Pack,20,,,,,,,2024-25 CHL Hockey Checklist,2024-25-chl-hockey-checklist
,,http://upperdeck.com/checklist/2024-25-chl-hockey-checklist/,2025-12-24T04:16:46.240Z,In the Lab Blue Parallel,IL-35,Brayden Yager,Lethbridge,Hurricanes,,25,Random Inserts in Hobby & e-Pack,20,,,,,,,2024-25 CHL Hockey Checklist,2024-25-chl-hockey-checklist
,,http://upperdeck.com/checklist/2024-25-chl-hockey-checklist/,2025-12-24T04:16:46.240Z,In the Lab Black Parallel,IL-1,Vince Elie,Shawinigan,Cataractes,,1,Random Inserts in Hobby & e-Pack,20,,,,,,,2024-25 CHL Hockey Checklist,2024-25-chl-hockey-checklist
,,http://upperdeck.com/checklist/2024-25-chl-hockey-checklist/,2025-12-24T04:16:46.240Z,In the Lab Black Parallel,IL-2,Riley Heidt,Prince George,Cougars,,1,Random Inserts in Hobby & e-Pack,20,,,,,,,2024-25 CHL Hockey Checklist,2024-25-chl-hockey-checklist
,,http://upperdeck.com/checklist/2024-25-chl-hockey-checklist/,2025-12-24T04:16:46.240Z,In the Lab Black Parallel,IL-3,Malcolm Spence,Erie,Otters,,1,Random Inserts in Hobby & e-Pack,20,,,,,,,2024-25 CHL Hockey Checklist,2024-25-chl-hockey-checklist
,,http://upperdeck.com/checklist/2024-25-chl-hockey-checklist/,2025-12-24T04:16:46.240Z,In the Lab Black Parallel,IL-4,Matthew Butler,Charlottetown,Islanders,,1,Random Inserts in Hobby & e-Pack,20,,,,,,,2024-25 CHL Hockey Checklist,2024-25-chl-hockey-checklist
,,http://upperdeck.com/checklist/2024-25-chl-hockey-checklist/,2025-12-24T04:16:46.240Z,In the Lab Black Parallel,IL-5,Harrison Brunicke,Kamloops,Blazers,,1,Random Inserts in Hobby & e-Pack,20,,,,,,,2024-25 CHL Hockey Checklist,2024-25-chl-hockey-checklist
,,http://upperdeck.com/checklist/2024-25-chl-hockey-checklist/,2025-12-24T04:16:46.240Z,In the Lab Black Parallel,IL-6,Nick DeAngelis,Sudbury,Wolves,,1,Random Inserts in Hobby & e-Pack,20,,,,,,,2024-25 CHL Hockey Checklist,2024-25-chl-hockey-checklist
,,http://upperdeck.com/checklist/2024-25-chl-hockey-checklist/,2025-12-24T04:16:46.240Z,In the Lab Black Parallel,IL-7,Jules Boilard,Baie-Comeau,Drakkar,,1,Random Inserts in Hobby & e-Pack,20,,,,,,,2024-25 CHL Hockey Checklist,2024-25-chl-hockey-checklist
,,http://upperdeck.com/checklist/2024-25-chl-hockey-checklist/,2025-12-24T04:16:46.240Z,In the Lab Black Parallel,IL-8,Oasiz Wiesblatt,Medicine Hat,Tigers,,1,Random Inserts in Hobby & e-Pack,20,,,,,,,2024-25 CHL Hockey Checklist,2024-25-chl-hockey-checklist
,,http://upperdeck.com/checklist/2024-25-chl-hockey-checklist/,2025-12-24T04:16:46.240Z,In the Lab Black Parallel,IL-9,Cedrick Guindon,Kingston,Frontenacs,,1,Random Inserts in Hobby & e-Pack,20,,,,,,,2024-25 CHL Hockey Checklist,2024-25-chl-hockey-checklist
,,http://upperdeck.com/checklist/2024-25-chl-hockey-checklist/,2025-12-24T04:16:46.240Z,In the Lab Black Parallel,IL-10,Alexandre Blais,Rimouski,Oceanic,,1,Random Inserts in Hobby & e-Pack,20,,,,,,,2024-25 CHL Hockey Checklist,2024-25-chl-hockey-checklist
,,http://upperdeck.com/checklist/2024-25-chl-hockey-checklist/,2025-12-24T04:16:46.240Z,In the Lab Black Parallel,IL-11,Tij Iginla,Kelowna,Rockets,,1,Random Inserts in Hobby & e-Pack,20,,,,,,,2024-25 CHL Hockey Checklist,2024-25-chl-hockey-checklist
,,http://upperdeck.com/checklist/2024-25-chl-hockey-checklist/,2025-12-24T04:16:46.240Z,In the Lab Black Parallel,IL-12,Jack Ivankovic,Brampton,Steelheads,,1,Random Inserts in Hobby & e-Pack,20,,,,,,,2024-25 CHL Hockey Checklist,2024-25-chl-hockey-checklist
,,http://upperdeck.com/checklist/2024-25-chl-hockey-checklist/,2025-12-24T04:16:46.240Z,In the Lab Black Parallel,IL-13,Thomas Verdon,Rouyn-Noranda,Huskies,,1,Random Inserts in Hobby & e-Pack,20,,,,,,,2024-25 CHL Hockey Checklist,2024-25-chl-hockey-checklist
,,http://upperdeck.com/checklist/2024-25-chl-hockey-checklist/,2025-12-24T04:16:46.240Z,In the Lab Black Parallel,IL-14,Carson Wetsch,Calgary,Hitmen,,1,Random Inserts in Hobby & e-Pack,20,,,,,,,2024-25 CHL Hockey Checklist,2024-25-chl-hockey-checklist
,,http://upperdeck.com/checklist/2024-25-chl-hockey-checklist/,2025-12-24T04:16:46.240Z,In the Lab Black Parallel,IL-15,Dalyn Wakely,Barrie,Colts,,1,Random Inserts in Hobby & e-Pack,20,,,,,,,2024-25 CHL Hockey Checklist,2024-25-chl-hockey-checklist
,,http://upperdeck.com/checklist/2024-25-chl-hockey-checklist/,2025-12-24T04:16:46.240Z,In the Lab Black Parallel,IL-16,Lewis Gendron,Cape Breton,Screaming Eagles,,1,Random Inserts in Hobby & e-Pack,20,,,,,,,2024-25 CHL Hockey Checklist,2024-25-chl-hockey-checklist
,,http://upperdeck.com/checklist/2024-25-chl-hockey-checklist/,2025-12-24T04:16:46.240Z,In the Lab Black Parallel,IL-17,Aiden Oiring,Prince Albert,Raiders,,1,Random Inserts in Hobby & e-Pack,20,,,,,,,2024-25 CHL Hockey Checklist,2024-25-chl-hockey-checklist
,,http://upperdeck.com/checklist/2024-25-chl-hockey-checklist/,2025-12-24T04:16:46.240Z,In the Lab Black Parallel,IL-18,Calem Mangone,Saginaw,Spirit,,1,Random Inserts in Hobby & e-Pack,20,,,,,,,2024-25 CHL Hockey Checklist,2024-25-chl-hockey-checklist
,,http://upperdeck.com/checklist/2024-25-chl-hockey-checklist/,2025-12-24T04:16:46.240Z,In the Lab Black Parallel,IL-19,Nathan Baril,Drummondville,Voltigeurs,,1,Random Inserts in Hobby & e-Pack,20,,,,,,,2024-25 CHL Hockey Checklist,2024-25-chl-hockey-checklist
,,http://upperdeck.com/checklist/2024-25-chl-hockey-checklist/,2025-12-24T04:16:46.240Z,In the Lab Black Parallel,IL-20,Max Graham,Kelowna,Rockets,,1,Random Inserts in Hobby & e-Pack,20,,,,,,,2024-25 CHL Hockey Checklist,2024-25-chl-hockey-checklist
,,http://upperdeck.com/checklist/2024-25-chl-hockey-checklist/,2025-12-24T04:16:46.240Z,In the Lab Black Parallel,IL-21,Carter George,Owen Sound,Attack,,1,Random Inserts in Hobby & e-Pack,20,,,,,,,2024-25 CHL Hockey Checklist,2024-25-chl-hockey-checklist
,,http://upperdeck.com/checklist/2024-25-chl-hockey-checklist/,2025-12-24T04:16:46.240Z,In the Lab Black Parallel,IL-22,Bo Damphousse,Blainville-Boisbriand,Armada,,1,Random Inserts in Hobby & e-Pack,20,,,,,,,2024-25 CHL Hockey Checklist,2024-25-chl-hockey-checklist
,,http://upperdeck.com/checklist/2024-25-chl-hockey-checklist/,2025-12-24T04:16:46.240Z,In the Lab Black Parallel,IL-23,Kenta Isogai,Victoria,Royals,,1,Random Inserts in Hobby & e-Pack,20,,,,,,,2024-25 CHL Hockey Checklist,2024-25-chl-hockey-checklist
,,http://upperdeck.com/checklist/2024-25-chl-hockey-checklist/,2025-12-24T04:16:46.240Z,In the Lab Black Parallel,IL-24,Christopher Thibodeau,Flint,Firebirds,,1,Random Inserts in Hobby & e-Pack,20,,,,,,,2024-25 CHL Hockey Checklist,2024-25-chl-hockey-checklist
,,http://upperdeck.com/checklist/2024-25-chl-hockey-checklist/,2025-12-24T04:16:46.240Z,In the Lab Black Parallel,IL-25,Raoul Boilard,Baie-Comeau,Drakkar,,1,Random Inserts in Hobby & e-Pack,20,,,,,,,2024-25 CHL Hockey Checklist,2024-25-chl-hockey-checklist
,,http://upperdeck.com/checklist/2024-25-chl-hockey-checklist/,2025-12-24T04:16:46.240Z,In the Lab Black Parallel,IL-26,Roger McQueen,Brandon,Wheat Kings,,1,Random Inserts in Hobby & e-Pack,20,,,,,,,2024-25 CHL Hockey Checklist,2024-25-chl-hockey-checklist
,,http://upperdeck.com/checklist/2024-25-chl-hockey-checklist/,2025-12-24T04:16:46.240Z,In the Lab Black Parallel,IL-27,Owen Van Steensel,North Bay,Battalion,,1,Random Inserts in Hobby & e-Pack,20,,,,,,,2024-25 CHL Hockey Checklist,2024-25-chl-hockey-checklist
,,http://upperdeck.com/checklist/2024-25-chl-hockey-checklist/,2025-12-24T04:16:46.240Z,In the Lab Black Parallel,IL-28,Maxim Masse,Chicoutimi,Sagueneens,,1,Random Inserts in Hobby & e-Pack,20,,,,,,,2024-25 CHL Hockey Checklist,2024-25-chl-hockey-checklist
,,http://upperdeck.com/checklist/2024-25-chl-hockey-checklist/,2025-12-24T04:16:46.240Z,In the Lab Black Parallel,IL-29,Julius Miettinen,Everett,Silvertips,,1,Random Inserts in Hobby & e-Pack,20,,,,,,,2024-25 CHL Hockey Checklist,2024-25-chl-hockey-checklist
,,http://upperdeck.com/checklist/2024-25-chl-hockey-checklist/,2025-12-24T04:16:46.241Z,In the Lab Black Parallel,IL-30,Adrian Misaljevic,Kitchener,Rangers,,1,Random Inserts in Hobby & e-Pack,20,,,,,,,2024-25 CHL Hockey Checklist,2024-25-chl-hockey-checklist
,,http://upperdeck.com/checklist/2024-25-chl-hockey-checklist/,2025-12-24T04:16:46.241Z,In the Lab Black Parallel,IL-31,Nate Tivey,Saint John,Sea Dogs,,1,Random Inserts in Hobby & e-Pack,20,,,,,,,2024-25 CHL Hockey Checklist,2024-25-chl-hockey-checklist
,,http://upperdeck.com/checklist/2024-25-chl-hockey-checklist/,2025-12-24T04:16:46.241Z,In the Lab Black Parallel,IL-32,Miguel Marques,Lethbridge,Hurricanes,,1,Random Inserts in Hobby & e-Pack,20,,,,,,,2024-25 CHL Hockey Checklist,2024-25-chl-hockey-checklist
,,http://upperdeck.com/checklist/2024-25-chl-hockey-checklist/,2025-12-24T04:16:46.241Z,In the Lab Black Parallel,IL-33,Jacob Oster,Oshawa,Generals,,1,Random Inserts in Hobby & e-Pack,20,,,,,,,2024-25 CHL Hockey Checklist,2024-25-chl-hockey-checklist
,,http://upperdeck.com/checklist/2024-25-chl-hockey-checklist/,2025-12-24T04:16:46.241Z,In the Lab Black Parallel,IL-34,Mathis Rousseau,Moncton,Wildcats,,1,Random Inserts in Hobby & e-Pack,20,,,,,,,2024-25 CHL Hockey Checklist,2024-25-chl-hockey-checklist
,,http://upperdeck.com/checklist/2024-25-chl-hockey-checklist/,2025-12-24T04:16:46.241Z,In the Lab Black Parallel,IL-35,Brayden Yager,Lethbridge,Hurricanes,,1,Random Inserts in Hobby & e-Pack,20,,,,,,,2024-25 CHL Hockey Checklist,2024-25-chl-hockey-checklist
,,http://upperdeck.com/checklist/2024-25-chl-hockey-checklist/,2025-12-24T04:16:46.241Z,In the Lab Auto Parallel,IL-1,Vince Elie,Shawinigan,Cataractes,true,15,Random Inserts in Hobby & e-Pack,20,,,,,,,2024-25 CHL Hockey Checklist,2024-25-chl-hockey-checklist
,,http://upperdeck.com/checklist/2024-25-chl-hockey-checklist/,2025-12-24T04:16:46.241Z,In the Lab Auto Parallel,IL-2,Riley Heidt,Prince George,Cougars,true,15,Random Inserts in Hobby & e-Pack,20,,,,,,,2024-25 CHL Hockey Checklist,2024-25-chl-hockey-checklist
,,http://upperdeck.com/checklist/2024-25-chl-hockey-checklist/,2025-12-24T04:16:46.241Z,In the Lab Auto Parallel,IL-4,Matthew Butler,Charlottetown,Islanders,true,15,Random Inserts in Hobby & e-Pack,20,,,,,,,2024-25 CHL Hockey Checklist,2024-25-chl-hockey-checklist
,,http://upperdeck.com/checklist/2024-25-chl-hockey-checklist/,2025-12-24T04:16:46.241Z,In the Lab Auto Parallel,IL-5,Harrison Brunicke,Kamloops,Blazers,true,15,Random Inserts in Hobby & e-Pack,20,,,,,,,2024-25 CHL Hockey Checklist,2024-25-chl-hockey-checklist
,,http://upperdeck.com/checklist/2024-25-chl-hockey-checklist/,2025-12-24T04:16:46.241Z,In the Lab Auto Parallel,IL-6,Nick DeAngelis,Sudbury,Wolves,true,15,Random Inserts in Hobby & e-Pack,20,,,,,,,2024-25 CHL Hockey Checklist,2024-25-chl-hockey-checklist
,,http://upperdeck.com/checklist/2024-25-chl-hockey-checklist/,2025-12-24T04:16:46.241Z,In the Lab Auto Parallel,IL-7,Jules Boilard,Baie-Comeau,Drakkar,true,15,Random Inserts in Hobby & e-Pack,20,,,,,,,2024-25 CHL Hockey Checklist,2024-25-chl-hockey-checklist
,,http://upperdeck.com/checklist/2024-25-chl-hockey-checklist/,2025-12-24T04:16:46.241Z,In the Lab Auto Parallel,IL-8,Oasiz Wiesblatt,Medicine Hat,Tigers,true,15,Random Inserts in Hobby & e-Pack,20,,,,,,,2024-25 CHL Hockey Checklist,2024-25-chl-hockey-checklist
,,http://upperdeck.com/checklist/2024-25-chl-hockey-checklist/,2025-12-24T04:16:46.241Z,In the Lab Auto Parallel,IL-9,Cedrick Guindon,Kingston,Frontenacs,true,15,Random Inserts in Hobby & e-Pack,20,,,,,,,2024-25 CHL Hockey Checklist,2024-25-chl-hockey-checklist
,,http://upperdeck.com/checklist/2024-25-chl-hockey-checklist/,2025-12-24T04:16:46.241Z,In the Lab Auto Parallel,IL-10,Alexandre Blais,Rimouski,Oceanic,true,15,Random Inserts in Hobby & e-Pack,20,,,,,,,2024-25 CHL Hockey Checklist,2024-25-chl-hockey-checklist
,,http://upperdeck.com/checklist/2024-25-chl-hockey-checklist/,2025-12-24T04:16:46.241Z,In the Lab Auto Parallel,IL-11,Tij Iginla,Kelowna,Rockets,true,15,Random Inserts in Hobby & e-Pack,20,,,,,,,2024-25 CHL Hockey Checklist,2024-25-chl-hockey-checklist
,,http://upperdeck.com/checklist/2024-25-chl-hockey-checklist/,2025-12-24T04:16:46.241Z,In the Lab Auto Parallel,IL-12,Jack Ivankovic,Brampton,Steelheads,true,15,Random Inserts in Hobby & e-Pack,20,,,,,,,2024-25 CHL Hockey Checklist,2024-25-chl-hockey-checklist
,,http://upperdeck.com/checklist/2024-25-chl-hockey-checklist/,2025-12-24T04:16:46.241Z,In the Lab Auto Parallel,IL-13,Thomas Verdon,Rouyn-Noranda,Huskies,true,15,Random Inserts in Hobby & e-Pack,20,,,,,,,2024-25 CHL Hockey Checklist,2024-25-chl-hockey-checklist
,,http://upperdeck.com/checklist/2024-25-chl-hockey-checklist/,2025-12-24T04:16:46.241Z,In the Lab Auto Parallel,IL-14,Carson Wetsch,Calgary,Hitmen,true,15,Random Inserts in Hobby & e-Pack,20,,,,,,,2024-25 CHL Hockey Checklist,2024-25-chl-hockey-checklist
,,http://upperdeck.com/checklist/2024-25-chl-hockey-checklist/,2025-12-24T04:16:46.241Z,In the Lab Auto Parallel,IL-15,Dalyn Wakely,Barrie,Colts,true,15,Random Inserts in Hobby & e-Pack,20,,,,,,,2024-25 CHL Hockey Checklist,2024-25-chl-hockey-checklist
,,http://upperdeck.com/checklist/2024-25-chl-hockey-checklist/,2025-12-24T04:16:46.241Z,In the Lab Auto Parallel,IL-16,Lewis Gendron,Cape Breton,Screaming Eagles,true,15,Random Inserts in Hobby & e-Pack,20,,,,,,,2024-25 CHL Hockey Checklist,2024-25-chl-hockey-checklist
,,http://upperdeck.com/checklist/2024-25-chl-hockey-checklist/,2025-12-24T04:16:46.241Z,In the Lab Auto Parallel,IL-17,Aiden Oiring,Prince Albert,Raiders,true,15,Random Inserts in Hobby & e-Pack,20,,,,,,,2024-25 CHL Hockey Checklist,2024-25-chl-hockey-checklist
,,http://upperdeck.com/checklist/2024-25-chl-hockey-checklist/,2025-12-24T04:16:46.241Z,In the Lab Auto Parallel,IL-18,Calem Mangone,Saginaw,Spirit,true,15,Random Inserts in Hobby & e-Pack,20,,,,,,,2024-25 CHL Hockey Checklist,2024-25-chl-hockey-checklist
,,http://upperdeck.com/checklist/2024-25-chl-hockey-checklist/,2025-12-24T04:16:46.241Z,In the Lab Auto Parallel,IL-19,Nathan Baril,Drummondville,Voltigeurs,true,15,Random Inserts in Hobby & e-Pack,20,,,,,,,2024-25 CHL Hockey Checklist,2024-25-chl-hockey-checklist
,,http://upperdeck.com/checklist/2024-25-chl-hockey-checklist/,2025-12-24T04:16:46.241Z,In the Lab Auto Parallel,IL-20,Max Graham,Kelowna,Rockets,true,15,Random Inserts in Hobby & e-Pack,20,,,,,,,2024-25 CHL Hockey Checklist,2024-25-chl-hockey-checklist
,,http://upperdeck.com/checklist/2024-25-chl-hockey-checklist/,2025-12-24T04:16:46.241Z,In the Lab Auto Parallel,IL-21,Carter George,Owen Sound,Attack,true,15,Random Inserts in Hobby & e-Pack,20,,,,,,,2024-25 CHL Hockey Checklist,2024-25-chl-hockey-checklist
,,http://upperdeck.com/checklist/2024-25-chl-hockey-checklist/,2025-12-24T04:16:46.241Z,In the Lab Auto Parallel,IL-22,Bo Damphousse,Blainville-Boisbriand,Armada,true,15,Random Inserts in Hobby & e-Pack,20,,,,,,,2024-25 CHL Hockey Checklist,2024-25-chl-hockey-checklist
,,http://upperdeck.com/checklist/2024-25-chl-hockey-checklist/,2025-12-24T04:16:46.241Z,In the Lab Auto Parallel,IL-23,Kenta Isogai,Victoria,Royals,true,15,Random Inserts in Hobby & e-Pack,20,,,,,,,2024-25 CHL Hockey Checklist,2024-25-chl-hockey-checklist
,,http://upperdeck.com/checklist/2024-25-chl-hockey-checklist/,2025-12-24T04:16:46.241Z,In the Lab Auto Parallel,IL-24,Christopher Thibodeau,Flint,Firebirds,true,15,Random Inserts in Hobby & e-Pack,20,,,,,,,2024-25 CHL Hockey Checklist,2024-25-chl-hockey-checklist
,,http://upperdeck.com/checklist/2024-25-chl-hockey-checklist/,2025-12-24T04:16:46.241Z,In the Lab Auto Parallel,IL-25,Raoul Boilard,Baie-Comeau,Drakkar,true,15,Random Inserts in Hobby & e-Pack,20,,,,,,,2024-25 CHL Hockey Checklist,2024-25-chl-hockey-checklist
,,http://upperdeck.com/checklist/2024-25-chl-hockey-checklist/,2025-12-24T04:16:46.241Z,In the Lab Auto Parallel,IL-26,Roger McQueen,Brandon,Wheat Kings,true,15,Random Inserts in Hobby & e-Pack,20,,,,,,,2024-25 CHL Hockey Checklist,2024-25-chl-hockey-checklist
,,http://upperdeck.com/checklist/2024-25-chl-hockey-checklist/,2025-12-24T04:16:46.241Z,In the Lab Auto Parallel,IL-27,Owen Van Steensel,North Bay,Battalion,true,15,Random Inserts in Hobby & e-Pack,20,,,,,,,2024-25 CHL Hockey Checklist,2024-25-chl-hockey-checklist
,,http://upperdeck.com/checklist/2024-25-chl-hockey-checklist/,2025-12-24T04:16:46.241Z,In the Lab Auto Parallel,IL-28,Maxim Masse,Chicoutimi,Sagueneens,true,15,Random Inserts in Hobby & e-Pack,20,,,,,,,2024-25 CHL Hockey Checklist,2024-25-chl-hockey-checklist
,,http://upperdeck.com/checklist/2024-25-chl-hockey-checklist/,2025-12-24T04:16:46.241Z,In the Lab Auto Parallel,IL-29,Julius Miettinen,Everett,Silvertips,true,15,Random Inserts in Hobby & e-Pack,20,,,,,,,2024-25 CHL Hockey Checklist,2024-25-chl-hockey-checklist
,,http://upperdeck.com/checklist/2024-25-chl-hockey-checklist/,2025-12-24T04:16:46.241Z,In the Lab Auto Parallel,IL-30,Adrian Misaljevic,Kitchener,Rangers,true,15,Random Inserts in Hobby & e-Pack,20,,,,,,,2024-25 CHL Hockey Checklist,2024-25-chl-hockey-checklist
,,http://upperdeck.com/checklist/2024-25-chl-hockey-checklist/,2025-12-24T04:16:46.242Z,In the Lab Auto Parallel,IL-31,Nate Tivey,Saint John,Sea Dogs,true,15,Random Inserts in Hobby & e-Pack,20,,,,,,,2024-25 CHL Hockey Checklist,2024-25-chl-hockey-checklist
,,http://upperdeck.com/checklist/2024-25-chl-hockey-checklist/,2025-12-24T04:16:46.242Z,In the Lab Auto Parallel,IL-32,Miguel Marques,Lethbridge,Hurricanes,true,15,Random Inserts in Hobby & e-Pack,20,,,,,,,2024-25 CHL Hockey Checklist,2024-25-chl-hockey-checklist
,,http://upperdeck.com/checklist/2024-25-chl-hockey-checklist/,2025-12-24T04:16:46.242Z,In the Lab Auto Parallel,IL-33,Jacob Oster,Oshawa,Generals,true,15,Random Inserts in Hobby & e-Pack,20,,,,,,,2024-25 CHL Hockey Checklist,2024-25-chl-hockey-checklist
,,http://upperdeck.com/checklist/2024-25-chl-hockey-checklist/,2025-12-24T04:16:46.242Z,In the Lab Auto Parallel,IL-34,Mathis Rousseau,Moncton,Wildcats,true,15,Random Inserts in Hobby & e-Pack,20,,,,,,,2024-25 CHL Hockey Checklist,2024-25-chl-hockey-checklist
,,http://upperdeck.com/checklist/2024-25-chl-hockey-checklist/,2025-12-24T04:16:46.242Z,In the Lab Auto Parallel,IL-35,Brayden Yager,Lethbridge,Hurricanes,true,15,Random Inserts in Hobby & e-Pack,20,,,,,,,2024-25 CHL Hockey Checklist,2024-25-chl-hockey-checklist
,,http://upperdeck.com/checklist/2024-25-chl-hockey-checklist/,2025-12-24T04:16:46.242Z,Prominent Combos,PC-1,Carter Yakemchuk/Oliver Tulk,Calgary/Calgary,Hitmen/Hitmen,,,"1:5 h, 1:5 e, 1:9 b",20,,,,,,,2024-25 CHL Hockey Checklist,2024-25-chl-hockey-checklist
,,http://upperdeck.com/checklist/2024-25-chl-hockey-checklist/,2025-12-24T04:16:46.242Z,Prominent Combos,PC-2,Beckett Sennecke/Luca Marrelli,Oshawa/Oshawa,Generals/Generals,,,"1:5 h, 1:5 e, 1:9 b",20,,,,,,,2024-25 CHL Hockey Checklist,2024-25-chl-hockey-checklist
,,http://upperdeck.com/checklist/2024-25-chl-hockey-checklist/,2025-12-24T04:16:46.242Z,Prominent Combos,PC-3,Cam Squires/Jacob Newcombe,Cape Breton/Cape Breton,Eagles/Eagles,,,"1:5 h, 1:5 e, 1:9 b",20,,,,,,,2024-25 CHL Hockey Checklist,2024-25-chl-hockey-checklist
,,http://upperdeck.com/checklist/2024-25-chl-hockey-checklist/,2025-12-24T04:16:46.242Z,Prominent Combos,PC-4,Diego Buttazzoni/Tyson Jugnauth,Portland/Portland,Winterhawks/Winterhawks,,,"1:5 h, 1:5 e, 1:9 b",20,,,,,,,2024-25 CHL Hockey Checklist,2024-25-chl-hockey-checklist
,,http://upperdeck.com/checklist/2024-25-chl-hockey-checklist/,2025-12-24T04:16:46.242Z,Prominent Combos,PC-5,Pano Fimis/Sam Alfano,Erie/Erie,Otters/Otters,,,"1:5 h, 1:5 e, 1:9 b",20,,,,,,,2024-25 CHL Hockey Checklist,2024-25-chl-hockey-checklist
,,http://upperdeck.com/checklist/2024-25-chl-hockey-checklist/,2025-12-24T04:16:46.242Z,Prominent Combos,PC-6,Caleb Desnoyers/Julius Sumpf,Moncton/Moncton,Wildcats/Wildcats,,,"1:5 h, 1:5 e, 1:9 b",20,,,,,,,2024-25 CHL Hockey Checklist,2024-25-chl-hockey-checklist
,,http://upperdeck.com/checklist/2024-25-chl-hockey-checklist/,2025-12-24T04:16:46.242Z,Prominent Combos,PC-7,Cole Reschny/Justin Kipkie,Victoria/Victoria,Royals/Royals,,,"1:5 h, 1:5 e, 1:9 b",20,,,,,,,2024-25 CHL Hockey Checklist,2024-25-chl-hockey-checklist
,,http://upperdeck.com/checklist/2024-25-chl-hockey-checklist/,2025-12-24T04:16:46.242Z,Prominent Combos,PC-8,Liam Greentree/Jack Nesbitt,Windsor/Windsor,Spitfires/Spitfires,,,"1:5 h, 1:5 e, 1:9 b",20,,,,,,,2024-25 CHL Hockey Checklist,2024-25-chl-hockey-checklist
,,http://upperdeck.com/checklist/2024-25-chl-hockey-checklist/,2025-12-24T04:16:46.242Z,Prominent Combos,PC-9,Vincent Desjardins/Justin Carbonneau,Blainville-Boisbriand/Blainville-Boisbriand,Armada/Armada,,,"1:5 h, 1:5 e, 1:9 b",20,,,,,,,2024-25 CHL Hockey Checklist,2024-25-chl-hockey-checklist
,,http://upperdeck.com/checklist/2024-25-chl-hockey-checklist/,2025-12-24T04:16:46.242Z,Prominent Combos,PC-10,Tyler Parr/Rowan Calvert,Saskatoon/Saskatoon,Blades/Blades,,,"1:5 h, 1:5 e, 1:9 b",20,,,,,,,2024-25 CHL Hockey Checklist,2024-25-chl-hockey-checklist
,,http://upperdeck.com/checklist/2024-25-chl-hockey-checklist/,2025-12-24T04:16:46.242Z,Prominent Combos,PC-11,Porter Martone/Carson Rehkopf,Brampton/Brampton,Steelheads/Steelheads,,,"1:5 h, 1:5 e, 1:9 b",20,,,,,,,2024-25 CHL Hockey Checklist,2024-25-chl-hockey-checklist
,,http://upperdeck.com/checklist/2024-25-chl-hockey-checklist/,2025-12-24T04:16:46.242Z,Prominent Combos,PC-12,Ethan Gauthier/Luke Woodworth,Drummondville/Drummondville,Voltigeurs/Voltigeurs,,,"1:5 h, 1:5 e, 1:9 b",20,,,,,,,2024-25 CHL Hockey Checklist,2024-25-chl-hockey-checklist
,,http://upperdeck.com/checklist/2024-25-chl-hockey-checklist/,2025-12-24T04:16:46.242Z,Prominent Combos,PC-13,Tij Iginla/Max Graham,Kelowna/Kelowna,Rockets/Rockets,,,"1:5 h, 1:5 e, 1:9 b",20,,,,,,,2024-25 CHL Hockey Checklist,2024-25-chl-hockey-checklist
,,http://upperdeck.com/checklist/2024-25-chl-hockey-checklist/,2025-12-24T04:16:46.242Z,Prominent Combos,PC-14,Sam Dickinson/Easton Cowan,London/London,Knights/Knights,,,"1:5 h, 1:5 e, 1:9 b",20,,,,,,,2024-25 CHL Hockey Checklist,2024-25-chl-hockey-checklist
,,http://upperdeck.com/checklist/2024-25-chl-hockey-checklist/,2025-12-24T04:16:46.242Z,Prominent Combos,PC-15,Alexis Bourque/Olivier Houde,Victoriaville/Victoriaville,Tigres/Tigres,,,"1:5 h, 1:5 e, 1:9 b",20,,,,,,,2024-25 CHL Hockey Checklist,2024-25-chl-hockey-checklist
,,http://upperdeck.com/checklist/2024-25-chl-hockey-checklist/,2025-12-24T04:16:46.242Z,Prominent Combos,PC-16,Berkly Catton/Shea Van Olm,Spokane/Spokane,Chiefs/Chiefs,,,"1:5 h, 1:5 e, 1:9 b",20,,,,,,,2024-25 CHL Hockey Checklist,2024-25-chl-hockey-checklist
,,http://upperdeck.com/checklist/2024-25-chl-hockey-checklist/,2025-12-24T04:16:46.242Z,Prominent Combos,PC-17,Zayne Parekh/Michael Misa,Saginaw/Saginaw,Spirit/Spirit,,,"1:5 h, 1:5 e, 1:9 b",20,,,,,,,2024-25 CHL Hockey Checklist,2024-25-chl-hockey-checklist
,,http://upperdeck.com/checklist/2024-25-chl-hockey-checklist/,2025-12-24T04:16:46.242Z,Prominent Combos,PC-18,Colby Huggan/Louis-Francois Belanger,Acadie-Bathurst/Acadie-Bathurst,Titan/Titan,,,"1:5 h, 1:5 e, 1:9 b",20,,,,,,,2024-25 CHL Hockey Checklist,2024-25-chl-hockey-checklist
,,http://upperdeck.com/checklist/2024-25-chl-hockey-checklist/,2025-12-24T04:16:46.242Z,Prominent Combos,PC-19,Riley Heidt/Borya Valis,Prince George/Prince George,Cougars/Cougars,,,"1:5 h, 1:5 e, 1:9 b",20,,,,,,,2024-25 CHL Hockey Checklist,2024-25-chl-hockey-checklist
,,http://upperdeck.com/checklist/2024-25-chl-hockey-checklist/,2025-12-24T04:16:46.242Z,Prominent Combos,PC-20,Filip Ekberg/Luca Pinelli,Ottawa/Ottawa,67's/67's,,,"1:5 h, 1:5 e, 1:9 b",20,,,,,,,2024-25 CHL Hockey Checklist,2024-25-chl-hockey-checklist
,,http://upperdeck.com/checklist/2024-25-chl-hockey-checklist/,2025-12-24T04:16:46.242Z,Prominent Combos,PC-21,Lars Steiner/Bill Zonnon,Rouyn-Noranda/Rouyn-Noranda,Huskies/Huskies,,,"1:5 h, 1:5 e, 1:9 b",20,,,,,,,2024-25 CHL Hockey Checklist,2024-25-chl-hockey-checklist
,,http://upperdeck.com/checklist/2024-25-chl-hockey-checklist/,2025-12-24T04:16:46.242Z,Prominent Combos,PC-22,Cayden Lindstrom/Gavin McKenna,Medicine Hat/Medicine Hat,Tigers/Tigers,,,"1:5 h, 1:5 e, 1:9 b",20,,,,,,,2024-25 CHL Hockey Checklist,2024-25-chl-hockey-checklist
,,http://upperdeck.com/checklist/2024-25-chl-hockey-checklist/,2025-12-24T04:16:46.242Z,Prominent Combos,PC-23,Jett Luchanko/Charlie Paquette,Guelph/Guelph,Storm/Storm,,,"1:5 h, 1:5 e, 1:9 b",20,,,,,,,2024-25 CHL Hockey Checklist,2024-25-chl-hockey-checklist
,,http://upperdeck.com/checklist/2024-25-chl-hockey-checklist/,2025-12-24T04:16:46.242Z,Prominent Combos,PC-24,Emile Guite/Thomas Desruisseaux,Chicoutimi/Chicoutimi,Sagueneens/Sagueneens,,,"1:5 h, 1:5 e, 1:9 b",20,,,,,,,2024-25 CHL Hockey Checklist,2024-25-chl-hockey-checklist
,,http://upperdeck.com/checklist/2024-25-chl-hockey-checklist/,2025-12-24T04:16:46.242Z,Prominent Combos,PC-25,Matej Pekar/Braeden Cootes,Seattle/Seattle,Thunderbirds/Thunderbirds,,,"1:5 h, 1:5 e, 1:9 b",20,,,,,,,2024-25 CHL Hockey Checklist,2024-25-chl-hockey-checklist
,,http://upperdeck.com/checklist/2024-25-chl-hockey-checklist/,2025-12-24T04:16:46.242Z,Prominent Combos Red Parallel,PC-1,Carter Yakemchuk/Oliver Tulk,Calgary/Calgary,Hitmen/Hitmen,,125,Random Inserts in Hobby & e-Pack,20,,,,,,,2024-25 CHL Hockey Checklist,2024-25-chl-hockey-checklist
,,http://upperdeck.com/checklist/2024-25-chl-hockey-checklist/,2025-12-24T04:16:46.242Z,Prominent Combos Red Parallel,PC-2,Beckett Sennecke/Luca Marrelli,Oshawa/Oshawa,Generals/Generals,,125,Random Inserts in Hobby & e-Pack,20,,,,,,,2024-25 CHL Hockey Checklist,2024-25-chl-hockey-checklist
,,http://upperdeck.com/checklist/2024-25-chl-hockey-checklist/,2025-12-24T04:16:46.242Z,Prominent Combos Red Parallel,PC-3,Cam Squires/Jacob Newcombe,Cape Breton/Cape Breton,Eagles/Eagles,,125,Random Inserts in Hobby & e-Pack,20,,,,,,,2024-25 CHL Hockey Checklist,2024-25-chl-hockey-checklist
,,http://upperdeck.com/checklist/2024-25-chl-hockey-checklist/,2025-12-24T04:16:46.242Z,Prominent Combos Red Parallel,PC-4,Diego Buttazzoni/Tyson Jugnauth,Portland/Portland,Winterhawks/Winterhawks,,125,Random Inserts in Hobby & e-Pack,20,,,,,,,2024-25 CHL Hockey Checklist,2024-25-chl-hockey-checklist
,,http://upperdeck.com/checklist/2024-25-chl-hockey-checklist/,2025-12-24T04:16:46.242Z,Prominent Combos Red Parallel,PC-5,Pano Fimis/Sam Alfano,Erie/Erie,Otters/Otters,,125,Random Inserts in Hobby & e-Pack,20,,,,,,,2024-25 CHL Hockey Checklist,2024-25-chl-hockey-checklist
,,http://upperdeck.com/checklist/2024-25-chl-hockey-checklist/,2025-12-24T04:16:46.242Z,Prominent Combos Red Parallel,PC-6,Caleb Desnoyers/Julius Sumpf,Moncton/Moncton,Wildcats/Wildcats,,125,Random Inserts in Hobby & e-Pack,20,,,,,,,2024-25 CHL Hockey Checklist,2024-25-chl-hockey-checklist
,,http://upperdeck.com/checklist/2024-25-chl-hockey-checklist/,2025-12-24T04:16:46.242Z,Prominent Combos Red Parallel,PC-7,Cole Reschny/Justin Kipkie,Victoria/Victoria,Royals/Royals,,125,Random Inserts in Hobby & e-Pack,20,,,,,,,2024-25 CHL Hockey Checklist,2024-25-chl-hockey-checklist
,,http://upperdeck.com/checklist/2024-25-chl-hockey-checklist/,2025-12-24T04:16:46.242Z,Prominent Combos Red Parallel,PC-8,Liam Greentree/Jack Nesbitt,Windsor/Windsor,Spitfires/Spitfires,,125,Random Inserts in Hobby & e-Pack,20,,,,,,,2024-25 CHL Hockey Checklist,2024-25-chl-hockey-checklist
,,http://upperdeck.com/checklist/2024-25-chl-hockey-checklist/,2025-12-24T04:16:46.243Z,Prominent Combos Red Parallel,PC-9,Vincent Desjardins/Justin Carbonneau,Blainville-Boisbriand/Blainville-Boisbriand,Armada/Armada,,125,Random Inserts in Hobby & e-Pack,20,,,,,,,2024-25 CHL Hockey Checklist,2024-25-chl-hockey-checklist
,,http://upperdeck.com/checklist/2024-25-chl-hockey-checklist/,2025-12-24T04:16:46.243Z,Prominent Combos Red Parallel,PC-10,Rowan Calvert/Tyler Parr,Saskatoon/Saskatoon,Blades/Blades,,125,Random Inserts in Hobby & e-Pack,20,,,,,,,2024-25 CHL Hockey Checklist,2024-25-chl-hockey-checklist
,,http://upperdeck.com/checklist/2024-25-chl-hockey-checklist/,2025-12-24T04:16:46.243Z,Prominent Combos Red Parallel,PC-11,Porter Martone/Carson Rehkopf,Brampton/Brampton,Steelheads/Steelheads,,125,Random Inserts in Hobby & e-Pack,20,,,,,,,2024-25 CHL Hockey Checklist,2024-25-chl-hockey-checklist
,,http://upperdeck.com/checklist/2024-25-chl-hockey-checklist/,2025-12-24T04:16:46.243Z,Prominent Combos Red Parallel,PC-12,Ethan Gauthier/Luke Woodworth,Drummondville/Drummondville,Voltigeurs/Voltigeurs,,125,Random Inserts in Hobby & e-Pack,20,,,,,,,2024-25 CHL Hockey Checklist,2024-25-chl-hockey-checklist
,,http://upperdeck.com/checklist/2024-25-chl-hockey-checklist/,2025-12-24T04:16:46.243Z,Prominent Combos Red Parallel,PC-13,Tij Iginla/Max Graham,Kelowna/Kelowna,Rockets/Rockets,,125,Random Inserts in Hobby & e-Pack,20,,,,,,,2024-25 CHL Hockey Checklist,2024-25-chl-hockey-checklist
,,http://upperdeck.com/checklist/2024-25-chl-hockey-checklist/,2025-12-24T04:16:46.243Z,Prominent Combos Red Parallel,PC-14,Sam Dickinson/Easton Cowan,London/London,Knights/Knights,,125,Random Inserts in Hobby & e-Pack,20,,,,,,,2024-25 CHL Hockey Checklist,2024-25-chl-hockey-checklist
,,http://upperdeck.com/checklist/2024-25-chl-hockey-checklist/,2025-12-24T04:16:46.243Z,Prominent Combos Red Parallel,PC-15,Alexis Bourque/Olivier Houde,Victoriaville/Victoriaville,Tigres/Tigres,,125,Random Inserts in Hobby & e-Pack,20,,,,,,,2024-25 CHL Hockey Checklist,2024-25-chl-hockey-checklist
,,http://upperdeck.com/checklist/2024-25-chl-hockey-checklist/,2025-12-24T04:16:46.243Z,Prominent Combos Red Parallel,PC-16,Berkly Catton/Shea Van Olm,Spokane/Spokane,Chiefs/Chiefs,,125,Random Inserts in Hobby & e-Pack,20,,,,,,,2024-25 CHL Hockey Checklist,2024-25-chl-hockey-checklist
,,http://upperdeck.com/checklist/2024-25-chl-hockey-checklist/,2025-12-24T04:16:46.243Z,Prominent Combos Red Parallel,PC-17,Zayne Parekh/Michael Misa,Saginaw/Saginaw,Spirit/Spirit,,125,Random Inserts in Hobby & e-Pack,20,,,,,,,2024-25 CHL Hockey Checklist,2024-25-chl-hockey-checklist
,,http://upperdeck.com/checklist/2024-25-chl-hockey-checklist/,2025-12-24T04:16:46.243Z,Prominent Combos Red Parallel,PC-18,Colby Huggan/Louis-Francois Belanger,Acadie-Bathurst/Acadie-Bathurst,Titan/Titan,,125,Random Inserts in Hobby & e-Pack,20,,,,,,,2024-25 CHL Hockey Checklist,2024-25-chl-hockey-checklist
,,http://upperdeck.com/checklist/2024-25-chl-hockey-checklist/,2025-12-24T04:16:46.243Z,Prominent Combos Red Parallel,PC-19,Riley Heidt/Borya Valis,Prince George/Prince George,Cougars/Cougars,,125,Random Inserts in Hobby & e-Pack,20,,,,,,,2024-25 CHL Hockey Checklist,2024-25-chl-hockey-checklist
,,http://upperdeck.com/checklist/2024-25-chl-hockey-checklist/,2025-12-24T04:16:46.243Z,Prominent Combos Red Parallel,PC-20,Filip Ekberg/Luca Pinelli,Ottawa/Ottawa,67's/67's,,125,Random Inserts in Hobby & e-Pack,20,,,,,,,2024-25 CHL Hockey Checklist,2024-25-chl-hockey-checklist
,,http://upperdeck.com/checklist/2024-25-chl-hockey-checklist/,2025-12-24T04:16:46.243Z,Prominent Combos Red Parallel,PC-21,Lars Steiner/Bill Zonnon,Rouyn-Noranda/Rouyn-Noranda,Huskies/Huskies,,125,Random Inserts in Hobby & e-Pack,20,,,,,,,2024-25 CHL Hockey Checklist,2024-25-chl-hockey-checklist
,,http://upperdeck.com/checklist/2024-25-chl-hockey-checklist/,2025-12-24T04:16:46.243Z,Prominent Combos Red Parallel,PC-22,Cayden Lindstrom/Gavin McKenna,Medicine Hat/Medicine Hat,Tigers/Tigers,,125,Random Inserts in Hobby & e-Pack,20,,,,,,,2024-25 CHL Hockey Checklist,2024-25-chl-hockey-checklist
,,http://upperdeck.com/checklist/2024-25-chl-hockey-checklist/,2025-12-24T04:16:46.243Z,Prominent Combos Red Parallel,PC-23,Jett Luchanko/Charlie Paquette,Guelph/Guelph,Storm/Storm,,125,Random Inserts in Hobby & e-Pack,20,,,,,,,2024-25 CHL Hockey Checklist,2024-25-chl-hockey-checklist
,,http://upperdeck.com/checklist/2024-25-chl-hockey-checklist/,2025-12-24T04:16:46.243Z,Prominent Combos Red Parallel,PC-24,Emile Guite/Thomas Desruisseaux,Chicoutimi/Chicoutimi,Sagueneens/Sagueneens,,125,Random Inserts in Hobby & e-Pack,20,,,,,,,2024-25 CHL Hockey Checklist,2024-25-chl-hockey-checklist
,,http://upperdeck.com/checklist/2024-25-chl-hockey-checklist/,2025-12-24T04:16:46.243Z,Prominent Combos Red Parallel,PC-25,Matej Pekar/Braeden Cootes,Seattle/Seattle,Thunderbirds/Thunderbirds,,125,Random Inserts in Hobby & e-Pack,20,,,,,,,2024-25 CHL Hockey Checklist,2024-25-chl-hockey-checklist
,,http://upperdeck.com/checklist/2024-25-chl-hockey-checklist/,2025-12-24T04:16:46.243Z,Prominent Combos Blue Parallel,PC-1,Carter Yakemchuk/Oliver Tulk,Calgary/Calgary,Hitmen/Hitmen,,25,Random Inserts in Hobby & e-Pack,20,,,,,,,2024-25 CHL Hockey Checklist,2024-25-chl-hockey-checklist
,,http://upperdeck.com/checklist/2024-25-chl-hockey-checklist/,2025-12-24T04:16:46.243Z,Prominent Combos Blue Parallel,PC-2,Beckett Sennecke/Luca Marrelli,Oshawa/Oshawa,Generals/Generals,,25,Random Inserts in Hobby & e-Pack,20,,,,,,,2024-25 CHL Hockey Checklist,2024-25-chl-hockey-checklist
,,http://upperdeck.com/checklist/2024-25-chl-hockey-checklist/,2025-12-24T04:16:46.243Z,Prominent Combos Blue Parallel,PC-3,Cam Squires/Jacob Newcombe,Cape Breton/Cape Breton,Eagles/Eagles,,25,Random Inserts in Hobby & e-Pack,20,,,,,,,2024-25 CHL Hockey Checklist,2024-25-chl-hockey-checklist
,,http://upperdeck.com/checklist/2024-25-chl-hockey-checklist/,2025-12-24T04:16:46.243Z,Prominent Combos Blue Parallel,PC-4,Diego Buttazzoni/Tyson Jugnauth,Portland/Portland,Winterhawks/Winterhawks,,25,Random Inserts in Hobby & e-Pack,20,,,,,,,2024-25 CHL Hockey Checklist,2024-25-chl-hockey-checklist
,,http://upperdeck.com/checklist/2024-25-chl-hockey-checklist/,2025-12-24T04:16:46.243Z,Prominent Combos Blue Parallel,PC-5,Pano Fimis/Sam Alfano,Erie/Erie,Otters/Otters,,25,Random Inserts in Hobby & e-Pack,20,,,,,,,2024-25 CHL Hockey Checklist,2024-25-chl-hockey-checklist
,,http://upperdeck.com/checklist/2024-25-chl-hockey-checklist/,2025-12-24T04:16:46.243Z,Prominent Combos Blue Parallel,PC-6,Caleb Desnoyers/Julius Sumpf,Moncton/Moncton,Wildcats/Wildcats,,25,Random Inserts in Hobby & e-Pack,20,,,,,,,2024-25 CHL Hockey Checklist,2024-25-chl-hockey-checklist
,,http://upperdeck.com/checklist/2024-25-chl-hockey-checklist/,2025-12-24T04:16:46.243Z,Prominent Combos Blue Parallel,PC-7,Cole Reschny/Justin Kipkie,Victoria/Victoria,Royals/Royals,,25,Random Inserts in Hobby & e-Pack,20,,,,,,,2024-25 CHL Hockey Checklist,2024-25-chl-hockey-checklist
,,http://upperdeck.com/checklist/2024-25-chl-hockey-checklist/,2025-12-24T04:16:46.243Z,Prominent Combos Blue Parallel,PC-8,Liam Greentree/Jack Nesbitt,Windsor/Windsor,Spitfires/Spitfires,,25,Random Inserts in Hobby & e-Pack,20,,,,,,,2024-25 CHL Hockey Checklist,2024-25-chl-hockey-checklist
,,http://upperdeck.com/checklist/2024-25-chl-hockey-checklist/,2025-12-24T04:16:46.243Z,Prominent Combos Blue Parallel,PC-9,Vincent Desjardins/Justin Carbonneau,Blainville-Boisbriand/Blainville-Boisbriand,Armada/Armada,,25,Random Inserts in Hobby & e-Pack,20,,,,,,,2024-25 CHL Hockey Checklist,2024-25-chl-hockey-checklist
,,http://upperdeck.com/checklist/2024-25-chl-hockey-checklist/,2025-12-24T04:16:46.243Z,Prominent Combos Blue Parallel,PC-10,Rowan Calvert/Tyler Parr,Saskatoon/Saskatoon,Blades/Blades,,25,Random Inserts in Hobby & e-Pack,20,,,,,,,2024-25 CHL Hockey Checklist,2024-25-chl-hockey-checklist
,,http://upperdeck.com/checklist/2024-25-chl-hockey-checklist/,2025-12-24T04:16:46.243Z,Prominent Combos Blue Parallel,PC-11,Porter Martone/Carson Rehkopf,Brampton/Brampton,Steelheads/Steelheads,,25,Random Inserts in Hobby & e-Pack,20,,,,,,,2024-25 CHL Hockey Checklist,2024-25-chl-hockey-checklist
,,http://upperdeck.com/checklist/2024-25-chl-hockey-checklist/,2025-12-24T04:16:46.243Z,Prominent Combos Blue Parallel,PC-12,Ethan Gauthier/Luke Woodworth,Drummondville/Drummondville,Voltigeurs/Voltigeurs,,25,Random Inserts in Hobby & e-Pack,20,,,,,,,2024-25 CHL Hockey Checklist,2024-25-chl-hockey-checklist
,,http://upperdeck.com/checklist/2024-25-chl-hockey-checklist/,2025-12-24T04:16:46.243Z,Prominent Combos Blue Parallel,PC-13,Tij Iginla/Max Graham,Kelowna/Kelowna,Rockets/Rockets,,25,Random Inserts in Hobby & e-Pack,20,,,,,,,2024-25 CHL Hockey Checklist,2024-25-chl-hockey-checklist
,,http://upperdeck.com/checklist/2024-25-chl-hockey-checklist/,2025-12-24T04:16:46.243Z,Prominent Combos Blue Parallel,PC-14,Sam Dickinson/Easton Cowan,London/London,Knights/Knights,,25,Random Inserts in Hobby & e-Pack,20,,,,,,,2024-25 CHL Hockey Checklist,2024-25-chl-hockey-checklist
,,http://upperdeck.com/checklist/2024-25-chl-hockey-checklist/,2025-12-24T04:16:46.243Z,Prominent Combos Blue Parallel,PC-15,Alexis Bourque/Olivier Houde,Victoriaville/Victoriaville,Tigres/Tigres,,25,Random Inserts in Hobby & e-Pack,20,,,,,,,2024-25 CHL Hockey Checklist,2024-25-chl-hockey-checklist
,,http://upperdeck.com/checklist/2024-25-chl-hockey-checklist/,2025-12-24T04:16:46.243Z,Prominent Combos Blue Parallel,PC-16,Berkly Catton/Shea Van Olm,Spokane/Spokane,Chiefs/Chiefs,,25,Random Inserts in Hobby & e-Pack,20,,,,,,,2024-25 CHL Hockey Checklist,2024-25-chl-hockey-checklist
,,http://upperdeck.com/checklist/2024-25-chl-hockey-checklist/,2025-12-24T04:16:46.243Z,Prominent Combos Blue Parallel,PC-17,Zayne Parekh/Michael Misa,Saginaw/Saginaw,Spirit/Spirit,,25,Random Inserts in Hobby & e-Pack,20,,,,,,,2024-25 CHL Hockey Checklist,2024-25-chl-hockey-checklist
,,http://upperdeck.com/checklist/2024-25-chl-hockey-checklist/,2025-12-24T04:16:46.243Z,Prominent Combos Blue Parallel,PC-18,Colby Huggan/Louis-Francois Belanger,Acadie-Bathurst/Acadie-Bathurst,Titan/Titan,,25,Random Inserts in Hobby & e-Pack,20,,,,,,,2024-25 CHL Hockey Checklist,2024-25-chl-hockey-checklist
,,http://upperdeck.com/checklist/2024-25-chl-hockey-checklist/,2025-12-24T04:16:46.243Z,Prominent Combos Blue Parallel,PC-19,Riley Heidt/Borya Valis,Prince George/Prince George,Cougars/Cougars,,25,Random Inserts in Hobby & e-Pack,20,,,,,,,2024-25 CHL Hockey Checklist,2024-25-chl-hockey-checklist
,,http://upperdeck.com/checklist/2024-25-chl-hockey-checklist/,2025-12-24T04:16:46.243Z,Prominent Combos Blue Parallel,PC-20,Filip Ekberg/Luca Pinelli,Ottawa/Ottawa,67's/67's,,25,Random Inserts in Hobby & e-Pack,20,,,,,,,2024-25 CHL Hockey Checklist,2024-25-chl-hockey-checklist
,,http://upperdeck.com/checklist/2024-25-chl-hockey-checklist/,2025-12-24T04:16:46.243Z,Prominent Combos Blue Parallel,PC-21,Lars Steiner/Bill Zonnon,Rouyn-Noranda/Rouyn-Noranda,Huskies/Huskies,,25,Random Inserts in Hobby & e-Pack,20,,,,,,,2024-25 CHL Hockey Checklist,2024-25-chl-hockey-checklist
,,http://upperdeck.com/checklist/2024-25-chl-hockey-checklist/,2025-12-24T04:16:46.243Z,Prominent Combos Blue Parallel,PC-22,Cayden Lindstrom/Gavin McKenna,Medicine Hat/Medicine Hat,Tigers/Tigers,,25,Random Inserts in Hobby & e-Pack,20,,,,,,,2024-25 CHL Hockey Checklist,2024-25-chl-hockey-checklist
,,http://upperdeck.com/checklist/2024-25-chl-hockey-checklist/,2025-12-24T04:16:46.243Z,Prominent Combos Blue Parallel,PC-23,Jett Luchanko/Charlie Paquette,Guelph/Guelph,Storm/Storm,,25,Random Inserts in Hobby & e-Pack,20,,,,,,,2024-25 CHL Hockey Checklist,2024-25-chl-hockey-checklist
,,http://upperdeck.com/checklist/2024-25-chl-hockey-checklist/,2025-12-24T04:16:46.243Z,Prominent Combos Blue Parallel,PC-24,Emile Guite/Thomas Desruisseaux,Chicoutimi/Chicoutimi,Sagueneens/Sagueneens,,25,Random Inserts in Hobby & e-Pack,20,,,,,,,2024-25 CHL Hockey Checklist,2024-25-chl-hockey-checklist
,,http://upperdeck.com/checklist/2024-25-chl-hockey-checklist/,2025-12-24T04:16:46.243Z,Prominent Combos Blue Parallel,PC-25,Matej Pekar/Braeden Cootes,Seattle/Seattle,Thunderbirds/Thunderbirds,,25,Random Inserts in Hobby & e-Pack,20,,,,,,,2024-25 CHL Hockey Checklist,2024-25-chl-hockey-checklist
,,http://upperdeck.com/checklist/2024-25-chl-hockey-checklist/,2025-12-24T04:16:46.243Z,Prominent Combos Black Parallel,PC-1,Carter Yakemchuk/Oliver Tulk,Calgary/Calgary,Hitmen/Hitmen,,1,Random Inserts in Hobby & e-Pack,20,,,,,,,2024-25 CHL Hockey Checklist,2024-25-chl-hockey-checklist
,,http://upperdeck.com/checklist/2024-25-chl-hockey-checklist/,2025-12-24T04:16:46.243Z,Prominent Combos Black Parallel,PC-2,Beckett Sennecke/Luca Marrelli,Oshawa/Oshawa,Generals/Generals,,1,Random Inserts in Hobby & e-Pack,20,,,,,,,2024-25 CHL Hockey Checklist,2024-25-chl-hockey-checklist
,,http://upperdeck.com/checklist/2024-25-chl-hockey-checklist/,2025-12-24T04:16:46.243Z,Prominent Combos Black Parallel,PC-3,Cam Squires/Jacob Newcombe,Cape Breton/Cape Breton,Eagles/Eagles,,1,Random Inserts in Hobby & e-Pack,20,,,,,,,2024-25 CHL Hockey Checklist,2024-25-chl-hockey-checklist
,,http://upperdeck.com/checklist/2024-25-chl-hockey-checklist/,2025-12-24T04:16:46.243Z,Prominent Combos Black Parallel,PC-4,Diego Buttazzoni/Tyson Jugnauth,Portland/Portland,Winterhawks/Winterhawks,,1,Random Inserts in Hobby & e-Pack,20,,,,,,,2024-25 CHL Hockey Checklist,2024-25-chl-hockey-checklist
,,http://upperdeck.com/checklist/2024-25-chl-hockey-checklist/,2025-12-24T04:16:46.243Z,Prominent Combos Black Parallel,PC-5,Pano Fimis/Sam Alfano,Erie/Erie,Otters/Otters,,1,Random Inserts in Hobby & e-Pack,20,,,,,,,2024-25 CHL Hockey Checklist,2024-25-chl-hockey-checklist
,,http://upperdeck.com/checklist/2024-25-chl-hockey-checklist/,2025-12-24T04:16:46.243Z,Prominent Combos Black Parallel,PC-6,Caleb Desnoyers/Julius Sumpf,Moncton/Moncton,Wildcats/Wildcats,,1,Random Inserts in Hobby & e-Pack,20,,,,,,,2024-25 CHL Hockey Checklist,2024-25-chl-hockey-checklist
,,http://upperdeck.com/checklist/2024-25-chl-hockey-checklist/,2025-12-24T04:16:46.243Z,Prominent Combos Black Parallel,PC-7,Cole Reschny/Justin Kipkie,Victoria/Victoria,Royals/Royals,,1,Random Inserts in Hobby & e-Pack,20,,,,,,,2024-25 CHL Hockey Checklist,2024-25-chl-hockey-checklist
,,http://upperdeck.com/checklist/2024-25-chl-hockey-checklist/,2025-12-24T04:16:46.243Z,Prominent Combos Black Parallel,PC-8,Liam Greentree/Jack Nesbitt,Windsor/Windsor,Spitfires/Spitfires,,1,Random Inserts in Hobby & e-Pack,20,,,,,,,2024-25 CHL Hockey Checklist,2024-25-chl-hockey-checklist
,,http://upperdeck.com/checklist/2024-25-chl-hockey-checklist/,2025-12-24T04:16:46.243Z,Prominent Combos Black Parallel,PC-9,Vincent Desjardins/Justin Carbonneau,Blainville-Boisbriand/Blainville-Boisbriand,Armada/Armada,,1,Random Inserts in Hobby & e-Pack,20,,,,,,,2024-25 CHL Hockey Checklist,2024-25-chl-hockey-checklist
,,http://upperdeck.com/checklist/2024-25-chl-hockey-checklist/,2025-12-24T04:16:46.243Z,Prominent Combos Black Parallel,PC-10,Rowan Calvert/Tyler Parr,Saskatoon/Saskatoon,Blades/Blades,,1,Random Inserts in Hobby & e-Pack,20,,,,,,,2024-25 CHL Hockey Checklist,2024-25-chl-hockey-checklist
,,http://upperdeck.com/checklist/2024-25-chl-hockey-checklist/,2025-12-24T04:16:46.243Z,Prominent Combos Black Parallel,PC-11,Porter Martone/Carson Rehkopf,Brampton/Brampton,Steelheads/Steelheads,,1,Random Inserts in Hobby & e-Pack,20,,,,,,,2024-25 CHL Hockey Checklist,2024-25-chl-hockey-checklist
,,http://upperdeck.com/checklist/2024-25-chl-hockey-checklist/,2025-12-24T04:16:46.243Z,Prominent Combos Black Parallel,PC-12,Ethan Gauthier/Luke Woodworth,Drummondville/Drummondville,Voltigeurs/Voltigeurs,,1,Random Inserts in Hobby & e-Pack,20,,,,,,,2024-25 CHL Hockey Checklist,2024-25-chl-hockey-checklist
,,http://upperdeck.com/checklist/2024-25-chl-hockey-checklist/,2025-12-24T04:16:46.243Z,Prominent Combos Black Parallel,PC-13,Tij Iginla/Max Graham,Kelowna/Kelowna,Rockets/Rockets,,1,Random Inserts in Hobby & e-Pack,20,,,,,,,2024-25 CHL Hockey Checklist,2024-25-chl-hockey-checklist
,,http://upperdeck.com/checklist/2024-25-chl-hockey-checklist/,2025-12-24T04:16:46.243Z,Prominent Combos Black Parallel,PC-14,Sam Dickinson/Easton Cowan,London/London,Knights/Knights,,1,Random Inserts in Hobby & e-Pack,20,,,,,,,2024-25 CHL Hockey Checklist,2024-25-chl-hockey-checklist
,,http://upperdeck.com/checklist/2024-25-chl-hockey-checklist/,2025-12-24T04:16:46.243Z,Prominent Combos Black Parallel,PC-15,Alexis Bourque/Olivier Houde,Victoriaville/Victoriaville,Tigres/Tigres,,1,Random Inserts in Hobby & e-Pack,20,,,,,,,2024-25 CHL Hockey Checklist,2024-25-chl-hockey-checklist
,,http://upperdeck.com/checklist/2024-25-chl-hockey-checklist/,2025-12-24T04:16:46.243Z,Prominent Combos Black Parallel,PC-16,Berkly Catton/Shea Van Olm,Spokane/Spokane,Chiefs/Chiefs,,1,Random Inserts in Hobby & e-Pack,20,,,,,,,2024-25 CHL Hockey Checklist,2024-25-chl-hockey-checklist
,,http://upperdeck.com/checklist/2024-25-chl-hockey-checklist/,2025-12-24T04:16:46.244Z,Prominent Combos Black Parallel,PC-17,Zayne Parekh/Michael Misa,Saginaw/Saginaw,Spirit/Spirit,,1,Random Inserts in Hobby & e-Pack,20,,,,,,,2024-25 CHL Hockey Checklist,2024-25-chl-hockey-checklist
,,http://upperdeck.com/checklist/2024-25-chl-hockey-checklist/,2025-12-24T04:16:46.244Z,Prominent Combos Black Parallel,PC-18,Colby Huggan/Louis-Francois Belanger,Acadie-Bathurst/Acadie-Bathurst,Titan/Titan,,1,Random Inserts in Hobby & e-Pack,20,,,,,,,2024-25 CHL Hockey Checklist,2024-25-chl-hockey-checklist
,,http://upperdeck.com/checklist/2024-25-chl-hockey-checklist/,2025-12-24T04:16:46.244Z,Prominent Combos Black Parallel,PC-19,Riley Heidt/Borya Valis,Prince George/Prince George,Cougars/Cougars,,1,Random Inserts in Hobby & e-Pack,20,,,,,,,2024-25 CHL Hockey Checklist,2024-25-chl-hockey-checklist
,,http://upperdeck.com/checklist/2024-25-chl-hockey-checklist/,2025-12-24T04:16:46.244Z,Prominent Combos Black Parallel,PC-20,Filip Ekberg/Luca Pinelli,Ottawa/Ottawa,67's/67's,,1,Random Inserts in Hobby & e-Pack,20,,,,,,,2024-25 CHL Hockey Checklist,2024-25-chl-hockey-checklist
,,http://upperdeck.com/checklist/2024-25-chl-hockey-checklist/,2025-12-24T04:16:46.244Z,Prominent Combos Black Parallel,PC-21,Lars Steiner/Bill Zonnon,Rouyn-Noranda/Rouyn-Noranda,Huskies/Huskies,,1,Random Inserts in Hobby & e-Pack,20,,,,,,,2024-25 CHL Hockey Checklist,2024-25-chl-hockey-checklist
,,http://upperdeck.com/checklist/2024-25-chl-hockey-checklist/,2025-12-24T04:16:46.244Z,Prominent Combos Black Parallel,PC-22,Cayden Lindstrom/Gavin McKenna,Medicine Hat/Medicine Hat,Tigers/Tigers,,1,Random Inserts in Hobby & e-Pack,20,,,,,,,2024-25 CHL Hockey Checklist,2024-25-chl-hockey-checklist
,,http://upperdeck.com/checklist/2024-25-chl-hockey-checklist/,2025-12-24T04:16:46.244Z,Prominent Combos Black Parallel,PC-23,Jett Luchanko/Charlie Paquette,Guelph/Guelph,Storm/Storm,,1,Random Inserts in Hobby & e-Pack,20,,,,,,,2024-25 CHL Hockey Checklist,2024-25-chl-hockey-checklist
,,http://upperdeck.com/checklist/2024-25-chl-hockey-checklist/,2025-12-24T04:16:46.244Z,Prominent Combos Black Parallel,PC-24,Emile Guite/Thomas Desruisseaux,Chicoutimi/Chicoutimi,Sagueneens/Sagueneens,,1,Random Inserts in Hobby & e-Pack,20,,,,,,,2024-25 CHL Hockey Checklist,2024-25-chl-hockey-checklist
,,http://upperdeck.com/checklist/2024-25-chl-hockey-checklist/,2025-12-24T04:16:46.244Z,Prominent Combos Black Parallel,PC-25,Matej Pekar/Braeden Cootes,Seattle/Seattle,Thunderbirds/Thunderbirds,,1,Random Inserts in Hobby & e-Pack,20,,,,,,,2024-25 CHL Hockey Checklist,2024-25-chl-hockey-checklist
,,http://upperdeck.com/checklist/2024-25-chl-hockey-checklist/,2025-12-24T04:16:46.244Z,Prominent Combos Auto Parallel,PC-1,Carter Yakemchuk/Oliver Tulk,Calgary/Calgary,Hitmen/Hitmen,true,15,Random Inserts in Hobby & e-Pack,20,,,,,,,2024-25 CHL Hockey Checklist,2024-25-chl-hockey-checklist
,,http://upperdeck.com/checklist/2024-25-chl-hockey-checklist/,2025-12-24T04:16:46.244Z,Prominent Combos Auto Parallel,PC-2,Beckett Sennecke/Luca Marrelli,Oshawa/Oshawa,Generals/Generals,true,15,Random Inserts in Hobby & e-Pack,20,,,,,,,2024-25 CHL Hockey Checklist,2024-25-chl-hockey-checklist
,,http://upperdeck.com/checklist/2024-25-chl-hockey-checklist/,2025-12-24T04:16:46.244Z,Prominent Combos Auto Parallel,PC-3,Cam Squires/Jacob Newcombe,Cape Breton/Cape Breton,Eagles/Eagles,true,15,Random Inserts in Hobby & e-Pack,20,,,,,,,2024-25 CHL Hockey Checklist,2024-25-chl-hockey-checklist
,,http://upperdeck.com/checklist/2024-25-chl-hockey-checklist/,2025-12-24T04:16:46.244Z,Prominent Combos Auto Parallel,PC-4,Diego Buttazzoni/Tyson Jugnauth,Portland/Portland,Winterhawks/Winterhawks,true,15,Random Inserts in Hobby & e-Pack,20,,,,,,,2024-25 CHL Hockey Checklist,2024-25-chl-hockey-checklist
,,http://upperdeck.com/checklist/2024-25-chl-hockey-checklist/,2025-12-24T04:16:46.244Z,Prominent Combos Auto Parallel,PC-5,Pano Fimis/Sam Alfano,Erie/Erie,Otters/Otters,true,15,Random Inserts in Hobby & e-Pack,20,,,,,,,2024-25 CHL Hockey Checklist,2024-25-chl-hockey-checklist
,,http://upperdeck.com/checklist/2024-25-chl-hockey-checklist/,2025-12-24T04:16:46.244Z,Prominent Combos Auto Parallel,PC-6,Caleb Desnoyers/Julius Sumpf,Moncton/Moncton,Wildcats/Wildcats,true,15,Random Inserts in Hobby & e-Pack,20,,,,,,,2024-25 CHL Hockey Checklist,2024-25-chl-hockey-checklist
,,http://upperdeck.com/checklist/2024-25-chl-hockey-checklist/,2025-12-24T04:16:46.244Z,Prominent Combos Auto Parallel,PC-7,Cole Reschny/Justin Kipkie,Victoria/Victoria,Royals/Royals,true,15,Random Inserts in Hobby & e-Pack,20,,,,,,,2024-25 CHL Hockey Checklist,2024-25-chl-hockey-checklist
,,http://upperdeck.com/checklist/2024-25-chl-hockey-checklist/,2025-12-24T04:16:46.244Z,Prominent Combos Auto Parallel,PC-8,Liam Greentree/Jack Nesbitt,Windsor/Windsor,Spitfires/Spitfires,true,15,Random Inserts in Hobby & e-Pack,20,,,,,,,2024-25 CHL Hockey Checklist,2024-25-chl-hockey-checklist
,,http://upperdeck.com/checklist/2024-25-chl-hockey-checklist/,2025-12-24T04:16:46.244Z,Prominent Combos Auto Parallel,PC-11,Porter Martone/Carson Rehkopf,Brampton/Brampton,Steelheads/Steelheads,true,15,Random Inserts in Hobby & e-Pack,20,,,,,,,2024-25 CHL Hockey Checklist,2024-25-chl-hockey-checklist
,,http://upperdeck.com/checklist/2024-25-chl-hockey-checklist/,2025-12-24T04:16:46.244Z,Prominent Combos Auto Parallel,PC-12,Ethan Gauthier/Luke Woodworth,Drummondville/Drummondville,Voltigeurs/Voltigeurs,true,15,Random Inserts in Hobby & e-Pack,20,,,,,,,2024-25 CHL Hockey Checklist,2024-25-chl-hockey-checklist
,,http://upperdeck.com/checklist/2024-25-chl-hockey-checklist/,2025-12-24T04:16:46.244Z,Prominent Combos Auto Parallel,PC-13,Tij Iginla/Max Graham,Kelowna/Kelowna,Rockets/Rockets,true,15,Random Inserts in Hobby & e-Pack,20,,,,,,,2024-25 CHL Hockey Checklist,2024-25-chl-hockey-checklist
,,http://upperdeck.com/checklist/2024-25-chl-hockey-checklist/,2025-12-24T04:16:46.244Z,Prominent Combos Auto Parallel,PC-14,Sam Dickinson/Easton Cowan,London/London,Knights/Knights,true,15,Random Inserts in Hobby & e-Pack,20,,,,,,,2024-25 CHL Hockey Checklist,2024-25-chl-hockey-checklist
,,http://upperdeck.com/checklist/2024-25-chl-hockey-checklist/,2025-12-24T04:16:46.244Z,Prominent Combos Auto Parallel,PC-15,Alexis Bourque/Olivier Houde,Victoriaville/Victoriaville,Tigres/Tigres,true,15,Random Inserts in Hobby & e-Pack,20,,,,,,,2024-25 CHL Hockey Checklist,2024-25-chl-hockey-checklist
,,http://upperdeck.com/checklist/2024-25-chl-hockey-checklist/,2025-12-24T04:16:46.244Z,Prominent Combos Auto Parallel,PC-16,Berkly Catton/Shea Van Olm,Spokane/Spokane,Chiefs/Chiefs,true,15,Random Inserts in Hobby & e-Pack,20,,,,,,,2024-25 CHL Hockey Checklist,2024-25-chl-hockey-checklist
,,http://upperdeck.com/checklist/2024-25-chl-hockey-checklist/,2025-12-24T04:16:46.244Z,Prominent Combos Auto Parallel,PC-17,Zayne Parekh/Michael Misa,Saginaw/Saginaw,Spirit/Spirit,true,15,Random Inserts in Hobby & e-Pack,20,,,,,,,2024-25 CHL Hockey Checklist,2024-25-chl-hockey-checklist
,,http://upperdeck.com/checklist/2024-25-chl-hockey-checklist/,2025-12-24T04:16:46.244Z,Prominent Combos Auto Parallel,PC-18,Colby Huggan/Louis-Francois Belanger,Acadie-Bathurst/Acadie-Bathurst,Titan/Titan,true,15,Random Inserts in Hobby & e-Pack,20,,,,,,,2024-25 CHL Hockey Checklist,2024-25-chl-hockey-checklist
,,http://upperdeck.com/checklist/2024-25-chl-hockey-checklist/,2025-12-24T04:16:46.244Z,Prominent Combos Auto Parallel,PC-19,Riley Heidt/Borya Valis,Prince George/Prince George,Cougars/Cougars,true,15,Random Inserts in Hobby & e-Pack,20,,,,,,,2024-25 CHL Hockey Checklist,2024-25-chl-hockey-checklist
,,http://upperdeck.com/checklist/2024-25-chl-hockey-checklist/,2025-12-24T04:16:46.244Z,Prominent Combos Auto Parallel,PC-20,Filip Ekberg/Luca Pinelli,Ottawa/Ottawa,67's/67's,true,15,Random Inserts in Hobby & e-Pack,20,,,,,,,2024-25 CHL Hockey Checklist,2024-25-chl-hockey-checklist
,,http://upperdeck.com/checklist/2024-25-chl-hockey-checklist/,2025-12-24T04:16:46.244Z,Prominent Combos Auto Parallel,PC-21,Lars Steiner/Bill Zonnon,Rouyn-Noranda/Rouyn-Noranda,Huskies/Huskies,true,15,Random Inserts in Hobby & e-Pack,20,,,,,,,2024-25 CHL Hockey Checklist,2024-25-chl-hockey-checklist
,,http://upperdeck.com/checklist/2024-25-chl-hockey-checklist/,2025-12-24T04:16:46.244Z,Prominent Combos Auto Parallel,PC-22,Cayden Lindstrom/Gavin McKenna,Medicine Hat/Medicine Hat,Tigers/Tigers,true,15,Random Inserts in Hobby & e-Pack,20,,,,,,,2024-25 CHL Hockey Checklist,2024-25-chl-hockey-checklist
,,http://upperdeck.com/checklist/2024-25-chl-hockey-checklist/,2025-12-24T04:16:46.244Z,Prominent Combos Auto Parallel,PC-24,Emile Guite/Thomas Desruisseaux,Chicoutimi/Chicoutimi,Sagueneens/Sagueneens,true,15,Random Inserts in Hobby & e-Pack,20,,,,,,,2024-25 CHL Hockey Checklist,2024-25-chl-hockey-checklist
,,http://upperdeck.com/checklist/2024-25-chl-hockey-checklist/,2025-12-24T04:16:46.244Z,Prominent Combos Auto Parallel,PC-25,Matej Pekar/Braeden Cootes,Seattle/Seattle,Thunderbirds/Thunderbirds,true,15,Random Inserts in Hobby & e-Pack,20,,,,,,,2024-25 CHL Hockey Checklist,2024-25-chl-hockey-checklist
,,http://upperdeck.com/checklist/2024-25-chl-hockey-checklist/,2025-12-24T04:16:46.244Z,That's a Rocket,TR-1,Shea Van Olm,Spokane,Chiefs,,,"1:5 h, 1:5 e, 1:9 b",20,,,,,,,2024-25 CHL Hockey Checklist,2024-25-chl-hockey-checklist
,,http://upperdeck.com/checklist/2024-25-chl-hockey-checklist/,2025-12-24T04:16:46.244Z,That's a Rocket,TR-2,Emmanuel Vermette,Chicoutimi,Sagueneens,,,"1:5 h, 1:5 e, 1:9 b",20,,,,,,,2024-25 CHL Hockey Checklist,2024-25-chl-hockey-checklist
,,http://upperdeck.com/checklist/2024-25-chl-hockey-checklist/,2025-12-24T04:16:46.244Z,That's a Rocket,TR-3,Nick Lardis,Brantford,Bulldogs,,,"1:5 h, 1:5 e, 1:9 b",20,,,,,,,2024-25 CHL Hockey Checklist,2024-25-chl-hockey-checklist
,,http://upperdeck.com/checklist/2024-25-chl-hockey-checklist/,2025-12-24T04:16:46.244Z,That's a Rocket,TR-4,Luke Mistelbacher,Swift Current,Broncos,,,"1:5 h, 1:5 e, 1:9 b",20,,,,,,,2024-25 CHL Hockey Checklist,2024-25-chl-hockey-checklist
,,http://upperdeck.com/checklist/2024-25-chl-hockey-checklist/,2025-12-24T04:16:46.244Z,That's a Rocket,TR-5,Jonathan Fauchon,Rimouski,Oceanic,,,"1:5 h, 1:5 e, 1:9 b",20,,,,,,,2024-25 CHL Hockey Checklist,2024-25-chl-hockey-checklist
,,http://upperdeck.com/checklist/2024-25-chl-hockey-checklist/,2025-12-24T04:16:46.244Z,That's a Rocket,TR-6,Tyler MacKenzie,Everett,Silvertips,,,"1:5 h, 1:5 e, 1:9 b",20,,,,,,,2024-25 CHL Hockey Checklist,2024-25-chl-hockey-checklist
,,http://upperdeck.com/checklist/2024-25-chl-hockey-checklist/,2025-12-24T04:16:46.244Z,That's a Rocket,TR-7,Sam Oliver,Drummondville,Voltigeurs,,,"1:5 h, 1:5 e, 1:9 b",20,,,,,,,2024-25 CHL Hockey Checklist,2024-25-chl-hockey-checklist
,,http://upperdeck.com/checklist/2024-25-chl-hockey-checklist/,2025-12-24T04:16:46.244Z,That's a Rocket,TR-8,Ilya Protas,Windsor,Spitfires,,,"1:5 h, 1:5 e, 1:9 b",20,,,,,,,2024-25 CHL Hockey Checklist,2024-25-chl-hockey-checklist
,,http://upperdeck.com/checklist/2024-25-chl-hockey-checklist/,2025-12-24T04:16:46.244Z,That's a Rocket,TR-9,Kyle Chyzowski,Portland,Winterhawks,,,"1:5 h, 1:5 e, 1:9 b",20,,,,,,,2024-25 CHL Hockey Checklist,2024-25-chl-hockey-checklist
,,http://upperdeck.com/checklist/2024-25-chl-hockey-checklist/,2025-12-24T04:16:46.244Z,That's a Rocket,TR-10,Felix Lacerte,Shawinigan,Cataractes,,,"1:5 h, 1:5 e, 1:9 b",20,,,,,,,2024-25 CHL Hockey Checklist,2024-25-chl-hockey-checklist
,,http://upperdeck.com/checklist/2024-25-chl-hockey-checklist/,2025-12-24T04:16:46.244Z,That's a Rocket,TR-11,Terik Parascak,Prince George,Cougars,,,"1:5 h, 1:5 e, 1:9 b",20,,,,,,,2024-25 CHL Hockey Checklist,2024-25-chl-hockey-checklist
,,http://upperdeck.com/checklist/2024-25-chl-hockey-checklist/,2025-12-24T04:16:46.244Z,That's a Rocket,TR-12,Justin Poirier,Baie-Comeau,Drakkar,,,"1:5 h, 1:5 e, 1:9 b",20,,,,,,,2024-25 CHL Hockey Checklist,2024-25-chl-hockey-checklist
,,http://upperdeck.com/checklist/2024-25-chl-hockey-checklist/,2025-12-24T04:16:46.244Z,That's a Rocket,TR-13,Kevin He,Niagara,IceDogs,,,"1:5 h, 1:5 e, 1:9 b",20,,,,,,,2024-25 CHL Hockey Checklist,2024-25-chl-hockey-checklist
,,http://upperdeck.com/checklist/2024-25-chl-hockey-checklist/,2025-12-24T04:16:46.244Z,That's a Rocket,TR-14,Nathan Behm,Kamloops,Blazers,,,"1:5 h, 1:5 e, 1:9 b",20,,,,,,,2024-25 CHL Hockey Checklist,2024-25-chl-hockey-checklist
,,http://upperdeck.com/checklist/2024-25-chl-hockey-checklist/,2025-12-24T04:16:46.244Z,That's a Rocket,TR-15,Luca Pinelli,Ottawa,67's,,,"1:5 h, 1:5 e, 1:9 b",20,,,,,,,2024-25 CHL Hockey Checklist,2024-25-chl-hockey-checklist
,,http://upperdeck.com/checklist/2024-25-chl-hockey-checklist/,2025-12-24T04:16:46.244Z,That's a Rocket,TR-16,Antonin Verreault,Rouyn-Noranda,Huskies,,,"1:5 h, 1:5 e, 1:9 b",20,,,,,,,2024-25 CHL Hockey Checklist,2024-25-chl-hockey-checklist
,,http://upperdeck.com/checklist/2024-25-chl-hockey-checklist/,2025-12-24T04:16:46.244Z,That's a Rocket,TR-17,Andrei Loshko,Niagara,IceDogs,,,"1:5 h, 1:5 e, 1:9 b",20,,,,,,,2024-25 CHL Hockey Checklist,2024-25-chl-hockey-checklist
,,http://upperdeck.com/checklist/2024-25-chl-hockey-checklist/,2025-12-24T04:16:46.244Z,That's a Rocket,TR-18,Brady Birnie,Swift Current,Broncos,,,"1:5 h, 1:5 e, 1:9 b",20,,,,,,,2024-25 CHL Hockey Checklist,2024-25-chl-hockey-checklist
,,http://upperdeck.com/checklist/2024-25-chl-hockey-checklist/,2025-12-24T04:16:46.244Z,That's a Rocket,TR-19,Michael Misa,Saginaw,Spirit,,,"1:5 h, 1:5 e, 1:9 b",20,,,,,,,2024-25 CHL Hockey Checklist,2024-25-chl-hockey-checklist
,,http://upperdeck.com/checklist/2024-25-chl-hockey-checklist/,2025-12-24T04:16:46.244Z,That's a Rocket,TR-20,Yoan Loshing,Shawinigan,Cataractes,,,"1:5 h, 1:5 e, 1:9 b",20,,,,,,,2024-25 CHL Hockey Checklist,2024-25-chl-hockey-checklist
,,http://upperdeck.com/checklist/2024-25-chl-hockey-checklist/,2025-12-24T04:16:46.244Z,That's a Rocket,TR-21,Porter Martone,Brampton,Steelheads,,,"1:5 h, 1:5 e, 1:9 b",20,,,,,,,2024-25 CHL Hockey Checklist,2024-25-chl-hockey-checklist
,,http://upperdeck.com/checklist/2024-25-chl-hockey-checklist/,2025-12-24T04:16:46.244Z,That's a Rocket,TR-22,Cameron Schmidt,Vancouver,Giants,,,"1:5 h, 1:5 e, 1:9 b",20,,,,,,,2024-25 CHL Hockey Checklist,2024-25-chl-hockey-checklist
,,http://upperdeck.com/checklist/2024-25-chl-hockey-checklist/,2025-12-24T04:16:46.244Z,That's a Rocket,TR-23,Jacob Battaglia,Kingston,Frontenacs,,,"1:5 h, 1:5 e, 1:9 b",20,,,,,,,2024-25 CHL Hockey Checklist,2024-25-chl-hockey-checklist
,,http://upperdeck.com/checklist/2024-25-chl-hockey-checklist/,2025-12-24T04:16:46.244Z,That's a Rocket,TR-24,Jeremie Minville,Gatineau,Olympiques,,,"1:5 h, 1:5 e, 1:9 b",20,,,,,,,2024-25 CHL Hockey Checklist,2024-25-chl-hockey-checklist
,,http://upperdeck.com/checklist/2024-25-chl-hockey-checklist/,2025-12-24T04:16:46.244Z,That's a Rocket,TR-25,Luca Marrelli,Oshawa,Generals,,,"1:5 h, 1:5 e, 1:9 b",20,,,,,,,2024-25 CHL Hockey Checklist,2024-25-chl-hockey-checklist
,,http://upperdeck.com/checklist/2024-25-chl-hockey-checklist/,2025-12-24T04:16:46.244Z,That's a Rocket Red Parallel,TR-1,Shea Van Olm,Spokane,Chiefs,,125,Random Inserts in Hobby & e-Pack,20,,,,,,,2024-25 CHL Hockey Checklist,2024-25-chl-hockey-checklist
,,http://upperdeck.com/checklist/2024-25-chl-hockey-checklist/,2025-12-24T04:16:46.244Z,That's a Rocket Red Parallel,TR-2,Emmanuel Vermette,Chicoutimi,Sagueneens,,125,Random Inserts in Hobby & e-Pack,20,,,,,,,2024-25 CHL Hockey Checklist,2024-25-chl-hockey-checklist
,,http://upperdeck.com/checklist/2024-25-chl-hockey-checklist/,2025-12-24T04:16:46.244Z,That's a Rocket Red Parallel,TR-3,Nick Lardis,Brantford,Bulldogs,,125,Random Inserts in Hobby & e-Pack,20,,,,,,,2024-25 CHL Hockey Checklist,2024-25-chl-hockey-checklist
,,http://upperdeck.com/checklist/2024-25-chl-hockey-checklist/,2025-12-24T04:16:46.244Z,That's a Rocket Red Parallel,TR-4,Luke Mistelbacher,Swift Current,Broncos,,125,Random Inserts in Hobby & e-Pack,20,,,,,,,2024-25 CHL Hockey Checklist,2024-25-chl-hockey-checklist
,,http://upperdeck.com/checklist/2024-25-chl-hockey-checklist/,2025-12-24T04:16:46.244Z,That's a Rocket Red Parallel,TR-5,Jonathan Fauchon,Rimouski,Oceanic,,125,Random Inserts in Hobby & e-Pack,20,,,,,,,2024-25 CHL Hockey Checklist,2024-25-chl-hockey-checklist
,,http://upperdeck.com/checklist/2024-25-chl-hockey-checklist/,2025-12-24T04:16:46.244Z,That's a Rocket Red Parallel,TR-6,Tyler MacKenzie,Everett,Silvertips,,125,Random Inserts in Hobby & e-Pack,20,,,,,,,2024-25 CHL Hockey Checklist,2024-25-chl-hockey-checklist
,,http://upperdeck.com/checklist/2024-25-chl-hockey-checklist/,2025-12-24T04:16:46.244Z,That's a Rocket Red Parallel,TR-7,Sam Oliver,Drummondville,Voltigeurs,,125,Random Inserts in Hobby & e-Pack,20,,,,,,,2024-25 CHL Hockey Checklist,2024-25-chl-hockey-checklist
,,http://upperdeck.com/checklist/2024-25-chl-hockey-checklist/,2025-12-24T04:16:46.245Z,That's a Rocket Red Parallel,TR-8,Ilya Protas,Windsor,Spitfires,,125,Random Inserts in Hobby & e-Pack,20,,,,,,,2024-25 CHL Hockey Checklist,2024-25-chl-hockey-checklist
,,http://upperdeck.com/checklist/2024-25-chl-hockey-checklist/,2025-12-24T04:16:46.245Z,That's a Rocket Red Parallel,TR-9,Kyle Chyzowski,Portland,Winterhawks,,125,Random Inserts in Hobby & e-Pack,20,,,,,,,2024-25 CHL Hockey Checklist,2024-25-chl-hockey-checklist
,,http://upperdeck.com/checklist/2024-25-chl-hockey-checklist/,2025-12-24T04:16:46.245Z,That's a Rocket Red Parallel,TR-10,Felix Lacerte,Shawinigan,Cataractes,,125,Random Inserts in Hobby & e-Pack,20,,,,,,,2024-25 CHL Hockey Checklist,2024-25-chl-hockey-checklist
,,http://upperdeck.com/checklist/2024-25-chl-hockey-checklist/,2025-12-24T04:16:46.245Z,That's a Rocket Red Parallel,TR-11,Terik Parascak,Prince George,Cougars,,125,Random Inserts in Hobby & e-Pack,20,,,,,,,2024-25 CHL Hockey Checklist,2024-25-chl-hockey-checklist
,,http://upperdeck.com/checklist/2024-25-chl-hockey-checklist/,2025-12-24T04:16:46.245Z,That's a Rocket Red Parallel,TR-12,Justin Poirier,Baie-Comeau,Drakkar,,125,Random Inserts in Hobby & e-Pack,20,,,,,,,2024-25 CHL Hockey Checklist,2024-25-chl-hockey-checklist
,,http://upperdeck.com/checklist/2024-25-chl-hockey-checklist/,2025-12-24T04:16:46.245Z,That's a Rocket Red Parallel,TR-13,Kevin He,Niagara,IceDogs,,125,Random Inserts in Hobby & e-Pack,20,,,,,,,2024-25 CHL Hockey Checklist,2024-25-chl-hockey-checklist
,,http://upperdeck.com/checklist/2024-25-chl-hockey-checklist/,2025-12-24T04:16:46.245Z,That's a Rocket Red Parallel,TR-14,Nathan Behm,Kamloops,Blazers,,125,Random Inserts in Hobby & e-Pack,20,,,,,,,2024-25 CHL Hockey Checklist,2024-25-chl-hockey-checklist
,,http://upperdeck.com/checklist/2024-25-chl-hockey-checklist/,2025-12-24T04:16:46.245Z,That's a Rocket Red Parallel,TR-15,Luca Pinelli,Ottawa,67's,,125,Random Inserts in Hobby & e-Pack,20,,,,,,,2024-25 CHL Hockey Checklist,2024-25-chl-hockey-checklist
,,http://upperdeck.com/checklist/2024-25-chl-hockey-checklist/,2025-12-24T04:16:46.245Z,That's a Rocket Red Parallel,TR-16,Antonin Verreault,Rouyn-Noranda,Huskies,,125,Random Inserts in Hobby & e-Pack,20,,,,,,,2024-25 CHL Hockey Checklist,2024-25-chl-hockey-checklist
,,http://upperdeck.com/checklist/2024-25-chl-hockey-checklist/,2025-12-24T04:16:46.245Z,That's a Rocket Red Parallel,TR-17,Andrei Loshko,Niagara,IceDogs,,125,Random Inserts in Hobby & e-Pack,20,,,,,,,2024-25 CHL Hockey Checklist,2024-25-chl-hockey-checklist
,,http://upperdeck.com/checklist/2024-25-chl-hockey-checklist/,2025-12-24T04:16:46.245Z,That's a Rocket Red Parallel,TR-18,Brady Birnie,Swift Current,Broncos,,125,Random Inserts in Hobby & e-Pack,20,,,,,,,2024-25 CHL Hockey Checklist,2024-25-chl-hockey-checklist
,,http://upperdeck.com/checklist/2024-25-chl-hockey-checklist/,2025-12-24T04:16:46.245Z,That's a Rocket Red Parallel,TR-19,Michael Misa,Saginaw,Spirit,,125,Random Inserts in Hobby & e-Pack,20,,,,,,,2024-25 CHL Hockey Checklist,2024-25-chl-hockey-checklist
,,http://upperdeck.com/checklist/2024-25-chl-hockey-checklist/,2025-12-24T04:16:46.245Z,That's a Rocket Red Parallel,TR-20,Yoan Loshing,Shawinigan,Cataractes,,125,Random Inserts in Hobby & e-Pack,20,,,,,,,2024-25 CHL Hockey Checklist,2024-25-chl-hockey-checklist
,,http://upperdeck.com/checklist/2024-25-chl-hockey-checklist/,2025-12-24T04:16:46.245Z,That's a Rocket Red Parallel,TR-21,Porter Martone,Brampton,Steelheads,,125,Random Inserts in Hobby & e-Pack,20,,,,,,,2024-25 CHL Hockey Checklist,2024-25-chl-hockey-checklist
,,http://upperdeck.com/checklist/2024-25-chl-hockey-checklist/,2025-12-24T04:16:46.245Z,That's a Rocket Red Parallel,TR-22,Cameron Schmidt,Vancouver,Giants,,125,Random Inserts in Hobby & e-Pack,20,,,,,,,2024-25 CHL Hockey Checklist,2024-25-chl-hockey-checklist
,,http://upperdeck.com/checklist/2024-25-chl-hockey-checklist/,2025-12-24T04:16:46.245Z,That's a Rocket Red Parallel,TR-23,Jacob Battaglia,Kingston,Frontenacs,,125,Random Inserts in Hobby & e-Pack,20,,,,,,,2024-25 CHL Hockey Checklist,2024-25-chl-hockey-checklist
,,http://upperdeck.com/checklist/2024-25-chl-hockey-checklist/,2025-12-24T04:16:46.245Z,That's a Rocket Red Parallel,TR-24,Jeremie Minville,Gatineau,Olympiques,,125,Random Inserts in Hobby & e-Pack,20,,,,,,,2024-25 CHL Hockey Checklist,2024-25-chl-hockey-checklist
,,http://upperdeck.com/checklist/2024-25-chl-hockey-checklist/,2025-12-24T04:16:46.245Z,That's a Rocket Red Parallel,TR-25,Luca Marrelli,Oshawa,Generals,,125,Random Inserts in Hobby & e-Pack,20,,,,,,,2024-25 CHL Hockey Checklist,2024-25-chl-hockey-checklist
,,http://upperdeck.com/checklist/2024-25-chl-hockey-checklist/,2025-12-24T04:16:46.245Z,That's a Rocket Blue Parallel,TR-1,Shea Van Olm,Spokane,Chiefs,,25,Random Inserts in Hobby & e-Pack,20,,,,,,,2024-25 CHL Hockey Checklist,2024-25-chl-hockey-checklist
,,http://upperdeck.com/checklist/2024-25-chl-hockey-checklist/,2025-12-24T04:16:46.245Z,That's a Rocket Blue Parallel,TR-2,Emmanuel Vermette,Chicoutimi,Sagueneens,,25,Random Inserts in Hobby & e-Pack,20,,,,,,,2024-25 CHL Hockey Checklist,2024-25-chl-hockey-checklist
,,http://upperdeck.com/checklist/2024-25-chl-hockey-checklist/,2025-12-24T04:16:46.245Z,That's a Rocket Blue Parallel,TR-3,Nick Lardis,Brantford,Bulldogs,,25,Random Inserts in Hobby & e-Pack,20,,,,,,,2024-25 CHL Hockey Checklist,2024-25-chl-hockey-checklist
,,http://upperdeck.com/checklist/2024-25-chl-hockey-checklist/,2025-12-24T04:16:46.245Z,That's a Rocket Blue Parallel,TR-4,Luke Mistelbacher,Swift Current,Broncos,,25,Random Inserts in Hobby & e-Pack,20,,,,,,,2024-25 CHL Hockey Checklist,2024-25-chl-hockey-checklist
,,http://upperdeck.com/checklist/2024-25-chl-hockey-checklist/,2025-12-24T04:16:46.245Z,That's a Rocket Blue Parallel,TR-5,Jonathan Fauchon,Rimouski,Oceanic,,25,Random Inserts in Hobby & e-Pack,20,,,,,,,2024-25 CHL Hockey Checklist,2024-25-chl-hockey-checklist
,,http://upperdeck.com/checklist/2024-25-chl-hockey-checklist/,2025-12-24T04:16:46.245Z,That's a Rocket Blue Parallel,TR-6,Tyler MacKenzie,Everett,Silvertips,,25,Random Inserts in Hobby & e-Pack,20,,,,,,,2024-25 CHL Hockey Checklist,2024-25-chl-hockey-checklist
,,http://upperdeck.com/checklist/2024-25-chl-hockey-checklist/,2025-12-24T04:16:46.245Z,That's a Rocket Blue Parallel,TR-7,Sam Oliver,Drummondville,Voltigeurs,,25,Random Inserts in Hobby & e-Pack,20,,,,,,,2024-25 CHL Hockey Checklist,2024-25-chl-hockey-checklist
,,http://upperdeck.com/checklist/2024-25-chl-hockey-checklist/,2025-12-24T04:16:46.245Z,That's a Rocket Blue Parallel,TR-8,Ilya Protas,Windsor,Spitfires,,25,Random Inserts in Hobby & e-Pack,20,,,,,,,2024-25 CHL Hockey Checklist,2024-25-chl-hockey-checklist
,,http://upperdeck.com/checklist/2024-25-chl-hockey-checklist/,2025-12-24T04:16:46.245Z,That's a Rocket Blue Parallel,TR-9,Kyle Chyzowski,Portland,Winterhawks,,25,Random Inserts in Hobby & e-Pack,20,,,,,,,2024-25 CHL Hockey Checklist,2024-25-chl-hockey-checklist
,,http://upperdeck.com/checklist/2024-25-chl-hockey-checklist/,2025-12-24T04:16:46.245Z,That's a Rocket Blue Parallel,TR-10,Felix Lacerte,Shawinigan,Cataractes,,25,Random Inserts in Hobby & e-Pack,20,,,,,,,2024-25 CHL Hockey Checklist,2024-25-chl-hockey-checklist
,,http://upperdeck.com/checklist/2024-25-chl-hockey-checklist/,2025-12-24T04:16:46.245Z,That's a Rocket Blue Parallel,TR-11,Terik Parascak,Prince George,Cougars,,25,Random Inserts in Hobby & e-Pack,20,,,,,,,2024-25 CHL Hockey Checklist,2024-25-chl-hockey-checklist
,,http://upperdeck.com/checklist/2024-25-chl-hockey-checklist/,2025-12-24T04:16:46.245Z,That's a Rocket Blue Parallel,TR-12,Justin Poirier,Baie-Comeau,Drakkar,,25,Random Inserts in Hobby & e-Pack,20,,,,,,,2024-25 CHL Hockey Checklist,2024-25-chl-hockey-checklist
,,http://upperdeck.com/checklist/2024-25-chl-hockey-checklist/,2025-12-24T04:16:46.245Z,That's a Rocket Blue Parallel,TR-13,Kevin He,Niagara,IceDogs,,25,Random Inserts in Hobby & e-Pack,20,,,,,,,2024-25 CHL Hockey Checklist,2024-25-chl-hockey-checklist
,,http://upperdeck.com/checklist/2024-25-chl-hockey-checklist/,2025-12-24T04:16:46.245Z,That's a Rocket Blue Parallel,TR-14,Nathan Behm,Kamloops,Blazers,,25,Random Inserts in Hobby & e-Pack,20,,,,,,,2024-25 CHL Hockey Checklist,2024-25-chl-hockey-checklist
,,http://upperdeck.com/checklist/2024-25-chl-hockey-checklist/,2025-12-24T04:16:46.245Z,That's a Rocket Blue Parallel,TR-15,Luca Pinelli,Ottawa,67's,,25,Random Inserts in Hobby & e-Pack,20,,,,,,,2024-25 CHL Hockey Checklist,2024-25-chl-hockey-checklist
,,http://upperdeck.com/checklist/2024-25-chl-hockey-checklist/,2025-12-24T04:16:46.245Z,That's a Rocket Blue Parallel,TR-16,Antonin Verreault,Rouyn-Noranda,Huskies,,25,Random Inserts in Hobby & e-Pack,20,,,,,,,2024-25 CHL Hockey Checklist,2024-25-chl-hockey-checklist
,,http://upperdeck.com/checklist/2024-25-chl-hockey-checklist/,2025-12-24T04:16:46.245Z,That's a Rocket Blue Parallel,TR-17,Andrei Loshko,Niagara,IceDogs,,25,Random Inserts in Hobby & e-Pack,20,,,,,,,2024-25 CHL Hockey Checklist,2024-25-chl-hockey-checklist
,,http://upperdeck.com/checklist/2024-25-chl-hockey-checklist/,2025-12-24T04:16:46.245Z,That's a Rocket Blue Parallel,TR-18,Brady Birnie,Swift Current,Broncos,,25,Random Inserts in Hobby & e-Pack,20,,,,,,,2024-25 CHL Hockey Checklist,2024-25-chl-hockey-checklist
,,http://upperdeck.com/checklist/2024-25-chl-hockey-checklist/,2025-12-24T04:16:46.245Z,That's a Rocket Blue Parallel,TR-19,Michael Misa,Saginaw,Spirit,,25,Random Inserts in Hobby & e-Pack,20,,,,,,,2024-25 CHL Hockey Checklist,2024-25-chl-hockey-checklist
,,http://upperdeck.com/checklist/2024-25-chl-hockey-checklist/,2025-12-24T04:16:46.245Z,That's a Rocket Blue Parallel,TR-20,Yoan Loshing,Shawinigan,Cataractes,,25,Random Inserts in Hobby & e-Pack,20,,,,,,,2024-25 CHL Hockey Checklist,2024-25-chl-hockey-checklist
,,http://upperdeck.com/checklist/2024-25-chl-hockey-checklist/,2025-12-24T04:16:46.245Z,That's a Rocket Blue Parallel,TR-21,Porter Martone,Brampton,Steelheads,,25,Random Inserts in Hobby & e-Pack,20,,,,,,,2024-25 CHL Hockey Checklist,2024-25-chl-hockey-checklist
,,http://upperdeck.com/checklist/2024-25-chl-hockey-checklist/,2025-12-24T04:16:46.245Z,That's a Rocket Blue Parallel,TR-22,Cameron Schmidt,Vancouver,Giants,,25,Random Inserts in Hobby & e-Pack,20,,,,,,,2024-25 CHL Hockey Checklist,2024-25-chl-hockey-checklist
,,http://upperdeck.com/checklist/2024-25-chl-hockey-checklist/,2025-12-24T04:16:46.245Z,That's a Rocket Blue Parallel,TR-23,Jacob Battaglia,Kingston,Frontenacs,,25,Random Inserts in Hobby & e-Pack,20,,,,,,,2024-25 CHL Hockey Checklist,2024-25-chl-hockey-checklist
,,http://upperdeck.com/checklist/2024-25-chl-hockey-checklist/,2025-12-24T04:16:46.245Z,That's a Rocket Blue Parallel,TR-24,Jeremie Minville,Gatineau,Olympiques,,25,Random Inserts in Hobby & e-Pack,20,,,,,,,2024-25 CHL Hockey Checklist,2024-25-chl-hockey-checklist
,,http://upperdeck.com/checklist/2024-25-chl-hockey-checklist/,2025-12-24T04:16:46.245Z,That's a Rocket Blue Parallel,TR-25,Luca Marrelli,Oshawa,Generals,,25,Random Inserts in Hobby & e-Pack,20,,,,,,,2024-25 CHL Hockey Checklist,2024-25-chl-hockey-checklist
,,http://upperdeck.com/checklist/2024-25-chl-hockey-checklist/,2025-12-24T04:16:46.245Z,That's a Rocket Black Parallel,TR-1,Shea Van Olm,Spokane,Chiefs,,1,Random Inserts in Hobby & e-Pack,20,,,,,,,2024-25 CHL Hockey Checklist,2024-25-chl-hockey-checklist
,,http://upperdeck.com/checklist/2024-25-chl-hockey-checklist/,2025-12-24T04:16:46.245Z,That's a Rocket Black Parallel,TR-2,Emmanuel Vermette,Chicoutimi,Sagueneens,,1,Random Inserts in Hobby & e-Pack,20,,,,,,,2024-25 CHL Hockey Checklist,2024-25-chl-hockey-checklist
,,http://upperdeck.com/checklist/2024-25-chl-hockey-checklist/,2025-12-24T04:16:46.245Z,That's a Rocket Black Parallel,TR-3,Nick Lardis,Brantford,Bulldogs,,1,Random Inserts in Hobby & e-Pack,20,,,,,,,2024-25 CHL Hockey Checklist,2024-25-chl-hockey-checklist
,,http://upperdeck.com/checklist/2024-25-chl-hockey-checklist/,2025-12-24T04:16:46.245Z,That's a Rocket Black Parallel,TR-4,Luke Mistelbacher,Swift Current,Broncos,,1,Random Inserts in Hobby & e-Pack,20,,,,,,,2024-25 CHL Hockey Checklist,2024-25-chl-hockey-checklist
,,http://upperdeck.com/checklist/2024-25-chl-hockey-checklist/,2025-12-24T04:16:46.245Z,That's a Rocket Black Parallel,TR-5,Jonathan Fauchon,Rimouski,Oceanic,,1,Random Inserts in Hobby & e-Pack,20,,,,,,,2024-25 CHL Hockey Checklist,2024-25-chl-hockey-checklist
,,http://upperdeck.com/checklist/2024-25-chl-hockey-checklist/,2025-12-24T04:16:46.245Z,That's a Rocket Black Parallel,TR-6,Tyler MacKenzie,Everett,Silvertips,,1,Random Inserts in Hobby & e-Pack,20,,,,,,,2024-25 CHL Hockey Checklist,2024-25-chl-hockey-checklist
,,http://upperdeck.com/checklist/2024-25-chl-hockey-checklist/,2025-12-24T04:16:46.245Z,That's a Rocket Black Parallel,TR-7,Sam Oliver,Drummondville,Voltigeurs,,1,Random Inserts in Hobby & e-Pack,20,,,,,,,2024-25 CHL Hockey Checklist,2024-25-chl-hockey-checklist
,,http://upperdeck.com/checklist/2024-25-chl-hockey-checklist/,2025-12-24T04:16:46.245Z,That's a Rocket Black Parallel,TR-8,Ilya Protas,Windsor,Spitfires,,1,Random Inserts in Hobby & e-Pack,20,,,,,,,2024-25 CHL Hockey Checklist,2024-25-chl-hockey-checklist
,,http://upperdeck.com/checklist/2024-25-chl-hockey-checklist/,2025-12-24T04:16:46.245Z,That's a Rocket Black Parallel,TR-9,Kyle Chyzowski,Portland,Winterhawks,,1,Random Inserts in Hobby & e-Pack,20,,,,,,,2024-25 CHL Hockey Checklist,2024-25-chl-hockey-checklist
,,http://upperdeck.com/checklist/2024-25-chl-hockey-checklist/,2025-12-24T04:16:46.245Z,That's a Rocket Black Parallel,TR-10,Felix Lacerte,Shawinigan,Cataractes,,1,Random Inserts in Hobby & e-Pack,20,,,,,,,2024-25 CHL Hockey Checklist,2024-25-chl-hockey-checklist
,,http://upperdeck.com/checklist/2024-25-chl-hockey-checklist/,2025-12-24T04:16:46.245Z,That's a Rocket Black Parallel,TR-11,Terik Parascak,Prince George,Cougars,,1,Random Inserts in Hobby & e-Pack,20,,,,,,,2024-25 CHL Hockey Checklist,2024-25-chl-hockey-checklist
,,http://upperdeck.com/checklist/2024-25-chl-hockey-checklist/,2025-12-24T04:16:46.245Z,That's a Rocket Black Parallel,TR-12,Justin Poirier,Baie-Comeau,Drakkar,,1,Random Inserts in Hobby & e-Pack,20,,,,,,,2024-25 CHL Hockey Checklist,2024-25-chl-hockey-checklist
,,http://upperdeck.com/checklist/2024-25-chl-hockey-checklist/,2025-12-24T04:16:46.245Z,That's a Rocket Black Parallel,TR-13,Kevin He,Niagara,IceDogs,,1,Random Inserts in Hobby & e-Pack,20,,,,,,,2024-25 CHL Hockey Checklist,2024-25-chl-hockey-checklist
,,http://upperdeck.com/checklist/2024-25-chl-hockey-checklist/,2025-12-24T04:16:46.245Z,That's a Rocket Black Parallel,TR-14,Nathan Behm,Kamloops,Blazers,,1,Random Inserts in Hobby & e-Pack,20,,,,,,,2024-25 CHL Hockey Checklist,2024-25-chl-hockey-checklist
,,http://upperdeck.com/checklist/2024-25-chl-hockey-checklist/,2025-12-24T04:16:46.245Z,That's a Rocket Black Parallel,TR-15,Luca Pinelli,Ottawa,67's,,1,Random Inserts in Hobby & e-Pack,20,,,,,,,2024-25 CHL Hockey Checklist,2024-25-chl-hockey-checklist
,,http://upperdeck.com/checklist/2024-25-chl-hockey-checklist/,2025-12-24T04:16:46.245Z,That's a Rocket Black Parallel,TR-16,Antonin Verreault,Rouyn-Noranda,Huskies,,1,Random Inserts in Hobby & e-Pack,20,,,,,,,2024-25 CHL Hockey Checklist,2024-25-chl-hockey-checklist
,,http://upperdeck.com/checklist/2024-25-chl-hockey-checklist/,2025-12-24T04:16:46.245Z,That's a Rocket Black Parallel,TR-17,Andrei Loshko,Niagara,IceDogs,,1,Random Inserts in Hobby & e-Pack,20,,,,,,,2024-25 CHL Hockey Checklist,2024-25-chl-hockey-checklist
,,http://upperdeck.com/checklist/2024-25-chl-hockey-checklist/,2025-12-24T04:16:46.245Z,That's a Rocket Black Parallel,TR-18,Brady Birnie,Swift Current,Broncos,,1,Random Inserts in Hobby & e-Pack,20,,,,,,,2024-25 CHL Hockey Checklist,2024-25-chl-hockey-checklist
,,http://upperdeck.com/checklist/2024-25-chl-hockey-checklist/,2025-12-24T04:16:46.245Z,That's a Rocket Black Parallel,TR-19,Michael Misa,Saginaw,Spirit,,1,Random Inserts in Hobby & e-Pack,20,,,,,,,2024-25 CHL Hockey Checklist,2024-25-chl-hockey-checklist
,,http://upperdeck.com/checklist/2024-25-chl-hockey-checklist/,2025-12-24T04:16:46.245Z,That's a Rocket Black Parallel,TR-20,Yoan Loshing,Shawinigan,Cataractes,,1,Random Inserts in Hobby & e-Pack,20,,,,,,,2024-25 CHL Hockey Checklist,2024-25-chl-hockey-checklist
,,http://upperdeck.com/checklist/2024-25-chl-hockey-checklist/,2025-12-24T04:16:46.245Z,That's a Rocket Black Parallel,TR-21,Porter Martone,Brampton,Steelheads,,1,Random Inserts in Hobby & e-Pack,20,,,,,,,2024-25 CHL Hockey Checklist,2024-25-chl-hockey-checklist
,,http://upperdeck.com/checklist/2024-25-chl-hockey-checklist/,2025-12-24T04:16:46.245Z,That's a Rocket Black Parallel,TR-22,Cameron Schmidt,Vancouver,Giants,,1,Random Inserts in Hobby & e-Pack,20,,,,,,,2024-25 CHL Hockey Checklist,2024-25-chl-hockey-checklist
,,http://upperdeck.com/checklist/2024-25-chl-hockey-checklist/,2025-12-24T04:16:46.245Z,That's a Rocket Black Parallel,TR-23,Jacob Battaglia,Kingston,Frontenacs,,1,Random Inserts in Hobby & e-Pack,20,,,,,,,2024-25 CHL Hockey Checklist,2024-25-chl-hockey-checklist
,,http://upperdeck.com/checklist/2024-25-chl-hockey-checklist/,2025-12-24T04:16:46.245Z,That's a Rocket Black Parallel,TR-24,Jeremie Minville,Gatineau,Olympiques,,1,Random Inserts in Hobby & e-Pack,20,,,,,,,2024-25 CHL Hockey Checklist,2024-25-chl-hockey-checklist
,,http://upperdeck.com/checklist/2024-25-chl-hockey-checklist/,2025-12-24T04:16:46.246Z,That's a Rocket Black Parallel,TR-25,Luca Marrelli,Oshawa,Generals,,1,Random Inserts in Hobby & e-Pack,20,,,,,,,2024-25 CHL Hockey Checklist,2024-25-chl-hockey-checklist
,,http://upperdeck.com/checklist/2024-25-chl-hockey-checklist/,2025-12-24T04:16:46.246Z,That's a Rocket Auto Parallel,TR-1,Shea Van Olm,Spokane,Chiefs,true,15,Random Inserts in Hobby & e-Pack,20,,,,,,,2024-25 CHL Hockey Checklist,2024-25-chl-hockey-checklist
,,http://upperdeck.com/checklist/2024-25-chl-hockey-checklist/,2025-12-24T04:16:46.246Z,That's a Rocket Auto Parallel,TR-2,Emmanuel Vermette,Chicoutimi,Sagueneens,true,15,Random Inserts in Hobby & e-Pack,20,,,,,,,2024-25 CHL Hockey Checklist,2024-25-chl-hockey-checklist
,,http://upperdeck.com/checklist/2024-25-chl-hockey-checklist/,2025-12-24T04:16:46.246Z,That's a Rocket Auto Parallel,TR-3,Nick Lardis,Brantford,Bulldogs,true,15,Random Inserts in Hobby & e-Pack,20,,,,,,,2024-25 CHL Hockey Checklist,2024-25-chl-hockey-checklist
,,http://upperdeck.com/checklist/2024-25-chl-hockey-checklist/,2025-12-24T04:16:46.246Z,That's a Rocket Auto Parallel,TR-4,Luke Mistelbacher,Swift Current,Broncos,true,15,Random Inserts in Hobby & e-Pack,20,,,,,,,2024-25 CHL Hockey Checklist,2024-25-chl-hockey-checklist
,,http://upperdeck.com/checklist/2024-25-chl-hockey-checklist/,2025-12-24T04:16:46.246Z,That's a Rocket Auto Parallel,TR-5,Jonathan Fauchon,Rimouski,Oceanic,true,15,Random Inserts in Hobby & e-Pack,20,,,,,,,2024-25 CHL Hockey Checklist,2024-25-chl-hockey-checklist
,,http://upperdeck.com/checklist/2024-25-chl-hockey-checklist/,2025-12-24T04:16:46.246Z,That's a Rocket Auto Parallel,TR-6,Tyler MacKenzie,Everett,Silvertips,true,15,Random Inserts in Hobby & e-Pack,20,,,,,,,2024-25 CHL Hockey Checklist,2024-25-chl-hockey-checklist
,,http://upperdeck.com/checklist/2024-25-chl-hockey-checklist/,2025-12-24T04:16:46.246Z,That's a Rocket Auto Parallel,TR-7,Sam Oliver,Drummondville,Voltigeurs,true,15,Random Inserts in Hobby & e-Pack,20,,,,,,,2024-25 CHL Hockey Checklist,2024-25-chl-hockey-checklist
,,http://upperdeck.com/checklist/2024-25-chl-hockey-checklist/,2025-12-24T04:16:46.246Z,That's a Rocket Auto Parallel,TR-8,Ilya Protas,Windsor,Spitfires,true,15,Random Inserts in Hobby & e-Pack,20,,,,,,,2024-25 CHL Hockey Checklist,2024-25-chl-hockey-checklist
,,http://upperdeck.com/checklist/2024-25-chl-hockey-checklist/,2025-12-24T04:16:46.246Z,That's a Rocket Auto Parallel,TR-9,Kyle Chyzowski,Portland,Winterhawks,true,15,Random Inserts in Hobby & e-Pack,20,,,,,,,2024-25 CHL Hockey Checklist,2024-25-chl-hockey-checklist
,,http://upperdeck.com/checklist/2024-25-chl-hockey-checklist/,2025-12-24T04:16:46.246Z,That's a Rocket Auto Parallel,TR-10,Felix Lacerte,Shawinigan,Cataractes,true,15,Random Inserts in Hobby & e-Pack,20,,,,,,,2024-25 CHL Hockey Checklist,2024-25-chl-hockey-checklist
,,http://upperdeck.com/checklist/2024-25-chl-hockey-checklist/,2025-12-24T04:16:46.246Z,That's a Rocket Auto Parallel,TR-11,Terik Parascak,Prince George,Cougars,true,15,Random Inserts in Hobby & e-Pack,20,,,,,,,2024-25 CHL Hockey Checklist,2024-25-chl-hockey-checklist
,,http://upperdeck.com/checklist/2024-25-chl-hockey-checklist/,2025-12-24T04:16:46.246Z,That's a Rocket Auto Parallel,TR-12,Justin Poirier,Baie-Comeau,Drakkar,true,15,Random Inserts in Hobby & e-Pack,20,,,,,,,2024-25 CHL Hockey Checklist,2024-25-chl-hockey-checklist
,,http://upperdeck.com/checklist/2024-25-chl-hockey-checklist/,2025-12-24T04:16:46.246Z,That's a Rocket Auto Parallel,TR-13,Kevin He,Niagara,IceDogs,true,15,Random Inserts in Hobby & e-Pack,20,,,,,,,2024-25 CHL Hockey Checklist,2024-25-chl-hockey-checklist
,,http://upperdeck.com/checklist/2024-25-chl-hockey-checklist/,2025-12-24T04:16:46.246Z,That's a Rocket Auto Parallel,TR-14,Nathan Behm,Kamloops,Blazers,true,15,Random Inserts in Hobby & e-Pack,20,,,,,,,2024-25 CHL Hockey Checklist,2024-25-chl-hockey-checklist
,,http://upperdeck.com/checklist/2024-25-chl-hockey-checklist/,2025-12-24T04:16:46.246Z,That's a Rocket Auto Parallel,TR-15,Luca Pinelli,Ottawa,67's,true,15,Random Inserts in Hobby & e-Pack,20,,,,,,,2024-25 CHL Hockey Checklist,2024-25-chl-hockey-checklist
,,http://upperdeck.com/checklist/2024-25-chl-hockey-checklist/,2025-12-24T04:16:46.246Z,That's a Rocket Auto Parallel,TR-16,Antonin Verreault,Rouyn-Noranda,Huskies,true,15,Random Inserts in Hobby & e-Pack,20,,,,,,,2024-25 CHL Hockey Checklist,2024-25-chl-hockey-checklist
,,http://upperdeck.com/checklist/2024-25-chl-hockey-checklist/,2025-12-24T04:16:46.246Z,That's a Rocket Auto Parallel,TR-17,Andrei Loshko,Niagara,IceDogs,true,15,Random Inserts in Hobby & e-Pack,20,,,,,,,2024-25 CHL Hockey Checklist,2024-25-chl-hockey-checklist
,,http://upperdeck.com/checklist/2024-25-chl-hockey-checklist/,2025-12-24T04:16:46.246Z,That's a Rocket Auto Parallel,TR-18,Brady Birnie,Swift Current,Broncos,true,15,Random Inserts in Hobby & e-Pack,20,,,,,,,2024-25 CHL Hockey Checklist,2024-25-chl-hockey-checklist
,,http://upperdeck.com/checklist/2024-25-chl-hockey-checklist/,2025-12-24T04:16:46.246Z,That's a Rocket Auto Parallel,TR-19,Michael Misa,Saginaw,Spirit,true,15,Random Inserts in Hobby & e-Pack,20,,,,,,,2024-25 CHL Hockey Checklist,2024-25-chl-hockey-checklist
,,http://upperdeck.com/checklist/2024-25-chl-hockey-checklist/,2025-12-24T04:16:46.246Z,That's a Rocket Auto Parallel,TR-20,Yoan Loshing,Shawinigan,Cataractes,true,15,Random Inserts in Hobby & e-Pack,20,,,,,,,2024-25 CHL Hockey Checklist,2024-25-chl-hockey-checklist
,,http://upperdeck.com/checklist/2024-25-chl-hockey-checklist/,2025-12-24T04:16:46.246Z,That's a Rocket Auto Parallel,TR-21,Porter Martone,Brampton,Steelheads,true,15,Random Inserts in Hobby & e-Pack,20,,,,,,,2024-25 CHL Hockey Checklist,2024-25-chl-hockey-checklist
,,http://upperdeck.com/checklist/2024-25-chl-hockey-checklist/,2025-12-24T04:16:46.246Z,That's a Rocket Auto Parallel,TR-22,Cameron Schmidt,Vancouver,Giants,true,15,Random Inserts in Hobby & e-Pack,20,,,,,,,2024-25 CHL Hockey Checklist,2024-25-chl-hockey-checklist
,,http://upperdeck.com/checklist/2024-25-chl-hockey-checklist/,2025-12-24T04:16:46.246Z,That's a Rocket Auto Parallel,TR-23,Jacob Battaglia,Kingston,Frontenacs,true,15,Random Inserts in Hobby & e-Pack,20,,,,,,,2024-25 CHL Hockey Checklist,2024-25-chl-hockey-checklist
,,http://upperdeck.com/checklist/2024-25-chl-hockey-checklist/,2025-12-24T04:16:46.246Z,That's a Rocket Auto Parallel,TR-24,Jeremie Minville,Gatineau,Olympiques,true,15,Random Inserts in Hobby & e-Pack,20,,,,,,,2024-25 CHL Hockey Checklist,2024-25-chl-hockey-checklist
,,http://upperdeck.com/checklist/2024-25-chl-hockey-checklist/,2025-12-24T04:16:46.246Z,That's a Rocket Auto Parallel,TR-25,Luca Marrelli,Oshawa,Generals,true,15,Random Inserts in Hobby & e-Pack,20,,,,,,,2024-25 CHL Hockey Checklist,2024-25-chl-hockey-checklist
