Year,Set Name,Card Number,Player,Team,Position/Note
2017-18,"Videos",Posted by: dollar guy
Jul 27, 2020 - 9:48PM,"Posted by: dollar guy
Jul 27, 2020 - 9:48PM","",""
2017-18,"Videos",Posted by: dollar guy
Jul 27, 2020 - 9:47PM,"Posted by: dollar guy
Jul 27, 2020 - 9:47PM","",""
2017-18,"Videos",Posted by: dollar guy
Jul 27, 2020 - 9:47PM,"Posted by: dollar guy
Jul 27, 2020 - 9:47PM","",""
2017-18,"Videos",Posted by: dollar guy
Jul 27, 2020 - 9:42PM,"Posted by: dollar guy
Jul 27, 2020 - 9:42PM","",""
2017-18,"Videos",Posted by: dollar guy
Jul 27, 2020 - 9:42PM,"Posted by: dollar guy
Jul 27, 2020 - 9:42PM","",""
2017-18,"Videos",Posted by: dollar guy
Jul 27, 2020 - 9:41PM,"Posted by: dollar guy
Jul 27, 2020 - 9:41PM","",""
2017-18,"Videos",Posted by: dollar guy
Jul 27, 2020 - 9:41PM,"Posted by: dollar guy
Jul 27, 2020 - 9:41PM","",""
2017-18,"Videos",Posted by: dollar guy
Jul 27, 2020 - 9:40PM,"Posted by: dollar guy
Jul 27, 2020 - 9:40PM","",""
2017-18,"Videos",Posted by: dollar guy
Jul 27, 2020 - 9:40PM,"Posted by: dollar guy
Jul 27, 2020 - 9:40PM","",""
2017-18,"Videos",Posted by: dollar guy
Jul 27, 2020 - 9:39PM,"Posted by: dollar guy
Jul 27, 2020 - 9:39PM","",""
2017-18,"Contributors",1.,"reakins","90",""
2017-18,"Contributors",2.,"nicksang","62",""
2017-18,"Contributors",3.,"Lennoxmatt","24",""
2017-18,"Contributors",4.,"VEFminox","22",""
2017-18,"Contributors",5.,"normpatate","2",""
2017-18,"Contributors",1.,"VEFminox","3",""
2017-18,"Contributors",1.,"dollar guy","3",""
2017-18,"Contributors",1.,"dollar guy","21",""
2017-18,"Contributors",1.,"Lennoxmatt","1",""
2017-18,"Videos",Posted by: dollar guy
Jul 27, 2020 - 9:48PM,"Posted by: dollar guy
Jul 27, 2020 - 9:48PM","",""
2017-18,"Videos",Posted by: dollar guy
Jul 27, 2020 - 9:47PM,"Posted by: dollar guy
Jul 27, 2020 - 9:47PM","",""
2017-18,"Videos",Posted by: dollar guy
Jul 27, 2020 - 9:47PM,"Posted by: dollar guy
Jul 27, 2020 - 9:47PM","",""
2017-18,"Videos",Posted by: dollar guy
Jul 27, 2020 - 9:42PM,"Posted by: dollar guy
Jul 27, 2020 - 9:42PM","",""
2017-18,"Videos",Posted by: dollar guy
Jul 27, 2020 - 9:42PM,"Posted by: dollar guy
Jul 27, 2020 - 9:42PM","",""
2017-18,"Videos",Posted by: dollar guy
Jul 27, 2020 - 9:41PM,"Posted by: dollar guy
Jul 27, 2020 - 9:41PM","",""
2017-18,"Videos",Posted by: dollar guy
Jul 27, 2020 - 9:41PM,"Posted by: dollar guy
Jul 27, 2020 - 9:41PM","",""
2017-18,"Videos",Posted by: dollar guy
Jul 27, 2020 - 9:40PM,"Posted by: dollar guy
Jul 27, 2020 - 9:40PM","",""
2017-18,"Videos",Posted by: dollar guy
Jul 27, 2020 - 9:40PM,"Posted by: dollar guy
Jul 27, 2020 - 9:40PM","",""
2017-18,"Videos",Posted by: dollar guy
Jul 27, 2020 - 9:39PM,"Posted by: dollar guy
Jul 27, 2020 - 9:39PM","",""
2017-18,"Contributors",1.,"reakins","90",""
2017-18,"Contributors",2.,"nicksang","62",""
2017-18,"Contributors",3.,"Lennoxmatt","24",""
2017-18,"Contributors",4.,"VEFminox","22",""
2017-18,"Contributors",5.,"normpatate","2",""
2017-18,"Contributors",1.,"VEFminox","3",""
2017-18,"Contributors",1.,"dollar guy","3",""
2017-18,"Contributors",1.,"dollar guy","21",""
2017-18,"Contributors",1.,"Lennoxmatt","1",""
1989-90,"Base Set","Baseball
        Basketball
        Boxing
        Cricket
        Football
        Gaming
        Golf
        Hockey
        Misc Sports
        MMA
        Multi-Sport
        Non-Sport
        Racing
        Soccer
        Tennis
        Wrestling","","",""
1989-90,"Base Set","","","",""
1989-90,"Base Set","","","",""
1989-90,"Base Set","","","",""
1989-90,"Base Set","","","",""
1989-90,"Base Set","","","",""
1989-90,"Base Set","","","",""
1989-90,"Base Set","","","",""
1989-90,"Base Set","","","",""
1989-90,"Base Set","","","",""
1989-90,"Base Set","","","",""
1989-90,"Base Set","","","",""
1989-90,"Base Set","","","",""
1989-90,"Base Set","","","",""
1989-90,"Base Set","","","",""
1989-90,"Base Set","","","",""
1989-90,"Base Set","","","",""
1989-90,"Base Set","","","",""
1989-90,"Base Set","","","",""
1989-90,"Base Set","","","",""
1989-90,"Base Set","","","",""
1989-90,"Base Set","","","",""
1989-90,"Base Set","","","",""
1989-90,"Base Set","","","",""
1989-90,"Base Set","","","",""
1989-90,"Base Set","","","",""
1989-90,"Base Set","","","",""
1989-90,"Base Set","","","",""
1989-90,"Base Set","","","",""
1989-90,"Base Set","","","",""
1989-90,"Base Set","","","",""
1989-90,"Base Set","","","",""
1989-90,"Base Set","","","",""
1989-90,"Base Set","","","",""
1989-90,"Base Set","","","",""
1989-90,"Base Set","","","",""
1989-90,"Base Set","","","",""
1989-90,"Base Set","","","",""
1989-90,"Base Set","","","",""
1989-90,"Base Set","","","",""
1989-90,"Base Set","","","",""
1989-90,"Base Set","","","",""
1989-90,"Base Set","","","",""
1989-90,"Base Set","","","",""
1989-90,"Base Set","","","",""
1989-90,"Base Set","","","",""
1989-90,"Base Set","","","",""
1989-90,"Base Set","","","",""
1989-90,"Base Set","","","",""
1989-90,"Base Set","","","",""
1989-90,"Base Set","","","",""
1989-90,"Base Set","","","",""
1989-90,"Base Set","","","",""
1989-90,"Base Set","","","",""
1989-90,"Base Set","","","",""
1989-90,"Base Set","","","",""
1989-90,"Base Set","","","",""
1989-90,"Base Set","","","",""
1989-90,"Base Set","","","",""
1989-90,"Base Set","","","",""
1989-90,"Base Set","","","",""
1989-90,"Base Set","","","",""
1989-90,"Base Set","","","",""
1989-90,"Base Set","","","",""
1989-90,"Base Set","","","",""
1989-90,"Base Set","","","",""
1989-90,"Base Set","","","",""
1989-90,"Base Set","","","",""
1989-90,"Base Set","","","",""
1989-90,"Base Set","","","",""
1989-90,"Base Set","","","",""
1989-90,"Base Set","","","",""
1989-90,"Base Set","","","",""
1989-90,"Base Set","","","",""
1989-90,"Base Set","","","",""
1989-90,"Base Set","","","",""
1989-90,"Base Set","","","",""
1989-90,"Base Set","","","",""
1989-90,"Base Set","","","",""
1989-90,"Base Set","","","",""
1989-90,"Base Set","","","",""
1989-90,"Base Set","","","",""
1989-90,"Base Set","","","",""
1989-90,"Base Set","","","",""
1989-90,"Base Set","","","",""
1989-90,"Base Set","","","",""
1989-90,"Base Set","","","",""
1989-90,"Base Set","","","",""
1989-90,"Base Set","","","",""
1989-90,"Base Set","","","",""
1989-90,"Base Set","","","",""
1989-90,"Base Set","","","",""
1989-90,"Base Set","","","",""
1989-90,"Base Set","","","",""
1989-90,"Base Set","","","",""
1989-90,"Base Set","","","",""
1989-90,"Base Set","","","",""
1989-90,"Base Set","","","",""
1989-90,"Base Set","","","",""
1989-90,"Base Set","","","",""
1989-90,"Base Set","","","",""
1989-90,"Browse","Baseball
        Basketball
        Boxing
        Cricket
        Football
        Gaming
        Golf
        Hockey
        Misc Sports
        MMA
        Multi-Sport
        Non-Sport
        Racing
        Soccer
        Tennis
        Wrestling","","",""
1989-90,"Browse","","","",""
1989-90,"Browse","","","",""
1989-90,"Browse","","","",""
1989-90,"Browse","","","",""
1989-90,"Browse","","","",""
1989-90,"Browse","","","",""
1989-90,"Browse","","","",""
1989-90,"Browse","","","",""
1989-90,"Browse","","","",""
1989-90,"Browse","","","",""
1989-90,"Browse","","","",""
1989-90,"Browse","","","",""
1989-90,"Browse","","","",""
1989-90,"Browse","","","",""
1989-90,"Browse","","","",""
1989-90,"Browse","","","",""
1989-90,"Browse","","","",""
1989-90,"Browse","","","",""
1989-90,"Browse","","","",""
1989-90,"Browse","","","",""
1989-90,"Browse","","","",""
1989-90,"Browse","","","",""
1989-90,"Browse","","","",""
1989-90,"Browse","","","",""
1989-90,"Browse","","","",""
1989-90,"Browse","","","",""
1989-90,"Browse","","","",""
1989-90,"Browse","","","",""
1989-90,"Browse","","","",""
1989-90,"Browse","","","",""
1989-90,"Browse","","","",""
1989-90,"Browse","","","",""
1989-90,"Browse","","","",""
1989-90,"Browse","","","",""
1989-90,"Browse","","","",""
1989-90,"Browse","","","",""
1989-90,"Browse","","","",""
1989-90,"Browse","","","",""
1989-90,"Browse","","","",""
1989-90,"Browse","","","",""
1989-90,"Browse","","","",""
1989-90,"Browse","","","",""
1989-90,"Browse","","","",""
1989-90,"Browse","","","",""
1989-90,"Browse","","","",""
1989-90,"Browse","","","",""
1989-90,"Browse","","","",""
1989-90,"Browse","","","",""
1989-90,"Browse","","","",""
1989-90,"Browse","","","",""
1989-90,"Browse","","","",""
1989-90,"Browse","","","",""
1989-90,"Browse","","","",""
1989-90,"Browse","","","",""
1989-90,"Browse","","","",""
1989-90,"Browse","","","",""
1989-90,"Browse","","","",""
1989-90,"Browse","","","",""
1989-90,"Browse","","","",""
1989-90,"Browse","","","",""
1989-90,"Browse","","","",""
1989-90,"Browse","","","",""
1989-90,"Browse","","","",""
1989-90,"Browse","","","",""
1989-90,"Browse","","","",""
1989-90,"Browse","","","",""
1989-90,"Browse","","","",""
1989-90,"Browse","","","",""
1989-90,"Browse","","","",""
1989-90,"Browse","","","",""
1989-90,"Browse","","","",""
1989-90,"Browse","","","",""
1989-90,"Browse","","","",""
1989-90,"Browse","","","",""
1989-90,"Browse","","","",""
1989-90,"Browse","","","",""
1989-90,"Browse","","","",""
1989-90,"Browse","","","",""
1989-90,"Browse","","","",""
1989-90,"Browse","","","",""
1989-90,"Browse","","","",""
1989-90,"Browse","","","",""
1989-90,"Browse","","","",""
1989-90,"Browse","","","",""
1989-90,"Browse","","","",""
1989-90,"Browse","","","",""
1989-90,"Browse","","","",""
1989-90,"Browse","","","",""
1989-90,"Browse","","","",""
1989-90,"Browse","","","",""
1989-90,"Browse","","","",""
1989-90,"Browse","","","",""
1989-90,"Browse","","","",""
1989-90,"Browse","","","",""
1989-90,"Browse","","","",""
1989-90,"Browse","","","",""
1989-90,"Browse","","","",""
1989-90,"Browse","","","",""
1989-90,"Browse","","","",""
1989-90,"Browse","","","",""
1989-90,"More","Baseball
        Basketball
        Boxing
        Cricket
        Football
        Gaming
        Golf
        Hockey
        Misc Sports
        MMA
        Multi-Sport
        Non-Sport
        Racing
        Soccer
        Tennis
        Wrestling","","",""
1989-90,"More","","","",""
1989-90,"More","","","",""
1989-90,"More","","","",""
1989-90,"More","","","",""
1989-90,"More","","","",""
1989-90,"More","","","",""
1989-90,"More","","","",""
1989-90,"More","","","",""
1989-90,"More","","","",""
1989-90,"More","","","",""
1989-90,"More","","","",""
1989-90,"More","","","",""
1989-90,"More","","","",""
1989-90,"More","","","",""
1989-90,"More","","","",""
1989-90,"More","","","",""
1989-90,"More","","","",""
1989-90,"More","","","",""
1989-90,"More","","","",""
1989-90,"More","","","",""
1989-90,"More","","","",""
1989-90,"More","","","",""
1989-90,"More","","","",""
1989-90,"More","","","",""
1989-90,"More","","","",""
1989-90,"More","","","",""
1989-90,"More","","","",""
1989-90,"More","","","",""
1989-90,"More","","","",""
1989-90,"More","","","",""
1989-90,"More","","","",""
1989-90,"More","","","",""
1989-90,"More","","","",""
1989-90,"More","","","",""
1989-90,"More","","","",""
1989-90,"More","","","",""
1989-90,"More","","","",""
1989-90,"More","","","",""
1989-90,"More","","","",""
1989-90,"More","","","",""
1989-90,"More","","","",""
1989-90,"More","","","",""
1989-90,"More","","","",""
1989-90,"More","","","",""
1989-90,"More","","","",""
1989-90,"More","","","",""
1989-90,"More","","","",""
1989-90,"More","","","",""
1989-90,"More","","","",""
1989-90,"More","","","",""
1989-90,"More","","","",""
1989-90,"More","","","",""
1989-90,"More","","","",""
1989-90,"More","","","",""
1989-90,"More","","","",""
1989-90,"More","","","",""
1989-90,"More","","","",""
1989-90,"More","","","",""
1989-90,"More","","","",""
1989-90,"More","","","",""
1989-90,"More","","","",""
1989-90,"More","","","",""
1989-90,"More","","","",""
1989-90,"More","","","",""
1989-90,"More","","","",""
1989-90,"More","","","",""
1989-90,"More","","","",""
1989-90,"More","","","",""
1989-90,"More","","","",""
1989-90,"More","","","",""
1989-90,"More","","","",""
1989-90,"More","","","",""
1989-90,"More","","","",""
1989-90,"More","","","",""
1989-90,"More","","","",""
1989-90,"More","","","",""
1989-90,"More","","","",""
1989-90,"More","","","",""
1989-90,"More","","","",""
1989-90,"More","","","",""
1989-90,"More","","","",""
1989-90,"More","","","",""
1989-90,"More","","","",""
1989-90,"More","","","",""
1989-90,"More","","","",""
1989-90,"More","","","",""
1989-90,"More","","","",""
1989-90,"More","","","",""
1989-90,"More","","","",""
1989-90,"More","","","",""
1989-90,"More","","","",""
1989-90,"More","","","",""
1989-90,"More","","","",""
1989-90,"More","","","",""
1989-90,"More","","","",""
1989-90,"More","","","",""
1989-90,"More","","","",""
1989-90,"More","","","",""
1989-90,"More","","","",""
1989-90,"More","","","",""
1989-90,"Overview","Baseball
        Basketball
        Boxing
        Cricket
        Football
        Gaming
        Golf
        Hockey
        Misc Sports
        MMA
        Multi-Sport
        Non-Sport
        Racing
        Soccer
        Tennis
        Wrestling","","",""
1989-90,"Overview","","","",""
1989-90,"Overview","","","",""
1989-90,"Overview","","","",""
1989-90,"Overview","","","",""
1989-90,"Overview","","","",""
1989-90,"Overview","","","",""
1989-90,"Overview","","","",""
1989-90,"Overview","","","",""
1989-90,"Overview","","","",""
1989-90,"Overview","","","",""
1989-90,"Overview","","","",""
1989-90,"Overview","","","",""
1989-90,"Overview","","","",""
1989-90,"Overview","","","",""
1989-90,"Overview","","","",""
1989-90,"Overview","","","",""
1989-90,"Overview","","","",""
1989-90,"Overview","","","",""
1989-90,"Overview","","","",""
1989-90,"Overview","","","",""
1989-90,"Overview","","","",""
1989-90,"Overview","","","",""
1989-90,"Overview","","","",""
1989-90,"Overview","","","",""
1989-90,"Overview","","","",""
1989-90,"Overview","","","",""
1989-90,"Overview","","","",""
1989-90,"Overview","","","",""
1989-90,"Overview","","","",""
1989-90,"Overview","","","",""
1989-90,"Overview","","","",""
1989-90,"Overview","","","",""
1989-90,"Overview","","","",""
1989-90,"Overview","","","",""
1989-90,"Overview","","","",""
1989-90,"Overview","","","",""
1989-90,"Overview","","","",""
1989-90,"Overview","","","",""
1989-90,"Overview","","","",""
1989-90,"Overview","","","",""
1989-90,"Overview","","","",""
1989-90,"Overview","","","",""
1989-90,"Overview","","","",""
1989-90,"Overview","","","",""
1989-90,"Overview","","","",""
1989-90,"Overview","","","",""
1989-90,"Overview","","","",""
1989-90,"Overview","","","",""
1989-90,"Overview","","","",""
1989-90,"Overview","","","",""
1989-90,"Overview","","","",""
1989-90,"Overview","","","",""
1989-90,"Overview","","","",""
1989-90,"Overview","","","",""
1989-90,"Overview","","","",""
1989-90,"Overview","","","",""
1989-90,"Overview","","","",""
1989-90,"Overview","","","",""
1989-90,"Overview","","","",""
1989-90,"Overview","","","",""
1989-90,"Overview","","","",""
1989-90,"Overview","","","",""
1989-90,"Overview","","","",""
1989-90,"Overview","","","",""
1989-90,"Overview","","","",""
1989-90,"Overview","","","",""
1989-90,"Overview","","","",""
1989-90,"Overview","","","",""
1989-90,"Overview","","","",""
1989-90,"Overview","","","",""
1989-90,"Overview","","","",""
1989-90,"Overview","","","",""
1989-90,"Overview","","","",""
1989-90,"Overview","","","",""
1989-90,"Overview","","","",""
1989-90,"Overview","","","",""
1989-90,"Overview","","","",""
1989-90,"Overview","","","",""
1989-90,"Overview","","","",""
1989-90,"Overview","","","",""
1989-90,"Overview","","","",""
1989-90,"Overview","","","",""
1989-90,"Overview","","","",""
1989-90,"Overview","","","",""
1989-90,"Overview","","","",""
1989-90,"Overview","","","",""
1989-90,"Overview","","","",""
1989-90,"Overview","","","",""
1989-90,"Overview","","","",""
1989-90,"Overview","","","",""
1989-90,"Overview","","","",""
1989-90,"Overview","","","",""
1989-90,"Overview","","","",""
1989-90,"Overview","","","",""
1989-90,"Overview","","","",""
1989-90,"Overview","","","",""
1989-90,"Overview","","","",""
1989-90,"Overview","","","",""
1989-90,"Overview","","","",""
1989-90,"Overview","","","",""
1989-90,"Rate this set...","Baseball
        Basketball
        Boxing
        Cricket
        Football
        Gaming
        Golf
        Hockey
        Misc Sports
        MMA
        Multi-Sport
        Non-Sport
        Racing
        Soccer
        Tennis
        Wrestling","","",""
1989-90,"Teams","Baseball
        Basketball
        Boxing
        Cricket
        Football
        Gaming
        Golf
        Hockey
        Misc Sports
        MMA
        Multi-Sport
        Non-Sport
        Racing
        Soccer
        Tennis
        Wrestling","","",""
1989-90,"Errors / Variations","Baseball
        Basketball
        Boxing
        Cricket
        Football
        Gaming
        Golf
        Hockey
        Misc Sports
        MMA
        Multi-Sport
        Non-Sport
        Racing
        Soccer
        Tennis
        Wrestling","","",""
1989-90,"Hall of Famers","Baseball
        Basketball
        Boxing
        Cricket
        Football
        Gaming
        Golf
        Hockey
        Misc Sports
        MMA
        Multi-Sport
        Non-Sport
        Racing
        Soccer
        Tennis
        Wrestling","","",""
1989-90,"Hall of Famers","","","","1"
1989-90,"Hall of Famers","","","","5"
1989-90,"Hall of Famers","","","","7"
1989-90,"Hall of Famers","","","","15"
1989-90,"Hall of Famers","","","","17"
1989-90,"Hall of Famers","","","","25"
1989-90,"Hall of Famers","","","","30"
1989-90,"Hall of Famers","","","","36"
1989-90,"Hall of Famers","","","","41"
1989-90,"Hall of Famers","","","","43"
1989-90,"Hall of Famers","","","","49"
1989-90,"Hall of Famers","","","","53"
1989-90,"Hall of Famers","","","","55"
1989-90,"Hall of Famers","","","","57"
1989-90,"Hall of Famers","","","","59"
1989-90,"Hall of Famers","","","","60"
1989-90,"Hall of Famers","","","","65"
1989-90,"Hall of Famers","","","","74"
1989-90,"Hall of Famers","","","","83"
1989-90,"Hall of Famers","","","","88"
1989-90,"Hall of Famers","","","","93"
1989-90,"Hall of Famers","","","","95"
1989-90,"Hall of Famers","","","","106"
1989-90,"Hall of Famers","","","","107"
1989-90,"Hall of Famers","","","","110"
1989-90,"Hall of Famers","","","","112"
1989-90,"Hall of Famers","","","","113"
1989-90,"Hall of Famers","","","","122"
1989-90,"Hall of Famers","","","","128"
1989-90,"Hall of Famers","","","","136"
1989-90,"Hall of Famers","","","","138"
1989-90,"Hall of Famers","","","","143"
1989-90,"Hall of Famers","","","","147"
1989-90,"Hall of Famers","","","","149"
1989-90,"Hall of Famers","","","","156"
1989-90,"Hall of Famers","","","","163"
1989-90,"Hall of Famers","","","","174"
1989-90,"Hall of Famers","","","","175"
1989-90,"Hall of Famers","","","","185"
1989-90,"Hall of Famers","","","","186"
1989-90,"Hall of Famers","","","","189"
1989-90,"Hall of Famers","","","","191"
1989-90,"Hall of Famers","","","","192"
1989-90,"Hall of Famers","","","","196"
1989-90,"Hall of Famers","","","","226"
1989-90,"Hall of Famers","","","","227"
1989-90,"Hall of Famers","","","","235"
1989-90,"Hall of Famers","","","","278"
1989-90,"Hall of Famers","","","","298"
1989-90,"Hall of Famers","","","","299"
1989-90,"Hall of Famers","","","","300"
1989-90,"Hall of Famers","","","","303"
1989-90,"Hall of Famers","","","","307"
1989-90,"Hall of Famers","","","","312"
1989-90,"Hall of Famers","","","","313"
1989-90,"Hall of Famers","","","","319"
1989-90,"Hall of Famers","","","","320"
1989-90,"Hall of Famers","","","","321"
1989-90,"Hall of Famers","","","","322"
1989-90,"Hall of Famers","","","","323"
1989-90,"Hall of Famers","","","","324"
1989-90,"Hall of Famers","","","","325"
1989-90,"Hall of Famers","","","","326"
1989-90,"Hall of Famers","","","","327"
1989-90,"Rookies","Baseball
        Basketball
        Boxing
        Cricket
        Football
        Gaming
        Golf
        Hockey
        Misc Sports
        MMA
        Multi-Sport
        Non-Sport
        Racing
        Soccer
        Tennis
        Wrestling","","",""
1989-90,"Rookies","","","3","Terry Carkner RC"
1989-90,"Rookies","","","6","Derek King RC"
1989-90,"Rookies","","","11","Peter Sidorkiewicz RC"
1989-90,"Rookies","","","16","Calle Johansson RC"
1989-90,"Rookies","","","18","Dale DeGray RC"
1989-90,"Rookies","","","19","Phil Bourque RC"
1989-90,"Rookies","","","26","Bob Rouse RC"
1989-90,"Rookies","","","29","Andy Brickley RC"
1989-90,"Rookies","","","45","Cliff Ronning RC"
1989-90,"Rookies","","","48","Jon Casey RC"
1989-90,"Rookies","","","50","Bob Errey RC"
1989-90,"Rookies","","","61","Kirk McLean RC"
1989-90,"Rookies","","","67","Stephen Leach RC"
1989-90,"Rookies","","","71","Colin Patterson RC"
1989-90,"Rookies","","","81","Greg Hawgood RC"
1989-90,"Rookies","","","85","David Volek RC"
1989-90,"Rookies","","","89","Trevor Linden RC"
1989-90,"Rookies","","","94","Pat Elynuik RC"
1989-90,"Rookies","","","100","Kjell Samuelsson RC"
1989-90,"Rookies","","","111","Geoff Courtnall RC"
1989-90,"Rookies","","","113","Joe Sakic RC"
1989-90,"Rookies","","","120","Jeff Norton RC"
1989-90,"Rookies","","","136","Brian Leetch RC"
1989-90,"Rookies","","","142","Shawn Chambers RC"
1989-90,"Rookies","","","145","John Cullen RC"
1989-90,"Rookies","","","150","Dave Manson RC"
1989-90,"Rookies","","","151","Marc Habscheid RC"
1989-90,"Rookies","","","157","Steve Tuttle RC, UER"
1989-90,"Rookies","","","161","Tony Granato RC"
1989-90,"Rookies","","","162","Sylvain Cote RC, UER"
1989-90,"Rookies","","","164","Steve Chiasson RC"
1989-90,"Rookies","","","168","Zarley Zalapski RC"
1989-90,"Rookies","","","169","Derek Laxdal RC"
1989-90,"Rookies","","","182","Gerald Diduck RC"
1989-90,"Rookies","","","183","Paul MacDermid RC"
1989-90,"Rookies","","","190","Craig Janney RC"
1989-90,"Rookies","","","200","Daren Puppa RC"
1989-90,"Rookies","","","201","Benoit Hogue RC"
1989-90,"Rookies","","","202","Gary Roberts RC, UER"
1989-90,"Rookies","","","209","Scott Young RC"
1989-90,"Rookies","","","216","Basil McRae RC"
1989-90,"Rookies","","","217","Frantisek Musil RC"
1989-90,"Rookies","","","218","Adam Creighton RC"
1989-90,"Rookies","","","222","Trent Yawney RC"
1989-90,"Rookies","","","232","Theoren Fleury RC"
1989-90,"Rookies","","","243","Ken Daneyko RC"
1989-90,"Rookies","","","245","Randy Velischek RC"
1989-90,"Rookies","","","246","Brad Dalgarno RC"
1989-90,"Rookies","","","248","Shayne Corson RC"
1989-90,"Rookies","","","249","Marc Bergevin RC"
1989-90,"Rookies","","","256","Gord Dineen RC"
1989-90,"Rookies","","","262","Marc Fortier RC"
1989-90,"Rookies","","","263","Ron Tugnutt RC"
1989-90,"Rookies","","","264","Iiro Jarvi RC"
1989-90,"Rookies","","","266","Mike Hough RC"
1989-90,"Rookies","","","269","Paul Cavallini RC"
1989-90,"Rookies","","","273","Daniel Marois RC"
1989-90,"Rookies","","","287","Brian Bradley RC"
1989-90,"Rookies","","","292","Hannu Jarvenpaa RC, UER"
1989-90,"Comments","Baseball
        Basketball
        Boxing
        Cricket
        Football
        Gaming
        Golf
        Hockey
        Misc Sports
        MMA
        Multi-Sport
        Non-Sport
        Racing
        Soccer
        Tennis
        Wrestling","","",""
1989-90,"Comments","Nov 21, 2020 - 10:47AM
francoisangers	

Nice set, but a bad year for goalie photos.

Rating: 6.5","Nov 21, 2020 - 10:47AM
francoisangers","",""
1989-90,"Comments","May 29, 2020 - 7:56PM
JimCole	

Pretty nice looking design for the last year that O-Pee-Chee was king of the hockey card world. Also the final year that O-Pee-Chee used this type of card stock that they had used for so many years; the next year bringing in the much more bleached white card backs. Back then I was wishing the hockey cards had full color backs and more brands. Now I prefer the old way!","May 29, 2020 - 7:56PM
JimCole","",""
1989-90,"Packaging","Baseball
        Basketball
        Boxing
        Cricket
        Football
        Gaming
        Golf
        Hockey
        Misc Sports
        MMA
        Multi-Sport
        Non-Sport
        Racing
        Soccer
        Tennis
        Wrestling","","",""
1989-90,"Pricing","Baseball
        Basketball
        Boxing
        Cricket
        Football
        Gaming
        Golf
        Hockey
        Misc Sports
        MMA
        Multi-Sport
        Non-Sport
        Racing
        Soccer
        Tennis
        Wrestling","","",""
1989-90,"Pricing","1","","Mario Lemieux",""
1989-90,"Pricing","2","","Ulf Dahlen",""
1989-90,"Pricing","3","","Terry Carkner RC",""
1989-90,"Pricing","4","","Tony McKegney",""
1989-90,"Pricing","5","","Denis Savard",""
1989-90,"Pricing","6","","Derek King RC",""
1989-90,"Pricing","7","","Lanny McDonald",""
1989-90,"Pricing","8","","John Tonelli",""
1989-90,"Pricing","9","","Tom Kurvers",""
1989-90,"Pricing","10","","David Archibald",""
1989-90,"Pricing","11","","Peter Sidorkiewicz RC",""
1989-90,"Pricing","12","","Esa Tikkanen",""
1989-90,"Pricing","13","","Dave Barr",""
1989-90,"Pricing","14","","Brent Sutter",""
1989-90,"Pricing","15","","Cam Neely",""
1989-90,"Pricing","16","","Calle Johansson RC",""
1989-90,"Pricing","17","","Patrick Roy",""
1989-90,"Pricing","18","","Dale DeGray RC",""
1989-90,"Pricing","19","","Phil Bourque RC",""
1989-90,"Pricing","20","","Kevin Dineen",""
1989-90,"Pricing","21","","Mike Bullard",""
1989-90,"Pricing","22","","Gary Leeman",""
1989-90,"Pricing","23","","Greg Stefan",""
1989-90,"Pricing","24","","Brian Mullen",""
1989-90,"Pricing","25","","Pierre Turgeon",""
1989-90,"Pricing","26","","Bob Rouse RC",""
1989-90,"Pricing","27","","Peter Zezel",""
1989-90,"Pricing","28","","Jeff Brown",""
1989-90,"Pricing","29","","Andy Brickley RC",""
1989-90,"Pricing","30","","Mike Gartner",""
1989-90,"Pricing","31","","Darren Pang",""
1989-90,"Pricing","32","","Pat Verbeek",""
1989-90,"Pricing","33","","Petri Skriko",""
1989-90,"Pricing","34","","Tom Laidlaw",""
1989-90,"Pricing","35","","Randy Wood",""
1989-90,"Pricing","36","","Tom Barrasso",""
1989-90,"Pricing","37","","John Tucker",""
1989-90,"Pricing","38","","Andrew McBain",""
1989-90,"Pricing","39","","David Shaw",""
1989-90,"Pricing","40","","Rejean Lemelin",""
1989-90,"Pricing","41","","Dino Ciccarelli",""
1989-90,"Pricing","42","","Jeff Sharples",""
1989-90,"Pricing","43","","Jari Kurri",""
1989-90,"Pricing","44","","Murray Craven",""
1989-90,"Pricing","45","","Cliff Ronning RC",""
1989-90,"Pricing","46","","Dave Babych",""
1989-90,"Pricing","47","","Bernie Nicholls",""
1989-90,"Pricing","48","","Jon Casey RC",""
1989-90,"Pricing","49","","Al MacInnis",""
1989-90,"Pricing","50","","Bob Errey RC",""
1989-90,"Pricing","51","","Glen Wesley",""
1989-90,"Pricing","52","","Dirk Graham",""
1989-90,"Pricing","53","","Guy Carbonneau",""
1989-90,"Pricing","54","","Tomas Sandstrom",""
1989-90,"Pricing","55","","Rod Langway",""
1989-90,"Pricing","56","","Patrik Sundstrom",""
1989-90,"Pricing","57","","Michel Goulet",""
1989-90,"Pricing","58","","Dave Taylor",""
1989-90,"Pricing","59","","Phil Housley",""
1989-90,"Pricing","60","","Pat LaFontaine",""
1989-90,"Pricing","61","","Kirk McLean RC",""
1989-90,"Pricing","62","","Ken Linseman",""
1989-90,"Pricing","63","","Randy Cunneyworth",""
1989-90,"Pricing","64","","Tony Hrkac",""
1989-90,"Pricing","65","","Mark Messier",""
1989-90,"Pricing","66","","Carey Wilson",""
1989-90,"Pricing","67","","Stephen Leach RC",""
1989-90,"Pricing","68","","Christian Ruuttu",""
1989-90,"Pricing","69","","Dave Ellett",""
1989-90,"Pricing","70","","Ray Ferraro",""
1989-90,"Pricing","71","","Colin Patterson RC",""
1989-90,"Pricing","72","","Tim Kerr",""
1989-90,"Pricing","73","","Bob Joyce",""
1989-90,"Pricing","74","","Doug Gilmour",""
1989-90,"Pricing","75","","Lee Norwood",""
1989-90,"Pricing","76","","Dale Hunter",""
1989-90,"Pricing","77","","Jim Johnson",""
1989-90,"Pricing","78","","Mike Foligno",""
1989-90,"Pricing","79","","Al Iafrate",""
1989-90,"Pricing","80","","Rick Tocchet",""
1989-90,"Pricing","81","","Greg Hawgood RC",""
1989-90,"Pricing","82","","Steve Thomas",""
1989-90,"Pricing","83","","Steve Yzerman",""
1989-90,"Pricing","84","","Mike McPhee",""
1989-90,"Pricing","85","","David Volek RC",""
1989-90,"Pricing","86","","Brian Benning",""
1989-90,"Pricing","87","","Neal Broten",""
1989-90,"Pricing","88","","Luc Robitaille",""
1989-90,"Pricing","89","","Trevor Linden RC",""
1989-90,"Pricing","90","","James Patrick",""
1989-90,"Pricing","91","","Brian Lawton",""
1989-90,"Pricing","92","","Sean Burke",""
1989-90,"Pricing","93","","Scott Stevens",""
1989-90,"Pricing","94","","Pat Elynuik RC",""
1989-90,"Pricing","95","","Paul Coffey",""
1989-90,"Pricing","96","","Jan Erixon",""
1989-90,"Pricing","97","","Mike Liut",""
1989-90,"Pricing","98","","Wayne Presley",""
1989-90,"Pricing","99","","Craig Simpson",""
1989-90,"Pricing","100","","Kjell Samuelsson RC",""
1989-90,"Sell Sheets / Ads","Baseball
        Basketball
        Boxing
        Cricket
        Football
        Gaming
        Golf
        Hockey
        Misc Sports
        MMA
        Multi-Sport
        Non-Sport
        Racing
        Soccer
        Tennis
        Wrestling","","",""
1989-90,"Trivia","Baseball
        Basketball
        Boxing
        Cricket
        Football
        Gaming
        Golf
        Hockey
        Misc Sports
        MMA
        Multi-Sport
        Non-Sport
        Racing
        Soccer
        Tennis
        Wrestling","","",""
1989-90,"Videos","Baseball
        Basketball
        Boxing
        Cricket
        Football
        Gaming
        Golf
        Hockey
        Misc Sports
        MMA
        Multi-Sport
        Non-Sport
        Racing
        Soccer
        Tennis
        Wrestling","","",""
1989-90,"Videos","Posted by: bunkle
Feb 26, 2024 - 9:50PM","Posted by: bunkle
Feb 26, 2024 - 9:50PM","",""
1989-90,"Videos","Posted by: bunkle
Feb 13, 2024 - 10:50AM","Posted by: bunkle
Feb 13, 2024 - 10:50AM","",""
1989-90,"Videos","Posted by: bunkle
Jan 13, 2024 - 10:45AM","Posted by: bunkle
Jan 13, 2024 - 10:45AM","",""
1989-90,"Videos","Posted by: bunkle
Dec 12, 2023 - 5:42PM","Posted by: bunkle
Dec 12, 2023 - 5:42PM","",""
1989-90,"Videos","Posted by: JunkWaxSal
Sep 17, 2022 - 2:08PM","Posted by: JunkWaxSal
Sep 17, 2022 - 2:08PM","",""
1989-90,"External Links","Baseball
        Basketball
        Boxing
        Cricket
        Football
        Gaming
        Golf
        Hockey
        Misc Sports
        MMA
        Multi-Sport
        Non-Sport
        Racing
        Soccer
        Tennis
        Wrestling","","",""
1989-90,"Contributors","Baseball
        Basketball
        Boxing
        Cricket
        Football
        Gaming
        Golf
        Hockey
        Misc Sports
        MMA
        Multi-Sport
        Non-Sport
        Racing
        Soccer
        Tennis
        Wrestling","","",""
1989-90,"Contributors","Member	Total
1.	oldcollector	416
2.	Quintessence	130
3.	Gunny	110
4.	phillyfly	4","","Member","Total"
1989-90,"Contributors","","Member","Total",""
1989-90,"Contributors","1.","oldcollector","416",""
1989-90,"Contributors","2.","Quintessence","130",""
1989-90,"Contributors","3.","Gunny","110",""
1989-90,"Contributors","4.","phillyfly","4",""
1989-90,"Contributors","Member	Total
1.	oldcollector	1","","Member","Total"
1989-90,"Contributors","","Member","Total",""
1989-90,"Contributors","1.","oldcollector","1",""
1989-90,"Contributors","Member	Total
1.	JimCole	1
2.	francoisangers	1","","Member","Total"
1989-90,"Contributors","","Member","Total",""
1989-90,"Contributors","1.","JimCole","1",""
1989-90,"Contributors","2.","francoisangers","1",""
1989-90,"Contributors","Member	Total
1.	reakins	9
2.	Sturgeonfishie	2
3.	ComposerMike	1
4.	DanD	1
5.	Jarde	1
6.	jmnovff	1","","Member","Total"
1989-90,"Contributors","","Member","Total",""
1989-90,"Contributors","1.","reakins","9",""
1989-90,"Contributors","2.","Sturgeonfishie","2",""
1989-90,"Contributors","3.","ComposerMike","1",""
1989-90,"Contributors","4.","DanD","1",""
1989-90,"Contributors","5.","Jarde","1",""
1989-90,"Contributors","6.","jmnovff","1",""
1989-90,"Contributors","Member	Total
1.	Jarde	1","","Member","Total"
1989-90,"Contributors","","Member","Total",""
1989-90,"Contributors","1.","Jarde","1",""
1989-90,"Contributors","Member	Total
1.	bunkle	4
2.	JunkWaxSal	1","","Member","Total"
1989-90,"Contributors","","Member","Total",""
1989-90,"Contributors","1.","bunkle","4",""
1989-90,"Contributors","2.","JunkWaxSal","1",""
1989-90,"Contributors","Member	Total
1.	jimmyjam	1","","Member","Total"
1989-90,"Contributors","","Member","Total",""
1989-90,"Contributors","1.","jimmyjam","1",""
1989-90,"Glossary","Baseball
        Basketball
        Boxing
        Cricket
        Football
        Gaming
        Golf
        Hockey
        Misc Sports
        MMA
        Multi-Sport
        Non-Sport
        Racing
        Soccer
        Tennis
        Wrestling","","",""
1989-90,"Gallery","Baseball
        Basketball
        Boxing
        Cricket
        Football
        Gaming
        Golf
        Hockey
        Misc Sports
        MMA
        Multi-Sport
        Non-Sport
        Racing
        Soccer
        Tennis
        Wrestling","","",""
1989-90,"Card Rankings","Baseball
        Basketball
        Boxing
        Cricket
        Football
        Gaming
        Golf
        Hockey
        Misc Sports
        MMA
        Multi-Sport
        Non-Sport
        Racing
        Soccer
        Tennis
        Wrestling","","",""
1989-90,"Card Rankings","1.","","",""
1989-90,"Card Rankings","2.","","",""
1989-90,"Card Rankings","3.","","",""
1989-90,"Card Rankings","4.","","",""
1989-90,"Card Rankings","5.","","",""
1989-90,"Card Rankings","6.","","",""
1989-90,"Card Rankings","7.","","",""
1989-90,"Card Rankings","8.","","",""
1989-90,"Card Rankings","9.","","",""
1989-90,"Card Rankings","10.","","",""
1989-90,"Card Rankings","11.","","",""
1989-90,"Card Rankings","12.","","",""
1989-90,"Card Rankings","13.","","",""
1989-90,"Card Rankings","14.","","",""
1989-90,"Card Rankings","15.","","",""
1989-90,"Card Rankings","16.","","",""
1989-90,"Card Rankings","17.","","",""
1989-90,"Card Rankings","18.","","",""
1989-90,"Card Rankings","19.","","",""
1989-90,"Card Rankings","20.","","",""
1989-90,"Card Rankings","21.","","",""
1989-90,"Card Rankings","22.","","",""
1989-90,"Card Rankings","23.","","",""
1989-90,"Card Rankings","24.","","",""
1989-90,"Card Rankings","25.","","",""
1989-90,"Card Rankings","26.","","",""
1989-90,"Card Rankings","27.","","",""
1989-90,"Card Rankings","28.","","",""
1989-90,"Card Rankings","29.","","",""
1989-90,"Card Rankings","30.","","",""
1989-90,"Card Rankings","31.","","",""
1989-90,"Card Rankings","32.","","",""
1989-90,"Card Rankings","33.","","",""
1989-90,"Card Rankings","34.","","",""
1989-90,"Card Rankings","35.","","",""
1989-90,"Card Rankings","36.","","",""
1989-90,"Card Rankings","37.","","",""
1989-90,"Card Rankings","38.","","",""
1989-90,"Card Rankings","39.","","",""
1989-90,"Card Rankings","40.","","",""
1989-90,"Card Rankings","41.","","",""
1989-90,"Card Rankings","42.","","",""
1989-90,"Card Rankings","43.","","",""
1989-90,"Card Rankings","44.","","",""
1989-90,"Card Rankings","45.","","",""
1989-90,"Card Rankings","46.","","",""
1989-90,"Card Rankings","47.","","",""
1989-90,"Card Rankings","48.","","",""
1989-90,"Card Rankings","49.","","",""
1989-90,"Card Rankings","50.","","",""
1989-90,"Card Rankings","51.","","",""
1989-90,"Card Rankings","52.","","",""
1989-90,"Card Rankings","53.","","",""
1989-90,"Card Rankings","54.","","",""
1989-90,"Card Rankings","55.","","",""
1989-90,"Card Rankings","56.","","",""
1989-90,"Card Rankings","57.","","",""
1989-90,"Card Rankings","58.","","",""
1989-90,"Card Rankings","59.","","",""
1989-90,"Card Rankings","60.","","",""
1989-90,"Card Rankings","61.","","",""
1989-90,"Card Rankings","62.","","",""
1989-90,"Card Rankings","63.","","",""
1989-90,"Card Rankings","64.","","",""
1989-90,"Card Rankings","65.","","",""
1989-90,"Card Rankings","66.","","",""
1989-90,"Card Rankings","67.","","",""
1989-90,"Card Rankings","68.","","",""
1989-90,"Card Rankings","69.","","",""
1989-90,"Card Rankings","70.","","",""
1989-90,"Card Rankings","71.","","",""
1989-90,"Card Rankings","72.","","",""
1989-90,"Card Rankings","73.","","",""
1989-90,"Card Rankings","74.","","",""
1989-90,"Card Rankings","75.","","",""
1989-90,"Card Rankings","76.","","",""
1989-90,"Card Rankings","77.","","",""
1989-90,"Card Rankings","78.","","",""
1989-90,"Card Rankings","79.","","",""
1989-90,"Card Rankings","80.","","",""
1989-90,"Card Rankings","81.","","",""
1989-90,"Card Rankings","82.","","",""
1989-90,"Card Rankings","83.","","",""
1989-90,"Card Rankings","84.","","",""
1989-90,"Card Rankings","85.","","",""
1989-90,"Card Rankings","86.","","",""
1989-90,"Card Rankings","87.","","",""
1989-90,"Card Rankings","88.","","",""
1989-90,"Card Rankings","89.","","",""
1989-90,"Card Rankings","90.","","",""
1989-90,"Card Rankings","91.","","",""
1989-90,"Card Rankings","92.","","",""
1989-90,"Card Rankings","93.","","",""
1989-90,"Card Rankings","94.","","",""
1989-90,"Card Rankings","95.","","",""
1989-90,"Card Rankings","96.","","",""
1989-90,"Card Rankings","97.","","",""
1989-90,"Card Rankings","98.","","",""
1989-90,"Card Rankings","99.","","",""
1989-90,"Card Rankings","100.","","",""

1989-90,"Click here to let us know","Baseball
        Basketball
        Boxing
        Cricket
        Football
        Gaming
        Golf
        Hockey
        Misc Sports
        MMA
        Multi-Sport
        Non-Sport
        Racing
        Soccer
        Tennis
        Wrestling","","",""
1989-90,"Checklist By Age","Baseball
        Basketball
        Boxing
        Cricket
        Football
        Gaming
        Golf
        Hockey
        Misc Sports
        MMA
        Multi-Sport
        Non-Sport
        Racing
        Soccer
        Tennis
        Wrestling","","",""
1989-90,"Checklist By Age","1.","","","#235"
1989-90,"Checklist By Age","2.","","","#7"
1989-90,"Checklist By Age","3.","","","#116"
1989-90,"Checklist By Age","4.","","","#286"
1989-90,"Checklist By Age","5.","","","#40"
1989-90,"Checklist By Age","6.","","","#191"
1989-90,"Checklist By Age","7.","","","#223"
1989-90,"Checklist By Age","8.","","","#58"
1989-90,"Checklist By Age","9.","","","#97"
1989-90,"Checklist By Age","10.","","","#229"
1989-90,"Checklist By Age","11.","","","#291"
1989-90,"Checklist By Age","12.","","","#107"
1989-90,"Checklist By Age","13.","","","#149"
1989-90,"Checklist By Age","14.","","","#143"
1989-90,"Checklist By Age","15.","","","#144"
1989-90,"Checklist By Age","16.","","","#196"
1989-90,"Checklist By Age","17.","","","#324"
1989-90,"Checklist By Age","18.","","","#8"
1989-90,"Checklist By Age","19.","","","#124"
1989-90,"Checklist By Age","20.","","","#55"
1989-90,"Checklist By Age","21.","","","#261"
1989-90,"Checklist By Age","22.","","","#112"
1989-90,"Checklist By Age","23.","","","#195"
1989-90,"Checklist By Age","24.","","","#317"
1989-90,"Checklist By Age","25.","","","#289"
1989-90,"Checklist By Age","26.","","","#294"
1989-90,"Checklist By Age","27.","","","#275"
1989-90,"Checklist By Age","28.","","","#244"
1989-90,"Checklist By Age","29.","","","#260"
1989-90,"Checklist By Age","30.","","","#283"
1989-90,"Checklist By Age","31.","","","#188"
1989-90,"Checklist By Age","32.","","","#4"
1989-90,"Checklist By Age","33.","","","#129"
1989-90,"Checklist By Age","34.","","","#276"
1989-90,"Checklist By Age","35.","","","#224"
1989-90,"Checklist By Age","36.","","","#34"
1989-90,"Checklist By Age","37.","","","#254"
1989-90,"Checklist By Age","38.","","","#240"
1989-90,"Checklist By Age","39.","","","#285"
1989-90,"Checklist By Age","40.","","","#62"
1989-90,"Checklist By Age","41.","","","#230"
1989-90,"Checklist By Age","42.","","","#211"
1989-90,"Checklist By Age","43.","","","#100"
1989-90,"Checklist By Age","44.","","","#208"
1989-90,"Checklist By Age","45.","","","#279"
1989-90,"Checklist By Age","46.","","","#213"
1989-90,"Checklist By Age","47.","","","#115"
1989-90,"Checklist By Age","48.","","","#199"
1989-90,"Checklist By Age","49.","","","#78"
1989-90,"Checklist By Age","50.","","","#252"
1989-90,"Checklist By Age","51.","","","#270"
1989-90,"Checklist By Age","52.","","","#139"
1989-90,"Checklist By Age","53.","","","#227"
1989-90,"Checklist By Age","54.","","","#303"
1989-90,"Checklist By Age","55.","","","#159"
1989-90,"Checklist By Age","56.","","","#125"
1989-90,"Checklist By Age","57.","","","#204"
1989-90,"Checklist By Age","58.","","","#158"
1989-90,"Checklist By Age","59.","","","#212"
1989-90,"Checklist By Age","60.","","","#52"
1989-90,"Checklist By Age","61.","","","#301"
1989-90,"Checklist By Age","62.","","","#171"
1989-90,"Checklist By Age","63.","","","#30"
1989-90,"Checklist By Age","64.","","","#118"
1989-90,"Checklist By Age","65.","","","#87"
1989-90,"Checklist By Age","66.","","","#306"
1989-90,"Checklist By Age","67.","","","#72"
1989-90,"Checklist By Age","68.","","","#148"
1989-90,"Checklist By Age","69.","","","#75"
1989-90,"Checklist By Age","70.","","","#41"
1989-90,"Checklist By Age","71.","","","#160"
1989-90,"Checklist By Age","72.","","","#288"
1989-90,"Checklist By Age","73.","","","#277"
1989-90,"Checklist By Age","74.","","","#214"
1989-90,"Checklist By Age","75.","","","#221"
1989-90,"Checklist By Age","76.","","","#53"
1989-90,"Checklist By Age","77.","","","#126"
1989-90,"Checklist By Age","78.","","","#57"
1989-90,"Checklist By Age","79.","","","#104"
1989-90,"Checklist By Age","80.","","","#71"
1989-90,"Checklist By Age","81.","","","#43"
1989-90,"Checklist By Age","82.","","","#181"
1989-90,"Checklist By Age","83.","","","#290"
1989-90,"Checklist By Age","84.","","","#237"
1989-90,"Checklist By Age","85.","","","#84"
1989-90,"Checklist By Age","86.","","","#76"
1989-90,"Checklist By Age","87.","","","#226"
1989-90,"Checklist By Age","88.","","","#303"
1989-90,"Checklist By Age","89.","","","#284"
1989-90,"Checklist By Age","90.","","","#206"
1989-90,"Checklist By Age","91.","","","#180"
1989-90,"Checklist By Age","92.","","","#308"
1989-90,"Checklist By Age","93.","","","#13"
1989-90,"Checklist By Age","94.","","","#140"
1989-90,"Checklist By Age","95.","","","#215"
1989-90,"Checklist By Age","96.","","","#110"
1989-90,"Checklist By Age","97.","","","#216"
1989-90,"Checklist By Age","98.","","","#166"
1989-90,"Checklist By Age","99.","","","#305"
1989-90,"Checklist By Age","100.","","","#65"
1989-90,"Checklist By First Name","Baseball
        Basketball
        Boxing
        Cricket
        Football
        Gaming
        Golf
        Hockey
        Misc Sports
        MMA
        Multi-Sport
        Non-Sport
        Racing
        Soccer
        Tennis
        Wrestling","","",""
1989-90,"Checklist By First Name","1.","","","#180"
1989-90,"Checklist By First Name","2.","","","#218"
1989-90,"Checklist By First Name","3.","","","#185"
1989-90,"Checklist By First Name","4.","","","#79"
1989-90,"Checklist By First Name","5.","","","#49"
1989-90,"Checklist By First Name","6.","","","#132"
1989-90,"Checklist By First Name","7.","","","#271"
1989-90,"Checklist By First Name","8.","","","#38"
1989-90,"Checklist By First Name","9.","","","#29"
1989-90,"Checklist By First Name","10.","","","#160"
1989-90,"Checklist By First Name","11.","","","#281"
1989-90,"Checklist By First Name","12.","","","#216"
1989-90,"Checklist By First Name","13.","","","#201"
1989-90,"Checklist By First Name","14.","","","#107"
1989-90,"Checklist By First Name","15.","","","#47"
1989-90,"Checklist By First Name","16.","","","#233"
1989-90,"Checklist By First Name","17.","","","#215"
1989-90,"Checklist By First Name","18.","","","#167"
1989-90,"Checklist By First Name","19.","","","#50"
1989-90,"Checklist By First Name","20.","","","#289"
1989-90,"Checklist By First Name","21.","","","#73"
1989-90,"Checklist By First Name","22.","","","#26"
1989-90,"Checklist By First Name","23.","","","#135"
1989-90,"Checklist By First Name","24.","","","#188"
1989-90,"Checklist By First Name","25.","","","#278"
1989-90,"Checklist By First Name","26.","","","#298"
1989-90,"Checklist By First Name","27.","","","#246"
1989-90,"Checklist By First Name","28.","","","#276"
1989-90,"Checklist By First Name","29.","","","#203"
1989-90,"Checklist By First Name","30.","","","#147"
1989-90,"Checklist By First Name","31.","","","#181"
1989-90,"Checklist By First Name","32.","","","#14"
1989-90,"Checklist By First Name","33.","","","#186"
1989-90,"Checklist By First Name","34.","","","#177"
1989-90,"Checklist By First Name","35.","","","#86"
1989-90,"Checklist By First Name","36.","","","#287"
1989-90,"Checklist By First Name","37.","","","#237"
1989-90,"Checklist By First Name","38.","","","#91"
1989-90,"Checklist By First Name","39.","","","#136"
1989-90,"Checklist By First Name","40.","","","#321"
1989-90,"Checklist By First Name","41.","","","#326"
1989-90,"Checklist By First Name","42.","","","#208"
1989-90,"Checklist By First Name","43.","","","#24"
1989-90,"Checklist By First Name","44.","","","#139"
1989-90,"Checklist By First Name","45.","","","#149"
1989-90,"Checklist By First Name","46.","","","#299"
1989-90,"Checklist By First Name","47.","","","#300"
1989-90,"Checklist By First Name","48.","","","#329"
1989-90,"Checklist By First Name","49.","","","#16"
1989-90,"Checklist By First Name","50.","","","#15"
1989-90,"Checklist By First Name","51.","","","#66"
1989-90,"Checklist By First Name","52.","","","#158"
1989-90,"Checklist By First Name","53.","","","#197"
1989-90,"Checklist By First Name","54.","","","#198"
1989-90,"Checklist By First Name","55.","","","#330"
1989-90,"Checklist By First Name","56.","","","#301"
1989-90,"Checklist By First Name","57.","","","#323"
1989-90,"Checklist By First Name","58.","","","#174"
1989-90,"Checklist By First Name","59.","","","#279"
1989-90,"Checklist By First Name","60.","","","#68"
1989-90,"Checklist By First Name","61.","","","#234"
1989-90,"Checklist By First Name","62.","","","#45"
1989-90,"Checklist By First Name","63.","","","#170"
1989-90,"Checklist By First Name","64.","","","#71"
1989-90,"Checklist By First Name","65.","","","#190"
1989-90,"Checklist By First Name","66.","","","#275"
1989-90,"Checklist By First Name","67.","","","#236"
1989-90,"Checklist By First Name","68.","","","#230"
1989-90,"Checklist By First Name","69.","","","#231"
1989-90,"Checklist By First Name","70.","","","#99"
1989-90,"Checklist By First Name","71.","","","#213"
1989-90,"Checklist By First Name","72.","","","#18"
1989-90,"Checklist By First Name","73.","","","#122"
1989-90,"Checklist By First Name","74.","","","#76"
1989-90,"Checklist By First Name","75.","","","#277"
1989-90,"Checklist By First Name","76.","","","#152"
1989-90,"Checklist By First Name","77.","","","#296"
1989-90,"Checklist By First Name","78.","","","#273"
1989-90,"Checklist By First Name","79.","","","#200"
1989-90,"Checklist By First Name","80.","","","#31"
1989-90,"Checklist By First Name","81.","","","#106"
1989-90,"Checklist By First Name","82.","","","#46"
1989-90,"Checklist By First Name","83.","","","#13"
1989-90,"Checklist By First Name","84.","","","#159"
1989-90,"Checklist By First Name","85.","","","#69"
1989-90,"Checklist By First Name","86.","","","#109"
1989-90,"Checklist By First Name","87.","","","#257"
1989-90,"Checklist By First Name","88.","","","#150"
1989-90,"Checklist By First Name","89.","","","#115"
1989-90,"Checklist By First Name","90.","","","#58"
1989-90,"Checklist By First Name","91.","","","#134"
1989-90,"Checklist By First Name","92.","","","#10"
1989-90,"Checklist By First Name","93.","","","#39"
1989-90,"Checklist By First Name","94.","","","#85"
1989-90,"Checklist By First Name","95.","","","#5"
1989-90,"Checklist By First Name","96.","","","#6"
1989-90,"Checklist By First Name","97.","","","#169"
1989-90,"Checklist By First Name","98.","","","#302"
1989-90,"Checklist By First Name","99.","","","#41"
1989-90,"Checklist By First Name","100.","","","#52"
1989-90,"Checklist By Last Name","Baseball
        Basketball
        Boxing
        Cricket
        Football
        Gaming
        Golf
        Hockey
        Misc Sports
        MMA
        Multi-Sport
        Non-Sport
        Racing
        Soccer
        Tennis
        Wrestling","","",""
1989-90,"Checklist By Last Name","1.","","","#254"
1989-90,"Checklist By Last Name","2.","","","#178"
1989-90,"Checklist By Last Name","3.","","","#241"
1989-90,"Checklist By Last Name","4.","","","#141"
1989-90,"Checklist By Last Name","5.","","","#226"
1989-90,"Checklist By Last Name","6.","","","#124"
1989-90,"Checklist By Last Name","7.","","","#106"
1989-90,"Checklist By Last Name","8.","","","#10"
1989-90,"Checklist By Last Name","9.","","","#187"
1989-90,"Checklist By Last Name","10.","","","#181"
1989-90,"Checklist By Last Name","11.","","","#46"
1989-90,"Checklist By Last Name","12.","","","#13"
1989-90,"Checklist By Last Name","13.","","","#36"
1989-90,"Checklist By Last Name","14.","","","#177"
1989-90,"Checklist By Last Name","15.","","","#86"
1989-90,"Checklist By Last Name","16.","","","#249"
1989-90,"Checklist By Last Name","17.","","","#296"
1989-90,"Checklist By Last Name","18.","","","#271"
1989-90,"Checklist By Last Name","19.","","","#154"
1989-90,"Checklist By Last Name","20.","","","#19"
1989-90,"Checklist By Last Name","21.","","","#110"
1989-90,"Checklist By Last Name","22.","","","#287"
1989-90,"Checklist By Last Name","23.","","","#29"
1989-90,"Checklist By Last Name","24.","","","#215"
1989-90,"Checklist By Last Name","25.","","","#180"
1989-90,"Checklist By Last Name","26.","","","#87"
1989-90,"Checklist By Last Name","27.","","","#242"
1989-90,"Checklist By Last Name","28.","","","#28"
1989-90,"Checklist By Last Name","29.","","","#193"
1989-90,"Checklist By Last Name","30.","","","#21"
1989-90,"Checklist By Last Name","31.","","","#92"
1989-90,"Checklist By Last Name","32.","","","#101"
1989-90,"Checklist By Last Name","33.","","","#121"
1989-90,"Checklist By Last Name","34.","","","#53"
1989-90,"Checklist By Last Name","35.","","","#3"
1989-90,"Checklist By Last Name","36.","","","#291"
1989-90,"Checklist By Last Name","37.","","","#167"
1989-90,"Checklist By Last Name","38.","","","#127"
1989-90,"Checklist By Last Name","39.","","","#48"
1989-90,"Checklist By Last Name","40.","","","#176"
1989-90,"Checklist By Last Name","41.","","","#269"
1989-90,"Checklist By Last Name","42.","","","#225"
1989-90,"Checklist By Last Name","43.","","","#142"
1989-90,"Checklist By Last Name","44.","","","#174"
1989-90,"Checklist By Last Name","45.","","","#323"
1989-90,"Checklist By Last Name","46.","","","#132"
1989-90,"Checklist By Last Name","47.","","","#164"
1989-90,"Checklist By Last Name","48.","","","#159"
1989-90,"Checklist By Last Name","49.","","","#41"
1989-90,"Checklist By Last Name","50.","","","#130"
1989-90,"Checklist By Last Name","51.","","","#95"
1989-90,"Checklist By Last Name","52.","","","#248"
1989-90,"Checklist By Last Name","53.","","","#162"
1989-90,"Checklist By Last Name","54.","","","#111"
1989-90,"Checklist By Last Name","55.","","","#239"
1989-90,"Checklist By Last Name","56.","","","#44"
1989-90,"Checklist By Last Name","57.","","","#218"
1989-90,"Checklist By Last Name","58.","","","#199"
1989-90,"Checklist By Last Name","59.","","","#145"
1989-90,"Checklist By Last Name","60.","","","#63"
1989-90,"Checklist By Last Name","61.","","","#2"
1989-90,"Checklist By Last Name","62.","","","#246"
1989-90,"Checklist By Last Name","63.","","","#272"
1989-90,"Checklist By Last Name","64.","","","#243"
1989-90,"Checklist By Last Name","65.","","","#277"
1989-90,"Checklist By Last Name","66.","","","#18"
1989-90,"Checklist By Last Name","67.","","","#182"
1989-90,"Checklist By Last Name","68.","","","#256"
1989-90,"Checklist By Last Name","69.","","","#20"
1989-90,"Checklist By Last Name","70.","","","#123"
1989-90,"Checklist By Last Name","71.","","","#293"
1989-90,"Checklist By Last Name","72.","","","#69"
1989-90,"Checklist By Last Name","73.","","","#94"
1989-90,"Checklist By Last Name","74.","","","#96"
1989-90,"Checklist By Last Name","75.","","","#50"
1989-90,"Checklist By Last Name","76.","","","#107"
1989-90,"Checklist By Last Name","77.","","","#103"
1989-90,"Checklist By Last Name","78.","","","#70"
1989-90,"Checklist By Last Name","79.","","","#250"
1989-90,"Checklist By Last Name","80.","","","#232"
1989-90,"Checklist By Last Name","81.","","","#78"
1989-90,"Checklist By Last Name","82.","","","#262"
1989-90,"Checklist By Last Name","83.","","","#175"
1989-90,"Checklist By Last Name","84.","","","#192"
1989-90,"Checklist By Last Name","85.","","","#109"
1989-90,"Checklist By Last Name","86.","","","#172"
1989-90,"Checklist By Last Name","87.","","","#30"
1989-90,"Checklist By Last Name","88.","","","#214"
1989-90,"Checklist By Last Name","89.","","","#213"
1989-90,"Checklist By Last Name","90.","","","#265"
1989-90,"Checklist By Last Name","91.","","","#74"
1989-90,"Checklist By Last Name","92.","","","#270"
1989-90,"Checklist By Last Name","93.","","","#258"
1989-90,"Checklist By Last Name","94.","","","#289"
1989-90,"Checklist By Last Name","95.","","","#57"
1989-90,"Checklist By Last Name","96.","","","#52"
1989-90,"Checklist By Last Name","97.","","","#161"
1989-90,"Checklist By Last Name","98.","","","#229"
1989-90,"Checklist By Last Name","99.","","","#156"
1989-90,"Checklist By Last Name","100.","","","#320"
1989-90,"100","Baseball
        Basketball
        Boxing
        Cricket
        Football
        Gaming
        Golf
        Hockey
        Misc Sports
        MMA
        Multi-Sport
        Non-Sport
        Racing
        Soccer
        Tennis
        Wrestling","","",""
1989-90,"100","","","",""

1989-90,"More…","Baseball
        Basketball
        Boxing
        Cricket
        Football
        Gaming
        Golf
        Hockey
        Misc Sports
        MMA
        Multi-Sport
        Non-Sport
        Racing
        Soccer
        Tennis
        Wrestling","","",""
1989-90,"More…","","","",""
1989-90,"More…","","","",""
1989-90,"More…","","","",""
1989-90,"More…","","","",""
1989-90,"More…","","","",""
1989-90,"More…","","","",""
1989-90,"More…","","","",""
1989-90,"More…","","","",""
1989-90,"More…","","","",""
1989-90,"More…","","","",""
1989-90,"More…","","","",""
1989-90,"More…","","","",""
1989-90,"More…","","","",""
1989-90,"More…","","","",""
1989-90,"More…","","","",""
1989-90,"More…","","","",""
1989-90,"More…","","","",""
1989-90,"More…","","","",""
1989-90,"More…","","","",""
1989-90,"More…","","","",""
1989-90,"More…","","","",""
1989-90,"More…","","","",""
1989-90,"More…","","","",""
1989-90,"More…","","","",""
1989-90,"More…","","","",""
1989-90,"More…","","","",""
1989-90,"More…","","","",""
1989-90,"More…","","","",""
1989-90,"More…","","","",""
1989-90,"More…","","","",""
1989-90,"More…","","","",""
1989-90,"More…","","","",""
1989-90,"More…","","","",""
1989-90,"More…","","","",""
1989-90,"More…","","","",""
1989-90,"More…","","","",""
1989-90,"More…","","","",""
1989-90,"More…","","","",""
1989-90,"More…","","","",""
1989-90,"More…","","","",""
1989-90,"More…","","","",""
1989-90,"More…","","","",""
1989-90,"More…","","","",""
1989-90,"More…","","","",""
1989-90,"More…","","","",""
1989-90,"More…","","","",""
1989-90,"More…","","","",""
1989-90,"More…","","","",""
1989-90,"More…","","","",""
1989-90,"More…","","","",""
1989-90,"More…","","","",""
1989-90,"More…","","","",""
1989-90,"More…","","","",""
1989-90,"More…","","","",""
1989-90,"More…","","","",""
1989-90,"More…","","","",""
1989-90,"More…","","","",""
1989-90,"More…","","","",""
1989-90,"More…","","","",""
1989-90,"More…","","","",""
1989-90,"More…","","","",""
1989-90,"More…","","","",""
1989-90,"More…","","","",""
1989-90,"More…","","","",""
1989-90,"More…","","","",""
1989-90,"More…","","","",""
1989-90,"More…","","","",""
1989-90,"More…","","","",""
1989-90,"More…","","","",""
1989-90,"More…","","","",""
1989-90,"More…","","","",""
1989-90,"More…","","","",""
1989-90,"More…","","","",""
1989-90,"More…","","","",""
1989-90,"More…","","","",""
1989-90,"More…","","","",""
1989-90,"More…","","","",""
1989-90,"More…","","","",""
1989-90,"More…","","","",""
1989-90,"More…","","","",""
1989-90,"More…","","","",""
1989-90,"More…","","","",""
1989-90,"More…","","","",""
1989-90,"More…","","","",""
1989-90,"More…","","","",""
1989-90,"More…","","","",""
1989-90,"More…","","","",""
1989-90,"More…","","","",""
1989-90,"More…","","","",""
1989-90,"More…","","","",""
1989-90,"More…","","","",""
1989-90,"More…","","","",""
1989-90,"More…","","","",""
1989-90,"More…","","","",""
1989-90,"More…","","","",""
1989-90,"More…","","","",""
1989-90,"More…","","","",""
1989-90,"More…","","","",""
1989-90,"More…","","","",""
1989-90,"More…","","","",""
1990-91,"Base Set","Baseball
        Basketball
        Boxing
        Cricket
        Football
        Gaming
        Golf
        Hockey
        Misc Sports
        MMA
        Multi-Sport
        Non-Sport
        Racing
        Soccer
        Tennis
        Wrestling","","",""
1990-91,"Base Set","","","",""
1990-91,"Base Set","","","",""
1990-91,"Base Set","","","",""
1990-91,"Base Set","","","",""
1990-91,"Base Set","","","",""
1990-91,"Base Set","","","",""
1990-91,"Base Set","","","",""
1990-91,"Base Set","","","",""
1990-91,"Base Set","","","",""
1990-91,"Base Set","","","",""
1990-91,"Base Set","","","",""
1990-91,"Base Set","","","",""
1990-91,"Base Set","","","",""
1990-91,"Base Set","","","",""
1990-91,"Base Set","","","",""
1990-91,"Base Set","","","",""
1990-91,"Base Set","","","",""
1990-91,"Base Set","","","",""
1990-91,"Base Set","","","",""
1990-91,"Base Set","","","",""
1990-91,"Base Set","","","",""
1990-91,"Base Set","","","",""
1990-91,"Base Set","","","",""
1990-91,"Base Set","","","",""
1990-91,"Base Set","","","",""
1990-91,"Base Set","","","",""
1990-91,"Base Set","","","",""
1990-91,"Base Set","","","",""
1990-91,"Base Set","","","",""
1990-91,"Base Set","","","",""
1990-91,"Base Set","","","",""
1990-91,"Base Set","","","",""
1990-91,"Base Set","","","",""
1990-91,"Base Set","","","",""
1990-91,"Base Set","","","",""
1990-91,"Base Set","","","",""
1990-91,"Base Set","","","",""
1990-91,"Base Set","","","",""
1990-91,"Base Set","","","",""
1990-91,"Base Set","","","",""
1990-91,"Base Set","","","",""
1990-91,"Base Set","","","",""
1990-91,"Base Set","","","",""
1990-91,"Base Set","","","",""
1990-91,"Base Set","","","",""
1990-91,"Base Set","","","",""
1990-91,"Base Set","","","",""
1990-91,"Base Set","","","",""
1990-91,"Base Set","","","",""
1990-91,"Base Set","","","",""
1990-91,"Base Set","","","",""
1990-91,"Base Set","","","",""
1990-91,"Base Set","","","",""
1990-91,"Base Set","","","",""
1990-91,"Base Set","","","",""
1990-91,"Base Set","","","",""
1990-91,"Base Set","","","",""
1990-91,"Base Set","","","",""
1990-91,"Base Set","","","",""
1990-91,"Base Set","","","",""
1990-91,"Base Set","","","",""
1990-91,"Base Set","","","",""
1990-91,"Base Set","","","",""
1990-91,"Base Set","","","",""
1990-91,"Base Set","","","",""
1990-91,"Base Set","","","",""
1990-91,"Base Set","","","",""
1990-91,"Base Set","","","",""
1990-91,"Base Set","","","",""
1990-91,"Base Set","","","",""
1990-91,"Base Set","","","",""
1990-91,"Base Set","","","",""
1990-91,"Base Set","","","",""
1990-91,"Base Set","","","",""
1990-91,"Base Set","","","",""
1990-91,"Base Set","","","",""
1990-91,"Base Set","","","",""
1990-91,"Base Set","","","",""
1990-91,"Base Set","","","",""
1990-91,"Base Set","","","",""
1990-91,"Base Set","","","",""
1990-91,"Base Set","","","",""
1990-91,"Base Set","","","",""
1990-91,"Base Set","","","",""
1990-91,"Base Set","","","",""
1990-91,"Base Set","","","",""
1990-91,"Base Set","","","",""
1990-91,"Base Set","","","",""
1990-91,"Base Set","","","",""
1990-91,"Base Set","","","",""
1990-91,"Base Set","","","",""
1990-91,"Base Set","","","",""
1990-91,"Base Set","","","",""
1990-91,"Base Set","","","",""
1990-91,"Base Set","","","",""
1990-91,"Base Set","","","",""
1990-91,"Base Set","","","",""
1990-91,"Base Set","","","",""
1990-91,"Base Set","","","",""
1990-91,"Base Set","","","",""
1990-91,"Overview","Baseball
        Basketball
        Boxing
        Cricket
        Football
        Gaming
        Golf
        Hockey
        Misc Sports
        MMA
        Multi-Sport
        Non-Sport
        Racing
        Soccer
        Tennis
        Wrestling","","",""
1990-91,"Overview","","","",""
1990-91,"Overview","","","",""
1990-91,"Overview","","","",""
1990-91,"Overview","","","",""
1990-91,"Overview","","","",""
1990-91,"Overview","","","",""
1990-91,"Overview","","","",""
1990-91,"Overview","","","",""
1990-91,"Overview","","","",""
1990-91,"Overview","","","",""
1990-91,"Overview","","","",""
1990-91,"Overview","","","",""
1990-91,"Overview","","","",""
1990-91,"Overview","","","",""
1990-91,"Overview","","","",""
1990-91,"Overview","","","",""
1990-91,"Overview","","","",""
1990-91,"Overview","","","",""
1990-91,"Overview","","","",""
1990-91,"Overview","","","",""
1990-91,"Overview","","","",""
1990-91,"Overview","","","",""
1990-91,"Overview","","","",""
1990-91,"Overview","","","",""
1990-91,"Overview","","","",""
1990-91,"Overview","","","",""
1990-91,"Overview","","","",""
1990-91,"Overview","","","",""
1990-91,"Overview","","","",""
1990-91,"Overview","","","",""
1990-91,"Overview","","","",""
1990-91,"Overview","","","",""
1990-91,"Overview","","","",""
1990-91,"Overview","","","",""
1990-91,"Overview","","","",""
1990-91,"Overview","","","",""
1990-91,"Overview","","","",""
1990-91,"Overview","","","",""
1990-91,"Overview","","","",""
1990-91,"Overview","","","",""
1990-91,"Overview","","","",""
1990-91,"Overview","","","",""
1990-91,"Overview","","","",""
1990-91,"Overview","","","",""
1990-91,"Overview","","","",""
1990-91,"Overview","","","",""
1990-91,"Overview","","","",""
1990-91,"Overview","","","",""
1990-91,"Overview","","","",""
1990-91,"Overview","","","",""
1990-91,"Overview","","","",""
1990-91,"Overview","","","",""
1990-91,"Overview","","","",""
1990-91,"Overview","","","",""
1990-91,"Overview","","","",""
1990-91,"Overview","","","",""
1990-91,"Overview","","","",""
1990-91,"Overview","","","",""
1990-91,"Overview","","","",""
1990-91,"Overview","","","",""
1990-91,"Overview","","","",""
1990-91,"Overview","","","",""
1990-91,"Overview","","","",""
1990-91,"Overview","","","",""
1990-91,"Overview","","","",""
1990-91,"Overview","","","",""
1990-91,"Overview","","","",""
1990-91,"Overview","","","",""
1990-91,"Overview","","","",""
1990-91,"Overview","","","",""
1990-91,"Overview","","","",""
1990-91,"Overview","","","",""
1990-91,"Overview","","","",""
1990-91,"Overview","","","",""
1990-91,"Overview","","","",""
1990-91,"Overview","","","",""
1990-91,"Overview","","","",""
1990-91,"Overview","","","",""
1990-91,"Overview","","","",""
1990-91,"Overview","","","",""
1990-91,"Overview","","","",""
1990-91,"Overview","","","",""
1990-91,"Overview","","","",""
1990-91,"Overview","","","",""
1990-91,"Overview","","","",""
1990-91,"Overview","","","",""
1990-91,"Overview","","","",""
1990-91,"Overview","","","",""
1990-91,"Overview","","","",""
1990-91,"Overview","","","",""
1990-91,"Overview","","","",""
1990-91,"Overview","","","",""
1990-91,"Overview","","","",""
1990-91,"Overview","","","",""
1990-91,"Overview","","","",""
1990-91,"Overview","","","",""
1990-91,"Overview","","","",""
1990-91,"Overview","","","",""
1990-91,"Overview","","","",""
1990-91,"Overview","","","",""
1990-91,"Rate this set...","Baseball
        Basketball
        Boxing
        Cricket
        Football
        Gaming
        Golf
        Hockey
        Misc Sports
        MMA
        Multi-Sport
        Non-Sport
        Racing
        Soccer
        Tennis
        Wrestling","","",""
1990-91,"Checklist","Baseball
        Basketball
        Boxing
        Cricket
        Football
        Gaming
        Golf
        Hockey
        Misc Sports
        MMA
        Multi-Sport
        Non-Sport
        Racing
        Soccer
        Tennis
        Wrestling","","",""
1990-91,"Checklist","","","",""
1990-91,"Checklist","","","",""
1990-91,"Checklist","","","",""
1990-91,"Checklist","","","",""
1990-91,"Checklist","","","",""
1990-91,"Checklist","","","",""
1990-91,"Checklist","","","",""
1990-91,"Checklist","","","",""
1990-91,"Checklist","","","",""
1990-91,"Checklist","","","",""
1990-91,"Checklist","","","",""
1990-91,"Checklist","","","",""
1990-91,"Checklist","","","",""
1990-91,"Checklist","","","",""
1990-91,"Checklist","","","",""
1990-91,"Checklist","","","",""
1990-91,"Checklist","","","",""
1990-91,"Checklist","","","",""
1990-91,"Checklist","","","",""
1990-91,"Checklist","","","",""
1990-91,"Checklist","","","",""
1990-91,"Checklist","","","",""
1990-91,"Checklist","","","",""
1990-91,"Checklist","","","",""
1990-91,"Checklist","","","",""
1990-91,"Checklist","","","",""
1990-91,"Checklist","","","",""
1990-91,"Checklist","","","",""
1990-91,"Checklist","","","",""
1990-91,"Checklist","","","",""
1990-91,"Checklist","","","",""
1990-91,"Checklist","","","",""
1990-91,"Checklist","","","",""
1990-91,"Checklist","","","",""
1990-91,"Checklist","","","",""
1990-91,"Checklist","","","",""
1990-91,"Checklist","","","",""
1990-91,"Checklist","","","",""
1990-91,"Checklist","","","",""
1990-91,"Checklist","","","",""
1990-91,"Checklist","","","",""
1990-91,"Checklist","","","",""
1990-91,"Checklist","","","",""
1990-91,"Checklist","","","",""
1990-91,"Checklist","","","",""
1990-91,"Checklist","","","",""
1990-91,"Checklist","","","",""
1990-91,"Checklist","","","",""
1990-91,"Checklist","","","",""
1990-91,"Checklist","","","",""
1990-91,"Checklist","","","",""
1990-91,"Checklist","","","",""
1990-91,"Checklist","","","",""
1990-91,"Checklist","","","",""
1990-91,"Checklist","","","",""
1990-91,"Checklist","","","",""
1990-91,"Checklist","","","",""
1990-91,"Checklist","","","",""
1990-91,"Checklist","","","",""
1990-91,"Checklist","","","",""
1990-91,"Checklist","","","",""
1990-91,"Checklist","","","",""
1990-91,"Checklist","","","",""
1990-91,"Checklist","","","",""
1990-91,"Checklist","","","",""
1990-91,"Checklist","","","",""
1990-91,"Checklist","","","",""
1990-91,"Checklist","","","",""
1990-91,"Checklist","","","",""
1990-91,"Checklist","","","",""
1990-91,"Checklist","","","",""
1990-91,"Checklist","","","",""
1990-91,"Checklist","","","",""
1990-91,"Checklist","","","",""
1990-91,"Checklist","","","",""
1990-91,"Checklist","","","",""
1990-91,"Checklist","","","",""
1990-91,"Checklist","","","",""
1990-91,"Checklist","","","",""
1990-91,"Checklist","","","",""
1990-91,"Checklist","","","",""
1990-91,"Checklist","","","",""
1990-91,"Checklist","","","",""
1990-91,"Checklist","","","",""
1990-91,"Checklist","","","",""
1990-91,"Checklist","","","",""
1990-91,"Checklist","","","",""
1990-91,"Checklist","","","",""
1990-91,"Checklist","","","",""
1990-91,"Checklist","","","",""
1990-91,"Checklist","","","",""
1990-91,"Checklist","","","",""
1990-91,"Checklist","","","",""
1990-91,"Checklist","","","",""
1990-91,"Checklist","","","",""
1990-91,"Checklist","","","",""
1990-91,"Checklist","","","",""
1990-91,"Checklist","","","",""
1990-91,"Checklist","","","",""
1990-91,"Checklist","","","",""
1990-91,"Teams","Baseball
        Basketball
        Boxing
        Cricket
        Football
        Gaming
        Golf
        Hockey
        Misc Sports
        MMA
        Multi-Sport
        Non-Sport
        Racing
        Soccer
        Tennis
        Wrestling","","",""
1990-91,"Errors / Variations","Baseball
        Basketball
        Boxing
        Cricket
        Football
        Gaming
        Golf
        Hockey
        Misc Sports
        MMA
        Multi-Sport
        Non-Sport
        Racing
        Soccer
        Tennis
        Wrestling","","",""
1990-91,"Errors / Variations","","","","215a"
1990-91,"Errors / Variations","","","","215b"
1990-91,"Hall of Famers","Baseball
        Basketball
        Boxing
        Cricket
        Football
        Gaming
        Golf
        Hockey
        Misc Sports
        MMA
        Multi-Sport
        Non-Sport
        Racing
        Soccer
        Tennis
        Wrestling","","",""
1990-91,"Hall of Famers","","","","1"
1990-91,"Hall of Famers","","","","2"
1990-91,"Hall of Famers","","","","6"
1990-91,"Hall of Famers","","","","7"
1990-91,"Hall of Famers","","","","16"
1990-91,"Hall of Famers","","","","24"
1990-91,"Hall of Famers","","","","29"
1990-91,"Hall of Famers","","","","31"
1990-91,"Hall of Famers","","","","42"
1990-91,"Hall of Famers","","","","44"
1990-91,"Hall of Famers","","","","50"
1990-91,"Hall of Famers","","","","63"
1990-91,"Hall of Famers","","","","69"
1990-91,"Hall of Famers","","","","80"
1990-91,"Hall of Famers","","","","85"
1990-91,"Hall of Famers","","","","86"
1990-91,"Hall of Famers","","","","91"
1990-91,"Hall of Famers","","","","92"
1990-91,"Hall of Famers","","","","93"
1990-91,"Hall of Famers","","","","94"
1990-91,"Hall of Famers","","","","96"
1990-91,"Hall of Famers","","","","97"
1990-91,"Hall of Famers","","","","123"
1990-91,"Hall of Famers","","","","129"
1990-91,"Hall of Famers","","","","142"
1990-91,"Hall of Famers","","","","143"
1990-91,"Hall of Famers","","","","150"
1990-91,"Hall of Famers","","","","152"
1990-91,"Hall of Famers","","","","169"
1990-91,"Hall of Famers","","","","177"
1990-91,"Hall of Famers","","","","188"
1990-91,"Hall of Famers","","","","189"
1990-91,"Hall of Famers","","","","191"
1990-91,"Hall of Famers","","","","195"
1990-91,"Hall of Famers","","","","198"
1990-91,"Hall of Famers","","","","199"
1990-91,"Hall of Famers","","","","204"
1990-91,"Hall of Famers","","","","206"
1990-91,"Hall of Famers","","","","209"
1990-91,"Hall of Famers","","","","211"
1990-91,"Hall of Famers","","","","215"
1990-91,"Hall of Famers","","","","215"
1990-91,"Hall of Famers","","","","220"
1990-91,"Hall of Famers","","","","233"
1990-91,"Hall of Famers","","","","238"
1990-91,"Hall of Famers","","","","239"
1990-91,"Hall of Famers","","","","240"
1990-91,"Hall of Famers","","","","241"
1990-91,"Hall of Famers","","","","246"
1990-91,"Hall of Famers","","","","254"
1990-91,"Rookies","Baseball
        Basketball
        Boxing
        Cricket
        Football
        Gaming
        Golf
        Hockey
        Misc Sports
        MMA
        Multi-Sport
        Non-Sport
        Racing
        Soccer
        Tennis
        Wrestling","","",""
1990-91,"Rookies","","","1","Jeremy Roenick RC"
1990-91,"Rookies","","","7","Ed Belfour RC"
1990-91,"Rookies","","","11","Jacques Cloutier RC"
1990-91,"Rookies","","","14","Kelly Chase RC"
1990-91,"Rookies","","","15","Dave Lowry RC"
1990-91,"Rookies","","","17","Sergio Momesso RC"
1990-91,"Rookies","","","20","Vincent Riendeau RC"
1990-91,"Rookies","","","21","Dave Thomlinson RC"
1990-91,"Rookies","","","23","Rod Brind'Amour RC"
1990-91,"Rookies","","","26","Dominic Lavoie RC"
1990-91,"Rookies","","","34","Bob Beers RC"
1990-91,"Rookies","","","38","John Byce RC"
1990-91,"Rookies","","","39","John Carter RC"
1990-91,"Rookies","","","48","Sylvain Lefebvre RC"
1990-91,"Rookies","","","52","Mathieu Schneider RC"
1990-91,"Rookies","","","53","Stephan Lebeau RC"
1990-91,"Rookies","","","62","Adrien Plavsic RC"
1990-91,"Rookies","","","63","Igor Larionov RC"
1990-91,"Rookies","","","67","Nick Kypreos RC"
1990-91,"Rookies","","","68","Michal Pivonka RC"
1990-91,"Rookies","","","74","Rob Murray RC"
1990-91,"Rookies","","","78","Alan May RC"
1990-91,"Rookies","","","80","Viacheslav Fetisov RC"
1990-91,"Rookies","","","84","Jon Morris RC"
1990-91,"Rookies","","","88","Neil Brady RC"
1990-91,"Rookies","","","90","Eric Weinrich RC"
1990-91,"Rookies","","","92","Sergei Makarov RC"
1990-91,"Rookies","","","100","Paul Ranheim RC"
1990-91,"Rookies","","","103","Sergei Priakin RC"
1990-91,"Rookies","","","104","Tony Horacek RC"
1990-91,"Rookies","","","106","Gord Murphy RC"
1990-91,"Rookies","","","116","Tom Fitzgerald RC"
1990-91,"Rookies","","","119","Mark Fitzpatrick RC"
1990-91,"Rookies","","","120","Hubie McDonough RC"
1990-91,"Rookies","","","125","Joe Reekie RC"
1990-91,"Rookies","","","128","Shawn Cronin RC"
1990-91,"Rookies","","","131","Bob Essensa RC"
1990-91,"Rookies","","","138","Teppo Numminen RC"
1990-91,"Rookies","","","142","Rob Blake RC"
1990-91,"Rookies","","","151","Todd Elik RC"
1990-91,"Rookies","","","164","Lou Franceschetti RC"
1990-91,"Rookies","","","166","Craig Wolanin RC"
1990-91,"Rookies","","","171","Scott Gordon RC"
1990-91,"Rookies","","","173","Bryan Fogarty RC"
1990-91,"Rookies","","","175","Claude Loiselle RC"
1990-91,"Rookies","","","179","Don Barber RC"
1990-91,"Rookies","","","181","Clark Donatelli RC"
1990-91,"Rookies","","","184","Neil Wilkinson RC"
1990-91,"Rookies","","","188","Mike Modano RC"
1990-91,"Rookies","","","190","Martin Gelinas RC"
1990-91,"Rookies","","","192","Geoff Smith RC"
1990-91,"Rookies","","","196","Joe Murphy RC"
1990-91,"Rookies","","","203","Wendell Young RC"
1990-91,"Rookies","","","206","Mark Recchi RC"
1990-91,"Rookies","","","208","Kevin Stevens RC"
1990-91,"Rookies","","","216","Darren Turcotte RC"
1990-91,"Rookies","","","218","Mike Richter RC"
1990-91,"Rookies","","","219","Troy Mallette RC"
1990-91,"Rookies","","","224","Paul Broten RC"
1990-91,"Rookies","","","226","Mark Janssens RC"
1990-91,"Rookies","","","227","Randy McKay RC"
1990-91,"Rookies","","","230","Yves Racine RC"
1990-91,"Rookies","","","235","Daniel Shank RC"
1990-91,"Rookies","","","240","Alexander Mogilny RC"
1990-91,"Rookies","","","248","Dean Kennedy RC"
1990-91,"Rookies","","","249","Dave Snuggerud RC"
1990-91,"Rookies","","","251","Todd Krygier RC"
1990-91,"Rookies","","","252","Adam Burt RC"
1990-91,"Rookies","","","259","Chris Govedaris RC"
1990-91,"Rookies","","","260","Brad Shaw RC"
1990-91,"Comments","Baseball
        Basketball
        Boxing
        Cricket
        Football
        Gaming
        Golf
        Hockey
        Misc Sports
        MMA
        Multi-Sport
        Non-Sport
        Racing
        Soccer
        Tennis
        Wrestling","","",""
1990-91,"Comments","May 13, 2025 - 9:08AM
jasongerman9	

Cards in this set can be found with either one asterisk (*) or two asterisks (**) in the copyright area on the back. No evidence has surfaced that indicates any single card has both versions.


Edited on: May 13, 2025 - 9:09AM","May 13, 2025 - 9:08AM
jasongerman9","",""
1990-91,"Packaging","Baseball
        Basketball
        Boxing
        Cricket
        Football
        Gaming
        Golf
        Hockey
        Misc Sports
        MMA
        Multi-Sport
        Non-Sport
        Racing
        Soccer
        Tennis
        Wrestling","","",""
1990-91,"Pricing","Baseball
        Basketball
        Boxing
        Cricket
        Football
        Gaming
        Golf
        Hockey
        Misc Sports
        MMA
        Multi-Sport
        Non-Sport
        Racing
        Soccer
        Tennis
        Wrestling","","",""
1990-91,"Pricing","1","","Jeremy Roenick RC",""
1990-91,"Pricing","2","","Doug Wilson",""
1990-91,"Pricing","3","","Greg Millen",""
1990-91,"Pricing","4","","Steve Thomas",""
1990-91,"Pricing","5","","Steve Larmer",""
1990-91,"Pricing","6","","Denis Savard",""
1990-91,"Pricing","7","","Ed Belfour RC",""
1990-91,"Pricing","8","","Dirk Graham",""
1990-91,"Pricing","9","","Adam Creighton",""
1990-91,"Pricing","10","","Keith Brown",""
1990-91,"Pricing","11","","Jacques Cloutier RC",""
1990-91,"Pricing","12","","Al Secord UER",""
1990-91,"Pricing","13","","Troy Murray",""
1990-91,"Pricing","14","","Kelly Chase RC",""
1990-91,"Pricing","15","","Dave Lowry RC",""
1990-91,"Pricing","16","","Adam Oates",""
1990-91,"Pricing","17","","Sergio Momesso RC",""
1990-91,"Pricing","18","","Paul MacLean",""
1990-91,"Pricing","19","","Peter Zezel",""
1990-91,"Pricing","20","","Vincent Riendeau RC",""
1990-91,"Pricing","21","","Dave Thomlinson RC",""
1990-91,"Pricing","22","","Paul Cavallini",""
1990-91,"Pricing","23","","Rod Brind'Amour RC",""
1990-91,"Pricing","24","","Brett Hull",""
1990-91,"Pricing","25","","Jeff Brown",""
1990-91,"Pricing","26","","Dominic Lavoie RC",""
1990-91,"Pricing","27","","Andy Brickley",""
1990-91,"Pricing","28","","Bob Sweeney",""
1990-91,"Pricing","29","","Cam Neely",""
1990-91,"Pricing","30","","Bob Carpenter",""
1990-91,"Pricing","31","","Ray Bourque",""
1990-91,"Pricing","32","","Rejean Lemelin",""
1990-91,"Pricing","33","","Craig Janney",""
1990-91,"Pricing","34","","Bob Beers RC",""
1990-91,"Pricing","35","","Andy Moog",""
1990-91,"Pricing","36","","Dave Poulin",""
1990-91,"Pricing","37","","Brian Propp",""
1990-91,"Pricing","38","","John Byce RC",""
1990-91,"Pricing","39","","John Carter RC",""
1990-91,"Pricing","40","","Dave Christian",""
1990-91,"Pricing","41","","Shayne Corson",""
1990-91,"Pricing","42","","Chris Chelios",""
1990-91,"Pricing","43","","Mike McPhee",""
1990-91,"Pricing","44","","Guy Carbonneau",""
1990-91,"Pricing","45","","Stephane Richer",""
1990-91,"Pricing","46","","Petr Svoboda UER",""
1990-91,"Pricing","47","","Russ Courtnall",""
1990-91,"Pricing","48","","Sylvain Lefebvre RC",""
1990-91,"Pricing","49","","Brian Skrudland",""
1990-91,"Pricing","50","","Patrick Roy",""
1990-91,"Pricing","51","","Bobby Smith",""
1990-91,"Pricing","52","","Mathieu Schneider RC",""
1990-91,"Pricing","53","","Stephan Lebeau RC",""
1990-91,"Pricing","54","","Petri Skriko",""
1990-91,"Pricing","55","","Jim Sandlak",""
1990-91,"Pricing","56","","Doug Lidster",""
1990-91,"Pricing","57","","Kirk McLean",""
1990-91,"Pricing","58","","Brian Bradley",""
1990-91,"Pricing","59","","Greg Adams",""
1990-91,"Pricing","60","","Paul Reinhart",""
1990-91,"Pricing","61","","Trevor Linden",""
1990-91,"Pricing","62","","Adrien Plavsic RC",""
1990-91,"Pricing","63","","Igor Larionov RC",""
1990-91,"Pricing","64","","Steve Bozek",""
1990-91,"Pricing","65","","Dan Quinn",""
1990-91,"Pricing","66","","Mike Liut",""
1990-91,"Pricing","67","","Nick Kypreos RC",""
1990-91,"Pricing","68","","Michal Pivonka RC",""
1990-91,"Pricing","69","","Dino Ciccarelli",""
1990-91,"Pricing","70","","Kevin Hatcher",""
1990-91,"Pricing","71","","Dale Hunter",""
1990-91,"Pricing","72","","Don Beaupre",""
1990-91,"Pricing","73","","Geoff Courtnall",""
1990-91,"Pricing","74","","Rob Murray RC",""
1990-91,"Pricing","75","","Calle Johansson",""
1990-91,"Pricing","76","","Kelly Miller",""
1990-91,"Pricing","77","","Mike Ridley",""
1990-91,"Pricing","78","","Alan May RC",""
1990-91,"Pricing","79","","Bob Brooke",""
1990-91,"Pricing","80","","Viacheslav Fetisov RC",""
1990-91,"Pricing","81","","Sylvain Turgeon",""
1990-91,"Pricing","82","","Kirk Muller",""
1990-91,"Pricing","83","","John MacLean",""
1990-91,"Pricing","84","","Jon Morris RC",""
1990-91,"Pricing","85","","Brendan Shanahan",""
1990-91,"Pricing","86","","Peter Stastny",""
1990-91,"Pricing","87","","Bruce Driver",""
1990-91,"Pricing","88","","Neil Brady RC",""
1990-91,"Pricing","89","","Patrik Sundstrom",""
1990-91,"Pricing","90","","Eric Weinrich RC",""
1990-91,"Pricing","91","","Joe Nieuwendyk",""
1990-91,"Pricing","92","","Sergei Makarov RC",""
1990-91,"Pricing","93","","Al MacInnis",""
1990-91,"Pricing","94","","Mike Vernon",""
1990-91,"Pricing","95","","Gary Roberts",""
1990-91,"Pricing","96","","Doug Gilmour",""
1990-91,"Pricing","97","","Joe Mullen",""
1990-91,"Pricing","98","","Rick Wamsley",""
1990-91,"Pricing","99","","Joel Otto",""
1990-91,"Pricing","100","","Paul Ranheim RC",""
1990-91,"Sell Sheets / Ads","Baseball
        Basketball
        Boxing
        Cricket
        Football
        Gaming
        Golf
        Hockey
        Misc Sports
        MMA
        Multi-Sport
        Non-Sport
        Racing
        Soccer
        Tennis
        Wrestling","","",""
1990-91,"Trivia","Baseball
        Basketball
        Boxing
        Cricket
        Football
        Gaming
        Golf
        Hockey
        Misc Sports
        MMA
        Multi-Sport
        Non-Sport
        Racing
        Soccer
        Tennis
        Wrestling","","",""
1990-91,"Videos","Baseball
        Basketball
        Boxing
        Cricket
        Football
        Gaming
        Golf
        Hockey
        Misc Sports
        MMA
        Multi-Sport
        Non-Sport
        Racing
        Soccer
        Tennis
        Wrestling","","",""
1990-91,"Videos","Posted by: dollar guy
Jul 5, 2020 - 10:43PM","Posted by: dollar guy
Jul 5, 2020 - 10:43PM","",""
1990-91,"Videos","Posted by: dollar guy
Jul 5, 2020 - 10:43PM","Posted by: dollar guy
Jul 5, 2020 - 10:43PM","",""
1990-91,"Videos","Posted by: dollar guy
Jul 5, 2020 - 10:42PM","Posted by: dollar guy
Jul 5, 2020 - 10:42PM","",""
1990-91,"Videos","Posted by: dollar guy
Jul 5, 2020 - 10:42PM","Posted by: dollar guy
Jul 5, 2020 - 10:42PM","",""
1990-91,"Videos","Posted by: dollar guy
Jul 5, 2020 - 10:42PM","Posted by: dollar guy
Jul 5, 2020 - 10:42PM","",""
1990-91,"Videos","Posted by: dollar guy
Jul 5, 2020 - 10:41PM","Posted by: dollar guy
Jul 5, 2020 - 10:41PM","",""
1990-91,"Videos","Posted by: dollar guy
Jul 5, 2020 - 10:41PM","Posted by: dollar guy
Jul 5, 2020 - 10:41PM","",""
1990-91,"Videos","Posted by: dollar guy
Jul 5, 2020 - 10:40PM","Posted by: dollar guy
Jul 5, 2020 - 10:40PM","",""
1990-91,"Videos","Posted by: dollar guy
Jul 5, 2020 - 10:39PM","Posted by: dollar guy
Jul 5, 2020 - 10:39PM","",""
1990-91,"Videos","Posted by: dollar guy
Jul 5, 2020 - 10:38PM","Posted by: dollar guy
Jul 5, 2020 - 10:38PM","",""
1990-91,"External Links","Baseball
        Basketball
        Boxing
        Cricket
        Football
        Gaming
        Golf
        Hockey
        Misc Sports
        MMA
        Multi-Sport
        Non-Sport
        Racing
        Soccer
        Tennis
        Wrestling","","",""
1990-91,"Contributors","Baseball
        Basketball
        Boxing
        Cricket
        Football
        Gaming
        Golf
        Hockey
        Misc Sports
        MMA
        Multi-Sport
        Non-Sport
        Racing
        Soccer
        Tennis
        Wrestling","","",""
1990-91,"Contributors","Member	Total
1.	oldcollector	321
2.	Gunny	100
3.	rosconiner1	58
4.	NJDevils	26
5.	dobbie	15
6.	MuadDib1982	4
7.	Chandler	2
8.	Quintessence	2
9.	galop92	2","","Member","Total"
1990-91,"Contributors","","Member","Total",""
1990-91,"Contributors","1.","oldcollector","321",""
1990-91,"Contributors","2.","Gunny","100",""
1990-91,"Contributors","3.","rosconiner1","58",""
1990-91,"Contributors","4.","NJDevils","26",""
1990-91,"Contributors","5.","dobbie","15",""
1990-91,"Contributors","6.","MuadDib1982","4",""
1990-91,"Contributors","7.","Chandler","2",""
1990-91,"Contributors","8.","Quintessence","2",""
1990-91,"Contributors","9.","galop92","2",""
1990-91,"Contributors","Member	Total
1.	One8	2","","Member","Total"
1990-91,"Contributors","","Member","Total",""
1990-91,"Contributors","1.","One8","2",""
1990-91,"Contributors","Member	Total
1.	jasongerman9	1
2.	ravishingrick	1","","Member","Total"
1990-91,"Contributors","","Member","Total",""
1990-91,"Contributors","1.","jasongerman9","1",""
1990-91,"Contributors","2.","ravishingrick","1",""
1990-91,"Contributors","Member	Total
1.	muskie027	5
2.	biotwister	4
3.	reakins	3
4.	Ballfan	1
5.	dobbie	1
6.	engineer67	1
7.	thesemers	1","","Member","Total"
1990-91,"Contributors","","Member","Total",""
1990-91,"Contributors","1.","muskie027","5",""
1990-91,"Contributors","2.","biotwister","4",""
1990-91,"Contributors","3.","reakins","3",""
1990-91,"Contributors","4.","Ballfan","1",""
1990-91,"Contributors","5.","dobbie","1",""
1990-91,"Contributors","6.","engineer67","1",""
1990-91,"Contributors","7.","thesemers","1",""
1990-91,"Contributors","Member	Total
1.	reakins	1","","Member","Total"
1990-91,"Contributors","","Member","Total",""
1990-91,"Contributors","1.","reakins","1",""
1990-91,"Contributors","Member	Total
1.	jasongerman9	7
2.	Jarde	2
3.	dollar guy	1","","Member","Total"
1990-91,"Contributors","","Member","Total",""
1990-91,"Contributors","1.","jasongerman9","7",""
1990-91,"Contributors","2.","Jarde","2",""
1990-91,"Contributors","3.","dollar guy","1",""
1990-91,"Contributors","Member	Total
1.	dollar guy	10","","Member","Total"
1990-91,"Contributors","","Member","Total",""
1990-91,"Contributors","1.","dollar guy","10",""
1990-91,"Contributors","Member	Total
1.	jimetal7212	1","","Member","Total"
1990-91,"Contributors","","Member","Total",""
1990-91,"Contributors","1.","jimetal7212","1",""
1990-91,"Glossary","Baseball
        Basketball
        Boxing
        Cricket
        Football
        Gaming
        Golf
        Hockey
        Misc Sports
        MMA
        Multi-Sport
        Non-Sport
        Racing
        Soccer
        Tennis
        Wrestling","","",""
1990-91,"Gallery","Baseball
        Basketball
        Boxing
        Cricket
        Football
        Gaming
        Golf
        Hockey
        Misc Sports
        MMA
        Multi-Sport
        Non-Sport
        Racing
        Soccer
        Tennis
        Wrestling","","",""
1990-91,"Card Rankings","Baseball
        Basketball
        Boxing
        Cricket
        Football
        Gaming
        Golf
        Hockey
        Misc Sports
        MMA
        Multi-Sport
        Non-Sport
        Racing
        Soccer
        Tennis
        Wrestling","","",""
1990-91,"Card Rankings","1.","","",""
1990-91,"Card Rankings","2.","","",""
1990-91,"Card Rankings","3.","","",""
1990-91,"Card Rankings","4.","","",""
1990-91,"Card Rankings","5.","","",""
1990-91,"Card Rankings","6.","","",""
1990-91,"Card Rankings","7.","","",""
1990-91,"Card Rankings","8.","","",""
1990-91,"Card Rankings","9.","","",""
1990-91,"Card Rankings","10.","","",""
1990-91,"Card Rankings","11.","","",""
1990-91,"Card Rankings","12.","","",""
1990-91,"Card Rankings","13.","","",""
1990-91,"Card Rankings","14.","","",""
1990-91,"Card Rankings","15.","","",""
1990-91,"Card Rankings","16.","","",""
1990-91,"Card Rankings","17.","","",""
1990-91,"Card Rankings","18.","","",""
1990-91,"Card Rankings","19.","","",""
1990-91,"Card Rankings","20.","","",""
1990-91,"Card Rankings","21.","","",""
1990-91,"Card Rankings","22.","","",""
1990-91,"Card Rankings","23.","","",""
1990-91,"Card Rankings","24.","","",""
1990-91,"Card Rankings","25.","","",""
1990-91,"Card Rankings","26.","","",""
1990-91,"Card Rankings","27.","","",""
1990-91,"Card Rankings","28.","","",""
1990-91,"Card Rankings","29.","","",""
1990-91,"Card Rankings","30.","","",""
1990-91,"Card Rankings","31.","","",""
1990-91,"Card Rankings","32.","","",""
1990-91,"Card Rankings","33.","","",""
1990-91,"Card Rankings","34.","","",""
1990-91,"Card Rankings","35.","","",""
1990-91,"Card Rankings","36.","","",""
1990-91,"Card Rankings","37.","","",""
1990-91,"Card Rankings","38.","","",""
1990-91,"Card Rankings","39.","","",""
1990-91,"Card Rankings","40.","","",""
1990-91,"Card Rankings","41.","","",""
1990-91,"Card Rankings","42.","","",""
1990-91,"Card Rankings","43.","","",""
1990-91,"Card Rankings","44.","","",""
1990-91,"Card Rankings","45.","","",""
1990-91,"Card Rankings","46.","","",""
1990-91,"Card Rankings","47.","","",""
1990-91,"Card Rankings","48.","","",""
1990-91,"Card Rankings","49.","","",""
1990-91,"Card Rankings","50.","","",""
1990-91,"Card Rankings","51.","","",""
1990-91,"Card Rankings","52.","","",""
1990-91,"Card Rankings","53.","","",""
1990-91,"Card Rankings","54.","","",""
1990-91,"Card Rankings","55.","","",""
1990-91,"Card Rankings","56.","","",""
1990-91,"Card Rankings","57.","","",""
1990-91,"Card Rankings","58.","","",""
1990-91,"Card Rankings","59.","","",""
1990-91,"Card Rankings","60.","","",""
1990-91,"Card Rankings","61.","","",""
1990-91,"Card Rankings","62.","","",""
1990-91,"Card Rankings","63.","","",""
1990-91,"Card Rankings","64.","","",""
1990-91,"Card Rankings","65.","","",""
1990-91,"Card Rankings","66.","","",""
1990-91,"Card Rankings","67.","","",""
1990-91,"Card Rankings","68.","","",""
1990-91,"Card Rankings","69.","","",""
1990-91,"Card Rankings","70.","","",""
1990-91,"Card Rankings","71.","","",""
1990-91,"Card Rankings","72.","","",""
1990-91,"Card Rankings","73.","","",""
1990-91,"Card Rankings","74.","","",""
1990-91,"Card Rankings","75.","","",""
1990-91,"Card Rankings","76.","","",""
1990-91,"Card Rankings","77.","","",""
1990-91,"Card Rankings","78.","","",""
1990-91,"Card Rankings","79.","","",""
1990-91,"Card Rankings","80.","","",""
1990-91,"Card Rankings","81.","","",""
1990-91,"Card Rankings","82.","","",""
1990-91,"Card Rankings","83.","","",""
1990-91,"Card Rankings","84.","","",""
1990-91,"Card Rankings","85.","","",""
1990-91,"Card Rankings","86.","","",""
1990-91,"Card Rankings","87.","","",""
1990-91,"Card Rankings","88.","","",""
1990-91,"Card Rankings","89.","","",""
1990-91,"Card Rankings","90.","","",""
1990-91,"Card Rankings","91.","","",""
1990-91,"Card Rankings","92.","","",""
1990-91,"Card Rankings","93.","","",""
1990-91,"Card Rankings","94.","","",""
1990-91,"Card Rankings","95.","","",""
1990-91,"Card Rankings","96.","","",""
1990-91,"Card Rankings","97.","","",""
1990-91,"Card Rankings","98.","","",""
1990-91,"Card Rankings","99.","","",""
1990-91,"Card Rankings","100.","","",""
1990-91,"Collection Summary","Baseball
        Basketball
        Boxing
        Cricket
        Football
        Gaming
        Golf
        Hockey
        Misc Sports
        MMA
        Multi-Sport
        Non-Sport
        Racing
        Soccer
        Tennis
        Wrestling","","",""
1990-91,"Hat Tricks","Baseball
        Basketball
        Boxing
        Cricket
        Football
        Gaming
        Golf
        Hockey
        Misc Sports
        MMA
        Multi-Sport
        Non-Sport
        Racing
        Soccer
        Tennis
        Wrestling","","",""
1990-91,"Hat Tricks","","","","1"
1990-91,"Hat Tricks","","","",""
1990-91,"Hat Tricks","","","",""
1990-91,"Hat Tricks","","","",""
1990-91,"Hat Tricks","","","","2"
1990-91,"Hat Tricks","","","",""
1990-91,"Hat Tricks","","","",""
1990-91,"Hat Tricks","","","",""
1990-91,"Hat Tricks","","","","3"
1990-91,"Hat Tricks","","","",""
1990-91,"Hat Tricks","","","",""
1990-91,"Hat Tricks","","","",""
1990-91,"Hat Tricks","","","","4"
1990-91,"Hat Tricks","","","",""
1990-91,"Hat Tricks","","","",""
1990-91,"Hat Tricks","","","",""
1990-91,"Hat Tricks","","","","5"
1990-91,"Hat Tricks","","","",""
1990-91,"Hat Tricks","","","",""
1990-91,"Hat Tricks","","","",""
1990-91,"Hat Tricks","","","","6"
1990-91,"Hat Tricks","","","",""
1990-91,"Hat Tricks","","","",""
1990-91,"Hat Tricks","","","",""
1990-91,"Hat Tricks","","","","7"
1990-91,"Hat Tricks","","","",""
1990-91,"Hat Tricks","","","",""
1990-91,"Hat Tricks","","","",""
1990-91,"Hat Tricks","","","","8"
1990-91,"Hat Tricks","","","",""
1990-91,"Hat Tricks","","","",""
1990-91,"Hat Tricks","","","",""
1990-91,"Hat Tricks","","","","9"
1990-91,"Hat Tricks","","","",""
1990-91,"Hat Tricks","","","",""
1990-91,"Hat Tricks","","","",""
1990-91,"Hat Tricks","","","","10"
1990-91,"Hat Tricks","","","",""
1990-91,"Hat Tricks","","","",""
1990-91,"Hat Tricks","","","",""
1990-91,"Hat Tricks","","","","11"
1990-91,"Hat Tricks","","","",""
1990-91,"Hat Tricks","","","",""
1990-91,"Hat Tricks","","","",""
1990-91,"Hat Tricks","","","","12"
1990-91,"Hat Tricks","","","",""
1990-91,"Hat Tricks","","","",""
1990-91,"Hat Tricks","","","",""
1990-91,"Hat Tricks","","","","13"
1990-91,"Hat Tricks","","","",""
1990-91,"Hat Tricks","","","",""
1990-91,"Hat Tricks","","","",""
1990-91,"Hat Tricks","","","","14"
1990-91,"Hat Tricks","","","",""
1990-91,"Hat Tricks","","","",""
1990-91,"Hat Tricks","","","",""
1990-91,"Hat Tricks","","","","15"
1990-91,"Hat Tricks","","","",""
1990-91,"Hat Tricks","","","",""
1990-91,"Hat Tricks","","","",""
1990-91,"Hat Tricks","","","","16"
1990-91,"Hat Tricks","","","",""
1990-91,"Hat Tricks","","","",""
1990-91,"Hat Tricks","","","",""
1990-91,"Hat Tricks","","","","17"
1990-91,"Hat Tricks","","","",""
1990-91,"Hat Tricks","","","",""
1990-91,"Hat Tricks","","","",""
1990-91,"Hat Tricks","","","","18"
1990-91,"Hat Tricks","","","",""
1990-91,"Hat Tricks","","","",""
1990-91,"Hat Tricks","","","",""
1990-91,"Hat Tricks","","","","19"
1990-91,"Hat Tricks","","","",""
1990-91,"Hat Tricks","","","",""
1990-91,"Hat Tricks","","","",""
1990-91,"Hat Tricks","","","","20"
1990-91,"Hat Tricks","","","",""
1990-91,"Hat Tricks","","","",""
1990-91,"Hat Tricks","","","",""
1990-91,"Hat Tricks","","","","21"
1990-91,"Hat Tricks","","","",""
1990-91,"Hat Tricks","","","",""
1990-91,"Hat Tricks","","","",""
1990-91,"Hat Tricks","","","","22"
1990-91,"Hat Tricks","","","",""
1990-91,"Hat Tricks","","","",""
1990-91,"Hat Tricks","","","",""
1990-91,"Hat Tricks Collector's Edition (Tiffany)","Baseball
        Basketball
        Boxing
        Cricket
        Football
        Gaming
        Golf
        Hockey
        Misc Sports
        MMA
        Multi-Sport
        Non-Sport
        Racing
        Soccer
        Tennis
        Wrestling","","",""
1990-91,"Hat Tricks Collector's Edition (Tiffany)","","","",""
1990-91,"Hat Tricks Collector's Edition (Tiffany)","","","",""
1990-91,"Hat Tricks Collector's Edition (Tiffany)","","","",""
1990-91,"Hat Tricks Collector's Edition (Tiffany)","","","",""
1990-91,"Hat Tricks Collector's Edition (Tiffany)","","","",""
1990-91,"Hat Tricks Collector's Edition (Tiffany)","","","",""
1990-91,"Hat Tricks Collector's Edition (Tiffany)","","","",""
1990-91,"Hat Tricks Collector's Edition (Tiffany)","","","",""
1990-91,"Hat Tricks Collector's Edition (Tiffany)","","","",""
1990-91,"Hat Tricks Collector's Edition (Tiffany)","","","",""
1990-91,"Hat Tricks Collector's Edition (Tiffany)","","","",""
1990-91,"Hat Tricks Collector's Edition (Tiffany)","","","",""
1990-91,"Hat Tricks Collector's Edition (Tiffany)","","","",""
1990-91,"Hat Tricks Collector's Edition (Tiffany)","","","",""
1990-91,"Hat Tricks Collector's Edition (Tiffany)","","","",""
1990-91,"Hat Tricks Collector's Edition (Tiffany)","","","",""
1990-91,"Hat Tricks Collector's Edition (Tiffany)","","","",""
1990-91,"Hat Tricks Collector's Edition (Tiffany)","","","",""
1990-91,"Hat Tricks Collector's Edition (Tiffany)","","","",""
1990-91,"Hat Tricks Collector's Edition (Tiffany)","","","",""
1990-91,"Hat Tricks Collector's Edition (Tiffany)","","","",""
1990-91,"Hat Tricks Collector's Edition (Tiffany)","","","",""
1990-91,"Collector's Edition (Tiffany)","Baseball
        Basketball
        Boxing
        Cricket
        Football
        Gaming
        Golf
        Hockey
        Misc Sports
        MMA
        Multi-Sport
        Non-Sport
        Racing
        Soccer
        Tennis
        Wrestling","","",""
1990-91,"Collector's Edition (Tiffany)","","","",""
1990-91,"Collector's Edition (Tiffany)","","","",""
1990-91,"Collector's Edition (Tiffany)","","","",""
1990-91,"Collector's Edition (Tiffany)","","","",""
1990-91,"Collector's Edition (Tiffany)","","","",""
1990-91,"Collector's Edition (Tiffany)","","","",""
1990-91,"Collector's Edition (Tiffany)","","","",""
1990-91,"Collector's Edition (Tiffany)","","","",""
1990-91,"Collector's Edition (Tiffany)","","","",""
1990-91,"Collector's Edition (Tiffany)","","","",""
1990-91,"Collector's Edition (Tiffany)","","","",""
1990-91,"Collector's Edition (Tiffany)","","","",""
1990-91,"Collector's Edition (Tiffany)","","","",""
1990-91,"Collector's Edition (Tiffany)","","","",""
1990-91,"Collector's Edition (Tiffany)","","","",""
1990-91,"Collector's Edition (Tiffany)","","","",""
1990-91,"Collector's Edition (Tiffany)","","","",""
1990-91,"Collector's Edition (Tiffany)","","","",""
1990-91,"Collector's Edition (Tiffany)","","","",""
1990-91,"Collector's Edition (Tiffany)","","","",""
1990-91,"Collector's Edition (Tiffany)","","","",""
1990-91,"Collector's Edition (Tiffany)","","","",""
1990-91,"Collector's Edition (Tiffany)","","","",""
1990-91,"Collector's Edition (Tiffany)","","","",""
1990-91,"Collector's Edition (Tiffany)","","","",""
1990-91,"Collector's Edition (Tiffany)","","","",""
1990-91,"Collector's Edition (Tiffany)","","","",""
1990-91,"Collector's Edition (Tiffany)","","","",""
1990-91,"Collector's Edition (Tiffany)","","","",""
1990-91,"Collector's Edition (Tiffany)","","","",""
1990-91,"Collector's Edition (Tiffany)","","","",""
1990-91,"Collector's Edition (Tiffany)","","","",""
1990-91,"Collector's Edition (Tiffany)","","","",""
1990-91,"Collector's Edition (Tiffany)","","","",""
1990-91,"Collector's Edition (Tiffany)","","","",""
1990-91,"Collector's Edition (Tiffany)","","","",""
1990-91,"Collector's Edition (Tiffany)","","","",""
1990-91,"Collector's Edition (Tiffany)","","","",""
1990-91,"Collector's Edition (Tiffany)","","","",""
1990-91,"Collector's Edition (Tiffany)","","","",""
1990-91,"Collector's Edition (Tiffany)","","","",""
1990-91,"Collector's Edition (Tiffany)","","","",""
1990-91,"Collector's Edition (Tiffany)","","","",""
1990-91,"Collector's Edition (Tiffany)","","","",""
1990-91,"Collector's Edition (Tiffany)","","","",""
1990-91,"Collector's Edition (Tiffany)","","","",""
1990-91,"Collector's Edition (Tiffany)","","","",""
1990-91,"Collector's Edition (Tiffany)","","","",""
1990-91,"Collector's Edition (Tiffany)","","","",""
1990-91,"Collector's Edition (Tiffany)","","","",""
1990-91,"Collector's Edition (Tiffany)","","","",""
1990-91,"Collector's Edition (Tiffany)","","","",""
1990-91,"Collector's Edition (Tiffany)","","","",""
1990-91,"Collector's Edition (Tiffany)","","","",""
1990-91,"Collector's Edition (Tiffany)","","","",""
1990-91,"Collector's Edition (Tiffany)","","","",""
1990-91,"Collector's Edition (Tiffany)","","","",""
1990-91,"Collector's Edition (Tiffany)","","","",""
1990-91,"Collector's Edition (Tiffany)","","","",""
1990-91,"Collector's Edition (Tiffany)","","","",""
1990-91,"Collector's Edition (Tiffany)","","","",""
1990-91,"Collector's Edition (Tiffany)","","","",""
1990-91,"Collector's Edition (Tiffany)","","","",""
1990-91,"Collector's Edition (Tiffany)","","","",""
1990-91,"Collector's Edition (Tiffany)","","","",""
1990-91,"Collector's Edition (Tiffany)","","","",""
1990-91,"Collector's Edition (Tiffany)","","","",""
1990-91,"Collector's Edition (Tiffany)","","","",""
1990-91,"Collector's Edition (Tiffany)","","","",""
1990-91,"Collector's Edition (Tiffany)","","","",""
1990-91,"Collector's Edition (Tiffany)","","","",""
1990-91,"Collector's Edition (Tiffany)","","","",""
1990-91,"Collector's Edition (Tiffany)","","","",""
1990-91,"Collector's Edition (Tiffany)","","","",""
1990-91,"Collector's Edition (Tiffany)","","","",""
1990-91,"Collector's Edition (Tiffany)","","","",""
1990-91,"Collector's Edition (Tiffany)","","","",""
1990-91,"Collector's Edition (Tiffany)","","","",""
1990-91,"Collector's Edition (Tiffany)","","","",""
1990-91,"Collector's Edition (Tiffany)","","","",""
1990-91,"Collector's Edition (Tiffany)","","","",""
1990-91,"Collector's Edition (Tiffany)","","","",""
1990-91,"Collector's Edition (Tiffany)","","","",""
1990-91,"Collector's Edition (Tiffany)","","","",""
1990-91,"Collector's Edition (Tiffany)","","","",""
1990-91,"Collector's Edition (Tiffany)","","","",""
1990-91,"Collector's Edition (Tiffany)","","","",""
1990-91,"Collector's Edition (Tiffany)","","","",""
1990-91,"Collector's Edition (Tiffany)","","","",""
1990-91,"Collector's Edition (Tiffany)","","","",""
1990-91,"Collector's Edition (Tiffany)","","","",""
1990-91,"Collector's Edition (Tiffany)","","","",""
1990-91,"Collector's Edition (Tiffany)","","","",""
1990-91,"Collector's Edition (Tiffany)","","","",""
1990-91,"Collector's Edition (Tiffany)","","","",""
1990-91,"Collector's Edition (Tiffany)","","","",""
1990-91,"Collector's Edition (Tiffany)","","","",""
1990-91,"Collector's Edition (Tiffany)","","","",""
1990-91,"Collector's Edition (Tiffany)","","","",""
1990-91,"Collector's Edition (Tiffany)","","","",""
1990-91,"Base Set","Baseball
        Basketball
        Boxing
        Cricket
        Football
        Gaming
        Golf
        Hockey
        Misc Sports
        MMA
        Multi-Sport
        Non-Sport
        Racing
        Soccer
        Tennis
        Wrestling","","",""
1990-91,"Base Set","","","",""
1990-91,"Base Set","","","",""
1990-91,"Base Set","","","",""
1990-91,"Base Set","","","",""
1990-91,"Base Set","","","",""
1990-91,"Base Set","","","",""
1990-91,"Base Set","","","",""
1990-91,"Base Set","","","",""
1990-91,"Base Set","","","",""
1990-91,"Base Set","","","",""
1990-91,"Base Set","","","",""
1990-91,"Base Set","","","",""
1990-91,"Base Set","","","",""
1990-91,"Base Set","","","",""
1990-91,"Base Set","","","",""
1990-91,"Base Set","","","",""
1990-91,"Base Set","","","",""
1990-91,"Base Set","","","",""
1990-91,"Base Set","","","",""
1990-91,"Base Set","","","",""
1990-91,"Base Set","","","",""
1990-91,"Base Set","","","",""
1990-91,"Base Set","","","",""
1990-91,"Base Set","","","",""
1990-91,"Base Set","","","",""
1990-91,"Base Set","","","",""
1990-91,"Base Set","","","",""
1990-91,"Base Set","","","",""
1990-91,"Base Set","","","",""
1990-91,"Base Set","","","",""
1990-91,"Base Set","","","",""
1990-91,"Base Set","","","",""
1990-91,"Base Set","","","",""
1990-91,"Base Set","","","",""
1990-91,"Base Set","","","",""
1990-91,"Base Set","","","",""
1990-91,"Base Set","","","",""
1990-91,"Base Set","","","",""
1990-91,"Base Set","","","",""
1990-91,"Base Set","","","",""
1990-91,"Base Set","","","",""
1990-91,"Base Set","","","",""
1990-91,"Base Set","","","",""
1990-91,"Base Set","","","",""
1990-91,"Base Set","","","",""
1990-91,"Base Set","","","",""
1990-91,"Base Set","","","",""
1990-91,"Base Set","","","",""
1990-91,"Base Set","","","",""
1990-91,"Base Set","","","",""
1990-91,"Base Set","","","",""
1990-91,"Base Set","","","",""
1990-91,"Base Set","","","",""
1990-91,"Base Set","","","",""
1990-91,"Base Set","","","",""
1990-91,"Base Set","","","",""
1990-91,"Base Set","","","",""
1990-91,"Base Set","","","",""
1990-91,"Base Set","","","",""
1990-91,"Base Set","","","",""
1990-91,"Base Set","","","",""
1990-91,"Base Set","","","",""
1990-91,"Base Set","","","",""
1990-91,"Base Set","","","",""
1990-91,"Base Set","","","",""
1990-91,"Base Set","","","",""
1990-91,"Base Set","","","",""
1990-91,"Base Set","","","",""
1990-91,"Base Set","","","",""
1990-91,"Base Set","","","",""
1990-91,"Base Set","","","",""
1990-91,"Base Set","","","",""
1990-91,"Base Set","","","",""
1990-91,"Base Set","","","",""
1990-91,"Base Set","","","",""
1990-91,"Base Set","","","",""
1990-91,"Base Set","","","",""
1990-91,"Base Set","","","",""
1990-91,"Base Set","","","",""
1990-91,"Base Set","","","",""
1990-91,"Base Set","","","",""
1990-91,"Base Set","","","",""
1990-91,"Base Set","","","",""
1990-91,"Base Set","","","",""
1990-91,"Base Set","","","",""
1990-91,"Base Set","","","",""
1990-91,"Base Set","","","",""
1990-91,"Base Set","","","",""
1990-91,"Base Set","","","",""
1990-91,"Base Set","","","",""
1990-91,"Base Set","","","",""
1990-91,"Base Set","","","",""
1990-91,"Base Set","","","",""
1990-91,"Base Set","","","",""
1990-91,"Base Set","","","",""
1990-91,"Base Set","","","",""
1990-91,"Base Set","","","",""
1990-91,"Base Set","","","",""
1990-91,"Base Set","","","",""
1990-91,"Base Set","","","",""
1990-91,"Overview","Baseball
        Basketball
        Boxing
        Cricket
        Football
        Gaming
        Golf
        Hockey
        Misc Sports
        MMA
        Multi-Sport
        Non-Sport
        Racing
        Soccer
        Tennis
        Wrestling","","",""
1990-91,"Overview","","","",""
1990-91,"Overview","","","",""
1990-91,"Overview","","","",""
1990-91,"Overview","","","",""
1990-91,"Overview","","","",""
1990-91,"Overview","","","",""
1990-91,"Overview","","","",""
1990-91,"Overview","","","",""
1990-91,"Overview","","","",""
1990-91,"Overview","","","",""
1990-91,"Overview","","","",""
1990-91,"Overview","","","",""
1990-91,"Overview","","","",""
1990-91,"Overview","","","",""
1990-91,"Overview","","","",""
1990-91,"Overview","","","",""
1990-91,"Overview","","","",""
1990-91,"Overview","","","",""
1990-91,"Overview","","","",""
1990-91,"Overview","","","",""
1990-91,"Overview","","","",""
1990-91,"Overview","","","",""
1990-91,"Overview","","","",""
1990-91,"Overview","","","",""
1990-91,"Overview","","","",""
1990-91,"Overview","","","",""
1990-91,"Overview","","","",""
1990-91,"Overview","","","",""
1990-91,"Overview","","","",""
1990-91,"Overview","","","",""
1990-91,"Overview","","","",""
1990-91,"Overview","","","",""
1990-91,"Overview","","","",""
1990-91,"Overview","","","",""
1990-91,"Overview","","","",""
1990-91,"Overview","","","",""
1990-91,"Overview","","","",""
1990-91,"Overview","","","",""
1990-91,"Overview","","","",""
1990-91,"Overview","","","",""
1990-91,"Overview","","","",""
1990-91,"Overview","","","",""
1990-91,"Overview","","","",""
1990-91,"Overview","","","",""
1990-91,"Overview","","","",""
1990-91,"Overview","","","",""
1990-91,"Overview","","","",""
1990-91,"Overview","","","",""
1990-91,"Overview","","","",""
1990-91,"Overview","","","",""
1990-91,"Overview","","","",""
1990-91,"Overview","","","",""
1990-91,"Overview","","","",""
1990-91,"Overview","","","",""
1990-91,"Overview","","","",""
1990-91,"Overview","","","",""
1990-91,"Overview","","","",""
1990-91,"Overview","","","",""
1990-91,"Overview","","","",""
1990-91,"Overview","","","",""
1990-91,"Overview","","","",""
1990-91,"Overview","","","",""
1990-91,"Overview","","","",""
1990-91,"Overview","","","",""
1990-91,"Overview","","","",""
1990-91,"Overview","","","",""
1990-91,"Overview","","","",""
1990-91,"Overview","","","",""
1990-91,"Overview","","","",""
1990-91,"Overview","","","",""
1990-91,"Overview","","","",""
1990-91,"Overview","","","",""
1990-91,"Overview","","","",""
1990-91,"Overview","","","",""
1990-91,"Overview","","","",""
1990-91,"Overview","","","",""
1990-91,"Overview","","","",""
1990-91,"Overview","","","",""
1990-91,"Overview","","","",""
1990-91,"Overview","","","",""
1990-91,"Overview","","","",""
1990-91,"Overview","","","",""
1990-91,"Overview","","","",""
1990-91,"Overview","","","",""
1990-91,"Overview","","","",""
1990-91,"Overview","","","",""
1990-91,"Overview","","","",""
1990-91,"Overview","","","",""
1990-91,"Overview","","","",""
1990-91,"Overview","","","",""
1990-91,"Overview","","","",""
1990-91,"Overview","","","",""
1990-91,"Overview","","","",""
1990-91,"Overview","","","",""
1990-91,"Overview","","","",""
1990-91,"Overview","","","",""
1990-91,"Overview","","","",""
1990-91,"Overview","","","",""
1990-91,"Overview","","","",""
1990-91,"Overview","","","",""
1990-91,"Rate this set...","Baseball
        Basketball
        Boxing
        Cricket
        Football
        Gaming
        Golf
        Hockey
        Misc Sports
        MMA
        Multi-Sport
        Non-Sport
        Racing
        Soccer
        Tennis
        Wrestling","","",""
1990-91,"Checklist","Baseball
        Basketball
        Boxing
        Cricket
        Football
        Gaming
        Golf
        Hockey
        Misc Sports
        MMA
        Multi-Sport
        Non-Sport
        Racing
        Soccer
        Tennis
        Wrestling","","",""
1990-91,"Checklist","","","",""
1990-91,"Checklist","","","",""
1990-91,"Checklist","","","",""
1990-91,"Checklist","","","",""
1990-91,"Checklist","","","",""
1990-91,"Checklist","","","",""
1990-91,"Checklist","","","",""
1990-91,"Checklist","","","",""
1990-91,"Checklist","","","",""
1990-91,"Checklist","","","",""
1990-91,"Checklist","","","",""
1990-91,"Checklist","","","",""
1990-91,"Checklist","","","",""
1990-91,"Checklist","","","",""
1990-91,"Checklist","","","",""
1990-91,"Checklist","","","",""
1990-91,"Checklist","","","",""
1990-91,"Checklist","","","",""
1990-91,"Checklist","","","",""
1990-91,"Checklist","","","",""
1990-91,"Checklist","","","",""
1990-91,"Checklist","","","",""
1990-91,"Checklist","","","",""
1990-91,"Checklist","","","",""
1990-91,"Checklist","","","",""
1990-91,"Checklist","","","",""
1990-91,"Checklist","","","",""
1990-91,"Checklist","","","",""
1990-91,"Checklist","","","",""
1990-91,"Checklist","","","",""
1990-91,"Checklist","","","",""
1990-91,"Checklist","","","",""
1990-91,"Checklist","","","",""
1990-91,"Checklist","","","",""
1990-91,"Checklist","","","",""
1990-91,"Checklist","","","",""
1990-91,"Checklist","","","",""
1990-91,"Checklist","","","",""
1990-91,"Checklist","","","",""
1990-91,"Checklist","","","",""
1990-91,"Checklist","","","",""
1990-91,"Checklist","","","",""
1990-91,"Checklist","","","",""
1990-91,"Checklist","","","",""
1990-91,"Checklist","","","",""
1990-91,"Checklist","","","",""
1990-91,"Checklist","","","",""
1990-91,"Checklist","","","",""
1990-91,"Checklist","","","",""
1990-91,"Checklist","","","",""
1990-91,"Checklist","","","",""
1990-91,"Checklist","","","",""
1990-91,"Checklist","","","",""
1990-91,"Checklist","","","",""
1990-91,"Checklist","","","",""
1990-91,"Checklist","","","",""
1990-91,"Checklist","","","",""
1990-91,"Checklist","","","",""
1990-91,"Checklist","","","",""
1990-91,"Checklist","","","",""
1990-91,"Checklist","","","",""
1990-91,"Checklist","","","",""
1990-91,"Checklist","","","",""
1990-91,"Checklist","","","",""
1990-91,"Checklist","","","",""
1990-91,"Checklist","","","",""
1990-91,"Checklist","","","",""
1990-91,"Checklist","","","",""
1990-91,"Checklist","","","",""
1990-91,"Checklist","","","",""
1990-91,"Checklist","","","",""
1990-91,"Checklist","","","",""
1990-91,"Checklist","","","",""
1990-91,"Checklist","","","",""
1990-91,"Checklist","","","",""
1990-91,"Checklist","","","",""
1990-91,"Checklist","","","",""
1990-91,"Checklist","","","",""
1990-91,"Checklist","","","",""
1990-91,"Checklist","","","",""
1990-91,"Checklist","","","",""
1990-91,"Checklist","","","",""
1990-91,"Checklist","","","",""
1990-91,"Checklist","","","",""
1990-91,"Checklist","","","",""
1990-91,"Checklist","","","",""
1990-91,"Checklist","","","",""
1990-91,"Checklist","","","",""
1990-91,"Checklist","","","",""
1990-91,"Checklist","","","",""
1990-91,"Checklist","","","",""
1990-91,"Checklist","","","",""
1990-91,"Checklist","","","",""
1990-91,"Checklist","","","",""
1990-91,"Checklist","","","",""
1990-91,"Checklist","","","",""
1990-91,"Checklist","","","",""
1990-91,"Checklist","","","",""
1990-91,"Checklist","","","",""
1990-91,"Checklist","","","",""
1990-91,"Teams","Baseball
        Basketball
        Boxing
        Cricket
        Football
        Gaming
        Golf
        Hockey
        Misc Sports
        MMA
        Multi-Sport
        Non-Sport
        Racing
        Soccer
        Tennis
        Wrestling","","",""
1990-91,"Errors / Variations","Baseball
        Basketball
        Boxing
        Cricket
        Football
        Gaming
        Golf
        Hockey
        Misc Sports
        MMA
        Multi-Sport
        Non-Sport
        Racing
        Soccer
        Tennis
        Wrestling","","",""
1990-91,"Hall of Famers","Baseball
        Basketball
        Boxing
        Cricket
        Football
        Gaming
        Golf
        Hockey
        Misc Sports
        MMA
        Multi-Sport
        Non-Sport
        Racing
        Soccer
        Tennis
        Wrestling","","",""
1990-91,"Hall of Famers","","","","1"
1990-91,"Hall of Famers","","","","2"
1990-91,"Hall of Famers","","","","3"
1990-91,"Hall of Famers","","","","4"
1990-91,"Hall of Famers","","","","5"
1990-91,"Hall of Famers","","","","6"
1990-91,"Hall of Famers","","","","7"
1990-91,"Hall of Famers","","","","27"
1990-91,"Hall of Famers","","","","28"
1990-91,"Hall of Famers","","","","29"
1990-91,"Hall of Famers","","","","42"
1990-91,"Hall of Famers","","","","43"
1990-91,"Hall of Famers","","","","47"
1990-91,"Hall of Famers","","","","60"
1990-91,"Hall of Famers","","","","65"
1990-91,"Hall of Famers","","","","66"
1990-91,"Hall of Famers","","","","69"
1990-91,"Hall of Famers","","","","77"
1990-91,"Hall of Famers","","","","87"
1990-91,"Hall of Famers","","","","89"
1990-91,"Hall of Famers","","","","93"
1990-91,"Hall of Famers","","","","100"
1990-91,"Hall of Famers","","","","108"
1990-91,"Hall of Famers","","","","111"
1990-91,"Hall of Famers","","","","116"
1990-91,"Hall of Famers","","","","120"
1990-91,"Hall of Famers","","","","127"
1990-91,"Hall of Famers","","","","130"
1990-91,"Hall of Famers","","","","133"
1990-91,"Hall of Famers","","","","136"
1990-91,"Hall of Famers","","","","141"
1990-91,"Hall of Famers","","","","142"
1990-91,"Hall of Famers","","","","145"
1990-91,"Hall of Famers","","","","149"
1990-91,"Hall of Famers","","","","165"
1990-91,"Hall of Famers","","","","169"
1990-91,"Hall of Famers","","","","175"
1990-91,"Hall of Famers","","","","184"
1990-91,"Hall of Famers","","","","185"
1990-91,"Hall of Famers","","","","191"
1990-91,"Hall of Famers","","","","193"
1990-91,"Hall of Famers","","","","194"
1990-91,"Hall of Famers","","","","195"
1990-91,"Hall of Famers","","","","196"
1990-91,"Hall of Famers","","","","197"
1990-91,"Hall of Famers","","","","198"
1990-91,"Hall of Famers","","","","199"
1990-91,"Hall of Famers","","","","201"
1990-91,"Hall of Famers","","","","202"
1990-91,"Hall of Famers","","","","203"
1990-91,"Hall of Famers","","","","209"
1990-91,"Hall of Famers","","","","211"
1990-91,"Hall of Famers","","","","218"
1990-91,"Hall of Famers","","","","219"
1990-91,"Hall of Famers","","","","221"
1990-91,"Hall of Famers","","","","222"
1990-91,"Hall of Famers","","","","259"
1990-91,"Hall of Famers","","","","261"
1990-91,"Hall of Famers","","","","262"
1990-91,"Hall of Famers","","","","280"
1990-91,"Hall of Famers","","","","291"
1990-91,"Hall of Famers","","","","307"
1990-91,"Hall of Famers","","","","311"
1990-91,"Hall of Famers","","","","315"
1990-91,"Hall of Famers","","","","321"
1990-91,"Hall of Famers","","","","329"
1990-91,"Hall of Famers","","","","334"
1990-91,"Hall of Famers","","","","348"
1990-91,"Hall of Famers","","","","351"
1990-91,"Hall of Famers","","","","353"
1990-91,"Hall of Famers","","","","359"
1990-91,"Hall of Famers","","","","373"
1990-91,"Hall of Famers","","","","384"
1990-91,"Hall of Famers","","","","475"
1990-91,"Hall of Famers","","","","503"
1990-91,"Hall of Famers","","","","512"
1990-91,"Hall of Famers","","","","513"
1990-91,"Hall of Famers","","","","519"
1990-91,"Hall of Famers","","","","522"
1990-91,"Rookies","Baseball
        Basketball
        Boxing
        Cricket
        Football
        Gaming
        Golf
        Hockey
        Misc Sports
        MMA
        Multi-Sport
        Non-Sport
        Racing
        Soccer
        Tennis
        Wrestling","","",""
1990-91,"Rookies","","","7","Jeremy Roenick RC"
1990-91,"Rookies","","","9","Jim Hrivnak RC, TP"
1990-91,"Rookies","","","10","Mick Vukota RC"
1990-91,"Rookies","","","16","Mike Hartman RC"
1990-91,"Rookies","","","20","Paul Ranheim RC"
1990-91,"Rookies","","","21","Rick Zombo RC"
1990-91,"Rookies","","","25","Mark Lamb RC"
1990-91,"Rookies","","","27","Viacheslav Fetisov RC"
1990-91,"Rookies","","","30","Janne Ojanen RC"
1990-91,"Rookies","","","33","Geoff Smith RC"
1990-91,"Rookies","","","34","Daniel Shank RC"
1990-91,"Rookies","","","35","Mikael Andersson RC"
1990-91,"Rookies","","","37","Rob Murphy RC, TP"
1990-91,"Rookies","","","40","Craig Wolanin RC"
1990-91,"Rookies","","","42","Alexander Mogilny RC"
1990-91,"Rookies","","","46","Bob Kudelski RC, UER"
1990-91,"Rookies","","","48","Darren Turcotte RC"
1990-91,"Rookies","","","49","Paul Ysebaert RC, TP"
1990-91,"Rookies","","","53","Don Barber RC"
1990-91,"Rookies","","","55","Joey Kocur RC"
1990-91,"Rookies","","","60","Sergei Makarov RC"
1990-91,"Rookies","","","64","Martin Gelinas RC"
1990-91,"Rookies","","","68","Michal Pivonka RC"
1990-91,"Rookies","","","82","Mark Pederson RC, TP"
1990-91,"Rookies","","","95","Mike Tomlak RC"
1990-91,"Rookies","","","96","Roger Johansson RC, TP"
1990-91,"Rookies","","","113","Bob Beers RC, TP"
1990-91,"Rookies","","","119","Bob Essensa RC"
1990-91,"Rookies","","","126","Craig Fisher RC, TP"
1990-91,"Rookies","","","146","Dave Chyzowski RC, TP"
1990-91,"Rookies","","","159","Sylvain Lefebvre RC"
1990-91,"Rookies","","","170","Dave Capuano RC"
1990-91,"Rookies","","","171","Curtis Joseph RC, TP"
1990-91,"Rookies","","","177","Vincent Riendeau RC"
1990-91,"Rookies","","","181","Robb Stauber RC, TP"
1990-91,"Rookies","","","214","Jimmy Waite RC, TP"
1990-91,"Rookies","","","216","Curtis Leschyshyn RC"
1990-91,"Rookies","","","223","Steph Beauregard RC, TP"
1990-91,"Rookies","","","232","Kay Whitmore RC, TP"
1990-91,"Rookies","","","234","Jiri Hrdina RC"
1990-91,"Rookies","","","237","Jocelyn Lemieux RC"
1990-91,"Rookies","","","244","Sergio Momesso RC, UER"
1990-91,"Rookies","","","250","Randy Gilhen RC"
1990-91,"Rookies","","","252","Rick Bennett RC, TP"
1990-91,"Rookies","","","260","Todd Krygier RC"
1990-91,"Rookies","","","277","Troy Mallette RC"
1990-91,"Rookies","","","279","Brad Shaw RC"
1990-91,"Rookies","","","280","Mark Recchi RC"
1990-91,"Rookies","","","288","Robert Cimetta RC"
1990-91,"Rookies","","","289","Rob Zettler RC, TP"
1990-91,"Rookies","","","290","David Reid RC"
1990-91,"Rookies","","","298","John Druce RC"
1990-91,"Rookies","","","302","Gord Murphy RC"
1990-91,"Rookies","","","303","Lou Franceschetti RC"
1990-91,"Rookies","","","309","Wendell Young RC"
1990-91,"Rookies","","","310","Darrin Shannon RC, TP"
1990-91,"Rookies","","","312","Stephane Fiset RC, TP"
1990-91,"Rookies","","","325","Mike Keane RC"
1990-91,"Rookies","","","330","Mike Richter RC"
1990-91,"Rookies","","","331","Garry Galley RC"
1990-91,"Rookies","","","332","Rod Brind'Amour RC"
1990-91,"Rookies","","","337","Miloslav Horava RC"
1990-91,"Rookies","","","339","Craig Coxe RC"
1990-91,"Rookies","","","340","Dave Snuggerud RC"
1990-91,"Rookies","","","341","Mike Lalor RC"
1990-91,"Rookies","","","347","Troy Loney RC"
1990-91,"Rookies","","","348","Mike Modano RC"
1990-91,"Rookies","","","349","Jeff Reese RC, TP"
1990-91,"Rookies","","","352","Todd Elik RC"
1990-91,"Rookies","","","356","Scott Pearson RC"
1990-91,"Rookies","","","357","Perry Berezan RC"
1990-91,"Rookies","","","358","Alexei Kasatonov RC"
1990-91,"Rookies","","","359","Igor Larionov RC"
1990-91,"Rookies","","","360","Kevin Stevens RC"
1990-91,"Rookies","","","361","Yves Racine RC, TP"
1990-91,"Rookies","","","364","Yvon Corriveau RC"
1990-91,"Rookies","","","366","Hubie McDonough RC"
1990-91,"Rookies","","","370","Dave Lowry RC"
1990-91,"Rookies","","","372","Mathieu Schneider RC"
1990-91,"Rookies","","","375","Chris Terreri RC"
1990-91,"Rookies","","","377","Jamie Leach RC, TP"
1990-91,"Rookies","","","378","Jacques Cloutier RC"
1990-91,"Rookies","","","380","Vladimir Krutov RC"
1990-91,"Rookies","","","382","John McIntyre RC"
1990-91,"Rookies","","","383","Ville Siren RC"
1990-91,"Rookies","","","385","Teppo Numminen RC"
1990-91,"Rookies","","","387","Glen Featherstone RC"
1990-91,"Rookies","","","388","Stephan Lebeau RC"
1990-91,"Rookies","","","391","Mark Janssens RC"
1990-91,"Rookies","","","393","Vladimir Ruzicka RC, TP"
1990-91,"Rookies","","","395","Mark Fitzpatrick RC"
1990-91,"Rookies","","","399","Bill Houlder RC"
1990-91,"Rookies","","","400","Glenn Healy RC"
1990-91,"Rookies","","","401","John Kordic RC, UER"
1990-91,"Rookies","","","404","Ed Kastelic RC"
1990-91,"Rookies","","","406","Grant Ledyard RC"
1990-91,"Rookies","","","410","Doug Houda RC"
1990-91,"Rookies","","","411","Ken McRae RC"
1990-91,"Rookies","","","413","Doug Evans RC"
1990-91,"Rookies","","","414","Ken Baumgartner RC"
1990-91,"Comments","Baseball
        Basketball
        Boxing
        Cricket
        Football
        Gaming
        Golf
        Hockey
        Misc Sports
        MMA
        Multi-Sport
        Non-Sport
        Racing
        Soccer
        Tennis
        Wrestling","","",""
1990-91,"Comments","Nov 22, 2015 - 1:19AM
WaroftheGods	

My first pack of hockey cards ever opened was 1990-91 O-Pee-Chee. My dad bought me a few packs that day if I remember correctly and as an 8 year old boy I would of rather had candy. I remember that changing as I opened those packs, 2 cards in particular, I pulled a card with my favourite goalie Kelly Headey on it,and those same few packs I also pulled a Gretzky card, dad took the opportunity to teach me the potential values of hockey cards and went back to the store and bought some penny sleeves for my new cards. Who doesn't remember the cards in the early 90's being projected as an investment that will let you retire early lol We all couldn't have been more wrong.

  1","Nov 22, 2015 - 1:19AM
WaroftheGods","",""
1990-91,"Packaging","Baseball
        Basketball
        Boxing
        Cricket
        Football
        Gaming
        Golf
        Hockey
        Misc Sports
        MMA
        Multi-Sport
        Non-Sport
        Racing
        Soccer
        Tennis
        Wrestling","","",""
1990-91,"Pricing","Baseball
        Basketball
        Boxing
        Cricket
        Football
        Gaming
        Golf
        Hockey
        Misc Sports
        MMA
        Multi-Sport
        Non-Sport
        Racing
        Soccer
        Tennis
        Wrestling","","",""
1990-91,"Pricing","1","","Wayne Gretzky",""
1990-91,"Pricing","2","","Wayne Gretzky",""
1990-91,"Pricing","3","","Wayne Gretzky",""
1990-91,"Pricing","4","","Brett Hull HL",""
1990-91,"Pricing","5","","Jari Kurri HL, UER",""
1990-91,"Pricing","6","","Bryan Trottier HL",""
1990-91,"Pricing","7","","Jeremy Roenick RC",""
1990-91,"Pricing","8","","Brian Propp",""
1990-91,"Pricing","9","","Jim Hrivnak RC, TP",""
1990-91,"Pricing","10","","Mick Vukota RC",""
1990-91,"Pricing","11","","Tom Kurvers",""
1990-91,"Pricing","12","","Ulf Dahlen",""
1990-91,"Pricing","13","","Bernie Nicholls",""
1990-91,"Pricing","14","","Peter Sidorkiewicz",""
1990-91,"Pricing","15","","Peter Zezel",""
1990-91,"Pricing","16","","Mike Hartman RC",""
1990-91,"Pricing","17","","Los Angeles Kings TC",""
1990-91,"Pricing","18","","Jim Sandlak",""
1990-91,"Pricing","19","","Rob Brown",""
1990-91,"Pricing","20","","Paul Ranheim RC",""
1990-91,"Pricing","21","","Rick Zombo RC",""
1990-91,"Pricing","22","","Paul Gillis",""
1990-91,"Pricing","23","","Brian Hayward",""
1990-91,"Pricing","24","","Brent Ashton",""
1990-91,"Pricing","25","","Mark Lamb RC",""
1990-91,"Pricing","26","","Rick Tocchet",""
1990-91,"Pricing","27","","Viacheslav Fetisov RC",""
1990-91,"Pricing","28","","Denis Savard",""
1990-91,"Pricing","29","","Chris Chelios",""
1990-91,"Pricing","30","","Janne Ojanen RC",""
1990-91,"Pricing","31","","Don Maloney",""
1990-91,"Pricing","32","","Allan Bester",""
1990-91,"Pricing","33","","Geoff Smith RC",""
1990-91,"Pricing","34","","Daniel Shank RC",""
1990-91,"Pricing","35","","Mikael Andersson RC",""
1990-91,"Pricing","36","","Gino Cavallini",""
1990-91,"Pricing","37","","Rob Murphy RC, TP",""
1990-91,"Pricing","38","","Calgary Flames TC",""
1990-91,"Pricing","39","","Laurie Boschman",""
1990-91,"Pricing","40","","Craig Wolanin RC",""
1990-91,"Pricing","41","","Phil Bourque",""
1990-91,"Pricing","42","","Alexander Mogilny RC",""
1990-91,"Pricing","43","","Ray Bourque",""
1990-91,"Pricing","44","","Mike Liut",""
1990-91,"Pricing","45","","Ron Sutter",""
1990-91,"Pricing","46","","Bob Kudelski RC, UER",""
1990-91,"Pricing","47","","Larry Murphy",""
1990-91,"Pricing","48","","Darren Turcotte RC",""
1990-91,"Pricing","49","","Paul Ysebaert RC, TP",""
1990-91,"Pricing","50","","Alan Kerr",""
1990-91,"Pricing","51","","Randy Carlyle",""
1990-91,"Pricing","52","","Iiro Jarvi",""
1990-91,"Pricing","53","","Don Barber RC",""
1990-91,"Pricing","54","","Carey Wilson UER",""
1990-91,"Pricing","55","","Joey Kocur RC",""
1990-91,"Pricing","56","","Steve Larmer",""
1990-91,"Pricing","57","","Paul Cavallini",""
1990-91,"Pricing","58","","Shayne Corson",""
1990-91,"Pricing","59","","Vancouver Canucks TC",""
1990-91,"Pricing","60","","Sergei Makarov RC",""
1990-91,"Pricing","61","","Kjell Samuelsson",""
1990-91,"Pricing","62","","Tony Granato",""
1990-91,"Pricing","63","","Tom Fergus",""
1990-91,"Pricing","64","","Martin Gelinas RC",""
1990-91,"Pricing","65","","Tom Barrasso",""
1990-91,"Pricing","66","","Pierre Turgeon",""
1990-91,"Pricing","67","","Randy Cunneyworth",""
1990-91,"Pricing","68","","Michal Pivonka RC",""
1990-91,"Pricing","69","","Cam Neely",""
1990-91,"Pricing","70","","Brian Bellows",""
1990-91,"Pricing","71","","Pat Elynuik",""
1990-91,"Pricing","72","","Doug Crossman UER",""
1990-91,"Pricing","73","","Sylvain Turgeon",""
1990-91,"Pricing","74","","Shawn Burr",""
1990-91,"Pricing","75","","John Vanbiesbrouck",""
1990-91,"Pricing","76","","Steve Bozek",""
1990-91,"Pricing","77","","Brett Hull",""
1990-91,"Pricing","78","","Zarley Zalapski",""
1990-91,"Pricing","79","","Wendel Clark",""
1990-91,"Pricing","80","","Philadelphia Flyers TC",""
1990-91,"Pricing","81","","Kelly Miller",""
1990-91,"Pricing","82","","Mark Pederson RC, TP",""
1990-91,"Pricing","83","","Adam Creighton",""
1990-91,"Pricing","84","","Scott Young",""
1990-91,"Pricing","85","","Petr Klima",""
1990-91,"Pricing","86","","Steve Duchesne",""
1990-91,"Pricing","87","","Joe Nieuwendyk",""
1990-91,"Pricing","88","","Andy Brickley",""
1990-91,"Pricing","89","","Phil Housley",""
1990-91,"Pricing","90","","Neal Broten",""
1990-91,"Pricing","91","","Al Iafrate",""
1990-91,"Pricing","92","","Steve Thomas",""
1990-91,"Pricing","93","","Guy Carbonneau",""
1990-91,"Pricing","94","","Steve Chiasson",""
1990-91,"Pricing","95","","Mike Tomlak RC",""
1990-91,"Pricing","96","","Roger Johansson RC, TP",""
1990-91,"Pricing","97","","Randy Wood",""
1990-91,"Pricing","98","","Jim Johnson",""
1990-91,"Pricing","99","","Bob Sweeney",""
1990-91,"Pricing","100","","Dino Ciccarelli",""
1990-91,"Sell Sheets / Ads","Baseball
        Basketball
        Boxing
        Cricket
        Football
        Gaming
        Golf
        Hockey
        Misc Sports
        MMA
        Multi-Sport
        Non-Sport
        Racing
        Soccer
        Tennis
        Wrestling","","",""
1990-91,"Trivia","Baseball
        Basketball
        Boxing
        Cricket
        Football
        Gaming
        Golf
        Hockey
        Misc Sports
        MMA
        Multi-Sport
        Non-Sport
        Racing
        Soccer
        Tennis
        Wrestling","","",""
1990-91,"Videos","Baseball
        Basketball
        Boxing
        Cricket
        Football
        Gaming
        Golf
        Hockey
        Misc Sports
        MMA
        Multi-Sport
        Non-Sport
        Racing
        Soccer
        Tennis
        Wrestling","","",""
1990-91,"Videos","Posted by: bunkle
Apr 20, 2023 - 11:25AM","Posted by: bunkle
Apr 20, 2023 - 11:25AM","",""
1990-91,"External Links","Baseball
        Basketball
        Boxing
        Cricket
        Football
        Gaming
        Golf
        Hockey
        Misc Sports
        MMA
        Multi-Sport
        Non-Sport
        Racing
        Soccer
        Tennis
        Wrestling","","",""
1990-91,"Contributors","Baseball
        Basketball
        Boxing
        Cricket
        Football
        Gaming
        Golf
        Hockey
        Misc Sports
        MMA
        Multi-Sport
        Non-Sport
        Racing
        Soccer
        Tennis
        Wrestling","","",""
1990-91,"Contributors","Member	Total
1.	Quintessence	670
2.	oldcollector	354
3.	Gunny	28
4.	phillyfly	2
5.	rosconiner1	2","","Member","Total"
1990-91,"Contributors","","Member","Total",""
1990-91,"Contributors","1.","Quintessence","670",""
1990-91,"Contributors","2.","oldcollector","354",""
1990-91,"Contributors","3.","Gunny","28",""
1990-91,"Contributors","4.","phillyfly","2",""
1990-91,"Contributors","5.","rosconiner1","2",""
1990-91,"Contributors","Member	Total
1.	Quintessence	5
2.	oldcollector	1","","Member","Total"
1990-91,"Contributors","","Member","Total",""
1990-91,"Contributors","1.","Quintessence","5",""
1990-91,"Contributors","2.","oldcollector","1",""
1990-91,"Contributors","Member	Total
1.	WaroftheGods	1","","Member","Total"
1990-91,"Contributors","","Member","Total",""
1990-91,"Contributors","1.","WaroftheGods","1",""
1990-91,"Contributors","Member	Total
1.	reakins	7
2.	Ballfan	1
3.	ComposerMike	1
4.	DanD	1
5.	sav39	1","","Member","Total"
1990-91,"Contributors","","Member","Total",""
1990-91,"Contributors","1.","reakins","7",""
1990-91,"Contributors","2.","Ballfan","1",""
1990-91,"Contributors","3.","ComposerMike","1",""
1990-91,"Contributors","4.","DanD","1",""
1990-91,"Contributors","5.","sav39","1",""
1990-91,"Contributors","Member	Total
1.	Jarde	2
2.	BigEd76	1
3.	dollar guy	1","","Member","Total"
1990-91,"Contributors","","Member","Total",""
1990-91,"Contributors","1.","Jarde","2",""
1990-91,"Contributors","2.","BigEd76","1",""
1990-91,"Contributors","3.","dollar guy","1",""
1990-91,"Contributors","Member	Total
1.	bunkle	1","","Member","Total"
1990-91,"Contributors","","Member","Total",""
1990-91,"Contributors","1.","bunkle","1",""
1990-91,"Glossary","Baseball
        Basketball
        Boxing
        Cricket
        Football
        Gaming
        Golf
        Hockey
        Misc Sports
        MMA
        Multi-Sport
        Non-Sport
        Racing
        Soccer
        Tennis
        Wrestling","","",""
1990-91,"Gallery","Baseball
        Basketball
        Boxing
        Cricket
        Football
        Gaming
        Golf
        Hockey
        Misc Sports
        MMA
        Multi-Sport
        Non-Sport
        Racing
        Soccer
        Tennis
        Wrestling","","",""
1990-91,"Card Rankings","Baseball
        Basketball
        Boxing
        Cricket
        Football
        Gaming
        Golf
        Hockey
        Misc Sports
        MMA
        Multi-Sport
        Non-Sport
        Racing
        Soccer
        Tennis
        Wrestling","","",""
1990-91,"Card Rankings","1.","","",""
1990-91,"Card Rankings","2.","","",""
1990-91,"Card Rankings","3.","","",""
1990-91,"Card Rankings","4.","","",""
1990-91,"Card Rankings","5.","","",""
1990-91,"Card Rankings","6.","","",""
1990-91,"Card Rankings","7.","","",""
1990-91,"Card Rankings","8.","","",""
1990-91,"Card Rankings","9.","","",""
1990-91,"Card Rankings","10.","","",""
1990-91,"Card Rankings","11.","","",""
1990-91,"Card Rankings","12.","","",""
1990-91,"Card Rankings","13.","","",""
1990-91,"Card Rankings","14.","","",""
1990-91,"Card Rankings","15.","","",""
1990-91,"Card Rankings","16.","","",""
1990-91,"Card Rankings","17.","","",""
1990-91,"Card Rankings","18.","","",""
1990-91,"Card Rankings","19.","","",""
1990-91,"Card Rankings","20.","","",""
1990-91,"Card Rankings","21.","","",""
1990-91,"Card Rankings","22.","","",""
1990-91,"Card Rankings","23.","","",""
1990-91,"Card Rankings","24.","","",""
1990-91,"Card Rankings","25.","","",""
1990-91,"Card Rankings","26.","","",""
1990-91,"Card Rankings","27.","","",""
1990-91,"Card Rankings","28.","","",""
1990-91,"Card Rankings","29.","","",""
1990-91,"Card Rankings","30.","","",""
1990-91,"Card Rankings","31.","","",""
1990-91,"Card Rankings","32.","","",""
1990-91,"Card Rankings","33.","","",""
1990-91,"Card Rankings","34.","","",""
1990-91,"Card Rankings","35.","","",""
1990-91,"Card Rankings","36.","","",""
1990-91,"Card Rankings","37.","","",""
1990-91,"Card Rankings","38.","","",""
1990-91,"Card Rankings","39.","","",""
1990-91,"Card Rankings","40.","","",""
1990-91,"Card Rankings","41.","","",""
1990-91,"Card Rankings","42.","","",""
1990-91,"Card Rankings","43.","","",""
1990-91,"Card Rankings","44.","","",""
1990-91,"Card Rankings","45.","","",""
1990-91,"Card Rankings","46.","","",""
1990-91,"Card Rankings","47.","","",""
1990-91,"Card Rankings","48.","","",""
1990-91,"Card Rankings","49.","","",""
1990-91,"Card Rankings","50.","","",""
1990-91,"Card Rankings","51.","","",""
1990-91,"Card Rankings","52.","","",""
1990-91,"Card Rankings","53.","","",""
1990-91,"Card Rankings","54.","","",""
1990-91,"Card Rankings","55.","","",""
1990-91,"Card Rankings","56.","","",""
1990-91,"Card Rankings","57.","","",""
1990-91,"Card Rankings","58.","","",""
1990-91,"Card Rankings","59.","","",""
1990-91,"Card Rankings","60.","","",""
1990-91,"Card Rankings","61.","","",""
1990-91,"Card Rankings","62.","","",""
1990-91,"Card Rankings","63.","","",""
1990-91,"Card Rankings","64.","","",""
1990-91,"Card Rankings","65.","","",""
1990-91,"Card Rankings","66.","","",""
1990-91,"Card Rankings","67.","","",""
1990-91,"Card Rankings","68.","","",""
1990-91,"Card Rankings","69.","","",""
1990-91,"Card Rankings","70.","","",""
1990-91,"Card Rankings","71.","","",""
1990-91,"Card Rankings","72.","","",""
1990-91,"Card Rankings","73.","","",""
1990-91,"Card Rankings","74.","","",""
1990-91,"Card Rankings","75.","","",""
1990-91,"Card Rankings","76.","","",""
1990-91,"Card Rankings","77.","","",""
1990-91,"Card Rankings","78.","","",""
1990-91,"Card Rankings","79.","","",""
1990-91,"Card Rankings","80.","","",""
1990-91,"Card Rankings","81.","","",""
1990-91,"Card Rankings","82.","","",""
1990-91,"Card Rankings","83.","","",""
1990-91,"Card Rankings","84.","","",""
1990-91,"Card Rankings","85.","","",""
1990-91,"Card Rankings","86.","","",""
1990-91,"Card Rankings","87.","","",""
1990-91,"Card Rankings","88.","","",""
1990-91,"Card Rankings","89.","","",""
1990-91,"Card Rankings","90.","","",""
1990-91,"Card Rankings","91.","","",""
1990-91,"Card Rankings","92.","","",""
1990-91,"Card Rankings","93.","","",""
1990-91,"Card Rankings","94.","","",""
1990-91,"Card Rankings","95.","","",""
1990-91,"Card Rankings","96.","","",""
1990-91,"Card Rankings","97.","","",""
1990-91,"Card Rankings","98.","","",""
1990-91,"Card Rankings","99.","","",""
1990-91,"Card Rankings","100.","","",""
1990-91,"Collection Summary","Baseball
        Basketball
        Boxing
        Cricket
        Football
        Gaming
        Golf
        Hockey
        Misc Sports
        MMA
        Multi-Sport
        Non-Sport
        Racing
        Soccer
        Tennis
        Wrestling","","",""
1990-91,"Box Bottom Panels","Baseball
        Basketball
        Boxing
        Cricket
        Football
        Gaming
        Golf
        Hockey
        Misc Sports
        MMA
        Multi-Sport
        Non-Sport
        Racing
        Soccer
        Tennis
        Wrestling","","",""
1990-91,"Box Bottom Panels","","","",""
1990-91,"Box Bottom Panels","","","",""
1990-91,"Box Bottom Panels","","","",""
1990-91,"Box Bottom Panels","","","",""
1990-91,"Box Bottoms","Baseball
        Basketball
        Boxing
        Cricket
        Football
        Gaming
        Golf
        Hockey
        Misc Sports
        MMA
        Multi-Sport
        Non-Sport
        Racing
        Soccer
        Tennis
        Wrestling","","",""
1990-91,"Box Bottoms","","","",""
1990-91,"Box Bottoms","","","",""
1990-91,"Box Bottoms","","","",""
1990-91,"Box Bottoms","","","",""
1990-91,"Box Bottoms","","","",""
1990-91,"Box Bottoms","","","",""
1990-91,"Box Bottoms","","","",""
1990-91,"Box Bottoms","","","",""
1990-91,"Box Bottoms","","","",""
1990-91,"Box Bottoms","","","",""
1990-91,"Box Bottoms","","","",""
1990-91,"Box Bottoms","","","",""
1990-91,"Box Bottoms","","","",""
1990-91,"Box Bottoms","","","",""
1990-91,"Box Bottoms","","","",""
1990-91,"Box Bottoms","","","",""
1990-91,"Central Red Army","Baseball
        Basketball
        Boxing
        Cricket
        Football
        Gaming
        Golf
        Hockey
        Misc Sports
        MMA
        Multi-Sport
        Non-Sport
        Racing
        Soccer
        Tennis
        Wrestling","","",""
1990-91,"Central Red Army","","","",""
1990-91,"Central Red Army","","","",""
1990-91,"Central Red Army","","","",""
1990-91,"Central Red Army","","","",""
1990-91,"Central Red Army","","","",""
1990-91,"Central Red Army","","","",""
1990-91,"Central Red Army","","","",""
1990-91,"Central Red Army","","","",""
1990-91,"Central Red Army","","","",""
1990-91,"Central Red Army","","","",""
1990-91,"Central Red Army","","","",""
1990-91,"Central Red Army","","","",""
1990-91,"Central Red Army","","","",""
1990-91,"Central Red Army","","","",""
1990-91,"Central Red Army","","","",""
1990-91,"Central Red Army","","","",""
1990-91,"Central Red Army","","","",""
1990-91,"Central Red Army","","","",""
1990-91,"Central Red Army","","","",""
1990-91,"Central Red Army","","","",""
1990-91,"Central Red Army","","","",""
1990-91,"Central Red Army","","","",""
1990-91,"Full Sheets","Baseball
        Basketball
        Boxing
        Cricket
        Football
        Gaming
        Golf
        Hockey
        Misc Sports
        MMA
        Multi-Sport
        Non-Sport
        Racing
        Soccer
        Tennis
        Wrestling","","",""
1990-91,"Full Sheets","","","",""
1990-91,"Full Sheets","","","",""
1990-91,"Full Sheets","","","",""
1990-91,"Full Sheets","","","",""
1990-91,"Base Set","Baseball
        Basketball
        Boxing
        Cricket
        Football
        Gaming
        Golf
        Hockey
        Misc Sports
        MMA
        Multi-Sport
        Non-Sport
        Racing
        Soccer
        Tennis
        Wrestling","","",""
1990-91,"Base Set","","","",""
1990-91,"Base Set","","","",""
1990-91,"Base Set","","","",""
1990-91,"Base Set","","","",""
1990-91,"Base Set","","","",""
1990-91,"Base Set","","","",""
1990-91,"Base Set","","","",""
1990-91,"Base Set","","","",""
1990-91,"Base Set","","","",""
1990-91,"Base Set","","","",""
1990-91,"Base Set","","","",""
1990-91,"Base Set","","","",""
1990-91,"Base Set","","","",""
1990-91,"Base Set","","","",""
1990-91,"Base Set","","","",""
1990-91,"Base Set","","","",""
1990-91,"Base Set","","","",""
1990-91,"Base Set","","","",""
1990-91,"Base Set","","","",""
1990-91,"Base Set","","","",""
1990-91,"Base Set","","","",""
1990-91,"Base Set","","","",""
1990-91,"Base Set","","","",""
1990-91,"Base Set","","","",""
1990-91,"Base Set","","","",""
1990-91,"Base Set","","","",""
1990-91,"Base Set","","","",""
1990-91,"Base Set","","","",""
1990-91,"Base Set","","","",""
1990-91,"Base Set","","","",""
1990-91,"Base Set","","","",""
1990-91,"Base Set","","","",""
1990-91,"Base Set","","","",""
1990-91,"Base Set","","","",""
1990-91,"Base Set","","","",""
1990-91,"Base Set","","","",""
1990-91,"Base Set","","","",""
1990-91,"Base Set","","","",""
1990-91,"Base Set","","","",""
1990-91,"Base Set","","","",""
1990-91,"Base Set","","","",""
1990-91,"Base Set","","","",""
1990-91,"Base Set","","","",""
1990-91,"Base Set","","","",""
1990-91,"Base Set","","","",""
1990-91,"Base Set","","","",""
1990-91,"Base Set","","","",""
1990-91,"Base Set","","","",""
1990-91,"Base Set","","","",""
1990-91,"Base Set","","","",""
1990-91,"Base Set","","","",""
1990-91,"Base Set","","","",""
1990-91,"Base Set","","","",""
1990-91,"Base Set","","","",""
1990-91,"Base Set","","","",""
1990-91,"Base Set","","","",""
1990-91,"Base Set","","","",""
1990-91,"Base Set","","","",""
1990-91,"Base Set","","","",""
1990-91,"Base Set","","","",""
1990-91,"Base Set","","","",""
1990-91,"Base Set","","","",""
1990-91,"Base Set","","","",""
1990-91,"Base Set","","","",""
1990-91,"Base Set","","","",""
1990-91,"Base Set","","","",""
1990-91,"Base Set","","","",""
1990-91,"Base Set","","","",""
1990-91,"Base Set","","","",""
1990-91,"Base Set","","","",""
1990-91,"Base Set","","","",""
1990-91,"Base Set","","","",""
1990-91,"Base Set","","","",""
1990-91,"Base Set","","","",""
1990-91,"Base Set","","","",""
1990-91,"Base Set","","","",""
1990-91,"Base Set","","","",""
1990-91,"Base Set","","","",""
1990-91,"Base Set","","","",""
1990-91,"Base Set","","","",""
1990-91,"Base Set","","","",""
1990-91,"Base Set","","","",""
1990-91,"Base Set","","","",""
1990-91,"Base Set","","","",""
1990-91,"Base Set","","","",""
1990-91,"Base Set","","","",""
1990-91,"Base Set","","","",""
1990-91,"Base Set","","","",""
1990-91,"Base Set","","","",""
1990-91,"Base Set","","","",""
1990-91,"Base Set","","","",""
1990-91,"Base Set","","","",""
1990-91,"Base Set","","","",""
1990-91,"Base Set","","","",""
1990-91,"Base Set","","","",""
1990-91,"Base Set","","","",""
1990-91,"Base Set","","","",""
1990-91,"Base Set","","","",""
1990-91,"Base Set","","","",""
1990-91,"Base Set","","","",""
1990-91,"Browse","Baseball
        Basketball
        Boxing
        Cricket
        Football
        Gaming
        Golf
        Hockey
        Misc Sports
        MMA
        Multi-Sport
        Non-Sport
        Racing
        Soccer
        Tennis
        Wrestling","","",""
1990-91,"Browse","","","",""
1990-91,"Browse","","","",""
1990-91,"Browse","","","",""
1990-91,"Browse","","","",""
1990-91,"Browse","","","",""
1990-91,"Browse","","","",""
1990-91,"Browse","","","",""
1990-91,"Browse","","","",""
1990-91,"Browse","","","",""
1990-91,"Browse","","","",""
1990-91,"Browse","","","",""
1990-91,"Browse","","","",""
1990-91,"Browse","","","",""
1990-91,"Browse","","","",""
1990-91,"Browse","","","",""
1990-91,"Browse","","","",""
1990-91,"Browse","","","",""
1990-91,"Browse","","","",""
1990-91,"Browse","","","",""
1990-91,"Browse","","","",""
1990-91,"Browse","","","",""
1990-91,"Browse","","","",""
1990-91,"Browse","","","",""
1990-91,"Browse","","","",""
1990-91,"Browse","","","",""
1990-91,"Browse","","","",""
1990-91,"Browse","","","",""
1990-91,"Browse","","","",""
1990-91,"Browse","","","",""
1990-91,"Browse","","","",""
1990-91,"Browse","","","",""
1990-91,"Browse","","","",""
1990-91,"Browse","","","",""
1990-91,"Browse","","","",""
1990-91,"Browse","","","",""
1990-91,"Browse","","","",""
1990-91,"Browse","","","",""
1990-91,"Browse","","","",""
1990-91,"Browse","","","",""
1990-91,"Browse","","","",""
1990-91,"Browse","","","",""
1990-91,"Browse","","","",""
1990-91,"Browse","","","",""
1990-91,"Browse","","","",""
1990-91,"Browse","","","",""
1990-91,"Browse","","","",""
1990-91,"Browse","","","",""
1990-91,"Browse","","","",""
1990-91,"Browse","","","",""
1990-91,"Browse","","","",""
1990-91,"Browse","","","",""
1990-91,"Browse","","","",""
1990-91,"Browse","","","",""
1990-91,"Browse","","","",""
1990-91,"Browse","","","",""
1990-91,"Browse","","","",""
1990-91,"Browse","","","",""
1990-91,"Browse","","","",""
1990-91,"Browse","","","",""
1990-91,"Browse","","","",""
1990-91,"Browse","","","",""
1990-91,"Browse","","","",""
1990-91,"Browse","","","",""
1990-91,"Browse","","","",""
1990-91,"Browse","","","",""
1990-91,"Browse","","","",""
1990-91,"Browse","","","",""
1990-91,"Browse","","","",""
1990-91,"Browse","","","",""
1990-91,"Browse","","","",""
1990-91,"Browse","","","",""
1990-91,"Browse","","","",""
1990-91,"Browse","","","",""
1990-91,"Browse","","","",""
1990-91,"Browse","","","",""
1990-91,"Browse","","","",""
1990-91,"Browse","","","",""
1990-91,"Browse","","","",""
1990-91,"Browse","","","",""
1990-91,"Browse","","","",""
1990-91,"Browse","","","",""
1990-91,"Browse","","","",""
1990-91,"Browse","","","",""
1990-91,"Browse","","","",""
1990-91,"Browse","","","",""
1990-91,"Browse","","","",""
1990-91,"Browse","","","",""
1990-91,"Browse","","","",""
1990-91,"Browse","","","",""
1990-91,"Browse","","","",""
1990-91,"Browse","","","",""
1990-91,"Browse","","","",""
1990-91,"Browse","","","",""
1990-91,"Browse","","","",""
1990-91,"Browse","","","",""
1990-91,"Browse","","","",""
1990-91,"Browse","","","",""
1990-91,"Browse","","","",""
1990-91,"Browse","","","",""
1990-91,"Browse","","","",""
1990-91,"More","Baseball
        Basketball
        Boxing
        Cricket
        Football
        Gaming
        Golf
        Hockey
        Misc Sports
        MMA
        Multi-Sport
        Non-Sport
        Racing
        Soccer
        Tennis
        Wrestling","","",""
1990-91,"More","","","",""
1990-91,"More","","","",""
1990-91,"More","","","",""
1990-91,"More","","","",""
1990-91,"More","","","",""
1990-91,"More","","","",""
1990-91,"More","","","",""
1990-91,"More","","","",""
1990-91,"More","","","",""
1990-91,"More","","","",""
1990-91,"More","","","",""
1990-91,"More","","","",""
1990-91,"More","","","",""
1990-91,"More","","","",""
1990-91,"More","","","",""
1990-91,"More","","","",""
1990-91,"More","","","",""
1990-91,"More","","","",""
1990-91,"More","","","",""
1990-91,"More","","","",""
1990-91,"More","","","",""
1990-91,"More","","","",""
1990-91,"More","","","",""
1990-91,"More","","","",""
1990-91,"More","","","",""
1990-91,"More","","","",""
1990-91,"More","","","",""
1990-91,"More","","","",""
1990-91,"More","","","",""
1990-91,"More","","","",""
1990-91,"More","","","",""
1990-91,"More","","","",""
1990-91,"More","","","",""
1990-91,"More","","","",""
1990-91,"More","","","",""
1990-91,"More","","","",""
1990-91,"More","","","",""
1990-91,"More","","","",""
1990-91,"More","","","",""
1990-91,"More","","","",""
1990-91,"More","","","",""
1990-91,"More","","","",""
1990-91,"More","","","",""
1990-91,"More","","","",""
1990-91,"More","","","",""
1990-91,"More","","","",""
1990-91,"More","","","",""
1990-91,"More","","","",""
1990-91,"More","","","",""
1990-91,"More","","","",""
1990-91,"More","","","",""
1990-91,"More","","","",""
1990-91,"More","","","",""
1990-91,"More","","","",""
1990-91,"More","","","",""
1990-91,"More","","","",""
1990-91,"More","","","",""
1990-91,"More","","","",""
1990-91,"More","","","",""
1990-91,"More","","","",""
1990-91,"More","","","",""
1990-91,"More","","","",""
1990-91,"More","","","",""
1990-91,"More","","","",""
1990-91,"More","","","",""
1990-91,"More","","","",""
1990-91,"More","","","",""
1990-91,"More","","","",""
1990-91,"More","","","",""
1990-91,"More","","","",""
1990-91,"More","","","",""
1990-91,"More","","","",""
1990-91,"More","","","",""
1990-91,"More","","","",""
1990-91,"More","","","",""
1990-91,"More","","","",""
1990-91,"More","","","",""
1990-91,"More","","","",""
1990-91,"More","","","",""
1990-91,"More","","","",""
1990-91,"More","","","",""
1990-91,"More","","","",""
1990-91,"More","","","",""
1990-91,"More","","","",""
1990-91,"More","","","",""
1990-91,"More","","","",""
1990-91,"More","","","",""
1990-91,"More","","","",""
1990-91,"More","","","",""
1990-91,"More","","","",""
1990-91,"More","","","",""
1990-91,"More","","","",""
1990-91,"More","","","",""
1990-91,"More","","","",""
1990-91,"More","","","",""
1990-91,"More","","","",""
1990-91,"More","","","",""
1990-91,"More","","","",""
1990-91,"More","","","",""
1990-91,"More","","","",""
1990-91,"Overview","Baseball
        Basketball
        Boxing
        Cricket
        Football
        Gaming
        Golf
        Hockey
        Misc Sports
        MMA
        Multi-Sport
        Non-Sport
        Racing
        Soccer
        Tennis
        Wrestling","","",""
1990-91,"Overview","","","",""
1990-91,"Overview","","","",""
1990-91,"Overview","","","",""
1990-91,"Overview","","","",""
1990-91,"Overview","","","",""
1990-91,"Overview","","","",""
1990-91,"Overview","","","",""
1990-91,"Overview","","","",""
1990-91,"Overview","","","",""
1990-91,"Overview","","","",""
1990-91,"Overview","","","",""
1990-91,"Overview","","","",""
1990-91,"Overview","","","",""
1990-91,"Overview","","","",""
1990-91,"Overview","","","",""
1990-91,"Overview","","","",""
1990-91,"Overview","","","",""
1990-91,"Overview","","","",""
1990-91,"Overview","","","",""
1990-91,"Overview","","","",""
1990-91,"Overview","","","",""
1990-91,"Overview","","","",""
1990-91,"Overview","","","",""
1990-91,"Overview","","","",""
1990-91,"Overview","","","",""
1990-91,"Overview","","","",""
1990-91,"Overview","","","",""
1990-91,"Overview","","","",""
1990-91,"Overview","","","",""
1990-91,"Overview","","","",""
1990-91,"Overview","","","",""
1990-91,"Overview","","","",""
1990-91,"Overview","","","",""
1990-91,"Overview","","","",""
1990-91,"Overview","","","",""
1990-91,"Overview","","","",""
1990-91,"Overview","","","",""
1990-91,"Overview","","","",""
1990-91,"Overview","","","",""
1990-91,"Overview","","","",""
1990-91,"Overview","","","",""
1990-91,"Overview","","","",""
1990-91,"Overview","","","",""
1990-91,"Overview","","","",""
1990-91,"Overview","","","",""
1990-91,"Overview","","","",""
1990-91,"Overview","","","",""
1990-91,"Overview","","","",""
1990-91,"Overview","","","",""
1990-91,"Overview","","","",""
1990-91,"Overview","","","",""
1990-91,"Overview","","","",""
1990-91,"Overview","","","",""
1990-91,"Overview","","","",""
1990-91,"Overview","","","",""
1990-91,"Overview","","","",""
1990-91,"Overview","","","",""
1990-91,"Overview","","","",""
1990-91,"Overview","","","",""
1990-91,"Overview","","","",""
1990-91,"Overview","","","",""
1990-91,"Overview","","","",""
1990-91,"Overview","","","",""
1990-91,"Overview","","","",""
1990-91,"Overview","","","",""
1990-91,"Overview","","","",""
1990-91,"Overview","","","",""
1990-91,"Overview","","","",""
1990-91,"Overview","","","",""
1990-91,"Overview","","","",""
1990-91,"Overview","","","",""
1990-91,"Overview","","","",""
1990-91,"Overview","","","",""
1990-91,"Overview","","","",""
1990-91,"Overview","","","",""
1990-91,"Overview","","","",""
1990-91,"Overview","","","",""
1990-91,"Overview","","","",""
1990-91,"Overview","","","",""
1990-91,"Overview","","","",""
1990-91,"Overview","","","",""
1990-91,"Overview","","","",""
1990-91,"Overview","","","",""
1990-91,"Overview","","","",""
1990-91,"Overview","","","",""
1990-91,"Overview","","","",""
1990-91,"Overview","","","",""
1990-91,"Overview","","","",""
1990-91,"Overview","","","",""
1990-91,"Overview","","","",""
1990-91,"Overview","","","",""
1990-91,"Overview","","","",""
1990-91,"Overview","","","",""
1990-91,"Overview","","","",""
1990-91,"Overview","","","",""
1990-91,"Overview","","","",""
1990-91,"Overview","","","",""
1990-91,"Overview","","","",""
1990-91,"Overview","","","",""
1990-91,"Overview","","","",""
1990-91,"Rate this set...","Baseball
        Basketball
        Boxing
        Cricket
        Football
        Gaming
        Golf
        Hockey
        Misc Sports
        MMA
        Multi-Sport
        Non-Sport
        Racing
        Soccer
        Tennis
        Wrestling","","",""
1990-91,"Teams","Baseball
        Basketball
        Boxing
        Cricket
        Football
        Gaming
        Golf
        Hockey
        Misc Sports
        MMA
        Multi-Sport
        Non-Sport
        Racing
        Soccer
        Tennis
        Wrestling","","",""
1990-91,"Errors / Variations","Baseball
        Basketball
        Boxing
        Cricket
        Football
        Gaming
        Golf
        Hockey
        Misc Sports
        MMA
        Multi-Sport
        Non-Sport
        Racing
        Soccer
        Tennis
        Wrestling","","",""
1990-91,"Hall of Famers","Baseball
        Basketball
        Boxing
        Cricket
        Football
        Gaming
        Golf
        Hockey
        Misc Sports
        MMA
        Multi-Sport
        Non-Sport
        Racing
        Soccer
        Tennis
        Wrestling","","",""
1990-91,"Hall of Famers","","","","6"
1990-91,"Hall of Famers","","","","9"
1990-91,"Hall of Famers","","","","13"
1990-91,"Hall of Famers","","","","14"
1990-91,"Hall of Famers","","","","16"
1990-91,"Hall of Famers","","","","30"
1990-91,"Hall of Famers","","","","32"
1990-91,"Hall of Famers","","","","36"
1990-91,"Hall of Famers","","","","38"
1990-91,"Hall of Famers","","","","40"
1990-91,"Hall of Famers","","","","45"
1990-91,"Hall of Famers","","","","47"
1990-91,"Hall of Famers","","","","55"
1990-91,"Hall of Famers","","","","56"
1990-91,"Hall of Famers","","","","61"
1990-91,"Hall of Famers","","","","63"
1990-91,"Hall of Famers","","","","65"
1990-91,"Hall of Famers","","","","71"
1990-91,"Hall of Famers","","","","74"
1990-91,"Hall of Famers","","","","75"
1990-91,"Hall of Famers","","","","77"
1990-91,"Hall of Famers","","","","82"
1990-91,"Hall of Famers","","","","84"
1990-91,"Hall of Famers","","","","88"
1990-91,"Hall of Famers","","","","99"
1990-91,"Hall of Famers","","","","100"
1990-91,"Hall of Famers","","","","101"
1990-91,"Hall of Famers","","","","102"
1990-91,"Hall of Famers","","","","103"
1990-91,"Hall of Famers","","","","105"
1990-91,"Hall of Famers","","","","112"
1990-91,"Hall of Famers","","","","114"
1990-91,"Hall of Famers","","","","121"
1990-91,"Hall of Famers","","","","124"
1990-91,"Hall of Famers","","","","126"
1990-91,"Hall of Famers","","","","129"
1990-91,"Hall of Famers","","","","130"
1990-91,"Rookies","Baseball
        Basketball
        Boxing
        Cricket
        Football
        Gaming
        Golf
        Hockey
        Misc Sports
        MMA
        Multi-Sport
        Non-Sport
        Racing
        Soccer
        Tennis
        Wrestling","","",""
1990-91,"Rookies","","","2","Jergus Baca RC"
1990-91,"Rookies","","","4","Jean-Claude Bergeron RC"
1990-91,"Rookies","","","6","Rob Blake RC"
1990-91,"Rookies","","","7","Peter Bondra RC"
1990-91,"Rookies","","","11","Greg Brown RC"
1990-91,"Rookies","","","15","Zdeno Ciger RC"
1990-91,"Rookies","","","17","Danton Cole RC"
1990-91,"Rookies","","","19","Mike Craig RC, UER"
1990-91,"Rookies","","","24","Per Olav Djoos RC, UER"
1990-91,"Rookies","","","25","Tie Domi RC"
1990-91,"Rookies","","","26","Peter Douris RC"
1990-91,"Rookies","","","27","Rob DiMaio RC"
1990-91,"Rookies","","","29","Bob Essensa RC"
1990-91,"Rookies","","","30","Sergei Fedorov RC"
1990-91,"Rookies","","","31","Brent Fedyk RC"
1990-91,"Rookies","","","33","Link Gaetz RC"
1990-91,"Rookies","","","34","Troy Gamble RC"
1990-91,"Rookies","","","35","Johan Garpenlov RC"
1990-91,"Rookies","","","39","Jeff Hackett RC"
1990-91,"Rookies","","","42","Bruce Hoffort RC"
1990-91,"Rookies","","","43","Bobby Holik RC"
1990-91,"Rookies","","","44","Martin Hostak RC"
1990-91,"Rookies","","","46","Jody Hull RC"
1990-91,"Rookies","","","49","Peter Ing RC"
1990-91,"Rookies","","","50","Jaromir Jagr RC"
1990-91,"Rookies","","","51","Curtis Joseph RC"
1990-91,"Rookies","","","52","Robert Kron RC"
1990-91,"Rookies","","","53","Frantisek Kucera RC"
1990-91,"Rookies","","","54","Dale Kushner RC"
1990-91,"Rookies","","","57","Mike Lalor RC"
1990-91,"Rookies","","","59","Jiri Latal RC"
1990-91,"Rookies","","","60","Jamie Leach RC"
1990-91,"Rookies","","","67","Dave Marcinyshyn RC"
1990-91,"Rookies","","","68","Stephane Matteau RC"
1990-91,"Rookies","","","73","Kevin Miller RC"
1990-91,"Rookies","","","74","Mike Modano RC"
1990-91,"Rookies","","","75","Alexander Mogilny RC"
1990-91,"Rookies","","","79","Pat Murray RC"
1990-91,"Rookies","","","80","Jarmo Myllys RC"
1990-91,"Rookies","","","81","Petr Nedved RC"
1990-91,"Rookies","","","86","Owen Nolan RC"
1990-91,"Rookies","","","89","Greg Parks RC, UER"
1990-91,"Rookies","","","90","Adrien Plavsic RC"
1990-91,"Rookies","","","91","Keith Primeau RC"
1990-91,"Rookies","","","95","Robert Reichel RC"
1990-91,"Rookies","","","96","Mike Ricci RC, UER"
1990-91,"Rookies","","","97","Steve Rice RC, UER"
1990-91,"Rookies","","","100","Jeremy Roenick RC"
1990-91,"Rookies","","","104","Anatoli Semenov RC"
1990-91,"Rookies","","","107","Mike Sillinger RC, UER"
1990-91,"Rookies","","","110","Paul Stanton RC"
1990-91,"Rookies","","","111","Kevin Stevens RC"
1990-91,"Rookies","","","113","Al Stewart RC"
1990-91,"Rookies","","","114","Mats Sundin RC"
1990-91,"Rookies","","","116","Tim Sweeney RC"
1990-91,"Rookies","","","118","John Tanner RC"
1990-91,"Rookies","","","123","Darren Turcotte RC"
1990-91,"Rookies","","","127","Wes Walz RC"
1990-91,"Comments","Baseball
        Basketball
        Boxing
        Cricket
        Football
        Gaming
        Golf
        Hockey
        Misc Sports
        MMA
        Multi-Sport
        Non-Sport
        Racing
        Soccer
        Tennis
        Wrestling","","",""
1990-91,"Comments","Dec 9, 2024 - 3:35PM
E180TEKNO	

So, I’d like to give my opinion and express my anger about the recent prices of these hockey card boxes. For example, I saw this one: (1990-91 O-Pee-Chee OPC Premier Hockey Box BBCE Wrapped - 36 Packs - Possible JAGR = US $1,151.28). I feel like saying, “What the heck?!” Honestly, it’s outrageous! Over $1,151.28 knowing that, at best, you might pull a Jagr card, for instance. But even then, you’ll need to get it graded or evaluated if you prefer, and there’s absolutely no guarantee you’ll be able to sell it.

First off, there’s no certainty you’ll recoup your $1,151.28 investment. This box is absolutely not worth its price. And the same goes for other boxes like Topps from ‘85/’86/’87/’88/’89. Sure, it’s nice to sell card boxes for over $1,000/$2,000/$3,000, but most of the cards you pull are worthless. And even worse, when you do find a rare one that’s worth something, there’s no guarantee it will sell.

What I’m trying to say is: a box priced at $800 is outrageous. It should be more like $150 at most—that would already be more reasonable. Honestly, I think these people are killing the passion for collecting sports cards. So many young people are turning away from it because some boxes will simply never be accessible.","Dec 9, 2024 - 3:35PM
E180TEKNO","",""
1990-91,"Packaging","Baseball
        Basketball
        Boxing
        Cricket
        Football
        Gaming
        Golf
        Hockey
        Misc Sports
        MMA
        Multi-Sport
        Non-Sport
        Racing
        Soccer
        Tennis
        Wrestling","","",""
1990-91,"Pricing","Baseball
        Basketball
        Boxing
        Cricket
        Football
        Gaming
        Golf
        Hockey
        Misc Sports
        MMA
        Multi-Sport
        Non-Sport
        Racing
        Soccer
        Tennis
        Wrestling","","",""
1990-91,"Pricing","1","","Scott Arniel",""
1990-91,"Pricing","2","","Jergus Baca RC",""
1990-91,"Pricing","3","","Brian Bellows",""
1990-91,"Pricing","4","","Jean-Claude Bergeron RC",""
1990-91,"Pricing","5","","Daniel Berthiaume",""
1990-91,"Pricing","6","","Rob Blake RC",""
1990-91,"Pricing","7","","Peter Bondra RC",""
1990-91,"Pricing","8","","Laurie Boschman",""
1990-91,"Pricing","9","","Ray Bourque",""
1990-91,"Pricing","10","","Aaron Broten",""
1990-91,"Pricing","11","","Greg Brown RC",""
1990-91,"Pricing","12","","Jimmy Carson",""
1990-91,"Pricing","13","","Chris Chelios",""
1990-91,"Pricing","14","","Dino Ciccarelli",""
1990-91,"Pricing","15","","Zdeno Ciger RC",""
1990-91,"Pricing","16","","Paul Coffey",""
1990-91,"Pricing","17","","Danton Cole RC",""
1990-91,"Pricing","18","","Geoff Courtnall",""
1990-91,"Pricing","19","","Mike Craig RC, UER",""
1990-91,"Pricing","20","","John Cullen",""
1990-91,"Pricing","21","","Vincent Damphousse",""
1990-91,"Pricing","22","","Gerald Diduck",""
1990-91,"Pricing","23","","Kevin Dineen",""
1990-91,"Pricing","24","","Per Olav Djoos RC, UER",""
1990-91,"Pricing","25","","Tie Domi RC",""
1990-91,"Pricing","26","","Peter Douris RC",""
1990-91,"Pricing","27","","Rob DiMaio RC",""
1990-91,"Pricing","28","","Pat Elynuik",""
1990-91,"Pricing","29","","Bob Essensa RC",""
1990-91,"Pricing","30","","Sergei Fedorov RC",""
1990-91,"Pricing","31","","Brent Fedyk RC",""
1990-91,"Pricing","32","","Ron Francis",""
1990-91,"Pricing","33","","Link Gaetz RC",""
1990-91,"Pricing","34","","Troy Gamble RC",""
1990-91,"Pricing","35","","Johan Garpenlov RC",""
1990-91,"Pricing","36","","Mike Gartner",""
1990-91,"Pricing","37","","Rick Green",""
1990-91,"Pricing","38","","Wayne Gretzky",""
1990-91,"Pricing","39","","Jeff Hackett RC",""
1990-91,"Pricing","40","","Dale Hawerchuk",""
1990-91,"Pricing","41","","Ron Hextall",""
1990-91,"Pricing","42","","Bruce Hoffort RC",""
1990-91,"Pricing","43","","Bobby Holik RC",""
1990-91,"Pricing","44","","Martin Hostak RC",""
1990-91,"Pricing","45","","Phil Housley",""
1990-91,"Pricing","46","","Jody Hull RC",""
1990-91,"Pricing","47","","Brett Hull",""
1990-91,"Pricing","48","","Al Iafrate",""
1990-91,"Pricing","49","","Peter Ing RC",""
1990-91,"Pricing","50","","Jaromir Jagr RC",""
1990-91,"Pricing","51","","Curtis Joseph RC",""
1990-91,"Pricing","52","","Robert Kron RC",""
1990-91,"Pricing","53","","Frantisek Kucera RC",""
1990-91,"Pricing","54","","Dale Kushner RC",""
1990-91,"Pricing","55","","Guy Lafleur",""
1990-91,"Pricing","56","","Pat LaFontaine",""
1990-91,"Pricing","57","","Mike Lalor RC",""
1990-91,"Pricing","58","","Steve Larmer",""
1990-91,"Pricing","59","","Jiri Latal RC",""
1990-91,"Pricing","60","","Jamie Leach RC",""
1990-91,"Pricing","61","","Brian Leetch",""
1990-91,"Pricing","62","","Claude Lemieux",""
1990-91,"Pricing","63","","Mario Lemieux",""
1990-91,"Pricing","64","","Craig Ludwig",""
1990-91,"Pricing","65","","Al MacInnis",""
1990-91,"Pricing","66","","Mikko Makela",""
1990-91,"Pricing","67","","Dave Marcinyshyn RC",""
1990-91,"Pricing","68","","Stephane Matteau RC",""
1990-91,"Pricing","69","","Brad McCrimmon",""
1990-91,"Pricing","70","","Kirk McLean",""
1990-91,"Pricing","71","","Mark Messier",""
1990-91,"Pricing","72","","Kelly Miller",""
1990-91,"Pricing","73","","Kevin Miller RC",""
1990-91,"Pricing","74","","Mike Modano RC",""
1990-91,"Pricing","75","","Alexander Mogilny RC",""
1990-91,"Pricing","76","","Andy Moog",""
1990-91,"Pricing","77","","Joe Mullen",""
1990-91,"Pricing","78","","Kirk Muller",""
1990-91,"Pricing","79","","Pat Murray RC",""
1990-91,"Pricing","80","","Jarmo Myllys RC",""
1990-91,"Pricing","81","","Petr Nedved RC",""
1990-91,"Pricing","82","","Cam Neely",""
1990-91,"Pricing","83","","Bernie Nicholls",""
1990-91,"Pricing","84","","Joe Nieuwendyk",""
1990-91,"Pricing","85","","Chris Nilan",""
1990-91,"Pricing","86","","Owen Nolan RC",""
1990-91,"Pricing","87","","Brian Noonan UER",""
1990-91,"Pricing","88","","Adam Oates",""
1990-91,"Pricing","89","","Greg Parks RC, UER",""
1990-91,"Pricing","90","","Adrien Plavsic RC",""
1990-91,"Pricing","91","","Keith Primeau RC",""
1990-91,"Pricing","92","","Brian Propp",""
1990-91,"Pricing","93","","Dan Quinn",""
1990-91,"Pricing","94","","Bill Ranford",""
1990-91,"Pricing","95","","Robert Reichel RC",""
1990-91,"Pricing","96","","Mike Ricci RC, UER",""
1990-91,"Pricing","97","","Steve Rice RC, UER",""
1990-91,"Pricing","98","","Stephane Richer",""
1990-91,"Pricing","99","","Luc Robitaille",""
1990-91,"Pricing","100","","Jeremy Roenick RC",""
1990-91,"Sell Sheets / Ads","Baseball
        Basketball
        Boxing
        Cricket
        Football
        Gaming
        Golf
        Hockey
        Misc Sports
        MMA
        Multi-Sport
        Non-Sport
        Racing
        Soccer
        Tennis
        Wrestling","","",""
1990-91,"Trivia","Baseball
        Basketball
        Boxing
        Cricket
        Football
        Gaming
        Golf
        Hockey
        Misc Sports
        MMA
        Multi-Sport
        Non-Sport
        Racing
        Soccer
        Tennis
        Wrestling","","",""
1990-91,"Videos","Baseball
        Basketball
        Boxing
        Cricket
        Football
        Gaming
        Golf
        Hockey
        Misc Sports
        MMA
        Multi-Sport
        Non-Sport
        Racing
        Soccer
        Tennis
        Wrestling","","",""
1990-91,"Videos","Posted by: dollar guy
Jun 22, 2020 - 4:06PM","Posted by: dollar guy
Jun 22, 2020 - 4:06PM","",""
1990-91,"External Links","Baseball
        Basketball
        Boxing
        Cricket
        Football
        Gaming
        Golf
        Hockey
        Misc Sports
        MMA
        Multi-Sport
        Non-Sport
        Racing
        Soccer
        Tennis
        Wrestling","","",""
1990-91,"Contributors","Baseball
        Basketball
        Boxing
        Cricket
        Football
        Gaming
        Golf
        Hockey
        Misc Sports
        MMA
        Multi-Sport
        Non-Sport
        Racing
        Soccer
        Tennis
        Wrestling","","",""
1990-91,"Contributors","Member	Total
1.	oldcollector	262
2.	Gunny	2","","Member","Total"
1990-91,"Contributors","","Member","Total",""
1990-91,"Contributors","1.","oldcollector","262",""
1990-91,"Contributors","2.","Gunny","2",""
1990-91,"Contributors","Member	Total
1.	oldcollector	1","","Member","Total"
1990-91,"Contributors","","Member","Total",""
1990-91,"Contributors","1.","oldcollector","1",""
1990-91,"Contributors","Member	Total
1.	E180TEKNO	1","","Member","Total"
1990-91,"Contributors","","Member","Total",""
1990-91,"Contributors","1.","E180TEKNO","1",""
1990-91,"Contributors","Member	Total
1.	biotwister	3
2.	Ballfan	2
3.	AVAYA	1
4.	reakins	1
5.	styxscottii	1","","Member","Total"
1990-91,"Contributors","","Member","Total",""
1990-91,"Contributors","1.","biotwister","3",""
1990-91,"Contributors","2.","Ballfan","2",""
1990-91,"Contributors","3.","AVAYA","1",""
1990-91,"Contributors","4.","reakins","1",""
1990-91,"Contributors","5.","styxscottii","1",""
1990-91,"Contributors","Member	Total
1.	dollar guy	3
2.	richardson	1","","Member","Total"
1990-91,"Contributors","","Member","Total",""
1990-91,"Contributors","1.","dollar guy","3",""
1990-91,"Contributors","2.","richardson","1",""
1990-91,"Contributors","Member	Total
1.	dollar guy	1","","Member","Total"
1990-91,"Contributors","","Member","Total",""
1990-91,"Contributors","1.","dollar guy","1",""
1990-91,"Contributors","Member	Total
1.	jimmyjam	1
2.	psajoe	1","","Member","Total"
1990-91,"Contributors","","Member","Total",""
1990-91,"Contributors","1.","jimmyjam","1",""
1990-91,"Contributors","2.","psajoe","1",""
1990-91,"Glossary","Baseball
        Basketball
        Boxing
        Cricket
        Football
        Gaming
        Golf
        Hockey
        Misc Sports
        MMA
        Multi-Sport
        Non-Sport
        Racing
        Soccer
        Tennis
        Wrestling","","",""
1990-91,"Gallery","Baseball
        Basketball
        Boxing
        Cricket
        Football
        Gaming
        Golf
        Hockey
        Misc Sports
        MMA
        Multi-Sport
        Non-Sport
        Racing
        Soccer
        Tennis
        Wrestling","","",""
1990-91,"Card Rankings","Baseball
        Basketball
        Boxing
        Cricket
        Football
        Gaming
        Golf
        Hockey
        Misc Sports
        MMA
        Multi-Sport
        Non-Sport
        Racing
        Soccer
        Tennis
        Wrestling","","",""
1990-91,"Card Rankings","1.","","",""
1990-91,"Card Rankings","2.","","",""
1990-91,"Card Rankings","3.","","",""
1990-91,"Card Rankings","4.","","",""
1990-91,"Card Rankings","5.","","",""
1990-91,"Card Rankings","6.","","",""
1990-91,"Card Rankings","7.","","",""
1990-91,"Card Rankings","8.","","",""
1990-91,"Card Rankings","9.","","",""
1990-91,"Card Rankings","10.","","",""
1990-91,"Card Rankings","11.","","",""
1990-91,"Card Rankings","12.","","",""
1990-91,"Card Rankings","13.","","",""
1990-91,"Card Rankings","14.","","",""
1990-91,"Card Rankings","15.","","",""
1990-91,"Card Rankings","16.","","",""
1990-91,"Card Rankings","17.","","",""
1990-91,"Card Rankings","18.","","",""
1990-91,"Card Rankings","19.","","",""
1990-91,"Card Rankings","20.","","",""
1990-91,"Card Rankings","21.","","",""
1990-91,"Card Rankings","22.","","",""
1990-91,"Card Rankings","23.","","",""
1990-91,"Card Rankings","24.","","",""
1990-91,"Card Rankings","25.","","",""
1990-91,"Card Rankings","26.","","",""
1990-91,"Card Rankings","27.","","",""
1990-91,"Card Rankings","28.","","",""
1990-91,"Card Rankings","29.","","",""
1990-91,"Card Rankings","30.","","",""
1990-91,"Card Rankings","31.","","",""
1990-91,"Card Rankings","32.","","",""
1990-91,"Card Rankings","33.","","",""
1990-91,"Card Rankings","34.","","",""
1990-91,"Card Rankings","35.","","",""
1990-91,"Card Rankings","36.","","",""
1990-91,"Card Rankings","37.","","",""
1990-91,"Card Rankings","38.","","",""
1990-91,"Card Rankings","39.","","",""
1990-91,"Card Rankings","40.","","",""
1990-91,"Card Rankings","41.","","",""
1990-91,"Card Rankings","42.","","",""
1990-91,"Card Rankings","43.","","",""
1990-91,"Card Rankings","44.","","",""
1990-91,"Card Rankings","45.","","",""
1990-91,"Card Rankings","46.","","",""
1990-91,"Card Rankings","47.","","",""
1990-91,"Card Rankings","48.","","",""
1990-91,"Card Rankings","49.","","",""
1990-91,"Card Rankings","50.","","",""
1990-91,"Card Rankings","51.","","",""
1990-91,"Card Rankings","52.","","",""
1990-91,"Card Rankings","53.","","",""
1990-91,"Card Rankings","54.","","",""
1990-91,"Card Rankings","55.","","",""
1990-91,"Card Rankings","56.","","",""
1990-91,"Card Rankings","57.","","",""
1990-91,"Card Rankings","58.","","",""
1990-91,"Card Rankings","59.","","",""
1990-91,"Card Rankings","60.","","",""
1990-91,"Card Rankings","61.","","",""
1990-91,"Card Rankings","62.","","",""
1990-91,"Card Rankings","63.","","",""
1990-91,"Card Rankings","64.","","",""
1990-91,"Card Rankings","65.","","",""
1990-91,"Card Rankings","66.","","",""
1990-91,"Card Rankings","67.","","",""
1990-91,"Card Rankings","68.","","",""
1990-91,"Card Rankings","69.","","",""
1990-91,"Card Rankings","70.","","",""
1990-91,"Card Rankings","71.","","",""
1990-91,"Card Rankings","72.","","",""
1990-91,"Card Rankings","73.","","",""
1990-91,"Card Rankings","74.","","",""
1990-91,"Card Rankings","75.","","",""
1990-91,"Card Rankings","76.","","",""
1990-91,"Card Rankings","77.","","",""
1990-91,"Card Rankings","78.","","",""
1990-91,"Card Rankings","79.","","",""
1990-91,"Card Rankings","80.","","",""
1990-91,"Card Rankings","81.","","",""
1990-91,"Card Rankings","82.","","",""
1990-91,"Card Rankings","83.","","",""
1990-91,"Card Rankings","84.","","",""
1990-91,"Card Rankings","85.","","",""
1990-91,"Card Rankings","86.","","",""
1990-91,"Card Rankings","87.","","",""
1990-91,"Card Rankings","88.","","",""
1990-91,"Card Rankings","89.","","",""
1990-91,"Card Rankings","90.","","",""
1990-91,"Card Rankings","91.","","",""
1990-91,"Card Rankings","92.","","",""
1990-91,"Card Rankings","93.","","",""
1990-91,"Card Rankings","94.","","",""
1990-91,"Card Rankings","95.","","",""
1990-91,"Card Rankings","96.","","",""
1990-91,"Card Rankings","97.","","",""
1990-91,"Card Rankings","98.","","",""
1990-91,"Card Rankings","99.","","",""
1990-91,"Card Rankings","100.","","",""
1990-91,"Collection Summary","Baseball
        Basketball
        Boxing
        Cricket
        Football
        Gaming
        Golf
        Hockey
        Misc Sports
        MMA
        Multi-Sport
        Non-Sport
        Racing
        Soccer
        Tennis
        Wrestling","","",""
1990-91,"Click here to let us know","Baseball
        Basketball
        Boxing
        Cricket
        Football
        Gaming
        Golf
        Hockey
        Misc Sports
        MMA
        Multi-Sport
        Non-Sport
        Racing
        Soccer
        Tennis
        Wrestling","","",""
1990-91,"Checklist By Age","Baseball
        Basketball
        Boxing
        Cricket
        Football
        Gaming
        Golf
        Hockey
        Misc Sports
        MMA
        Multi-Sport
        Non-Sport
        Racing
        Soccer
        Tennis
        Wrestling","","",""
1990-91,"Checklist By Age","1.","","","#37"
1990-91,"Checklist By Age","2.","","","#121"
1990-91,"Checklist By Age","3.","","","#77"
1990-91,"Checklist By Age","4.","","","#129"
1990-91,"Checklist By Age","5.","","","#85"
1990-91,"Checklist By Age","6.","","","#109"
1990-91,"Checklist By Age","7.","","","#92"
1990-91,"Checklist By Age","8.","","","#36"
1990-91,"Checklist By Age","9.","","","#14"
1990-91,"Checklist By Age","10.","","","#76"
1990-91,"Checklist By Age","11.","","","#8"
1990-91,"Checklist By Age","12.","","","#10"
1990-91,"Checklist By Age","13.","","","#9"
1990-91,"Checklist By Age","14.","","","#71"
1990-91,"Checklist By Age","15.","","","#38"
1990-91,"Checklist By Age","16.","","","#103"
1990-91,"Checklist By Age","17.","","","#64"
1990-91,"Checklist By Age","18.","","","#16"
1990-91,"Checklist By Age","19.","","","#58"
1990-91,"Checklist By Age","20.","","","#83"
1990-91,"Checklist By Age","21.","","","#119"
1990-91,"Checklist By Age","22.","","","#13"
1990-91,"Checklist By Age","23.","","","#125"
1990-91,"Checklist By Age","24.","","","#104"
1990-91,"Checklist By Age","25.","","","#128"
1990-91,"Checklist By Age","26.","","","#115"
1990-91,"Checklist By Age","27.","","","#18"
1990-91,"Checklist By Age","28.","","","#88"
1990-91,"Checklist By Age","29.","","","#1"
1990-91,"Checklist By Age","30.","","","#126"
1990-91,"Checklist By Age","31.","","","#32"
1990-91,"Checklist By Age","32.","","","#72"
1990-91,"Checklist By Age","33.","","","#57"
1990-91,"Checklist By Age","34.","","","#65"
1990-91,"Checklist By Age","35.","","","#117"
1990-91,"Checklist By Age","36.","","","#23"
1990-91,"Checklist By Age","37.","","","#113"
1990-91,"Checklist By Age","38.","","","#45"
1990-91,"Checklist By Age","39.","","","#112"
1990-91,"Checklist By Age","40.","","","#120"
1990-91,"Checklist By Age","41.","","","#41"
1990-91,"Checklist By Age","42.","","","#20"
1990-91,"Checklist By Age","43.","","","#47"
1990-91,"Checklist By Age","44.","","","#3"
1990-91,"Checklist By Age","45.","","","#122"
1990-91,"Checklist By Age","46.","","","#2"
1990-91,"Checklist By Age","47.","","","#29"
1990-91,"Checklist By Age","48.","","","#56"
1990-91,"Checklist By Age","49.","","","#66"
1990-91,"Checklist By Age","50.","","","#22"
1990-91,"Checklist By Age","51.","","","#111"
1990-91,"Checklist By Age","52.","","","#130"
1990-91,"Checklist By Age","53.","","","#80"
1990-91,"Checklist By Age","54.","","","#87"
1990-91,"Checklist By Age","55.","","","#93"
1990-91,"Checklist By Age","56.","","","#82"
1990-91,"Checklist By Age","57.","","","#62"
1990-91,"Checklist By Age","58.","","","#73"
1990-91,"Checklist By Age","59.","","","#63"
1990-91,"Checklist By Age","60.","","","#101"
1990-91,"Checklist By Age","61.","","","#5"
1990-91,"Checklist By Age","62.","","","#78"
1990-91,"Checklist By Age","63.","","","#99"
1990-91,"Checklist By Age","64.","","","#26"
1990-91,"Checklist By Age","65.","","","#48"
1990-91,"Checklist By Age","66.","","","#106"
1990-91,"Checklist By Age","67.","","","#98"
1990-91,"Checklist By Age","68.","","","#54"
1990-91,"Checklist By Age","69.","","","#70"
1990-91,"Checklist By Age","70.","","","#42"
1990-91,"Checklist By Age","71.","","","#84"
1990-91,"Checklist By Age","72.","","","#94"
1990-91,"Checklist By Age","73.","","","#17"
1990-91,"Checklist By Age","74.","","","#59"
1990-91,"Checklist By Age","75.","","","#67"
1990-91,"Checklist By Age","76.","","","#52"
1990-91,"Checklist By Age","77.","","","#31"
1990-91,"Checklist By Age","78.","","","#34"
1990-91,"Checklist By Age","79.","","","#116"
1990-91,"Checklist By Age","80.","","","#51"
1990-91,"Checklist By Age","81.","","","#110"
1990-91,"Checklist By Age","82.","","","#28"
1990-91,"Checklist By Age","83.","","","#44"
1990-91,"Checklist By Age","84.","","","#21"
1990-91,"Checklist By Age","85.","","","#53"
1990-91,"Checklist By Age","86.","","","#7"
1990-91,"Checklist By Age","87.","","","#27"
1990-91,"Checklist By Age","88.","","","#123"
1990-91,"Checklist By Age","89.","","","#61"
1990-91,"Checklist By Age","90.","","","#11"
1990-91,"Checklist By Age","91.","","","#35"
1990-91,"Checklist By Age","92.","","","#24"
1990-91,"Checklist By Age","93.","","","#39"
1990-91,"Checklist By Age","94.","","","#12"
1990-91,"Checklist By Age","95.","","","#33"
1990-91,"Checklist By Age","96.","","","#4"
1990-91,"Checklist By Age","97.","","","#105"
1990-91,"Checklist By Age","98.","","","#46"
1990-91,"Checklist By Age","99.","","","#75"
1990-91,"Checklist By Age","100.","","","#49"
1990-91,"Checklist By First Name","Baseball
        Basketball
        Boxing
        Cricket
        Football
        Gaming
        Golf
        Hockey
        Misc Sports
        MMA
        Multi-Sport
        Non-Sport
        Racing
        Soccer
        Tennis
        Wrestling","","",""
1990-91,"Checklist By First Name","1.","","","#10"
1990-91,"Checklist By First Name","2.","","","#88"
1990-91,"Checklist By First Name","3.","","","#90"
1990-91,"Checklist By First Name","4.","","","#48"
1990-91,"Checklist By First Name","5.","","","#65"
1990-91,"Checklist By First Name","6.","","","#113"
1990-91,"Checklist By First Name","7.","","","#75"
1990-91,"Checklist By First Name","8.","","","#104"
1990-91,"Checklist By First Name","9.","","","#76"
1990-91,"Checklist By First Name","10.","","","#83"
1990-91,"Checklist By First Name","11.","","","#94"
1990-91,"Checklist By First Name","12.","","","#29"
1990-91,"Checklist By First Name","13.","","","#43"
1990-91,"Checklist By First Name","14.","","","#109"
1990-91,"Checklist By First Name","15.","","","#69"
1990-91,"Checklist By First Name","16.","","","#105"
1990-91,"Checklist By First Name","17.","","","#31"
1990-91,"Checklist By First Name","18.","","","#115"
1990-91,"Checklist By First Name","19.","","","#47"
1990-91,"Checklist By First Name","20.","","","#3"
1990-91,"Checklist By First Name","21.","","","#61"
1990-91,"Checklist By First Name","22.","","","#87"
1990-91,"Checklist By First Name","23.","","","#92"
1990-91,"Checklist By First Name","24.","","","#42"
1990-91,"Checklist By First Name","25.","","","#121"
1990-91,"Checklist By First Name","26.","","","#82"
1990-91,"Checklist By First Name","27.","","","#128"
1990-91,"Checklist By First Name","28.","","","#132"
1990-91,"Checklist By First Name","29.","","","#13"
1990-91,"Checklist By First Name","30.","","","#85"
1990-91,"Checklist By First Name","31.","","","#62"
1990-91,"Checklist By First Name","32.","","","#64"
1990-91,"Checklist By First Name","33.","","","#51"
1990-91,"Checklist By First Name","34.","","","#40"
1990-91,"Checklist By First Name","35.","","","#54"
1990-91,"Checklist By First Name","36.","","","#93"
1990-91,"Checklist By First Name","37.","","","#5"
1990-91,"Checklist By First Name","38.","","","#17"
1990-91,"Checklist By First Name","39.","","","#123"
1990-91,"Checklist By First Name","40.","","","#67"
1990-91,"Checklist By First Name","41.","","","#119"
1990-91,"Checklist By First Name","42.","","","#103"
1990-91,"Checklist By First Name","43.","","","#14"
1990-91,"Checklist By First Name","44.","","","#129"
1990-91,"Checklist By First Name","45.","","","#53"
1990-91,"Checklist By First Name","46.","","","#18"
1990-91,"Checklist By First Name","47.","","","#22"
1990-91,"Checklist By First Name","48.","","","#11"
1990-91,"Checklist By First Name","49.","","","#89"
1990-91,"Checklist By First Name","50.","","","#55"
1990-91,"Checklist By First Name","51.","","","#108"
1990-91,"Checklist By First Name","52.","","","#60"
1990-91,"Checklist By First Name","53.","","","#80"
1990-91,"Checklist By First Name","54.","","","#50"
1990-91,"Checklist By First Name","55.","","","#4"
1990-91,"Checklist By First Name","56.","","","#39"
1990-91,"Checklist By First Name","57.","","","#100"
1990-91,"Checklist By First Name","58.","","","#2"
1990-91,"Checklist By First Name","59.","","","#12"
1990-91,"Checklist By First Name","60.","","","#59"
1990-91,"Checklist By First Name","61.","","","#46"
1990-91,"Checklist By First Name","62.","","","#77"
1990-91,"Checklist By First Name","63.","","","#84"
1990-91,"Checklist By First Name","64.","","","#102"
1990-91,"Checklist By First Name","65.","","","#35"
1990-91,"Checklist By First Name","66.","","","#20"
1990-91,"Checklist By First Name","67.","","","#118"
1990-91,"Checklist By First Name","68.","","","#122"
1990-91,"Checklist By First Name","69.","","","#91"
1990-91,"Checklist By First Name","70.","","","#72"
1990-91,"Checklist By First Name","71.","","","#23"
1990-91,"Checklist By First Name","72.","","","#73"
1990-91,"Checklist By First Name","73.","","","#111"
1990-91,"Checklist By First Name","74.","","","#70"
1990-91,"Checklist By First Name","75.","","","#78"
1990-91,"Checklist By First Name","76.","","","#8"
1990-91,"Checklist By First Name","77.","","","#33"
1990-91,"Checklist By First Name","78.","","","#99"
1990-91,"Checklist By First Name","79.","","","#63"
1990-91,"Checklist By First Name","80.","","","#71"
1990-91,"Checklist By First Name","81.","","","#44"
1990-91,"Checklist By First Name","82.","","","#114"
1990-91,"Checklist By First Name","83.","","","#19"
1990-91,"Checklist By First Name","84.","","","#36"
1990-91,"Checklist By First Name","85.","","","#57"
1990-91,"Checklist By First Name","86.","","","#74"
1990-91,"Checklist By First Name","87.","","","#96"
1990-91,"Checklist By First Name","88.","","","#107"
1990-91,"Checklist By First Name","89.","","","#126"
1990-91,"Checklist By First Name","90.","","","#66"
1990-91,"Checklist By First Name","91.","","","#86"
1990-91,"Checklist By First Name","92.","","","#28"
1990-91,"Checklist By First Name","93.","","","#56"
1990-91,"Checklist By First Name","94.","","","#79"
1990-91,"Checklist By First Name","95.","","","#101"
1990-91,"Checklist By First Name","96.","","","#16"
1990-91,"Checklist By First Name","97.","","","#110"
1990-91,"Checklist By First Name","98.","","","#24"
1990-91,"Checklist By First Name","99.","","","#7"
1990-91,"Checklist By First Name","100.","","","#26"
1990-91,"Checklist By Last Name","Baseball
        Basketball
        Boxing
        Cricket
        Football
        Gaming
        Golf
        Hockey
        Misc Sports
        MMA
        Multi-Sport
        Non-Sport
        Racing
        Soccer
        Tennis
        Wrestling","","",""
1990-91,"Checklist By Last Name","1.","","","#1"
1990-91,"Checklist By Last Name","2.","","","#2"
1990-91,"Checklist By Last Name","3.","","","#3"
1990-91,"Checklist By Last Name","4.","","","#4"
1990-91,"Checklist By Last Name","5.","","","#5"
1990-91,"Checklist By Last Name","6.","","","#6"
1990-91,"Checklist By Last Name","7.","","","#7"
1990-91,"Checklist By Last Name","8.","","","#8"
1990-91,"Checklist By Last Name","9.","","","#9"
1990-91,"Checklist By Last Name","10.","","","#10"
1990-91,"Checklist By Last Name","11.","","","#11"
1990-91,"Checklist By Last Name","12.","","","#12"
1990-91,"Checklist By Last Name","13.","","","#13"
1990-91,"Checklist By Last Name","14.","","","#14"
1990-91,"Checklist By Last Name","15.","","","#15"
1990-91,"Checklist By Last Name","16.","","","#16"
1990-91,"Checklist By Last Name","17.","","","#17"
1990-91,"Checklist By Last Name","18.","","","#18"
1990-91,"Checklist By Last Name","19.","","","#19"
1990-91,"Checklist By Last Name","20.","","","#20"
1990-91,"Checklist By Last Name","21.","","","#21"
1990-91,"Checklist By Last Name","22.","","","#22"
1990-91,"Checklist By Last Name","23.","","","#27"
1990-91,"Checklist By Last Name","24.","","","#23"
1990-91,"Checklist By Last Name","25.","","","#24"
1990-91,"Checklist By Last Name","26.","","","#25"
1990-91,"Checklist By Last Name","27.","","","#26"
1990-91,"Checklist By Last Name","28.","","","#28"
1990-91,"Checklist By Last Name","29.","","","#29"
1990-91,"Checklist By Last Name","30.","","","#30"
1990-91,"Checklist By Last Name","31.","","","#31"
1990-91,"Checklist By Last Name","32.","","","#32"
1990-91,"Checklist By Last Name","33.","","","#33"
1990-91,"Checklist By Last Name","34.","","","#34"
1990-91,"Checklist By Last Name","35.","","","#35"
1990-91,"Checklist By Last Name","36.","","","#36"
1990-91,"Checklist By Last Name","37.","","","#37"
1990-91,"Checklist By Last Name","38.","","","#38"
1990-91,"Checklist By Last Name","39.","","","#39"
1990-91,"Checklist By Last Name","40.","","","#40"
1990-91,"Checklist By Last Name","41.","","","#41"
1990-91,"Checklist By Last Name","42.","","","#42"
1990-91,"Checklist By Last Name","43.","","","#43"
1990-91,"Checklist By Last Name","44.","","","#44"
1990-91,"Checklist By Last Name","45.","","","#45"
1990-91,"Checklist By Last Name","46.","","","#47"
1990-91,"Checklist By Last Name","47.","","","#46"
1990-91,"Checklist By Last Name","48.","","","#48"
1990-91,"Checklist By Last Name","49.","","","#49"
1990-91,"Checklist By Last Name","50.","","","#50"
1990-91,"Checklist By Last Name","51.","","","#51"
1990-91,"Checklist By Last Name","52.","","","#52"
1990-91,"Checklist By Last Name","53.","","","#53"
1990-91,"Checklist By Last Name","54.","","","#54"
1990-91,"Checklist By Last Name","55.","","","#55"
1990-91,"Checklist By Last Name","56.","","","#56"
1990-91,"Checklist By Last Name","57.","","","#57"
1990-91,"Checklist By Last Name","58.","","","#58"
1990-91,"Checklist By Last Name","59.","","","#59"
1990-91,"Checklist By Last Name","60.","","","#60"
1990-91,"Checklist By Last Name","61.","","","#61"
1990-91,"Checklist By Last Name","62.","","","#62"
1990-91,"Checklist By Last Name","63.","","","#63"
1990-91,"Checklist By Last Name","64.","","","#64"
1990-91,"Checklist By Last Name","65.","","","#65"
1990-91,"Checklist By Last Name","66.","","","#66"
1990-91,"Checklist By Last Name","67.","","","#67"
1990-91,"Checklist By Last Name","68.","","","#68"
1990-91,"Checklist By Last Name","69.","","","#69"
1990-91,"Checklist By Last Name","70.","","","#70"
1990-91,"Checklist By Last Name","71.","","","#71"
1990-91,"Checklist By Last Name","72.","","","#72"
1990-91,"Checklist By Last Name","73.","","","#73"
1990-91,"Checklist By Last Name","74.","","","#74"
1990-91,"Checklist By Last Name","75.","","","#75"
1990-91,"Checklist By Last Name","76.","","","#76"
1990-91,"Checklist By Last Name","77.","","","#77"
1990-91,"Checklist By Last Name","78.","","","#78"
1990-91,"Checklist By Last Name","79.","","","#79"
1990-91,"Checklist By Last Name","80.","","","#80"
1990-91,"Checklist By Last Name","81.","","","#81"
1990-91,"Checklist By Last Name","82.","","","#82"
1990-91,"Checklist By Last Name","83.","","","#83"
1990-91,"Checklist By Last Name","84.","","","#84"
1990-91,"Checklist By Last Name","85.","","","#85"
1990-91,"Checklist By Last Name","86.","","","#86"
1990-91,"Checklist By Last Name","87.","","","#87"
1990-91,"Checklist By Last Name","88.","","","#88"
1990-91,"Checklist By Last Name","89.","","","#89"
1990-91,"Checklist By Last Name","90.","","","#90"
1990-91,"Checklist By Last Name","91.","","","#91"
1990-91,"Checklist By Last Name","92.","","","#92"
1990-91,"Checklist By Last Name","93.","","","#93"
1990-91,"Checklist By Last Name","94.","","","#94"
1990-91,"Checklist By Last Name","95.","","","#95"
1990-91,"Checklist By Last Name","96.","","","#96"
1990-91,"Checklist By Last Name","97.","","","#97"
1990-91,"Checklist By Last Name","98.","","","#98"
1990-91,"Checklist By Last Name","99.","","","#99"
1990-91,"Checklist By Last Name","100.","","","#100"
1990-91,"100","Baseball
        Basketball
        Boxing
        Cricket
        Football
        Gaming
        Golf
        Hockey
        Misc Sports
        MMA
        Multi-Sport
        Non-Sport
        Racing
        Soccer
        Tennis
        Wrestling","","",""
1990-91,"100","Share
Facebook
X
Copy Link
Email
Message","Share
Facebook
X
Copy Link
Email
Message","",""
1990-91,"Update your collection...","Baseball
        Basketball
        Boxing
        Cricket
        Football
        Gaming
        Golf
        Hockey
        Misc Sports
        MMA
        Multi-Sport
        Non-Sport
        Racing
        Soccer
        Tennis
        Wrestling","","",""
1990-91,"More…","Baseball
        Basketball
        Boxing
        Cricket
        Football
        Gaming
        Golf
        Hockey
        Misc Sports
        MMA
        Multi-Sport
        Non-Sport
        Racing
        Soccer
        Tennis
        Wrestling","","",""
1990-91,"More…","","","",""
1990-91,"More…","","","",""
1990-91,"More…","","","",""
1990-91,"More…","","","",""
1990-91,"More…","","","",""
1990-91,"More…","","","",""
1990-91,"More…","","","",""
1990-91,"More…","","","",""
1990-91,"More…","","","",""
1990-91,"More…","","","",""
1990-91,"More…","","","",""
1990-91,"More…","","","",""
1990-91,"More…","","","",""
1990-91,"More…","","","",""
1990-91,"More…","","","",""
1990-91,"More…","","","",""
1990-91,"More…","","","",""
1990-91,"More…","","","",""
1990-91,"More…","","","",""
1990-91,"More…","","","",""
1990-91,"More…","","","",""
1990-91,"More…","","","",""
1990-91,"More…","","","",""
1990-91,"More…","","","",""
1990-91,"More…","","","",""
1990-91,"More…","","","",""
1990-91,"More…","","","",""
1990-91,"More…","","","",""
1990-91,"More…","","","",""
1990-91,"More…","","","",""
1990-91,"More…","","","",""
1990-91,"More…","","","",""
1990-91,"More…","","","",""
1990-91,"More…","","","",""
1990-91,"More…","","","",""
1990-91,"More…","","","",""
1990-91,"More…","","","",""
1990-91,"More…","","","",""
1990-91,"More…","","","",""
1990-91,"More…","","","",""
1990-91,"More…","","","",""
1990-91,"More…","","","",""
1990-91,"More…","","","",""
1990-91,"More…","","","",""
1990-91,"More…","","","",""
1990-91,"More…","","","",""
1990-91,"More…","","","",""
1990-91,"More…","","","",""
1990-91,"More…","","","",""
1990-91,"More…","","","",""
1990-91,"More…","","","",""
1990-91,"More…","","","",""
1990-91,"More…","","","",""
1990-91,"More…","","","",""
1990-91,"More…","","","",""
1990-91,"More…","","","",""
1990-91,"More…","","","",""
1990-91,"More…","","","",""
1990-91,"More…","","","",""
1990-91,"More…","","","",""
1990-91,"More…","","","",""
1990-91,"More…","","","",""
1990-91,"More…","","","",""
1990-91,"More…","","","",""
1990-91,"More…","","","",""
1990-91,"More…","","","",""
1990-91,"More…","","","",""
1990-91,"More…","","","",""
1990-91,"More…","","","",""
1990-91,"More…","","","",""
1990-91,"More…","","","",""
1990-91,"More…","","","",""
1990-91,"More…","","","",""
1990-91,"More…","","","",""
1990-91,"More…","","","",""
1990-91,"More…","","","",""
1990-91,"More…","","","",""
1990-91,"More…","","","",""
1990-91,"More…","","","",""
1990-91,"More…","","","",""
1990-91,"More…","","","",""
1990-91,"More…","","","",""
1990-91,"More…","","","",""
1990-91,"More…","","","",""
1990-91,"More…","","","",""
1990-91,"More…","","","",""
1990-91,"More…","","","",""
1990-91,"More…","","","",""
1990-91,"More…","","","",""
1990-91,"More…","","","",""
1990-91,"More…","","","",""
1990-91,"More…","","","",""
1990-91,"More…","","","",""
1990-91,"More…","","","",""
1990-91,"More…","","","",""
1990-91,"More…","","","",""
1990-91,"More…","","","",""
1990-91,"More…","","","",""
1990-91,"More…","","","",""
1990-91,"More…","","","",""
1990-91,"Base Set","Baseball
        Basketball
        Boxing
        Cricket
        Football
        Gaming
        Golf
        Hockey
        Misc Sports
        MMA
        Multi-Sport
        Non-Sport
        Racing
        Soccer
        Tennis
        Wrestling","","",""
1990-91,"Base Set","","","",""
1990-91,"Base Set","","","",""
1990-91,"Base Set","","","",""
1990-91,"Base Set","","","",""
1990-91,"Base Set","","","",""
1990-91,"Base Set","","","",""
1990-91,"Base Set","","","",""
1990-91,"Base Set","","","",""
1990-91,"Base Set","","","",""
1990-91,"Base Set","","","",""
1990-91,"Base Set","","","",""
1990-91,"Base Set","","","",""
1990-91,"Base Set","","","",""
1990-91,"Base Set","","","",""
1990-91,"Base Set","","","",""
1990-91,"Base Set","","","",""
1990-91,"Base Set","","","",""
1990-91,"Base Set","","","",""
1990-91,"Base Set","","","",""
1990-91,"Base Set","","","",""
1990-91,"Base Set","","","",""
1990-91,"Base Set","","","",""
1990-91,"Base Set","","","",""
1990-91,"Base Set","","","",""
1990-91,"Base Set","","","",""
1990-91,"Base Set","","","",""
1990-91,"Base Set","","","",""
1990-91,"Base Set","","","",""
1990-91,"Base Set","","","",""
1990-91,"Base Set","","","",""
1990-91,"Base Set","","","",""
1990-91,"Base Set","","","",""
1990-91,"Base Set","","","",""
1990-91,"Base Set","","","",""
1990-91,"Base Set","","","",""
1990-91,"Base Set","","","",""
1990-91,"Base Set","","","",""
1990-91,"Base Set","","","",""
1990-91,"Base Set","","","",""
1990-91,"Base Set","","","",""
1990-91,"Base Set","","","",""
1990-91,"Base Set","","","",""
1990-91,"Base Set","","","",""
1990-91,"Base Set","","","",""
1990-91,"Base Set","","","",""
1990-91,"Base Set","","","",""
1990-91,"Base Set","","","",""
1990-91,"Base Set","","","",""
1990-91,"Base Set","","","",""
1990-91,"Base Set","","","",""
1990-91,"Base Set","","","",""
1990-91,"Base Set","","","",""
1990-91,"Base Set","","","",""
1990-91,"Base Set","","","",""
1990-91,"Base Set","","","",""
1990-91,"Base Set","","","",""
1990-91,"Base Set","","","",""
1990-91,"Base Set","","","",""
1990-91,"Base Set","","","",""
1990-91,"Base Set","","","",""
1990-91,"Base Set","","","",""
1990-91,"Base Set","","","",""
1990-91,"Base Set","","","",""
1990-91,"Base Set","","","",""
1990-91,"Base Set","","","",""
1990-91,"Base Set","","","",""
1990-91,"Base Set","","","",""
1990-91,"Base Set","","","",""
1990-91,"Base Set","","","",""
1990-91,"Base Set","","","",""
1990-91,"Base Set","","","",""
1990-91,"Base Set","","","",""
1990-91,"Base Set","","","",""
1990-91,"Base Set","","","",""
1990-91,"Base Set","","","",""
1990-91,"Base Set","","","",""
1990-91,"Base Set","","","",""
1990-91,"Base Set","","","",""
1990-91,"Base Set","","","",""
1990-91,"Base Set","","","",""
1990-91,"Base Set","","","",""
1990-91,"Base Set","","","",""
1990-91,"Base Set","","","",""
1990-91,"Base Set","","","",""
1990-91,"Base Set","","","",""
1990-91,"Base Set","","","",""
1990-91,"Base Set","","","",""
1990-91,"Base Set","","","",""
1990-91,"Base Set","","","",""
1990-91,"Base Set","","","",""
1990-91,"Base Set","","","",""
1990-91,"Base Set","","","",""
1990-91,"Base Set","","","",""
1990-91,"Base Set","","","",""
1990-91,"Base Set","","","",""
1990-91,"Base Set","","","",""
1990-91,"Base Set","","","",""
1990-91,"Base Set","","","",""
1990-91,"Base Set","","","",""
1990-91,"Base Set","","","",""
1990-91,"Overview","Baseball
        Basketball
        Boxing
        Cricket
        Football
        Gaming
        Golf
        Hockey
        Misc Sports
        MMA
        Multi-Sport
        Non-Sport
        Racing
        Soccer
        Tennis
        Wrestling","","",""
1990-91,"Overview","","","",""
1990-91,"Overview","","","",""
1990-91,"Overview","","","",""
1990-91,"Overview","","","",""
1990-91,"Overview","","","",""
1990-91,"Overview","","","",""
1990-91,"Overview","","","",""
1990-91,"Overview","","","",""
1990-91,"Overview","","","",""
1990-91,"Overview","","","",""
1990-91,"Overview","","","",""
1990-91,"Overview","","","",""
1990-91,"Overview","","","",""
1990-91,"Overview","","","",""
1990-91,"Overview","","","",""
1990-91,"Overview","","","",""
1990-91,"Overview","","","",""
1990-91,"Overview","","","",""
1990-91,"Overview","","","",""
1990-91,"Overview","","","",""
1990-91,"Overview","","","",""
1990-91,"Overview","","","",""
1990-91,"Overview","","","",""
1990-91,"Overview","","","",""
1990-91,"Overview","","","",""
1990-91,"Overview","","","",""
1990-91,"Overview","","","",""
1990-91,"Overview","","","",""
1990-91,"Overview","","","",""
1990-91,"Overview","","","",""
1990-91,"Overview","","","",""
1990-91,"Overview","","","",""
1990-91,"Overview","","","",""
1990-91,"Overview","","","",""
1990-91,"Overview","","","",""
1990-91,"Overview","","","",""
1990-91,"Overview","","","",""
1990-91,"Overview","","","",""
1990-91,"Overview","","","",""
1990-91,"Overview","","","",""
1990-91,"Overview","","","",""
1990-91,"Overview","","","",""
1990-91,"Overview","","","",""
1990-91,"Overview","","","",""
1990-91,"Overview","","","",""
1990-91,"Overview","","","",""
1990-91,"Overview","","","",""
1990-91,"Overview","","","",""
1990-91,"Overview","","","",""
1990-91,"Overview","","","",""
1990-91,"Overview","","","",""
1990-91,"Overview","","","",""
1990-91,"Overview","","","",""
1990-91,"Overview","","","",""
1990-91,"Overview","","","",""
1990-91,"Overview","","","",""
1990-91,"Overview","","","",""
1990-91,"Overview","","","",""
1990-91,"Overview","","","",""
1990-91,"Overview","","","",""
1990-91,"Overview","","","",""
1990-91,"Overview","","","",""
1990-91,"Overview","","","",""
1990-91,"Overview","","","",""
1990-91,"Overview","","","",""
1990-91,"Overview","","","",""
1990-91,"Overview","","","",""
1990-91,"Overview","","","",""
1990-91,"Overview","","","",""
1990-91,"Overview","","","",""
1990-91,"Overview","","","",""
1990-91,"Overview","","","",""
1990-91,"Overview","","","",""
1990-91,"Overview","","","",""
1990-91,"Overview","","","",""
1990-91,"Overview","","","",""
1990-91,"Overview","","","",""
1990-91,"Overview","","","",""
1990-91,"Overview","","","",""
1990-91,"Overview","","","",""
1990-91,"Overview","","","",""
1990-91,"Overview","","","",""
1990-91,"Overview","","","",""
1990-91,"Overview","","","",""
1990-91,"Overview","","","",""
1990-91,"Overview","","","",""
1990-91,"Overview","","","",""
1990-91,"Overview","","","",""
1990-91,"Overview","","","",""
1990-91,"Overview","","","",""
1990-91,"Overview","","","",""
1990-91,"Overview","","","",""
1990-91,"Overview","","","",""
1990-91,"Overview","","","",""
1990-91,"Overview","","","",""
1990-91,"Overview","","","",""
1990-91,"Overview","","","",""
1990-91,"Overview","","","",""
1990-91,"Overview","","","",""
1990-91,"Overview","","","",""
1990-91,"Rate this set...","Baseball
        Basketball
        Boxing
        Cricket
        Football
        Gaming
        Golf
        Hockey
        Misc Sports
        MMA
        Multi-Sport
        Non-Sport
        Racing
        Soccer
        Tennis
        Wrestling","","",""
1990-91,"Checklist","Baseball
        Basketball
        Boxing
        Cricket
        Football
        Gaming
        Golf
        Hockey
        Misc Sports
        MMA
        Multi-Sport
        Non-Sport
        Racing
        Soccer
        Tennis
        Wrestling","","",""
1990-91,"Checklist","","","",""
1990-91,"Checklist","","","",""
1990-91,"Checklist","","","",""
1990-91,"Checklist","","","",""
1990-91,"Checklist","","","",""
1990-91,"Checklist","","","",""
1990-91,"Checklist","","","",""
1990-91,"Checklist","","","",""
1990-91,"Checklist","","","",""
1990-91,"Checklist","","","",""
1990-91,"Checklist","","","",""
1990-91,"Checklist","","","",""
1990-91,"Checklist","","","",""
1990-91,"Checklist","","","",""
1990-91,"Checklist","","","",""
1990-91,"Checklist","","","",""
1990-91,"Checklist","","","",""
1990-91,"Checklist","","","",""
1990-91,"Checklist","","","",""
1990-91,"Checklist","","","",""
1990-91,"Checklist","","","",""
1990-91,"Checklist","","","",""
1990-91,"Checklist","","","",""
1990-91,"Checklist","","","",""
1990-91,"Checklist","","","",""
1990-91,"Checklist","","","",""
1990-91,"Checklist","","","",""
1990-91,"Checklist","","","",""
1990-91,"Checklist","","","",""
1990-91,"Checklist","","","",""
1990-91,"Checklist","","","",""
1990-91,"Checklist","","","",""
1990-91,"Checklist","","","",""
1990-91,"Checklist","","","",""
1990-91,"Checklist","","","",""
1990-91,"Checklist","","","",""
1990-91,"Checklist","","","",""
1990-91,"Checklist","","","",""
1990-91,"Checklist","","","",""
1990-91,"Checklist","","","",""
1990-91,"Checklist","","","",""
1990-91,"Checklist","","","",""
1990-91,"Checklist","","","",""
1990-91,"Checklist","","","",""
1990-91,"Checklist","","","",""
1990-91,"Checklist","","","",""
1990-91,"Checklist","","","",""
1990-91,"Checklist","","","",""
1990-91,"Checklist","","","",""
1990-91,"Checklist","","","",""
1990-91,"Checklist","","","",""
1990-91,"Checklist","","","",""
1990-91,"Checklist","","","",""
1990-91,"Checklist","","","",""
1990-91,"Checklist","","","",""
1990-91,"Checklist","","","",""
1990-91,"Checklist","","","",""
1990-91,"Checklist","","","",""
1990-91,"Checklist","","","",""
1990-91,"Checklist","","","",""
1990-91,"Checklist","","","",""
1990-91,"Checklist","","","",""
1990-91,"Checklist","","","",""
1990-91,"Checklist","","","",""
1990-91,"Checklist","","","",""
1990-91,"Checklist","","","",""
1990-91,"Checklist","","","",""
1990-91,"Checklist","","","",""
1990-91,"Checklist","","","",""
1990-91,"Checklist","","","",""
1990-91,"Checklist","","","",""
1990-91,"Checklist","","","",""
1990-91,"Checklist","","","",""
1990-91,"Checklist","","","",""
1990-91,"Checklist","","","",""
1990-91,"Checklist","","","",""
1990-91,"Checklist","","","",""
1990-91,"Checklist","","","",""
1990-91,"Checklist","","","",""
1990-91,"Checklist","","","",""
1990-91,"Checklist","","","",""
1990-91,"Checklist","","","",""
1990-91,"Checklist","","","",""
1990-91,"Checklist","","","",""
1990-91,"Checklist","","","",""
1990-91,"Checklist","","","",""
1990-91,"Checklist","","","",""
1990-91,"Checklist","","","",""
1990-91,"Checklist","","","",""
1990-91,"Checklist","","","",""
1990-91,"Checklist","","","",""
1990-91,"Checklist","","","",""
1990-91,"Checklist","","","",""
1990-91,"Checklist","","","",""
1990-91,"Checklist","","","",""
1990-91,"Checklist","","","",""
1990-91,"Checklist","","","",""
1990-91,"Checklist","","","",""
1990-91,"Checklist","","","",""
1990-91,"Checklist","","","",""
1990-91,"Teams","Baseball
        Basketball
        Boxing
        Cricket
        Football
        Gaming
        Golf
        Hockey
        Misc Sports
        MMA
        Multi-Sport
        Non-Sport
        Racing
        Soccer
        Tennis
        Wrestling","","",""
1990-91,"Errors / Variations","Baseball
        Basketball
        Boxing
        Cricket
        Football
        Gaming
        Golf
        Hockey
        Misc Sports
        MMA
        Multi-Sport
        Non-Sport
        Racing
        Soccer
        Tennis
        Wrestling","","",""
1990-91,"Errors / Variations","","","","38a"
1990-91,"Errors / Variations","","","","38b"
1990-91,"Errors / Variations","","","","259a"
1990-91,"Errors / Variations","","","","259b"
1990-91,"Errors / Variations","","","","327a"
1990-91,"Errors / Variations","","","","327b"
1990-91,"Errors / Variations","","","","330a"
1990-91,"Errors / Variations","","","","330b"
1990-91,"Hall of Famers","Baseball
        Basketball
        Boxing
        Cricket
        Football
        Gaming
        Golf
        Hockey
        Misc Sports
        MMA
        Multi-Sport
        Non-Sport
        Racing
        Soccer
        Tennis
        Wrestling","","",""
1990-91,"Hall of Famers","","","","1"
1990-91,"Hall of Famers","","","","2"
1990-91,"Hall of Famers","","","","3"
1990-91,"Hall of Famers","","","","4"
1990-91,"Hall of Famers","","","","5"
1990-91,"Hall of Famers","","","","6"
1990-91,"Hall of Famers","","","","8"
1990-91,"Hall of Famers","","","","10"
1990-91,"Hall of Famers","","","","15"
1990-91,"Hall of Famers","","","","20"
1990-91,"Hall of Famers","","","","30"
1990-91,"Hall of Famers","","","","43"
1990-91,"Hall of Famers","","","","50"
1990-91,"Hall of Famers","","","","52"
1990-91,"Hall of Famers","","","","62"
1990-91,"Hall of Famers","","","","70"
1990-91,"Hall of Famers","","","","71"
1990-91,"Hall of Famers","","","","85"
1990-91,"Hall of Famers","","","","91"
1990-91,"Hall of Famers","","","","96"
1990-91,"Hall of Famers","","","","100"
1990-91,"Hall of Famers","","","","110"
1990-91,"Hall of Famers","","","","114"
1990-91,"Hall of Famers","","","","120"
1990-91,"Hall of Famers","","","","121"
1990-91,"Hall of Famers","","","","123"
1990-91,"Hall of Famers","","","","125"
1990-91,"Hall of Famers","","","","130"
1990-91,"Hall of Famers","","","","145"
1990-91,"Hall of Famers","","","","146"
1990-91,"Hall of Famers","","","","150"
1990-91,"Hall of Famers","","","","155"
1990-91,"Hall of Famers","","","","158"
1990-91,"Hall of Famers","","","","170"
1990-91,"Hall of Famers","","","","179"
1990-91,"Hall of Famers","","","","186"
1990-91,"Hall of Famers","","","","188"
1990-91,"Hall of Famers","","","","189"
1990-91,"Hall of Famers","","","","200"
1990-91,"Hall of Famers","","","","206"
1990-91,"Hall of Famers","","","","208"
1990-91,"Hall of Famers","","","","220"
1990-91,"Hall of Famers","","","","221"
1990-91,"Hall of Famers","","","","225"
1990-91,"Hall of Famers","","","","230"
1990-91,"Hall of Famers","","","","250"
1990-91,"Hall of Famers","","","","252"
1990-91,"Hall of Famers","","","","260"
1990-91,"Hall of Famers","","","","270"
1990-91,"Hall of Famers","","","","275"
1990-91,"Hall of Famers","","","","280"
1990-91,"Hall of Famers","","","","290"
1990-91,"Hall of Famers","","","","300"
1990-91,"Hall of Famers","","","","312"
1990-91,"Hall of Famers","","","","313"
1990-91,"Hall of Famers","","","","314"
1990-91,"Hall of Famers","","","","315"
1990-91,"Hall of Famers","","","","316"
1990-91,"Hall of Famers","","","","317"
1990-91,"Hall of Famers","","","","319"
1990-91,"Hall of Famers","","","","320"
1990-91,"Hall of Famers","","","","321"
1990-91,"Hall of Famers","","","","323"
1990-91,"Hall of Famers","","","","327"
1990-91,"Hall of Famers","","","","327"
1990-91,"Hall of Famers","","","","329"
1990-91,"Hall of Famers","","","","332"
1990-91,"Hall of Famers","","","","333"
1990-91,"Hall of Famers","","","","335"
1990-91,"Hall of Famers","","","","336"
1990-91,"Hall of Famers","","","","337"
1990-91,"Hall of Famers","","","","338"
1990-91,"Hall of Famers","","","","339"
1990-91,"Hall of Famers","","","","340"
1990-91,"Hall of Famers","","","","341"
1990-91,"Hall of Famers","","","","344"
1990-91,"Hall of Famers","","","","346"
1990-91,"Hall of Famers","","","","347"
1990-91,"Hall of Famers","","","","348"
1990-91,"Hall of Famers","","","","350"
1990-91,"Hall of Famers","","","","351"
1990-91,"Hall of Famers","","","","352"
1990-91,"Hall of Famers","","","","353"
1990-91,"Hall of Famers","","","","354"
1990-91,"Hall of Famers","","","","355"
1990-91,"Hall of Famers","","","","356"
1990-91,"Hall of Famers","","","","357"
1990-91,"Hall of Famers","","","","360"
1990-91,"Hall of Famers","","","","361"
1990-91,"Hall of Famers","","","","362"
1990-91,"Hall of Famers","","","","363"
1990-91,"Hall of Famers","","","","364"
1990-91,"Hall of Famers","","","","366"
1990-91,"Hall of Famers","","","","368"
1990-91,"Hall of Famers","","","","369"
1990-91,"Hall of Famers","","","","398"
1990-91,"Hall of Famers","","","","421"
1990-91,"Hall of Famers","","","","439"
1990-91,"Hall of Famers","","","","440"
1990-91,"Rookies","Baseball
        Basketball
        Boxing
        Cricket
        Football
        Gaming
        Golf
        Hockey
        Misc Sports
        MMA
        Multi-Sport
        Non-Sport
        Racing
        Soccer
        Tennis
        Wrestling","","",""
1990-91,"Rookies","","","11","Doug Houda RC"
1990-91,"Rookies","","","28","Everett Sanipass RC"
1990-91,"Rookies","","","43","Alexander Mogilny RC"
1990-91,"Rookies","","","51","Don Sweeney RC"
1990-91,"Rookies","","","53","Kevin Stevens RC"
1990-91,"Rookies","","","54","Bryan Fogarty RC"
1990-91,"Rookies","","","62","Viacheslav Fetisov RC"
1990-91,"Rookies","","","67","Mike Lalor RC"
1990-91,"Rookies","","","71","Sergei Makarov RC"
1990-91,"Rookies","","","74","Mike Richter RC"
1990-91,"Rookies","","","87","Tim Cheveldae RC"
1990-91,"Rookies","","","92","Curtis Leschyshyn RC"
1990-91,"Rookies","","","99","Brad Shaw RC"
1990-91,"Rookies","","","101","Rick Zombo RC"
1990-91,"Rookies","","","102","Mark Fitzpatrick RC"
1990-91,"Rookies","","","107","Vincent Riendeau RC"
1990-91,"Rookies","","","112","Bob Essensa RC"
1990-91,"Rookies","","","117","Gord Murphy RC"
1990-91,"Rookies","","","120","Mike Modano RC"
1990-91,"Rookies","","","123","Igor Larionov RC"
1990-91,"Rookies","","","127","Mathieu Schneider RC"
1990-91,"Rookies","","","131","Rod Brind'Amour RC"
1990-91,"Rookies","","","132","Jyrki Lumme RC"
1990-91,"Rookies","","","138","Jeff Chychrun RC"
1990-91,"Rookies","","","151","Curtis Joseph RC"
1990-91,"Rookies","","","163","Adam Graves RC"
1990-91,"Rookies","","","167","Craig Wolanin RC"
1990-91,"Rookies","","","176","Teppo Numminen RC"
1990-91,"Rookies","","","179","Jeremy Roenick RC"
1990-91,"Rookies","","","186","Mark Recchi RC"
1990-91,"Rookies","","","201","Joey Kocur RC"
1990-91,"Rookies","","","207","Claude Loiselle RC"
1990-91,"Rookies","","","209","Alexei Kasatonov RC"
1990-91,"Rookies","","","222","Hubie McDonough RC"
1990-91,"Rookies","","","224","Sergio Momesso RC"
1990-91,"Rookies","","","233","Grant Ledyard RC"
1990-91,"Rookies","","","237","Todd Krygier RC"
1990-91,"Rookies","","","239","Chris Terreri RC"
1990-91,"Rookies","","","241","Darren Turcotte RC"
1990-91,"Rookies","","","246","John Druce RC"
1990-91,"Rookies","","","248","Paul Ranheim RC"
1990-91,"Rookies","","","253","Garry Galley RC"
1990-91,"Rookies","","","262","Stephan Lebeau RC"
1990-91,"Rookies","","","265","Ken Baumgartner RC"
1990-91,"Rookies","","","266","Lou Franceschetti RC"
1990-91,"Rookies","","","268","Michal Pivonka RC"
1990-91,"Rookies","","","273","Vladimir Krutov RC"
1990-91,"Rookies","","","282","Stephane Beauregard RC"
1990-91,"Rookies","","","283","John Carter RC"
1990-91,"Rookies","","","284","Don Barber RC"
1990-91,"Rookies","","","288","Troy Mallette RC"
1990-91,"Rookies","","","293","Joe Murphy RC"
1990-91,"Rookies","","","294","Glenn Healy RC"
1990-91,"Rookies","","","297","Todd Elik RC"
1990-91,"Rookies","","","298","Wendell Young RC"
1990-91,"Rookies","","","299","Dean Kennedy RC"
1990-91,"Rookies","","","302","Yvon Corriveau RC"
1990-91,"Rookies","","","304","Mark Tinordi RC"
1990-91,"Rookies","","","305","Bob Kudelski RC"
1990-91,"Rookies","","","310","David Maley RC"
1990-91,"Rookies","","","330","Kip Miller AW, RC, ERR"
1990-91,"Rookies","","","330","Kip Miller AW, RC, COR"
1990-91,"Rookies","","","370","Adam Burt RC"
1990-91,"Rookies","","","371","Troy Loney RC"
1990-91,"Rookies","","","372","Dave Chyzowski RC"
1990-91,"Rookies","","","373","Geoff Smith RC"
1990-91,"Rookies","","","377","Daniel Shank RC"
1990-91,"Rookies","","","379","Perry Berezan RC"
1990-91,"Rookies","","","381","Stephane Matteau PROS, RC"
1990-91,"Rookies","","","382","Mario Thyer PROS, RC"
1990-91,"Rookies","","","383","Nelson Emerson PROS, RC"
1990-91,"Rookies","","","384","Kory Kocur PROS, RC"
1990-91,"Rookies","","","385","Bob Beers PROS, RC"
1990-91,"Rookies","","","386","Jim Hrivnak PROS, RC"
1990-91,"Rookies","","","387","Mark Pederson PROS, RC"
1990-91,"Rookies","","","388","Jeff Hackett PROS, RC"
1990-91,"Rookies","","","389","Eric Weinrich PROS, RC"
1990-91,"Rookies","","","390","Steven Rice PROS, RC"
1990-91,"Rookies","","","391","Stu Barnes PROS, RC"
1990-91,"Rookies","","","392","Olaf Kolzig PROS, RC, UER"
1990-91,"Rookies","","","393","Francois Leroux PROS, RC"
1990-91,"Rookies","","","394","Adrien Plavsic PROS, RC"
1990-91,"Rookies","","","395","Michel Mongeau PROS, RC"
1990-91,"Rookies","","","396","Rick Corriveau PROS, RC"
1990-91,"Rookies","","","397","Wayne Doucet PROS, RC"
1990-91,"Rookies","","","398","Mats Sundin PROS, RC"
1990-91,"Rookies","","","399","Murray Baron PROS, RC"
1990-91,"Rookies","","","400","Rick Bennett PROS, RC"
1990-91,"Rookies","","","401","Jon Morris PROS, RC"
1990-91,"Rookies","","","402","Kay Whitmore PROS, RC"
1990-91,"Rookies","","","403","Peter Lappin PROS, RC"
1990-91,"Rookies","","","404","Kris Draper PROS, RC"
1990-91,"Rookies","","","405","Shayne Stevenson PROS, RC"
1990-91,"Rookies","","","406","Paul Ysebaert PROS, RC"
1990-91,"Rookies","","","407","Jimmy Waite PROS, RC"
1990-91,"Rookies","","","408","Cam Russell PROS, RC"
1990-91,"Rookies","","","409","Kim Issel PROS, RC"
1990-91,"Rookies","","","410","Darrin Shannon PROS, RC"
1990-91,"Rookies","","","411","Link Gaetz PROS, RC"
1990-91,"Rookies","","","412","Craig Fisher PROS, RC"
1990-91,"Comments","Baseball
        Basketball
        Boxing
        Cricket
        Football
        Gaming
        Golf
        Hockey
        Misc Sports
        MMA
        Multi-Sport
        Non-Sport
        Racing
        Soccer
        Tennis
        Wrestling","","",""
1990-91,"Comments","Oct 8, 2020 - 2:34PM
reakins	

The same photos but different card numbers were used for the 1990-91 Score Hottest/Rising Stars set.","Oct 8, 2020 - 2:34PM
reakins","",""
1990-91,"Comments","Apr 8, 2020 - 1:06PM
Doomprince	

I have found a #100 Brett Hull error card as the card should be #100 Mark Messier. Ive never seen this error before in this set.

Its from the American version of the set. Havent checked the Canadian version to see if I have one there as well.","Apr 8, 2020 - 1:06PM
Doomprince","",""
1990-91,"Comments","Dec 20, 2019 - 6:33PM
althib	

Blue Score logo on front: American Edition.
Red Score logo on front: Canadian Edition.","Dec 20, 2019 - 6:33PM
althib","",""
1990-91,"Comments","Feb 27, 2018 - 5:07AM
JohnnyGoode	

I have #17 dirk graham, as well as #17 Sean Burke, both hAve American and Canadian flags crossed over at bottom. What's the deal?","Feb 27, 2018 - 5:07AM
JohnnyGoode","",""
1990-91,"Comments","May 12, 2013 - 1:56PM
rds332000	

The 407b is not correct, it's the error version(407a).","May 12, 2013 - 1:56PM
rds332000","",""
1990-91,"Packaging","Baseball
        Basketball
        Boxing
        Cricket
        Football
        Gaming
        Golf
        Hockey
        Misc Sports
        MMA
        Multi-Sport
        Non-Sport
        Racing
        Soccer
        Tennis
        Wrestling","","",""
1990-91,"Pricing","Baseball
        Basketball
        Boxing
        Cricket
        Football
        Gaming
        Golf
        Hockey
        Misc Sports
        MMA
        Multi-Sport
        Non-Sport
        Racing
        Soccer
        Tennis
        Wrestling","","",""
1990-91,"Pricing","1","","Wayne Gretzky",""
1990-91,"Pricing","2","","Mario Lemieux",""
1990-91,"Pricing","3","","Steve Yzerman",""
1990-91,"Pricing","4","","Cam Neely",""
1990-91,"Pricing","5","","Al MacInnis",""
1990-91,"Pricing","6","","Paul Coffey",""
1990-91,"Pricing","7","","Brian Bellows",""
1990-91,"Pricing","8","","Joe Sakic",""
1990-91,"Pricing","9","","Bernie Nicholls",""
1990-91,"Pricing","10","","Patrick Roy",""
1990-91,"Pricing","11","","Doug Houda RC",""
1990-91,"Pricing","12","","David Volek",""
1990-91,"Pricing","13","","Esa Tikkanen",""
1990-91,"Pricing","14","","Thomas Steen",""
1990-91,"Pricing","15","","Chris Chelios",""
1990-91,"Pricing","16","","Bob Carpenter",""
1990-91,"Pricing","17","","Dirk Graham",""
1990-91,"Pricing","18","","Garth Butcher",""
1990-91,"Pricing","19","","Patrik Sundstrom",""
1990-91,"Pricing","20","","Rod Langway",""
1990-91,"Pricing","21","","Scott Young",""
1990-91,"Pricing","22","","Ulf Dahlen",""
1990-91,"Pricing","23","","Mike Ramsey",""
1990-91,"Pricing","24","","Peter Zezel",""
1990-91,"Pricing","25","","Ron Hextall",""
1990-91,"Pricing","26","","Steve Duchesne",""
1990-91,"Pricing","27","","Allan Bester",""
1990-91,"Pricing","28","","Everett Sanipass RC",""
1990-91,"Pricing","29","","Steve Konroyd",""
1990-91,"Pricing","30","","Joe Nieuwendyk",""
1990-91,"Pricing","31","","Brent Ashton",""
1990-91,"Pricing","32","","Trevor Linden",""
1990-91,"Pricing","33","","Mike Ridley",""
1990-91,"Pricing","34","","Sean Burke",""
1990-91,"Pricing","35","","Pat Verbeek",""
1990-91,"Pricing","36","","Rob Ramage",""
1990-91,"Pricing","37","","Kelly Kisio",""
1990-91,"Pricing","38","","Craig Muni ERR",""
1990-91,"Pricing","38","","Craig Muni COR",""
1990-91,"Pricing","39","","Brent Sutter",""
1990-91,"Pricing","40","","Gary Leeman",""
1990-91,"Pricing","41","","Jeff Brown",""
1990-91,"Pricing","42","","Greg Millen",""
1990-91,"Pricing","43","","Alexander Mogilny RC",""
1990-91,"Pricing","44","","Dale Hunter",""
1990-91,"Pricing","45","","Randy Moller",""
1990-91,"Pricing","46","","Peter Sidorkiewicz",""
1990-91,"Pricing","47","","Terry Carkner",""
1990-91,"Pricing","48","","Tony Granato",""
1990-91,"Pricing","49","","Shawn Burr",""
1990-91,"Pricing","50","","Dale Hawerchuk",""
1990-91,"Pricing","51","","Don Sweeney RC",""
1990-91,"Pricing","52","","Mike Vernon",""
1990-91,"Pricing","53","","Kevin Stevens RC",""
1990-91,"Pricing","54","","Bryan Fogarty RC",""
1990-91,"Pricing","55","","Dan Quinn",""
1990-91,"Pricing","56","","Murray Craven",""
1990-91,"Pricing","57","","Shawn Chambers",""
1990-91,"Pricing","58","","Craig Simpson",""
1990-91,"Pricing","59","","Doug Crossman",""
1990-91,"Pricing","60","","Daren Puppa",""
1990-91,"Pricing","61","","Bobby Smith",""
1990-91,"Pricing","62","","Viacheslav Fetisov RC",""
1990-91,"Pricing","63","","Gino Cavallini",""
1990-91,"Pricing","64","","Jimmy Carson",""
1990-91,"Pricing","65","","Dave Ellett",""
1990-91,"Pricing","66","","Steve Thomas",""
1990-91,"Pricing","67","","Mike Lalor RC",""
1990-91,"Pricing","68","","Mike Liut",""
1990-91,"Pricing","69","","Tom Laidlaw",""
1990-91,"Pricing","70","","Ron Francis",""
1990-91,"Pricing","71","","Sergei Makarov RC",""
1990-91,"Pricing","72","","Randy Burridge",""
1990-91,"Pricing","73","","Doug Lidster",""
1990-91,"Pricing","74","","Mike Richter RC",""
1990-91,"Pricing","75","","Stephane Richer",""
1990-91,"Pricing","76","","Randy Hillier",""
1990-91,"Pricing","77","","Christian Ruuttu",""
1990-91,"Pricing","78","","Marc Fortier",""
1990-91,"Pricing","79","","Bill Ranford",""
1990-91,"Pricing","80","","Rick Tocchet",""
1990-91,"Pricing","81","","Fredrik Olausson",""
1990-91,"Pricing","82","","Adam Creighton",""
1990-91,"Pricing","83","","Sylvain Cote",""
1990-91,"Pricing","84","","Brian Mullen",""
1990-91,"Pricing","85","","Adam Oates",""
1990-91,"Pricing","86","","Gary Nylund",""
1990-91,"Pricing","87","","Tim Cheveldae RC",""
1990-91,"Pricing","88","","Gary Suter",""
1990-91,"Pricing","89","","John Tonelli",""
1990-91,"Pricing","90","","Kevin Hatcher",""
1990-91,"Pricing","91","","Guy Carbonneau",""
1990-91,"Pricing","92","","Curtis Leschyshyn RC",""
1990-91,"Pricing","93","","Kirk McLean",""
1990-91,"Pricing","94","","Curt Giles",""
1990-91,"Pricing","95","","Vincent Damphousse",""
1990-91,"Pricing","96","","Peter Stastny",""
1990-91,"Pricing","97","","Glen Wesley",""
1990-91,"Pricing","98","","David Shaw",""
1990-91,"Pricing","99","","Brad Shaw RC",""
1990-91,"Sell Sheets / Ads","Baseball
        Basketball
        Boxing
        Cricket
        Football
        Gaming
        Golf
        Hockey
        Misc Sports
        MMA
        Multi-Sport
        Non-Sport
        Racing
        Soccer
        Tennis
        Wrestling","","",""
1990-91,"Trivia","Baseball
        Basketball
        Boxing
        Cricket
        Football
        Gaming
        Golf
        Hockey
        Misc Sports
        MMA
        Multi-Sport
        Non-Sport
        Racing
        Soccer
        Tennis
        Wrestling","","",""
1990-91,"Videos","Baseball
        Basketball
        Boxing
        Cricket
        Football
        Gaming
        Golf
        Hockey
        Misc Sports
        MMA
        Multi-Sport
        Non-Sport
        Racing
        Soccer
        Tennis
        Wrestling","","",""
1990-91,"Videos","Posted by: bunkle
Jun 9, 2023 - 11:59PM","Posted by: bunkle
Jun 9, 2023 - 11:59PM","",""
1990-91,"External Links","Baseball
        Basketball
        Boxing
        Cricket
        Football
        Gaming
        Golf
        Hockey
        Misc Sports
        MMA
        Multi-Sport
        Non-Sport
        Racing
        Soccer
        Tennis
        Wrestling","","",""
1990-91,"Contributors","Baseball
        Basketball
        Boxing
        Cricket
        Football
        Gaming
        Golf
        Hockey
        Misc Sports
        MMA
        Multi-Sport
        Non-Sport
        Racing
        Soccer
        Tennis
        Wrestling","","",""
1990-91,"Contributors","Member	Total
1.	oldcollector	711
2.	Gunny	88
3.	gb24	40
4.	Chandler	8
5.	Jordan123235	8
6.	NJDevils	8
7.	Quintessence	4
8.	dobbie	4
9.	wmcduff	4
10.	AVAYA	2
11.	jrl7575	2
12.	rds332000	2
13.	rosconiner1	2
14.	Dixxy	1
15.	Tylergallo	1
16.	grim25	1
17.	reakins	1
18.	wjhipwell	1","","Member","Total"
1990-91,"Contributors","","Member","Total",""
1990-91,"Contributors","1.","oldcollector","711",""
1990-91,"Contributors","2.","Gunny","88",""
1990-91,"Contributors","3.","gb24","40",""
1990-91,"Contributors","4.","Chandler","8",""
1990-91,"Contributors","5.","Jordan123235","8",""
1990-91,"Contributors","6.","NJDevils","8",""
1990-91,"Contributors","7.","Quintessence","4",""
1990-91,"Contributors","8.","dobbie","4",""
1990-91,"Contributors","9.","wmcduff","4",""
1990-91,"Contributors","10.","AVAYA","2",""
1990-91,"Contributors","11.","jrl7575","2",""
1990-91,"Contributors","12.","rds332000","2",""
1990-91,"Contributors","13.","rosconiner1","2",""
1990-91,"Contributors","14.","Dixxy","1",""
1990-91,"Contributors","15.","Tylergallo","1",""
1990-91,"Contributors","16.","grim25","1",""
1990-91,"Contributors","17.","reakins","1",""
1990-91,"Contributors","18.","wjhipwell","1",""
1990-91,"Contributors","Member	Total
1.	Doomprince	1
2.	JohnnyGoode	1
3.	althib	1
4.	rds332000	1
5.	reakins	1","","Member","Total"
1990-91,"Contributors","","Member","Total",""
1990-91,"Contributors","1.","Doomprince","1",""
1990-91,"Contributors","2.","JohnnyGoode","1",""
1990-91,"Contributors","3.","althib","1",""
1990-91,"Contributors","4.","rds332000","1",""
1990-91,"Contributors","5.","reakins","1",""
1990-91,"Contributors","Member	Total
1.	87Pack	5
2.	dobbie	4
3.	Billy Kingsley	3
4.	DaClyde	2
5.	reakins	2
6.	PMB	1
7.	wjhipwell	1","","Member","Total"
1990-91,"Contributors","","Member","Total",""
1990-91,"Contributors","1.","87Pack","5",""
1990-91,"Contributors","2.","dobbie","4",""
1990-91,"Contributors","3.","Billy Kingsley","3",""
1990-91,"Contributors","4.","DaClyde","2",""
1990-91,"Contributors","5.","reakins","2",""
1990-91,"Contributors","6.","PMB","1",""
1990-91,"Contributors","7.","wjhipwell","1",""
1990-91,"Contributors","Member	Total
1.	Stevie Jay	10
2.	dollar guy	2
3.	Bs Cards	1
4.	Jarde	1
5.	althib	1
6.	richardson	1","","Member","Total"
1990-91,"Contributors","","Member","Total",""
1990-91,"Contributors","1.","Stevie Jay","10",""
1990-91,"Contributors","2.","dollar guy","2",""
1990-91,"Contributors","3.","Bs Cards","1",""
1990-91,"Contributors","4.","Jarde","1",""
1990-91,"Contributors","5.","althib","1",""
1990-91,"Contributors","6.","richardson","1",""
1990-91,"Contributors","Member	Total
1.	bunkle	1","","Member","Total"
1990-91,"Contributors","","Member","Total",""
1990-91,"Contributors","1.","bunkle","1",""
1990-91,"Contributors","Member	Total
1.	jimmyjam	1
2.	wjhipwell	1","","Member","Total"
1990-91,"Contributors","","Member","Total",""
1990-91,"Contributors","1.","jimmyjam","1",""
1990-91,"Contributors","2.","wjhipwell","1",""
1990-91,"Glossary","Baseball
        Basketball
        Boxing
        Cricket
        Football
        Gaming
        Golf
        Hockey
        Misc Sports
        MMA
        Multi-Sport
        Non-Sport
        Racing
        Soccer
        Tennis
        Wrestling","","",""
1990-91,"Gallery","Baseball
        Basketball
        Boxing
        Cricket
        Football
        Gaming
        Golf
        Hockey
        Misc Sports
        MMA
        Multi-Sport
        Non-Sport
        Racing
        Soccer
        Tennis
        Wrestling","","",""
1990-91,"Card Rankings","Baseball
        Basketball
        Boxing
        Cricket
        Football
        Gaming
        Golf
        Hockey
        Misc Sports
        MMA
        Multi-Sport
        Non-Sport
        Racing
        Soccer
        Tennis
        Wrestling","","",""
1990-91,"Card Rankings","1.","","",""
1990-91,"Card Rankings","2.","","",""
1990-91,"Card Rankings","3.","","",""
1990-91,"Card Rankings","4.","","",""
1990-91,"Card Rankings","5.","","",""
1990-91,"Card Rankings","6.","","",""
1990-91,"Card Rankings","7.","","",""
1990-91,"Card Rankings","8.","","",""
1990-91,"Card Rankings","9.","","",""
1990-91,"Card Rankings","10.","","",""
1990-91,"Card Rankings","11.","","",""
1990-91,"Card Rankings","12.","","",""
1990-91,"Card Rankings","13.","","",""
1990-91,"Card Rankings","14.","","",""
1990-91,"Card Rankings","15.","","",""
1990-91,"Card Rankings","16.","","",""
1990-91,"Card Rankings","17.","","",""
1990-91,"Card Rankings","18.","","",""
1990-91,"Card Rankings","19.","","",""
1990-91,"Card Rankings","20.","","",""
1990-91,"Card Rankings","21.","","",""
1990-91,"Card Rankings","22.","","",""
1990-91,"Card Rankings","23.","","",""
1990-91,"Card Rankings","24.","","",""
1990-91,"Card Rankings","25.","","",""
1990-91,"Card Rankings","26.","","",""
1990-91,"Card Rankings","27.","","",""
1990-91,"Card Rankings","28.","","",""
1990-91,"Card Rankings","29.","","",""
1990-91,"Card Rankings","30.","","",""
1990-91,"Card Rankings","31.","","",""
1990-91,"Card Rankings","32.","","",""
1990-91,"Card Rankings","33.","","",""
1990-91,"Card Rankings","34.","","",""
1990-91,"Card Rankings","35.","","",""
1990-91,"Card Rankings","36.","","",""
1990-91,"Card Rankings","37.","","",""
1990-91,"Card Rankings","38.","","",""
1990-91,"Card Rankings","39.","","",""
1990-91,"Card Rankings","40.","","",""
1990-91,"Card Rankings","41.","","",""
1990-91,"Card Rankings","42.","","",""
1990-91,"Card Rankings","43.","","",""
1990-91,"Card Rankings","44.","","",""
1990-91,"Card Rankings","45.","","",""
1990-91,"Card Rankings","46.","","",""
1990-91,"Card Rankings","47.","","",""
1990-91,"Card Rankings","48.","","",""
1990-91,"Card Rankings","49.","","",""
1990-91,"Card Rankings","50.","","",""
1990-91,"Card Rankings","51.","","",""
1990-91,"Card Rankings","52.","","",""
1990-91,"Card Rankings","53.","","",""
1990-91,"Card Rankings","54.","","",""
1990-91,"Card Rankings","55.","","",""
1990-91,"Card Rankings","56.","","",""
1990-91,"Card Rankings","57.","","",""
1990-91,"Card Rankings","58.","","",""
1990-91,"Card Rankings","59.","","",""
1990-91,"Card Rankings","60.","","",""
1990-91,"Card Rankings","61.","","",""
1990-91,"Card Rankings","62.","","",""
1990-91,"Card Rankings","63.","","",""
1990-91,"Card Rankings","64.","","",""
1990-91,"Card Rankings","65.","","",""
1990-91,"Card Rankings","66.","","",""
1990-91,"Card Rankings","67.","","",""
1990-91,"Card Rankings","68.","","",""
1990-91,"Card Rankings","69.","","",""
1990-91,"Card Rankings","70.","","",""
1990-91,"Card Rankings","71.","","",""
1990-91,"Card Rankings","72.","","",""
1990-91,"Card Rankings","73.","","",""
1990-91,"Card Rankings","74.","","",""
1990-91,"Card Rankings","75.","","",""
1990-91,"Card Rankings","76.","","",""
1990-91,"Card Rankings","77.","","",""
1990-91,"Card Rankings","78.","","",""
1990-91,"Card Rankings","79.","","",""
1990-91,"Card Rankings","80.","","",""
1990-91,"Card Rankings","81.","","",""
1990-91,"Card Rankings","82.","","",""
1990-91,"Card Rankings","83.","","",""
1990-91,"Card Rankings","84.","","",""
1990-91,"Card Rankings","85.","","",""
1990-91,"Card Rankings","86.","","",""
1990-91,"Card Rankings","87.","","",""
1990-91,"Card Rankings","88.","","",""
1990-91,"Card Rankings","89.","","",""
1990-91,"Card Rankings","90.","","",""
1990-91,"Card Rankings","91.","","",""
1990-91,"Card Rankings","92.","","",""
1990-91,"Card Rankings","93.","","",""
1990-91,"Card Rankings","94.","","",""
1990-91,"Card Rankings","95.","","",""
1990-91,"Card Rankings","96.","","",""
1990-91,"Card Rankings","97.","","",""
1990-91,"Card Rankings","98.","","",""
1990-91,"Card Rankings","99.","","",""
1990-91,"Card Rankings","100.","","",""
1990-91,"Collection Summary","Baseball
        Basketball
        Boxing
        Cricket
        Football
        Gaming
        Golf
        Hockey
        Misc Sports
        MMA
        Multi-Sport
        Non-Sport
        Racing
        Soccer
        Tennis
        Wrestling","","",""
1990-91,"Overview","Baseball
        Basketball
        Boxing
        Cricket
        Football
        Gaming
        Golf
        Hockey
        Misc Sports
        MMA
        Multi-Sport
        Non-Sport
        Racing
        Soccer
        Tennis
        Wrestling","","",""
1990-91,"Overview","","","",""
1990-91,"Overview","","","",""
1990-91,"Overview","","","",""
1990-91,"Overview","","","",""
1990-91,"Overview","","","",""
1990-91,"Overview","","","",""
1990-91,"Overview","","","",""
1990-91,"Overview","","","",""
1990-91,"Overview","","","",""
1990-91,"Overview","","","",""
1990-91,"Overview","","","",""
1990-91,"Overview","","","",""
1990-91,"Overview","","","",""
1990-91,"Overview","","","",""
1990-91,"Overview","","","",""
1990-91,"Overview","","","",""
1990-91,"Overview","","","",""
1990-91,"Overview","","","",""
1990-91,"Overview","","","",""
1990-91,"Overview","","","",""
1990-91,"Overview","","","",""
1990-91,"Overview","","","",""
1990-91,"Overview","","","",""
1990-91,"Overview","","","",""
1990-91,"Overview","","","",""
1990-91,"Overview","","","",""
1990-91,"Overview","","","",""
1990-91,"Overview","","","",""
1990-91,"Overview","","","",""
1990-91,"Overview","","","",""
1990-91,"Overview","","","",""
1990-91,"Overview","","","",""
1990-91,"Overview","","","",""
1990-91,"Overview","","","",""
1990-91,"Overview","","","",""
1990-91,"Overview","","","",""
1990-91,"Overview","","","",""
1990-91,"Overview","","","",""
1990-91,"Overview","","","",""
1990-91,"Overview","","","",""
1990-91,"Overview","","","",""
1990-91,"Overview","","","",""
1990-91,"Overview","","","",""
1990-91,"Overview","","","",""
1990-91,"Overview","","","",""
1990-91,"Overview","","","",""
1990-91,"Overview","","","",""
1990-91,"Overview","","","",""
1990-91,"Overview","","","",""
1990-91,"Overview","","","",""
1990-91,"Overview","","","",""
1990-91,"Overview","","","",""
1990-91,"Overview","","","",""
1990-91,"Overview","","","",""
1990-91,"Overview","","","",""
1990-91,"Overview","","","",""
1990-91,"Overview","","","",""
1990-91,"Overview","","","",""
1990-91,"Overview","","","",""
1990-91,"Overview","","","",""
1990-91,"Overview","","","",""
1990-91,"Overview","","","",""
1990-91,"Overview","","","",""
1990-91,"Overview","","","",""
1990-91,"Overview","","","",""
1990-91,"Overview","","","",""
1990-91,"Overview","","","",""
1990-91,"Overview","","","",""
1990-91,"Overview","","","",""
1990-91,"Overview","","","",""
1990-91,"Overview","","","",""
1990-91,"Overview","","","",""
1990-91,"Overview","","","",""
1990-91,"Overview","","","",""
1990-91,"Overview","","","",""
1990-91,"Overview","","","",""
1990-91,"Overview","","","",""
1990-91,"Overview","","","",""
1990-91,"Overview","","","",""
1990-91,"Overview","","","",""
1990-91,"Overview","","","",""
1990-91,"Overview","","","",""
1990-91,"Overview","","","",""
1990-91,"Overview","","","",""
1990-91,"Overview","","","",""
1990-91,"Overview","","","",""
1990-91,"Overview","","","",""
1990-91,"Overview","","","",""
1990-91,"Overview","","","",""
1990-91,"Overview","","","",""
1990-91,"Overview","","","",""
1990-91,"Overview","","","",""
1990-91,"Overview","","","",""
1990-91,"Overview","","","",""
1990-91,"Overview","","","",""
1990-91,"Overview","","","",""
1990-91,"Overview","","","",""
1990-91,"Overview","","","",""
1990-91,"Overview","","","",""
1990-91,"Overview","","","",""
1990-91,"Checklist","Baseball
        Basketball
        Boxing
        Cricket
        Football
        Gaming
        Golf
        Hockey
        Misc Sports
        MMA
        Multi-Sport
        Non-Sport
        Racing
        Soccer
        Tennis
        Wrestling","","",""
1990-91,"Checklist","","","",""
1990-91,"Checklist","","","",""
1990-91,"Checklist","","","",""
1990-91,"Checklist","","","",""
1990-91,"Checklist","","","",""
1990-91,"Checklist","","","",""
1990-91,"Checklist","","","",""
1990-91,"Checklist","","","",""
1990-91,"Checklist","","","",""
1990-91,"Checklist","","","",""
1990-91,"Checklist","","","",""
1990-91,"Checklist","","","",""
1990-91,"Checklist","","","",""
1990-91,"Checklist","","","",""
1990-91,"Checklist","","","",""
1990-91,"Checklist","","","",""
1990-91,"Checklist","","","",""
1990-91,"Checklist","","","",""
1990-91,"Checklist","","","",""
1990-91,"Checklist","","","",""
1990-91,"Checklist","","","",""
1990-91,"Checklist","","","",""
1990-91,"Checklist","","","",""
1990-91,"Checklist","","","",""
1990-91,"Checklist","","","",""
1990-91,"Checklist","","","",""
1990-91,"Checklist","","","",""
1990-91,"Checklist","","","",""
1990-91,"Checklist","","","",""
1990-91,"Checklist","","","",""
1990-91,"Checklist","","","",""
1990-91,"Checklist","","","",""
1990-91,"Checklist","","","",""
1990-91,"Checklist","","","",""
1990-91,"Checklist","","","",""
1990-91,"Checklist","","","",""
1990-91,"Checklist","","","",""
1990-91,"Checklist","","","",""
1990-91,"Checklist","","","",""
1990-91,"Checklist","","","",""
1990-91,"Checklist","","","",""
1990-91,"Checklist","","","",""
1990-91,"Checklist","","","",""
1990-91,"Checklist","","","",""
1990-91,"Checklist","","","",""
1990-91,"Checklist","","","",""
1990-91,"Checklist","","","",""
1990-91,"Checklist","","","",""
1990-91,"Checklist","","","",""
1990-91,"Checklist","","","",""
1990-91,"Checklist","","","",""
1990-91,"Checklist","","","",""
1990-91,"Checklist","","","",""
1990-91,"Checklist","","","",""
1990-91,"Checklist","","","",""
1990-91,"Checklist","","","",""
1990-91,"Checklist","","","",""
1990-91,"Checklist","","","",""
1990-91,"Checklist","","","",""
1990-91,"Checklist","","","",""
1990-91,"Checklist","","","",""
1990-91,"Checklist","","","",""
1990-91,"Checklist","","","",""
1990-91,"Checklist","","","",""
1990-91,"Checklist","","","",""
1990-91,"Checklist","","","",""
1990-91,"Checklist","","","",""
1990-91,"Checklist","","","",""
1990-91,"Checklist","","","",""
1990-91,"Checklist","","","",""
1990-91,"Checklist","","","",""
1990-91,"Checklist","","","",""
1990-91,"Checklist","","","",""
1990-91,"Checklist","","","",""
1990-91,"Checklist","","","",""
1990-91,"Checklist","","","",""
1990-91,"Checklist","","","",""
1990-91,"Checklist","","","",""
1990-91,"Checklist","","","",""
1990-91,"Checklist","","","",""
1990-91,"Checklist","","","",""
1990-91,"Checklist","","","",""
1990-91,"Checklist","","","",""
1990-91,"Checklist","","","",""
1990-91,"Checklist","","","",""
1990-91,"Checklist","","","",""
1990-91,"Checklist","","","",""
1990-91,"Checklist","","","",""
1990-91,"Checklist","","","",""
1990-91,"Checklist","","","",""
1990-91,"Checklist","","","",""
1990-91,"Checklist","","","",""
1990-91,"Checklist","","","",""
1990-91,"Checklist","","","",""
1990-91,"Checklist","","","",""
1990-91,"Checklist","","","",""
1990-91,"Checklist","","","",""
1990-91,"Checklist","","","",""
1990-91,"Checklist","","","",""
1990-91,"Checklist","","","",""
1990-91,"Teams","Baseball
        Basketball
        Boxing
        Cricket
        Football
        Gaming
        Golf
        Hockey
        Misc Sports
        MMA
        Multi-Sport
        Non-Sport
        Racing
        Soccer
        Tennis
        Wrestling","","",""
1990-91,"Errors / Variations","Baseball
        Basketball
        Boxing
        Cricket
        Football
        Gaming
        Golf
        Hockey
        Misc Sports
        MMA
        Multi-Sport
        Non-Sport
        Racing
        Soccer
        Tennis
        Wrestling","","",""
1990-91,"Errors / Variations","","","","38a"
1990-91,"Errors / Variations","","","","38b"
1990-91,"Errors / Variations","","","","259a"
1990-91,"Errors / Variations","","","","259b"
1990-91,"Errors / Variations","","","","327a"
1990-91,"Errors / Variations","","","","327b"
1990-91,"Errors / Variations","","","","330a"
1990-91,"Errors / Variations","","","","330b"
1990-91,"Hall of Famers","Baseball
        Basketball
        Boxing
        Cricket
        Football
        Gaming
        Golf
        Hockey
        Misc Sports
        MMA
        Multi-Sport
        Non-Sport
        Racing
        Soccer
        Tennis
        Wrestling","","",""
1990-91,"Hall of Famers","","","","1"
1990-91,"Hall of Famers","","","","2"
1990-91,"Hall of Famers","","","","3"
1990-91,"Hall of Famers","","","","4"
1990-91,"Hall of Famers","","","","5"
1990-91,"Hall of Famers","","","","6"
1990-91,"Hall of Famers","","","","8"
1990-91,"Hall of Famers","","","","10"
1990-91,"Hall of Famers","","","","15"
1990-91,"Hall of Famers","","","","20"
1990-91,"Hall of Famers","","","","30"
1990-91,"Hall of Famers","","","","43"
1990-91,"Hall of Famers","","","","50"
1990-91,"Hall of Famers","","","","52"
1990-91,"Hall of Famers","","","","62"
1990-91,"Hall of Famers","","","","70"
1990-91,"Hall of Famers","","","","71"
1990-91,"Hall of Famers","","","","85"
1990-91,"Hall of Famers","","","","91"
1990-91,"Hall of Famers","","","","96"
1990-91,"Hall of Famers","","","","100"
1990-91,"Hall of Famers","","","","110"
1990-91,"Hall of Famers","","","","114"
1990-91,"Hall of Famers","","","","120"
1990-91,"Hall of Famers","","","","121"
1990-91,"Hall of Famers","","","","123"
1990-91,"Hall of Famers","","","","125"
1990-91,"Hall of Famers","","","","130"
1990-91,"Hall of Famers","","","","145"
1990-91,"Hall of Famers","","","","146"
1990-91,"Hall of Famers","","","","150"
1990-91,"Hall of Famers","","","","155"
1990-91,"Hall of Famers","","","","158"
1990-91,"Hall of Famers","","","","170"
1990-91,"Hall of Famers","","","","179"
1990-91,"Hall of Famers","","","","186"
1990-91,"Hall of Famers","","","","188"
1990-91,"Hall of Famers","","","","189"
1990-91,"Hall of Famers","","","","200"
1990-91,"Hall of Famers","","","","206"
1990-91,"Hall of Famers","","","","208"
1990-91,"Hall of Famers","","","","220"
1990-91,"Hall of Famers","","","","221"
1990-91,"Hall of Famers","","","","225"
1990-91,"Hall of Famers","","","","230"
1990-91,"Hall of Famers","","","","250"
1990-91,"Hall of Famers","","","","252"
1990-91,"Hall of Famers","","","","260"
1990-91,"Hall of Famers","","","","270"
1990-91,"Hall of Famers","","","","275"
1990-91,"Hall of Famers","","","","280"
1990-91,"Hall of Famers","","","","290"
1990-91,"Hall of Famers","","","","300"
1990-91,"Hall of Famers","","","","312"
1990-91,"Hall of Famers","","","","313"
1990-91,"Hall of Famers","","","","314"
1990-91,"Hall of Famers","","","","315"
1990-91,"Hall of Famers","","","","316"
1990-91,"Hall of Famers","","","","317"
1990-91,"Hall of Famers","","","","319"
1990-91,"Hall of Famers","","","","320"
1990-91,"Hall of Famers","","","","321"
1990-91,"Hall of Famers","","","","323"
1990-91,"Hall of Famers","","","","327"
1990-91,"Hall of Famers","","","","327"
1990-91,"Hall of Famers","","","","329"
1990-91,"Hall of Famers","","","","332"
1990-91,"Hall of Famers","","","","333"
1990-91,"Hall of Famers","","","","335"
1990-91,"Hall of Famers","","","","336"
1990-91,"Hall of Famers","","","","337"
1990-91,"Hall of Famers","","","","338"
1990-91,"Hall of Famers","","","","339"
1990-91,"Hall of Famers","","","","340"
1990-91,"Hall of Famers","","","","341"
1990-91,"Hall of Famers","","","","344"
1990-91,"Hall of Famers","","","","346"
1990-91,"Hall of Famers","","","","347"
1990-91,"Hall of Famers","","","","348"
1990-91,"Hall of Famers","","","","350"
1990-91,"Hall of Famers","","","","351"
1990-91,"Hall of Famers","","","","352"
1990-91,"Hall of Famers","","","","353"
1990-91,"Hall of Famers","","","","354"
1990-91,"Hall of Famers","","","","355"
1990-91,"Hall of Famers","","","","356"
1990-91,"Hall of Famers","","","","357"
1990-91,"Hall of Famers","","","","360"
1990-91,"Hall of Famers","","","","361"
1990-91,"Hall of Famers","","","","362"
1990-91,"Hall of Famers","","","","363"
1990-91,"Hall of Famers","","","","364"
1990-91,"Hall of Famers","","","","366"
1990-91,"Hall of Famers","","","","368"
1990-91,"Hall of Famers","","","","369"
1990-91,"Hall of Famers","","","","398"
1990-91,"Hall of Famers","","","","421"
1990-91,"Hall of Famers","","","","439"
1990-91,"Hall of Famers","","","","440"
1990-91,"Rookies","Baseball
        Basketball
        Boxing
        Cricket
        Football
        Gaming
        Golf
        Hockey
        Misc Sports
        MMA
        Multi-Sport
        Non-Sport
        Racing
        Soccer
        Tennis
        Wrestling","","",""
1990-91,"Rookies","","","11","Doug Houda RC"
1990-91,"Rookies","","","28","Everett Sanipass RC"
1990-91,"Rookies","","","43","Alexander Mogilny RC"
1990-91,"Rookies","","","51","Don Sweeney RC"
1990-91,"Rookies","","","53","Kevin Stevens RC"
1990-91,"Rookies","","","54","Bryan Fogarty RC"
1990-91,"Rookies","","","62","Viacheslav Fetisov RC"
1990-91,"Rookies","","","67","Mike Lalor RC"
1990-91,"Rookies","","","71","Sergei Makarov RC"
1990-91,"Rookies","","","74","Mike Richter RC"
1990-91,"Rookies","","","87","Tim Cheveldae RC"
1990-91,"Rookies","","","92","Curtis Leschyshyn RC"
1990-91,"Rookies","","","99","Brad Shaw RC"
1990-91,"Rookies","","","101","Rick Zombo RC"
1990-91,"Rookies","","","102","Mark Fitzpatrick RC"
1990-91,"Rookies","","","107","Vincent Riendeau RC"
1990-91,"Rookies","","","112","Bob Essensa RC"
1990-91,"Rookies","","","117","Gord Murphy RC"
1990-91,"Rookies","","","120","Mike Modano RC"
1990-91,"Rookies","","","123","Igor Larionov RC"
1990-91,"Rookies","","","127","Mathieu Schneider RC"
1990-91,"Rookies","","","131","Rod Brind'Amour RC"
1990-91,"Rookies","","","132","Jyrki Lumme RC"
1990-91,"Rookies","","","138","Jeff Chychrun RC"
1990-91,"Rookies","","","151","Curtis Joseph RC"
1990-91,"Rookies","","","163","Adam Graves RC"
1990-91,"Rookies","","","167","Craig Wolanin RC"
1990-91,"Rookies","","","176","Teppo Numminen RC"
1990-91,"Rookies","","","179","Jeremy Roenick RC"
1990-91,"Rookies","","","186","Mark Recchi RC"
1990-91,"Rookies","","","201","Joey Kocur RC"
1990-91,"Rookies","","","207","Claude Loiselle RC"
1990-91,"Rookies","","","209","Alexei Kasatonov RC"
1990-91,"Rookies","","","222","Hubie McDonough RC"
1990-91,"Rookies","","","224","Sergio Momesso RC"
1990-91,"Rookies","","","233","Grant Ledyard RC"
1990-91,"Rookies","","","237","Todd Krygier RC"
1990-91,"Rookies","","","239","Chris Terreri RC"
1990-91,"Rookies","","","241","Darren Turcotte RC"
1990-91,"Rookies","","","246","John Druce RC"
1990-91,"Rookies","","","248","Paul Ranheim RC"
1990-91,"Rookies","","","253","Garry Galley RC"
1990-91,"Rookies","","","262","Stephan Lebeau RC"
1990-91,"Rookies","","","265","Ken Baumgartner RC"
1990-91,"Rookies","","","266","Lou Franceschetti RC"
1990-91,"Rookies","","","268","Michal Pivonka RC"
1990-91,"Rookies","","","273","Vladimir Krutov RC"
1990-91,"Rookies","","","282","Stephane Beauregard RC"
1990-91,"Rookies","","","283","John Carter RC"
1990-91,"Rookies","","","284","Don Barber RC"
1990-91,"Rookies","","","288","Troy Mallette RC"
1990-91,"Rookies","","","293","Joe Murphy RC"
1990-91,"Rookies","","","294","Glenn Healy RC"
1990-91,"Rookies","","","297","Todd Elik RC"
1990-91,"Rookies","","","298","Wendell Young RC"
1990-91,"Rookies","","","299","Dean Kennedy RC"
1990-91,"Rookies","","","302","Yvon Corriveau RC"
1990-91,"Rookies","","","304","Mark Tinordi RC"
1990-91,"Rookies","","","305","Bob Kudelski RC"
1990-91,"Rookies","","","310","David Maley RC"
1990-91,"Rookies","","","330","Kip Miller AW, RC, ERR"
1990-91,"Rookies","","","330","Kip Miller AW, RC, COR"
1990-91,"Rookies","","","370","Adam Burt RC"
1990-91,"Rookies","","","371","Troy Loney RC"
1990-91,"Rookies","","","372","Dave Chyzowski RC"
1990-91,"Rookies","","","373","Geoff Smith RC"
1990-91,"Rookies","","","377","Daniel Shank RC"
1990-91,"Rookies","","","379","Perry Berezan RC"
1990-91,"Rookies","","","381","Stephane Matteau PROS, RC"
1990-91,"Rookies","","","382","Mario Thyer PROS, RC"
1990-91,"Rookies","","","383","Nelson Emerson PROS, RC"
1990-91,"Rookies","","","384","Kory Kocur PROS, RC"
1990-91,"Rookies","","","385","Bob Beers PROS, RC"
1990-91,"Rookies","","","386","Jim Hrivnak PROS, RC"
1990-91,"Rookies","","","387","Mark Pederson PROS, RC"
1990-91,"Rookies","","","388","Jeff Hackett PROS, RC"
1990-91,"Rookies","","","389","Eric Weinrich PROS, RC"
1990-91,"Rookies","","","390","Steven Rice PROS, RC"
1990-91,"Rookies","","","391","Stu Barnes PROS, RC"
1990-91,"Rookies","","","392","Olaf Kolzig PROS, RC, UER"
1990-91,"Rookies","","","393","Francois Leroux PROS, RC"
1990-91,"Rookies","","","394","Adrien Plavsic PROS, RC"
1990-91,"Rookies","","","395","Michel Mongeau PROS, RC"
1990-91,"Rookies","","","396","Rick Corriveau PROS, RC"
1990-91,"Rookies","","","397","Wayne Doucet PROS, RC"
1990-91,"Rookies","","","398","Mats Sundin PROS, RC"
1990-91,"Rookies","","","399","Murray Baron PROS, RC"
1990-91,"Rookies","","","400","Rick Bennett PROS, RC"
1990-91,"Rookies","","","401","Jon Morris PROS, RC"
1990-91,"Rookies","","","402","Kay Whitmore PROS, RC"
1990-91,"Rookies","","","403","Peter Lappin PROS, RC"
1990-91,"Rookies","","","404","Kris Draper PROS, RC"
1990-91,"Rookies","","","405","Shayne Stevenson PROS, RC"
1990-91,"Rookies","","","406","Paul Ysebaert PROS, RC"
1990-91,"Rookies","","","407","Jimmy Waite PROS, RC"
1990-91,"Rookies","","","408","Cam Russell PROS, RC"
1990-91,"Rookies","","","409","Kim Issel PROS, RC"
1990-91,"Rookies","","","410","Darrin Shannon PROS, RC"
1990-91,"Rookies","","","411","Link Gaetz PROS, RC"
1990-91,"Rookies","","","412","Craig Fisher PROS, RC"
1990-91,"Comments","Baseball
        Basketball
        Boxing
        Cricket
        Football
        Gaming
        Golf
        Hockey
        Misc Sports
        MMA
        Multi-Sport
        Non-Sport
        Racing
        Soccer
        Tennis
        Wrestling","","",""
1990-91,"Comments","Oct 8, 2020 - 2:34PM
reakins	

The same photos but different card numbers were used for the 1990-91 Score Hottest/Rising Stars set.","Oct 8, 2020 - 2:34PM
reakins","",""
1990-91,"Comments","Apr 8, 2020 - 1:06PM
Doomprince	

I have found a #100 Brett Hull error card as the card should be #100 Mark Messier. Ive never seen this error before in this set.

Its from the American version of the set. Havent checked the Canadian version to see if I have one there as well.","Apr 8, 2020 - 1:06PM
Doomprince","",""
1990-91,"Comments","Dec 20, 2019 - 6:33PM
althib	

Blue Score logo on front: American Edition.
Red Score logo on front: Canadian Edition.","Dec 20, 2019 - 6:33PM
althib","",""
1990-91,"Comments","Feb 27, 2018 - 5:07AM
JohnnyGoode	

I have #17 dirk graham, as well as #17 Sean Burke, both hAve American and Canadian flags crossed over at bottom. What's the deal?","Feb 27, 2018 - 5:07AM
JohnnyGoode","",""
1990-91,"Comments","May 12, 2013 - 1:56PM
rds332000	

The 407b is not correct, it's the error version(407a).","May 12, 2013 - 1:56PM
rds332000","",""
1990-91,"Packaging","Baseball
        Basketball
        Boxing
        Cricket
        Football
        Gaming
        Golf
        Hockey
        Misc Sports
        MMA
        Multi-Sport
        Non-Sport
        Racing
        Soccer
        Tennis
        Wrestling","","",""
1990-91,"Pricing","Baseball
        Basketball
        Boxing
        Cricket
        Football
        Gaming
        Golf
        Hockey
        Misc Sports
        MMA
        Multi-Sport
        Non-Sport
        Racing
        Soccer
        Tennis
        Wrestling","","",""
1990-91,"Pricing","1","","Wayne Gretzky",""
1990-91,"Pricing","2","","Mario Lemieux",""
1990-91,"Pricing","3","","Steve Yzerman",""
1990-91,"Pricing","4","","Cam Neely",""
1990-91,"Pricing","5","","Al MacInnis",""
1990-91,"Pricing","6","","Paul Coffey",""
1990-91,"Pricing","7","","Brian Bellows",""
1990-91,"Pricing","8","","Joe Sakic",""
1990-91,"Pricing","9","","Bernie Nicholls",""
1990-91,"Pricing","10","","Patrick Roy",""
1990-91,"Pricing","11","","Doug Houda RC",""
1990-91,"Pricing","12","","David Volek",""
1990-91,"Pricing","13","","Esa Tikkanen",""
1990-91,"Pricing","14","","Thomas Steen",""
1990-91,"Pricing","15","","Chris Chelios",""
1990-91,"Pricing","16","","Bob Carpenter",""
1990-91,"Pricing","17","","Dirk Graham",""
1990-91,"Pricing","18","","Garth Butcher",""
1990-91,"Pricing","19","","Patrik Sundstrom",""
1990-91,"Pricing","20","","Rod Langway",""
1990-91,"Pricing","21","","Scott Young",""
1990-91,"Pricing","22","","Ulf Dahlen",""
1990-91,"Pricing","23","","Mike Ramsey",""
1990-91,"Pricing","24","","Peter Zezel",""
1990-91,"Pricing","25","","Ron Hextall",""
1990-91,"Pricing","26","","Steve Duchesne",""
1990-91,"Pricing","27","","Allan Bester",""
1990-91,"Pricing","28","","Everett Sanipass RC",""
1990-91,"Pricing","29","","Steve Konroyd",""
1990-91,"Pricing","30","","Joe Nieuwendyk",""
1990-91,"Pricing","31","","Brent Ashton",""
1990-91,"Pricing","32","","Trevor Linden",""
1990-91,"Pricing","33","","Mike Ridley",""
1990-91,"Pricing","34","","Sean Burke",""
1990-91,"Pricing","35","","Pat Verbeek",""
1990-91,"Pricing","36","","Rob Ramage",""
1990-91,"Pricing","37","","Kelly Kisio",""
1990-91,"Pricing","38","","Craig Muni ERR",""
1990-91,"Pricing","38","","Craig Muni COR",""
1990-91,"Pricing","39","","Brent Sutter",""
1990-91,"Pricing","40","","Gary Leeman",""
1990-91,"Pricing","41","","Jeff Brown",""
1990-91,"Pricing","42","","Greg Millen",""
1990-91,"Pricing","43","","Alexander Mogilny RC",""
1990-91,"Pricing","44","","Dale Hunter",""
1990-91,"Pricing","45","","Randy Moller",""
1990-91,"Pricing","46","","Peter Sidorkiewicz",""
1990-91,"Pricing","47","","Terry Carkner",""
1990-91,"Pricing","48","","Tony Granato",""
1990-91,"Pricing","49","","Shawn Burr",""
1990-91,"Pricing","50","","Dale Hawerchuk",""
1990-91,"Pricing","51","","Don Sweeney RC",""
1990-91,"Pricing","52","","Mike Vernon",""
1990-91,"Pricing","53","","Kevin Stevens RC",""
1990-91,"Pricing","54","","Bryan Fogarty RC",""
1990-91,"Pricing","55","","Dan Quinn",""
1990-91,"Pricing","56","","Murray Craven",""
1990-91,"Pricing","57","","Shawn Chambers",""
1990-91,"Pricing","58","","Craig Simpson",""
1990-91,"Pricing","59","","Doug Crossman",""
1990-91,"Pricing","60","","Daren Puppa",""
1990-91,"Pricing","61","","Bobby Smith",""
1990-91,"Pricing","62","","Viacheslav Fetisov RC",""
1990-91,"Pricing","63","","Gino Cavallini",""
1990-91,"Pricing","64","","Jimmy Carson",""
1990-91,"Pricing","65","","Dave Ellett",""
1990-91,"Pricing","66","","Steve Thomas",""
1990-91,"Pricing","67","","Mike Lalor RC",""
1990-91,"Pricing","68","","Mike Liut",""
1990-91,"Pricing","69","","Tom Laidlaw",""
1990-91,"Pricing","70","","Ron Francis",""
1990-91,"Pricing","71","","Sergei Makarov RC",""
1990-91,"Pricing","72","","Randy Burridge",""
1990-91,"Pricing","73","","Doug Lidster",""
1990-91,"Pricing","74","","Mike Richter RC",""
1990-91,"Pricing","75","","Stephane Richer",""
1990-91,"Pricing","76","","Randy Hillier",""
1990-91,"Pricing","77","","Christian Ruuttu",""
1990-91,"Pricing","78","","Marc Fortier",""
1990-91,"Pricing","79","","Bill Ranford",""
1990-91,"Pricing","80","","Rick Tocchet",""
1990-91,"Pricing","81","","Fredrik Olausson",""
1990-91,"Pricing","82","","Adam Creighton",""
1990-91,"Pricing","83","","Sylvain Cote",""
1990-91,"Pricing","84","","Brian Mullen",""
1990-91,"Pricing","85","","Adam Oates",""
1990-91,"Pricing","86","","Gary Nylund",""
1990-91,"Pricing","87","","Tim Cheveldae RC",""
1990-91,"Pricing","88","","Gary Suter",""
1990-91,"Pricing","89","","John Tonelli",""
1990-91,"Pricing","90","","Kevin Hatcher",""
1990-91,"Pricing","91","","Guy Carbonneau",""
1990-91,"Pricing","92","","Curtis Leschyshyn RC",""
1990-91,"Pricing","93","","Kirk McLean",""
1990-91,"Pricing","94","","Curt Giles",""
1990-91,"Pricing","95","","Vincent Damphousse",""
1990-91,"Pricing","96","","Peter Stastny",""
1990-91,"Pricing","97","","Glen Wesley",""
1990-91,"Pricing","98","","David Shaw",""
1990-91,"Pricing","99","","Brad Shaw RC",""
1990-91,"Sell Sheets / Ads","Baseball
        Basketball
        Boxing
        Cricket
        Football
        Gaming
        Golf
        Hockey
        Misc Sports
        MMA
        Multi-Sport
        Non-Sport
        Racing
        Soccer
        Tennis
        Wrestling","","",""
1990-91,"Trivia","Baseball
        Basketball
        Boxing
        Cricket
        Football
        Gaming
        Golf
        Hockey
        Misc Sports
        MMA
        Multi-Sport
        Non-Sport
        Racing
        Soccer
        Tennis
        Wrestling","","",""
1990-91,"Videos","Baseball
        Basketball
        Boxing
        Cricket
        Football
        Gaming
        Golf
        Hockey
        Misc Sports
        MMA
        Multi-Sport
        Non-Sport
        Racing
        Soccer
        Tennis
        Wrestling","","",""
1990-91,"Videos","Posted by: bunkle
Jun 9, 2023 - 11:59PM","Posted by: bunkle
Jun 9, 2023 - 11:59PM","",""
1990-91,"External Links","Baseball
        Basketball
        Boxing
        Cricket
        Football
        Gaming
        Golf
        Hockey
        Misc Sports
        MMA
        Multi-Sport
        Non-Sport
        Racing
        Soccer
        Tennis
        Wrestling","","",""
1990-91,"Contributors","Baseball
        Basketball
        Boxing
        Cricket
        Football
        Gaming
        Golf
        Hockey
        Misc Sports
        MMA
        Multi-Sport
        Non-Sport
        Racing
        Soccer
        Tennis
        Wrestling","","",""
1990-91,"Contributors","Member	Total
1.	oldcollector	711
2.	Gunny	88
3.	gb24	40
4.	Chandler	8
5.	Jordan123235	8
6.	NJDevils	8
7.	Quintessence	4
8.	dobbie	4
9.	wmcduff	4
10.	AVAYA	2
11.	jrl7575	2
12.	rds332000	2
13.	rosconiner1	2
14.	Dixxy	1
15.	Tylergallo	1
16.	grim25	1
17.	reakins	1
18.	wjhipwell	1","","Member","Total"
1990-91,"Contributors","","Member","Total",""
1990-91,"Contributors","1.","oldcollector","711",""
1990-91,"Contributors","2.","Gunny","88",""
1990-91,"Contributors","3.","gb24","40",""
1990-91,"Contributors","4.","Chandler","8",""
1990-91,"Contributors","5.","Jordan123235","8",""
1990-91,"Contributors","6.","NJDevils","8",""
1990-91,"Contributors","7.","Quintessence","4",""
1990-91,"Contributors","8.","dobbie","4",""
1990-91,"Contributors","9.","wmcduff","4",""
1990-91,"Contributors","10.","AVAYA","2",""
1990-91,"Contributors","11.","jrl7575","2",""
1990-91,"Contributors","12.","rds332000","2",""
1990-91,"Contributors","13.","rosconiner1","2",""
1990-91,"Contributors","14.","Dixxy","1",""
1990-91,"Contributors","15.","Tylergallo","1",""
1990-91,"Contributors","16.","grim25","1",""
1990-91,"Contributors","17.","reakins","1",""
1990-91,"Contributors","18.","wjhipwell","1",""
1990-91,"Contributors","Member	Total
1.	Doomprince	1
2.	JohnnyGoode	1
3.	althib	1
4.	rds332000	1
5.	reakins	1","","Member","Total"
1990-91,"Contributors","","Member","Total",""
1990-91,"Contributors","1.","Doomprince","1",""
1990-91,"Contributors","2.","JohnnyGoode","1",""
1990-91,"Contributors","3.","althib","1",""
1990-91,"Contributors","4.","rds332000","1",""
1990-91,"Contributors","5.","reakins","1",""
1990-91,"Contributors","Member	Total
1.	87Pack	5
2.	dobbie	4
3.	Billy Kingsley	3
4.	DaClyde	2
5.	reakins	2
6.	PMB	1
7.	wjhipwell	1","","Member","Total"
1990-91,"Contributors","","Member","Total",""
1990-91,"Contributors","1.","87Pack","5",""
1990-91,"Contributors","2.","dobbie","4",""
1990-91,"Contributors","3.","Billy Kingsley","3",""
1990-91,"Contributors","4.","DaClyde","2",""
1990-91,"Contributors","5.","reakins","2",""
1990-91,"Contributors","6.","PMB","1",""
1990-91,"Contributors","7.","wjhipwell","1",""
1990-91,"Contributors","Member	Total
1.	Stevie Jay	10
2.	dollar guy	2
3.	Bs Cards	1
4.	Jarde	1
5.	althib	1
6.	richardson	1","","Member","Total"
1990-91,"Contributors","","Member","Total",""
1990-91,"Contributors","1.","Stevie Jay","10",""
1990-91,"Contributors","2.","dollar guy","2",""
1990-91,"Contributors","3.","Bs Cards","1",""
1990-91,"Contributors","4.","Jarde","1",""
1990-91,"Contributors","5.","althib","1",""
1990-91,"Contributors","6.","richardson","1",""
1990-91,"Contributors","Member	Total
1.	bunkle	1","","Member","Total"
1990-91,"Contributors","","Member","Total",""
1990-91,"Contributors","1.","bunkle","1",""
1990-91,"Contributors","Member	Total
1.	jimmyjam	1
2.	wjhipwell	1","","Member","Total"
1990-91,"Contributors","","Member","Total",""
1990-91,"Contributors","1.","jimmyjam","1",""
1990-91,"Contributors","2.","wjhipwell","1",""
1990-91,"Glossary","Baseball
        Basketball
        Boxing
        Cricket
        Football
        Gaming
        Golf
        Hockey
        Misc Sports
        MMA
        Multi-Sport
        Non-Sport
        Racing
        Soccer
        Tennis
        Wrestling","","",""
1990-91,"Eric Lindros Bonus","Baseball
        Basketball
        Boxing
        Cricket
        Football
        Gaming
        Golf
        Hockey
        Misc Sports
        MMA
        Multi-Sport
        Non-Sport
        Racing
        Soccer
        Tennis
        Wrestling","","",""
1990-91,"Eric Lindros Bonus","","","",""
1990-91,"Eric Lindros Bonus","","","",""
1990-91,"Eric Lindros Bonus","","","",""
1990-91,"Eric Lindros Bonus","","","",""
1990-91,"Eric Lindros Bonus","","","",""
1990-91,"Promos","Baseball
        Basketball
        Boxing
        Cricket
        Football
        Gaming
        Golf
        Hockey
        Misc Sports
        MMA
        Multi-Sport
        Non-Sport
        Racing
        Soccer
        Tennis
        Wrestling","","",""
1990-91,"Promos","","","",""
1990-91,"Promos","","","",""
1990-91,"Promos","","","",""
1990-91,"Promos","","","",""
1990-91,"Base Set","Baseball
        Basketball
        Boxing
        Cricket
        Football
        Gaming
        Golf
        Hockey
        Misc Sports
        MMA
        Multi-Sport
        Non-Sport
        Racing
        Soccer
        Tennis
        Wrestling","","",""
1990-91,"Base Set","","","",""
1990-91,"Base Set","","","",""
1990-91,"Base Set","","","",""
1990-91,"Base Set","","","",""
1990-91,"Base Set","","","",""
1990-91,"Base Set","","","",""
1990-91,"Base Set","","","",""
1990-91,"Base Set","","","",""
1990-91,"Base Set","","","",""
1990-91,"Base Set","","","",""
1990-91,"Base Set","","","",""
1990-91,"Base Set","","","",""
1990-91,"Base Set","","","",""
1990-91,"Base Set","","","",""
1990-91,"Base Set","","","",""
1990-91,"Base Set","","","",""
1990-91,"Base Set","","","",""
1990-91,"Base Set","","","",""
1990-91,"Base Set","","","",""
1990-91,"Base Set","","","",""
1990-91,"Base Set","","","",""
1990-91,"Base Set","","","",""
1990-91,"Base Set","","","",""
1990-91,"Base Set","","","",""
1990-91,"Base Set","","","",""
1990-91,"Base Set","","","",""
1990-91,"Base Set","","","",""
1990-91,"Base Set","","","",""
1990-91,"Base Set","","","",""
1990-91,"Base Set","","","",""
1990-91,"Base Set","","","",""
1990-91,"Base Set","","","",""
1990-91,"Base Set","","","",""
1990-91,"Base Set","","","",""
1990-91,"Base Set","","","",""
1990-91,"Base Set","","","",""
1990-91,"Base Set","","","",""
1990-91,"Base Set","","","",""
1990-91,"Base Set","","","",""
1990-91,"Base Set","","","",""
1990-91,"Base Set","","","",""
1990-91,"Base Set","","","",""
1990-91,"Base Set","","","",""
1990-91,"Base Set","","","",""
1990-91,"Base Set","","","",""
1990-91,"Base Set","","","",""
1990-91,"Base Set","","","",""
1990-91,"Base Set","","","",""
1990-91,"Base Set","","","",""
1990-91,"Base Set","","","",""
1990-91,"Base Set","","","",""
1990-91,"Base Set","","","",""
1990-91,"Base Set","","","",""
1990-91,"Base Set","","","",""
1990-91,"Base Set","","","",""
1990-91,"Base Set","","","",""
1990-91,"Base Set","","","",""
1990-91,"Base Set","","","",""
1990-91,"Base Set","","","",""
1990-91,"Base Set","","","",""
1990-91,"Base Set","","","",""
1990-91,"Base Set","","","",""
1990-91,"Base Set","","","",""
1990-91,"Base Set","","","",""
1990-91,"Base Set","","","",""
1990-91,"Base Set","","","",""
1990-91,"Base Set","","","",""
1990-91,"Base Set","","","",""
1990-91,"Base Set","","","",""
1990-91,"Base Set","","","",""
1990-91,"Base Set","","","",""
1990-91,"Base Set","","","",""
1990-91,"Base Set","","","",""
1990-91,"Base Set","","","",""
1990-91,"Base Set","","","",""
1990-91,"Base Set","","","",""
1990-91,"Base Set","","","",""
1990-91,"Base Set","","","",""
1990-91,"Base Set","","","",""
1990-91,"Base Set","","","",""
1990-91,"Base Set","","","",""
1990-91,"Base Set","","","",""
1990-91,"Base Set","","","",""
1990-91,"Base Set","","","",""
1990-91,"Base Set","","","",""
1990-91,"Base Set","","","",""
1990-91,"Base Set","","","",""
1990-91,"Base Set","","","",""
1990-91,"Base Set","","","",""
1990-91,"Base Set","","","",""
1990-91,"Base Set","","","",""
1990-91,"Base Set","","","",""
1990-91,"Base Set","","","",""
1990-91,"Base Set","","","",""
1990-91,"Base Set","","","",""
1990-91,"Base Set","","","",""
1990-91,"Base Set","","","",""
1990-91,"Base Set","","","",""
1990-91,"Base Set","","","",""
1990-91,"Base Set","","","",""
1990-91,"Overview","Baseball
        Basketball
        Boxing
        Cricket
        Football
        Gaming
        Golf
        Hockey
        Misc Sports
        MMA
        Multi-Sport
        Non-Sport
        Racing
        Soccer
        Tennis
        Wrestling","","",""
1990-91,"Overview","","","",""
1990-91,"Overview","","","",""
1990-91,"Overview","","","",""
1990-91,"Overview","","","",""
1990-91,"Overview","","","",""
1990-91,"Overview","","","",""
1990-91,"Overview","","","",""
1990-91,"Overview","","","",""
1990-91,"Overview","","","",""
1990-91,"Overview","","","",""
1990-91,"Overview","","","",""
1990-91,"Overview","","","",""
1990-91,"Overview","","","",""
1990-91,"Overview","","","",""
1990-91,"Overview","","","",""
1990-91,"Overview","","","",""
1990-91,"Overview","","","",""
1990-91,"Overview","","","",""
1990-91,"Overview","","","",""
1990-91,"Overview","","","",""
1990-91,"Overview","","","",""
1990-91,"Overview","","","",""
1990-91,"Overview","","","",""
1990-91,"Overview","","","",""
1990-91,"Overview","","","",""
1990-91,"Overview","","","",""
1990-91,"Overview","","","",""
1990-91,"Overview","","","",""
1990-91,"Overview","","","",""
1990-91,"Overview","","","",""
1990-91,"Overview","","","",""
1990-91,"Overview","","","",""
1990-91,"Overview","","","",""
1990-91,"Overview","","","",""
1990-91,"Overview","","","",""
1990-91,"Overview","","","",""
1990-91,"Overview","","","",""
1990-91,"Overview","","","",""
1990-91,"Overview","","","",""
1990-91,"Overview","","","",""
1990-91,"Overview","","","",""
1990-91,"Overview","","","",""
1990-91,"Overview","","","",""
1990-91,"Overview","","","",""
1990-91,"Overview","","","",""
1990-91,"Overview","","","",""
1990-91,"Overview","","","",""
1990-91,"Overview","","","",""
1990-91,"Overview","","","",""
1990-91,"Overview","","","",""
1990-91,"Overview","","","",""
1990-91,"Overview","","","",""
1990-91,"Overview","","","",""
1990-91,"Overview","","","",""
1990-91,"Overview","","","",""
1990-91,"Overview","","","",""
1990-91,"Overview","","","",""
1990-91,"Overview","","","",""
1990-91,"Overview","","","",""
1990-91,"Overview","","","",""
1990-91,"Overview","","","",""
1990-91,"Overview","","","",""
1990-91,"Overview","","","",""
1990-91,"Overview","","","",""
1990-91,"Overview","","","",""
1990-91,"Overview","","","",""
1990-91,"Overview","","","",""
1990-91,"Overview","","","",""
1990-91,"Overview","","","",""
1990-91,"Overview","","","",""
1990-91,"Overview","","","",""
1990-91,"Overview","","","",""
1990-91,"Overview","","","",""
1990-91,"Overview","","","",""
1990-91,"Overview","","","",""
1990-91,"Overview","","","",""
1990-91,"Overview","","","",""
1990-91,"Overview","","","",""
1990-91,"Overview","","","",""
1990-91,"Overview","","","",""
1990-91,"Overview","","","",""
1990-91,"Overview","","","",""
1990-91,"Overview","","","",""
1990-91,"Overview","","","",""
1990-91,"Overview","","","",""
1990-91,"Overview","","","",""
1990-91,"Overview","","","",""
1990-91,"Overview","","","",""
1990-91,"Overview","","","",""
1990-91,"Overview","","","",""
1990-91,"Overview","","","",""
1990-91,"Overview","","","",""
1990-91,"Overview","","","",""
1990-91,"Overview","","","",""
1990-91,"Overview","","","",""
1990-91,"Overview","","","",""
1990-91,"Overview","","","",""
1990-91,"Overview","","","",""
1990-91,"Overview","","","",""
1990-91,"Overview","","","",""
1990-91,"Rate this set...","Baseball
        Basketball
        Boxing
        Cricket
        Football
        Gaming
        Golf
        Hockey
        Misc Sports
        MMA
        Multi-Sport
        Non-Sport
        Racing
        Soccer
        Tennis
        Wrestling","","",""
1990-91,"Checklist","Baseball
        Basketball
        Boxing
        Cricket
        Football
        Gaming
        Golf
        Hockey
        Misc Sports
        MMA
        Multi-Sport
        Non-Sport
        Racing
        Soccer
        Tennis
        Wrestling","","",""
1990-91,"Checklist","","","",""
1990-91,"Checklist","","","",""
1990-91,"Checklist","","","",""
1990-91,"Checklist","","","",""
1990-91,"Checklist","","","",""
1990-91,"Checklist","","","",""
1990-91,"Checklist","","","",""
1990-91,"Checklist","","","",""
1990-91,"Checklist","","","",""
1990-91,"Checklist","","","",""
1990-91,"Checklist","","","",""
1990-91,"Checklist","","","",""
1990-91,"Checklist","","","",""
1990-91,"Checklist","","","",""
1990-91,"Checklist","","","",""
1990-91,"Checklist","","","",""
1990-91,"Checklist","","","",""
1990-91,"Checklist","","","",""
1990-91,"Checklist","","","",""
1990-91,"Checklist","","","",""
1990-91,"Checklist","","","",""
1990-91,"Checklist","","","",""
1990-91,"Checklist","","","",""
1990-91,"Checklist","","","",""
1990-91,"Checklist","","","",""
1990-91,"Checklist","","","",""
1990-91,"Checklist","","","",""
1990-91,"Checklist","","","",""
1990-91,"Checklist","","","",""
1990-91,"Checklist","","","",""
1990-91,"Checklist","","","",""
1990-91,"Checklist","","","",""
1990-91,"Checklist","","","",""
1990-91,"Checklist","","","",""
1990-91,"Checklist","","","",""
1990-91,"Checklist","","","",""
1990-91,"Checklist","","","",""
1990-91,"Checklist","","","",""
1990-91,"Checklist","","","",""
1990-91,"Checklist","","","",""
1990-91,"Checklist","","","",""
1990-91,"Checklist","","","",""
1990-91,"Checklist","","","",""
1990-91,"Checklist","","","",""
1990-91,"Checklist","","","",""
1990-91,"Checklist","","","",""
1990-91,"Checklist","","","",""
1990-91,"Checklist","","","",""
1990-91,"Checklist","","","",""
1990-91,"Checklist","","","",""
1990-91,"Checklist","","","",""
1990-91,"Checklist","","","",""
1990-91,"Checklist","","","",""
1990-91,"Checklist","","","",""
1990-91,"Checklist","","","",""
1990-91,"Checklist","","","",""
1990-91,"Checklist","","","",""
1990-91,"Checklist","","","",""
1990-91,"Checklist","","","",""
1990-91,"Checklist","","","",""
1990-91,"Checklist","","","",""
1990-91,"Checklist","","","",""
1990-91,"Checklist","","","",""
1990-91,"Checklist","","","",""
1990-91,"Checklist","","","",""
1990-91,"Checklist","","","",""
1990-91,"Checklist","","","",""
1990-91,"Checklist","","","",""
1990-91,"Checklist","","","",""
1990-91,"Checklist","","","",""
1990-91,"Checklist","","","",""
1990-91,"Checklist","","","",""
1990-91,"Checklist","","","",""
1990-91,"Checklist","","","",""
1990-91,"Checklist","","","",""
1990-91,"Checklist","","","",""
1990-91,"Checklist","","","",""
1990-91,"Checklist","","","",""
1990-91,"Checklist","","","",""
1990-91,"Checklist","","","",""
1990-91,"Checklist","","","",""
1990-91,"Checklist","","","",""
1990-91,"Checklist","","","",""
1990-91,"Checklist","","","",""
1990-91,"Checklist","","","",""
1990-91,"Checklist","","","",""
1990-91,"Checklist","","","",""
1990-91,"Checklist","","","",""
1990-91,"Checklist","","","",""
1990-91,"Checklist","","","",""
1990-91,"Checklist","","","",""
1990-91,"Checklist","","","",""
1990-91,"Checklist","","","",""
1990-91,"Checklist","","","",""
1990-91,"Checklist","","","",""
1990-91,"Checklist","","","",""
1990-91,"Checklist","","","",""
1990-91,"Checklist","","","",""
1990-91,"Checklist","","","",""
1990-91,"Checklist","","","",""
1990-91,"Teams","Baseball
        Basketball
        Boxing
        Cricket
        Football
        Gaming
        Golf
        Hockey
        Misc Sports
        MMA
        Multi-Sport
        Non-Sport
        Racing
        Soccer
        Tennis
        Wrestling","","",""
1990-91,"Errors / Variations","Baseball
        Basketball
        Boxing
        Cricket
        Football
        Gaming
        Golf
        Hockey
        Misc Sports
        MMA
        Multi-Sport
        Non-Sport
        Racing
        Soccer
        Tennis
        Wrestling","","",""
1990-91,"Errors / Variations","","","","31a"
1990-91,"Errors / Variations","","","","31b"
1990-91,"Errors / Variations","","","","38a"
1990-91,"Errors / Variations","","","","38b"
1990-91,"Errors / Variations","","","","231a"
1990-91,"Errors / Variations","","","","231b"
1990-91,"Errors / Variations","","","","259a"
1990-91,"Errors / Variations","","","","259b"
1990-91,"Errors / Variations","","","","407a"
1990-91,"Errors / Variations","","","","407b"
1990-91,"Hall of Famers","Baseball
        Basketball
        Boxing
        Cricket
        Football
        Gaming
        Golf
        Hockey
        Misc Sports
        MMA
        Multi-Sport
        Non-Sport
        Racing
        Soccer
        Tennis
        Wrestling","","",""
1990-91,"Hall of Famers","","","","1"
1990-91,"Hall of Famers","","","","2"
1990-91,"Hall of Famers","","","","3"
1990-91,"Hall of Famers","","","","4"
1990-91,"Hall of Famers","","","","5"
1990-91,"Hall of Famers","","","","6"
1990-91,"Hall of Famers","","","","8"
1990-91,"Hall of Famers","","","","10"
1990-91,"Hall of Famers","","","","15"
1990-91,"Hall of Famers","","","","20"
1990-91,"Hall of Famers","","","","30"
1990-91,"Hall of Famers","","","","43"
1990-91,"Hall of Famers","","","","50"
1990-91,"Hall of Famers","","","","52"
1990-91,"Hall of Famers","","","","62"
1990-91,"Hall of Famers","","","","70"
1990-91,"Hall of Famers","","","","71"
1990-91,"Hall of Famers","","","","85"
1990-91,"Hall of Famers","","","","91"
1990-91,"Hall of Famers","","","","96"
1990-91,"Hall of Famers","","","","100"
1990-91,"Hall of Famers","","","","110"
1990-91,"Hall of Famers","","","","114"
1990-91,"Hall of Famers","","","","120"
1990-91,"Hall of Famers","","","","121"
1990-91,"Hall of Famers","","","","123"
1990-91,"Hall of Famers","","","","125"
1990-91,"Hall of Famers","","","","130"
1990-91,"Hall of Famers","","","","145"
1990-91,"Hall of Famers","","","","146"
1990-91,"Hall of Famers","","","","150"
1990-91,"Hall of Famers","","","","155"
1990-91,"Hall of Famers","","","","158"
1990-91,"Hall of Famers","","","","170"
1990-91,"Hall of Famers","","","","179"
1990-91,"Hall of Famers","","","","186"
1990-91,"Hall of Famers","","","","188"
1990-91,"Hall of Famers","","","","189"
1990-91,"Hall of Famers","","","","200"
1990-91,"Hall of Famers","","","","206"
1990-91,"Hall of Famers","","","","208"
1990-91,"Hall of Famers","","","","220"
1990-91,"Hall of Famers","","","","221"
1990-91,"Hall of Famers","","","","225"
1990-91,"Hall of Famers","","","","230"
1990-91,"Hall of Famers","","","","250"
1990-91,"Hall of Famers","","","","252"
1990-91,"Hall of Famers","","","","260"
1990-91,"Hall of Famers","","","","270"
1990-91,"Hall of Famers","","","","275"
1990-91,"Hall of Famers","","","","280"
1990-91,"Hall of Famers","","","","290"
1990-91,"Hall of Famers","","","","300"
1990-91,"Hall of Famers","","","","312"
1990-91,"Hall of Famers","","","","313"
1990-91,"Hall of Famers","","","","314"
1990-91,"Hall of Famers","","","","315"
1990-91,"Hall of Famers","","","","316"
1990-91,"Hall of Famers","","","","317"
1990-91,"Hall of Famers","","","","319"
1990-91,"Hall of Famers","","","","320"
1990-91,"Hall of Famers","","","","321"
1990-91,"Hall of Famers","","","","323"
1990-91,"Hall of Famers","","","","327"
1990-91,"Hall of Famers","","","","329"
1990-91,"Hall of Famers","","","","332"
1990-91,"Hall of Famers","","","","333"
1990-91,"Hall of Famers","","","","335"
1990-91,"Hall of Famers","","","","336"
1990-91,"Hall of Famers","","","","337"
1990-91,"Hall of Famers","","","","338"
1990-91,"Hall of Famers","","","","339"
1990-91,"Hall of Famers","","","","340"
1990-91,"Hall of Famers","","","","341"
1990-91,"Hall of Famers","","","","344"
1990-91,"Hall of Famers","","","","346"
1990-91,"Hall of Famers","","","","347"
1990-91,"Hall of Famers","","","","348"
1990-91,"Hall of Famers","","","","350"
1990-91,"Hall of Famers","","","","351"
1990-91,"Hall of Famers","","","","352"
1990-91,"Hall of Famers","","","","353"
1990-91,"Hall of Famers","","","","354"
1990-91,"Hall of Famers","","","","355"
1990-91,"Hall of Famers","","","","356"
1990-91,"Hall of Famers","","","","357"
1990-91,"Hall of Famers","","","","360"
1990-91,"Hall of Famers","","","","361"
1990-91,"Hall of Famers","","","","362"
1990-91,"Hall of Famers","","","","363"
1990-91,"Hall of Famers","","","","364"
1990-91,"Hall of Famers","","","","366"
1990-91,"Hall of Famers","","","","368"
1990-91,"Hall of Famers","","","","369"
1990-91,"Hall of Famers","","","","398"
1990-91,"Hall of Famers","","","","421"
1990-91,"Hall of Famers","","","","439"
1990-91,"Hall of Famers","","","","440"
1990-91,"Rookies","Baseball
        Basketball
        Boxing
        Cricket
        Football
        Gaming
        Golf
        Hockey
        Misc Sports
        MMA
        Multi-Sport
        Non-Sport
        Racing
        Soccer
        Tennis
        Wrestling","","",""
1990-91,"Rookies","","","11","Doug Houda RC"
1990-91,"Rookies","","","28","Everett Sanipass RC"
1990-91,"Rookies","","","43","Alexander Mogilny RC"
1990-91,"Rookies","","","51","Don Sweeney RC"
1990-91,"Rookies","","","53","Kevin Stevens RC"
1990-91,"Rookies","","","54","Bryan Fogarty RC"
1990-91,"Rookies","","","62","Viacheslav Fetisov RC"
1990-91,"Rookies","","","67","Mike Lalor RC"
1990-91,"Rookies","","","71","Sergei Makarov RC"
1990-91,"Rookies","","","74","Mike Richter RC"
1990-91,"Rookies","","","87","Tim Cheveldae RC"
1990-91,"Rookies","","","92","Curtis Leschyshyn RC"
1990-91,"Rookies","","","99","Brad Shaw RC"
1990-91,"Rookies","","","101","Rick Zombo RC"
1990-91,"Rookies","","","102","Mark Fitzpatrick RC, UER"
1990-91,"Rookies","","","107","Vincent Riendeau RC"
1990-91,"Rookies","","","112","Bob Essensa RC"
1990-91,"Rookies","","","117","Gord Murphy RC"
1990-91,"Rookies","","","120","Mike Modano RC"
1990-91,"Rookies","","","123","Igor Larionov RC"
1990-91,"Rookies","","","127","Mathieu Schneider RC"
1990-91,"Rookies","","","131","Rod Brind'Amour RC"
1990-91,"Rookies","","","132","Jyrki Lumme RC"
1990-91,"Rookies","","","138","Jeff Chychrun RC"
1990-91,"Rookies","","","151","Curtis Joseph RC"
1990-91,"Rookies","","","163","Adam Graves RC"
1990-91,"Rookies","","","167","Craig Wolanin RC"
1990-91,"Rookies","","","176","Teppo Numminen RC"
1990-91,"Rookies","","","179","Jeremy Roenick RC"
1990-91,"Rookies","","","186","Mark Recchi RC"
1990-91,"Rookies","","","201","Joey Kocur RC"
1990-91,"Rookies","","","207","Claude Loiselle RC"
1990-91,"Rookies","","","209","Alexei Kasatonov RC"
1990-91,"Rookies","","","222","Hubie McDonough RC"
1990-91,"Rookies","","","224","Sergio Momesso RC"
1990-91,"Rookies","","","233","Grant Ledyard RC"
1990-91,"Rookies","","","237","Todd Krygier RC"
1990-91,"Rookies","","","239","Chris Terreri RC"
1990-91,"Rookies","","","241","Darren Turcotte RC"
1990-91,"Rookies","","","246","John Druce RC"
1990-91,"Rookies","","","248","Paul Ranheim RC"
1990-91,"Rookies","","","253","Garry Galley RC"
1990-91,"Rookies","","","262","Stephan Lebeau RC"
1990-91,"Rookies","","","265","Ken Baumgartner RC"
1990-91,"Rookies","","","266","Lou Franceschetti RC"
1990-91,"Rookies","","","268","Michal Pivonka RC"
1990-91,"Rookies","","","273","Vladimir Krutov RC"
1990-91,"Rookies","","","282","Stephane Beauregard RC"
1990-91,"Rookies","","","283","John Carter RC"
1990-91,"Rookies","","","284","Don Barber RC"
1990-91,"Rookies","","","288","Troy Mallette RC"
1990-91,"Rookies","","","293","Joe Murphy RC"
1990-91,"Rookies","","","294","Glenn Healy RC"
1990-91,"Rookies","","","297","Todd Elik RC"
1990-91,"Rookies","","","298","Wendell Young RC"
1990-91,"Rookies","","","299","Dean Kennedy RC"
1990-91,"Rookies","","","301","Martin Gelinas RC"
1990-91,"Rookies","","","307","Sylvain Lefebvre RC"
1990-91,"Rookies","","","308","Mark Lamb RC"
1990-91,"Rookies","","","370","Adam Burt RC"
1990-91,"Rookies","","","371","Troy Loney RC"
1990-91,"Rookies","","","372","Dave Chyzowski RC"
1990-91,"Rookies","","","373","Geoff Smith RC"
1990-91,"Rookies","","","377","Daniel Shank RC"
1990-91,"Rookies","","","379","Perry Berezan RC"
1990-91,"Rookies","","","381","Stephane Matteau PROS, RC"
1990-91,"Rookies","","","382","Mario Thyer PROS, RC"
1990-91,"Rookies","","","383","Nelson Emerson PROS, RC"
1990-91,"Rookies","","","384","Kory Kocur PROS, RC"
1990-91,"Rookies","","","385","Bob Beers PROS, RC"
1990-91,"Rookies","","","386","Jim Hrivnak PROS, RC"
1990-91,"Rookies","","","387","Mark Pederson PROS, RC"
1990-91,"Rookies","","","388","Jeff Hackett PROS, RC"
1990-91,"Rookies","","","389","Eric Weinrich PROS, RC"
1990-91,"Rookies","","","390","Steven Rice PROS, RC"
1990-91,"Rookies","","","391","Stu Barnes PROS, RC"
1990-91,"Rookies","","","392","Olaf Kolzig PROS, RC, UER"
1990-91,"Rookies","","","393","Francois Leroux PROS, RC"
1990-91,"Rookies","","","394","Adrien Plavsic PROS, RC"
1990-91,"Rookies","","","395","Michel Mongeau PROS, RC"
1990-91,"Rookies","","","396","Rick Corriveau PROS, RC"
1990-91,"Rookies","","","397","Wayne Doucet PROS, RC"
1990-91,"Rookies","","","398","Mats Sundin PROS, RC"
1990-91,"Rookies","","","399","Murray Baron PROS, RC"
1990-91,"Rookies","","","400","Rick Bennett PROS, RC"
1990-91,"Rookies","","","401","Jon Morris PROS, RC"
1990-91,"Rookies","","","402","Kay Whitmore PROS, RC"
1990-91,"Rookies","","","403","Peter Lappin PROS, RC"
1990-91,"Rookies","","","404","Kris Draper PROS, RC"
1990-91,"Rookies","","","405","Shayne Stevenson PROS, RC"
1990-91,"Rookies","","","406","Paul Ysebaert PROS, RC"
1990-91,"Rookies","","","407","Jimmy Waite PROS, RC, ERR"
1990-91,"Rookies","","","407","Jimmy Waite PROS, RC, COR"
1990-91,"Rookies","","","408","Cam Russell PROS, RC"
1990-91,"Rookies","","","409","Kim Issel PROS, RC"
1990-91,"Rookies","","","410","Darrin Shannon PROS, RC"
1990-91,"Rookies","","","411","Link Gaetz PROS, RC"
1990-91,"Rookies","","","412","Craig Fisher PROS, RC"
1990-91,"Rookies","","","413","Bruce Hoffort PROS, RC"
1990-91,"Rookies","","","414","Peter Ing PROS, RC"
1990-91,"Comments","Baseball
        Basketball
        Boxing
        Cricket
        Football
        Gaming
        Golf
        Hockey
        Misc Sports
        MMA
        Multi-Sport
        Non-Sport
        Racing
        Soccer
        Tennis
        Wrestling","","",""
1990-91,"Comments","Dec 20, 2019 - 6:34PM
althib	

Red Score logo on front: Canadian Edition.
Blue Score logo on front: American Edition.","Dec 20, 2019 - 6:34PM
althib","",""
1990-91,"Comments","Mar 29, 2015 - 1:10PM
reakins	

Factory Set Eric Lindros B1-B5 inserts are the same in American and Canadian sets. There is no bilingual version.","Mar 29, 2015 - 1:10PM
reakins","",""
1990-91,"Comments","May 12, 2013 - 2:02PM
rds332000	

the 30b doesn't exist because the phrase that in error is only in score american. the 407b is error version(407a)","May 12, 2013 - 2:02PM
rds332000","",""
1990-91,"Packaging","Baseball
        Basketball
        Boxing
        Cricket
        Football
        Gaming
        Golf
        Hockey
        Misc Sports
        MMA
        Multi-Sport
        Non-Sport
        Racing
        Soccer
        Tennis
        Wrestling","","",""
1990-91,"Pricing","Baseball
        Basketball
        Boxing
        Cricket
        Football
        Gaming
        Golf
        Hockey
        Misc Sports
        MMA
        Multi-Sport
        Non-Sport
        Racing
        Soccer
        Tennis
        Wrestling","","",""
1990-91,"Pricing","1","","Wayne Gretzky",""
1990-91,"Pricing","2","","Mario Lemieux",""
1990-91,"Pricing","3","","Steve Yzerman",""
1990-91,"Pricing","4","","Cam Neely",""
1990-91,"Pricing","5","","Al MacInnis",""
1990-91,"Pricing","6","","Paul Coffey",""
1990-91,"Pricing","7","","Brian Bellows",""
1990-91,"Pricing","8","","Joe Sakic",""
1990-91,"Pricing","9","","Bernie Nicholls",""
1990-91,"Pricing","10","","Patrick Roy",""
1990-91,"Pricing","11","","Doug Houda RC",""
1990-91,"Pricing","12","","David Volek",""
1990-91,"Pricing","13","","Esa Tikkanen",""
1990-91,"Pricing","14","","Thomas Steen",""
1990-91,"Pricing","15","","Chris Chelios",""
1990-91,"Pricing","16","","Bob Carpenter",""
1990-91,"Pricing","17","","Dirk Graham",""
1990-91,"Pricing","18","","Garth Butcher",""
1990-91,"Pricing","19","","Patrik Sundstrom",""
1990-91,"Pricing","20","","Rod Langway",""
1990-91,"Pricing","21","","Scott Young",""
1990-91,"Pricing","22","","Ulf Dahlen",""
1990-91,"Pricing","23","","Mike Ramsey",""
1990-91,"Pricing","24","","Peter Zezel",""
1990-91,"Pricing","25","","Ron Hextall",""
1990-91,"Pricing","26","","Steve Duchesne",""
1990-91,"Pricing","27","","Allan Bester",""
1990-91,"Pricing","28","","Everett Sanipass RC",""
1990-91,"Pricing","29","","Steve Konroyd",""
1990-91,"Pricing","30","","Joe Nieuwendyk",""
1990-91,"Pricing","31","","Brent Ashton ERR",""
1990-91,"Pricing","31","","Brent Ashton COR",""
1990-91,"Pricing","32","","Trevor Linden",""
1990-91,"Pricing","33","","Mike Ridley",""
1990-91,"Pricing","34","","Sean Burke",""
1990-91,"Pricing","35","","Pat Verbeek",""
1990-91,"Pricing","36","","Rob Ramage",""
1990-91,"Pricing","37","","Kelly Kisio",""
1990-91,"Pricing","38","","Craig Muni ERR",""
1990-91,"Pricing","38","","Craig Muni COR",""
1990-91,"Pricing","39","","Brent Sutter",""
1990-91,"Pricing","40","","Gary Leeman",""
1990-91,"Pricing","41","","Jeff Brown",""
1990-91,"Pricing","42","","Greg Millen",""
1990-91,"Pricing","43","","Alexander Mogilny RC",""
1990-91,"Pricing","44","","Dale Hunter",""
1990-91,"Pricing","45","","Randy Moller",""
1990-91,"Pricing","46","","Peter Sidorkiewicz UER",""
1990-91,"Pricing","47","","Terry Carkner",""
1990-91,"Pricing","48","","Tony Granato",""
1990-91,"Pricing","49","","Shawn Burr",""
1990-91,"Pricing","50","","Dale Hawerchuk",""
1990-91,"Pricing","51","","Don Sweeney RC",""
1990-91,"Pricing","52","","Mike Vernon",""
1990-91,"Pricing","53","","Kevin Stevens RC",""
1990-91,"Pricing","54","","Bryan Fogarty RC",""
1990-91,"Pricing","55","","Dan Quinn",""
1990-91,"Pricing","56","","Murray Craven",""
1990-91,"Pricing","57","","Shawn Chambers",""
1990-91,"Pricing","58","","Craig Simpson",""
1990-91,"Pricing","59","","Doug Crossman UER",""
1990-91,"Pricing","60","","Daren Puppa",""
1990-91,"Pricing","61","","Bobby Smith",""
1990-91,"Pricing","62","","Viacheslav Fetisov RC",""
1990-91,"Pricing","63","","Gino Cavallini",""
1990-91,"Pricing","64","","Jimmy Carson",""
1990-91,"Pricing","65","","Dave Ellett",""
1990-91,"Pricing","66","","Steve Thomas",""
1990-91,"Pricing","67","","Mike Lalor RC",""
1990-91,"Pricing","68","","Mike Liut",""
1990-91,"Pricing","69","","Tom Laidlaw",""
1990-91,"Pricing","70","","Ron Francis",""
1990-91,"Pricing","71","","Sergei Makarov RC",""
1990-91,"Pricing","72","","Randy Burridge",""
1990-91,"Pricing","73","","Doug Lidster",""
1990-91,"Pricing","74","","Mike Richter RC",""
1990-91,"Pricing","75","","Stephane Richer",""
1990-91,"Pricing","76","","Randy Hillier",""
1990-91,"Pricing","77","","Christian Ruuttu",""
1990-91,"Pricing","78","","Marc Fortier",""
1990-91,"Pricing","79","","Bill Ranford",""
1990-91,"Pricing","80","","Rick Tocchet",""
1990-91,"Pricing","81","","Fredrik Olausson",""
1990-91,"Pricing","82","","Adam Creighton",""
1990-91,"Pricing","83","","Sylvain Cote",""
1990-91,"Pricing","84","","Brian Mullen",""
1990-91,"Pricing","85","","Adam Oates",""
1990-91,"Pricing","86","","Gary Nylund",""
1990-91,"Pricing","87","","Tim Cheveldae RC",""
1990-91,"Pricing","88","","Gary Suter",""
1990-91,"Pricing","89","","John Tonelli",""
1990-91,"Pricing","90","","Kevin Hatcher",""
1990-91,"Pricing","91","","Guy Carbonneau",""
1990-91,"Pricing","92","","Curtis Leschyshyn RC",""
1990-91,"Pricing","93","","Kirk McLean",""
1990-91,"Pricing","94","","Curt Giles",""
1990-91,"Pricing","95","","Vincent Damphousse",""
1990-91,"Pricing","96","","Peter Stastny",""
1990-91,"Pricing","97","","Glen Wesley",""
1990-91,"Pricing","98","","David Shaw",""
1990-91,"Sell Sheets / Ads","Baseball
        Basketball
        Boxing
        Cricket
        Football
        Gaming
        Golf
        Hockey
        Misc Sports
        MMA
        Multi-Sport
        Non-Sport
        Racing
        Soccer
        Tennis
        Wrestling","","",""
1990-91,"Trivia","Baseball
        Basketball
        Boxing
        Cricket
        Football
        Gaming
        Golf
        Hockey
        Misc Sports
        MMA
        Multi-Sport
        Non-Sport
        Racing
        Soccer
        Tennis
        Wrestling","","",""
1990-91,"Videos","Baseball
        Basketball
        Boxing
        Cricket
        Football
        Gaming
        Golf
        Hockey
        Misc Sports
        MMA
        Multi-Sport
        Non-Sport
        Racing
        Soccer
        Tennis
        Wrestling","","",""
1990-91,"External Links","Baseball
        Basketball
        Boxing
        Cricket
        Football
        Gaming
        Golf
        Hockey
        Misc Sports
        MMA
        Multi-Sport
        Non-Sport
        Racing
        Soccer
        Tennis
        Wrestling","","",""
1990-91,"Contributors","Baseball
        Basketball
        Boxing
        Cricket
        Football
        Gaming
        Golf
        Hockey
        Misc Sports
        MMA
        Multi-Sport
        Non-Sport
        Racing
        Soccer
        Tennis
        Wrestling","","",""
1990-91,"Contributors","Member	Total
1.	oldcollector	815
2.	Gunny	44
3.	cynicalbuddha	12
4.	Chandler	8
5.	rds332000	4
6.	C2Cigars	3
7.	Dixxy	2
8.	gb24	2","","Member","Total"
1990-91,"Contributors","","Member","Total",""
1990-91,"Contributors","1.","oldcollector","815",""
1990-91,"Contributors","2.","Gunny","44",""
1990-91,"Contributors","3.","cynicalbuddha","12",""
1990-91,"Contributors","4.","Chandler","8",""
1990-91,"Contributors","5.","rds332000","4",""
1990-91,"Contributors","6.","C2Cigars","3",""
1990-91,"Contributors","7.","Dixxy","2",""
1990-91,"Contributors","8.","gb24","2",""
1990-91,"Contributors","Member	Total
1.	althib	1
2.	rds332000	1
3.	reakins	1","","Member","Total"
1990-91,"Contributors","","Member","Total",""
1990-91,"Contributors","1.","althib","1",""
1990-91,"Contributors","2.","rds332000","1",""
1990-91,"Contributors","3.","reakins","1",""
1990-91,"Contributors","Member	Total
1.	NJDevils	4
2.	biotwister	3
3.	reakins	2
4.	dobbie	1
5.	styxscottii	1","","Member","Total"
1990-91,"Contributors","","Member","Total",""
1990-91,"Contributors","1.","NJDevils","4",""
1990-91,"Contributors","2.","biotwister","3",""
1990-91,"Contributors","3.","reakins","2",""
1990-91,"Contributors","4.","dobbie","1",""
1990-91,"Contributors","5.","styxscottii","1",""
1990-91,"Contributors","Member	Total
1.	dollar guy	2
2.	Jarde	1
3.	althib	1","","Member","Total"
1990-91,"Contributors","","Member","Total",""
1990-91,"Contributors","1.","dollar guy","2",""
1990-91,"Contributors","2.","Jarde","1",""
1990-91,"Contributors","3.","althib","1",""
1990-91,"Contributors","Member	Total
1.	jimmyjam	1
2.	wjhipwell	1","","Member","Total"
1990-91,"Contributors","","Member","Total",""
1990-91,"Contributors","1.","jimmyjam","1",""
1990-91,"Contributors","2.","wjhipwell","1",""
1990-91,"Glossary","Baseball
        Basketball
        Boxing
        Cricket
        Football
        Gaming
        Golf
        Hockey
        Misc Sports
        MMA
        Multi-Sport
        Non-Sport
        Racing
        Soccer
        Tennis
        Wrestling","","",""
1990-91,"Gallery","Baseball
        Basketball
        Boxing
        Cricket
        Football
        Gaming
        Golf
        Hockey
        Misc Sports
        MMA
        Multi-Sport
        Non-Sport
        Racing
        Soccer
        Tennis
        Wrestling","","",""
1990-91,"Card Rankings","Baseball
        Basketball
        Boxing
        Cricket
        Football
        Gaming
        Golf
        Hockey
        Misc Sports
        MMA
        Multi-Sport
        Non-Sport
        Racing
        Soccer
        Tennis
        Wrestling","","",""
1990-91,"Card Rankings","1.","","",""
1990-91,"Card Rankings","2.","","",""
1990-91,"Card Rankings","3.","","",""
1990-91,"Card Rankings","4.","","",""
1990-91,"Card Rankings","5.","","",""
1990-91,"Card Rankings","6.","","",""
1990-91,"Card Rankings","7.","","",""
1990-91,"Card Rankings","8.","","",""
1990-91,"Card Rankings","9.","","",""
1990-91,"Card Rankings","10.","","",""
1990-91,"Card Rankings","11.","","",""
1990-91,"Card Rankings","12.","","",""
1990-91,"Card Rankings","13.","","",""
1990-91,"Card Rankings","14.","","",""
1990-91,"Card Rankings","15.","","",""
1990-91,"Card Rankings","16.","","",""
1990-91,"Card Rankings","17.","","",""
1990-91,"Card Rankings","18.","","",""
1990-91,"Card Rankings","19.","","",""
1990-91,"Card Rankings","20.","","",""
1990-91,"Card Rankings","21.","","",""
1990-91,"Card Rankings","22.","","",""
1990-91,"Card Rankings","23.","","",""
1990-91,"Card Rankings","24.","","",""
1990-91,"Card Rankings","25.","","",""
1990-91,"Card Rankings","26.","","",""
1990-91,"Card Rankings","27.","","",""
1990-91,"Card Rankings","28.","","",""
1990-91,"Card Rankings","29.","","",""
1990-91,"Card Rankings","30.","","",""
1990-91,"Card Rankings","31.","","",""
1990-91,"Card Rankings","32.","","",""
1990-91,"Card Rankings","33.","","",""
1990-91,"Card Rankings","34.","","",""
1990-91,"Card Rankings","35.","","",""
1990-91,"Card Rankings","36.","","",""
1990-91,"Card Rankings","37.","","",""
1990-91,"Card Rankings","38.","","",""
1990-91,"Card Rankings","39.","","",""
1990-91,"Card Rankings","40.","","",""
1990-91,"Card Rankings","41.","","",""
1990-91,"Card Rankings","42.","","",""
1990-91,"Card Rankings","43.","","",""
1990-91,"Card Rankings","44.","","",""
1990-91,"Card Rankings","45.","","",""
1990-91,"Card Rankings","46.","","",""
1990-91,"Card Rankings","47.","","",""
1990-91,"Card Rankings","48.","","",""
1990-91,"Card Rankings","49.","","",""
1990-91,"Card Rankings","50.","","",""
1990-91,"Card Rankings","51.","","",""
1990-91,"Card Rankings","52.","","",""
1990-91,"Card Rankings","53.","","",""
1990-91,"Card Rankings","54.","","",""
1990-91,"Card Rankings","55.","","",""
1990-91,"Card Rankings","56.","","",""
1990-91,"Card Rankings","57.","","",""
1990-91,"Card Rankings","58.","","",""
1990-91,"Card Rankings","59.","","",""
1990-91,"Card Rankings","60.","","",""
1990-91,"Card Rankings","61.","","",""
1990-91,"Card Rankings","62.","","",""
1990-91,"Card Rankings","63.","","",""
1990-91,"Card Rankings","64.","","",""
1990-91,"Card Rankings","65.","","",""
1990-91,"Card Rankings","66.","","",""
1990-91,"Card Rankings","67.","","",""
1990-91,"Card Rankings","68.","","",""
1990-91,"Card Rankings","69.","","",""
1990-91,"Card Rankings","70.","","",""
1990-91,"Card Rankings","71.","","",""
1990-91,"Card Rankings","72.","","",""
1990-91,"Card Rankings","73.","","",""
1990-91,"Card Rankings","74.","","",""
1990-91,"Card Rankings","75.","","",""
1990-91,"Card Rankings","76.","","",""
1990-91,"Card Rankings","77.","","",""
1990-91,"Card Rankings","78.","","",""
1990-91,"Card Rankings","79.","","",""
1990-91,"Card Rankings","80.","","",""
1990-91,"Card Rankings","81.","","",""
1990-91,"Card Rankings","82.","","",""
1990-91,"Card Rankings","83.","","",""
1990-91,"Card Rankings","84.","","",""
1990-91,"Card Rankings","85.","","",""
1990-91,"Card Rankings","86.","","",""
1990-91,"Card Rankings","87.","","",""
1990-91,"Card Rankings","88.","","",""
1990-91,"Card Rankings","89.","","",""
1990-91,"Card Rankings","90.","","",""
1990-91,"Card Rankings","91.","","",""
1990-91,"Card Rankings","92.","","",""
1990-91,"Card Rankings","93.","","",""
1990-91,"Card Rankings","94.","","",""
1990-91,"Card Rankings","95.","","",""
1990-91,"Card Rankings","96.","","",""
1990-91,"Card Rankings","97.","","",""
1990-91,"Card Rankings","98.","","",""
1990-91,"Card Rankings","99.","","",""
1990-91,"Card Rankings","100.","","",""
1990-91,"Collection Summary","Baseball
        Basketball
        Boxing
        Cricket
        Football
        Gaming
        Golf
        Hockey
        Misc Sports
        MMA
        Multi-Sport
        Non-Sport
        Racing
        Soccer
        Tennis
        Wrestling","","",""
1990-91,"Overview","Baseball
        Basketball
        Boxing
        Cricket
        Football
        Gaming
        Golf
        Hockey
        Misc Sports
        MMA
        Multi-Sport
        Non-Sport
        Racing
        Soccer
        Tennis
        Wrestling","","",""
1990-91,"Overview","","","",""
1990-91,"Overview","","","",""
1990-91,"Overview","","","",""
1990-91,"Overview","","","",""
1990-91,"Overview","","","",""
1990-91,"Overview","","","",""
1990-91,"Overview","","","",""
1990-91,"Overview","","","",""
1990-91,"Overview","","","",""
1990-91,"Overview","","","",""
1990-91,"Overview","","","",""
1990-91,"Overview","","","",""
1990-91,"Overview","","","",""
1990-91,"Overview","","","",""
1990-91,"Overview","","","",""
1990-91,"Overview","","","",""
1990-91,"Overview","","","",""
1990-91,"Overview","","","",""
1990-91,"Overview","","","",""
1990-91,"Overview","","","",""
1990-91,"Overview","","","",""
1990-91,"Overview","","","",""
1990-91,"Overview","","","",""
1990-91,"Overview","","","",""
1990-91,"Overview","","","",""
1990-91,"Overview","","","",""
1990-91,"Overview","","","",""
1990-91,"Overview","","","",""
1990-91,"Overview","","","",""
1990-91,"Overview","","","",""
1990-91,"Overview","","","",""
1990-91,"Overview","","","",""
1990-91,"Overview","","","",""
1990-91,"Overview","","","",""
1990-91,"Overview","","","",""
1990-91,"Overview","","","",""
1990-91,"Overview","","","",""
1990-91,"Overview","","","",""
1990-91,"Overview","","","",""
1990-91,"Overview","","","",""
1990-91,"Overview","","","",""
1990-91,"Overview","","","",""
1990-91,"Overview","","","",""
1990-91,"Overview","","","",""
1990-91,"Overview","","","",""
1990-91,"Overview","","","",""
1990-91,"Overview","","","",""
1990-91,"Overview","","","",""
1990-91,"Overview","","","",""
1990-91,"Overview","","","",""
1990-91,"Overview","","","",""
1990-91,"Overview","","","",""
1990-91,"Overview","","","",""
1990-91,"Overview","","","",""
1990-91,"Overview","","","",""
1990-91,"Overview","","","",""
1990-91,"Overview","","","",""
1990-91,"Overview","","","",""
1990-91,"Overview","","","",""
1990-91,"Overview","","","",""
1990-91,"Overview","","","",""
1990-91,"Overview","","","",""
1990-91,"Overview","","","",""
1990-91,"Overview","","","",""
1990-91,"Overview","","","",""
1990-91,"Overview","","","",""
1990-91,"Overview","","","",""
1990-91,"Overview","","","",""
1990-91,"Overview","","","",""
1990-91,"Overview","","","",""
1990-91,"Overview","","","",""
1990-91,"Overview","","","",""
1990-91,"Overview","","","",""
1990-91,"Overview","","","",""
1990-91,"Overview","","","",""
1990-91,"Overview","","","",""
1990-91,"Overview","","","",""
1990-91,"Overview","","","",""
1990-91,"Overview","","","",""
1990-91,"Overview","","","",""
1990-91,"Overview","","","",""
1990-91,"Overview","","","",""
1990-91,"Overview","","","",""
1990-91,"Overview","","","",""
1990-91,"Overview","","","",""
1990-91,"Overview","","","",""
1990-91,"Overview","","","",""
1990-91,"Overview","","","",""
1990-91,"Overview","","","",""
1990-91,"Overview","","","",""
1990-91,"Overview","","","",""
1990-91,"Overview","","","",""
1990-91,"Overview","","","",""
1990-91,"Overview","","","",""
1990-91,"Overview","","","",""
1990-91,"Overview","","","",""
1990-91,"Overview","","","",""
1990-91,"Overview","","","",""
1990-91,"Overview","","","",""
1990-91,"Overview","","","",""
1990-91,"Checklist","Baseball
        Basketball
        Boxing
        Cricket
        Football
        Gaming
        Golf
        Hockey
        Misc Sports
        MMA
        Multi-Sport
        Non-Sport
        Racing
        Soccer
        Tennis
        Wrestling","","",""
1990-91,"Checklist","","","",""
1990-91,"Checklist","","","",""
1990-91,"Checklist","","","",""
1990-91,"Checklist","","","",""
1990-91,"Checklist","","","",""
1990-91,"Checklist","","","",""
1990-91,"Checklist","","","",""
1990-91,"Checklist","","","",""
1990-91,"Checklist","","","",""
1990-91,"Checklist","","","",""
1990-91,"Checklist","","","",""
1990-91,"Checklist","","","",""
1990-91,"Checklist","","","",""
1990-91,"Checklist","","","",""
1990-91,"Checklist","","","",""
1990-91,"Checklist","","","",""
1990-91,"Checklist","","","",""
1990-91,"Checklist","","","",""
1990-91,"Checklist","","","",""
1990-91,"Checklist","","","",""
1990-91,"Checklist","","","",""
1990-91,"Checklist","","","",""
1990-91,"Checklist","","","",""
1990-91,"Checklist","","","",""
1990-91,"Checklist","","","",""
1990-91,"Checklist","","","",""
1990-91,"Checklist","","","",""
1990-91,"Checklist","","","",""
1990-91,"Checklist","","","",""
1990-91,"Checklist","","","",""
1990-91,"Checklist","","","",""
1990-91,"Checklist","","","",""
1990-91,"Checklist","","","",""
1990-91,"Checklist","","","",""
1990-91,"Checklist","","","",""
1990-91,"Checklist","","","",""
1990-91,"Checklist","","","",""
1990-91,"Checklist","","","",""
1990-91,"Checklist","","","",""
1990-91,"Checklist","","","",""
1990-91,"Checklist","","","",""
1990-91,"Checklist","","","",""
1990-91,"Checklist","","","",""
1990-91,"Checklist","","","",""
1990-91,"Checklist","","","",""
1990-91,"Checklist","","","",""
1990-91,"Checklist","","","",""
1990-91,"Checklist","","","",""
1990-91,"Checklist","","","",""
1990-91,"Checklist","","","",""
1990-91,"Checklist","","","",""
1990-91,"Checklist","","","",""
1990-91,"Checklist","","","",""
1990-91,"Checklist","","","",""
1990-91,"Checklist","","","",""
1990-91,"Checklist","","","",""
1990-91,"Checklist","","","",""
1990-91,"Checklist","","","",""
1990-91,"Checklist","","","",""
1990-91,"Checklist","","","",""
1990-91,"Checklist","","","",""
1990-91,"Checklist","","","",""
1990-91,"Checklist","","","",""
1990-91,"Checklist","","","",""
1990-91,"Checklist","","","",""
1990-91,"Checklist","","","",""
1990-91,"Checklist","","","",""
1990-91,"Checklist","","","",""
1990-91,"Checklist","","","",""
1990-91,"Checklist","","","",""
1990-91,"Checklist","","","",""
1990-91,"Checklist","","","",""
1990-91,"Checklist","","","",""
1990-91,"Checklist","","","",""
1990-91,"Checklist","","","",""
1990-91,"Checklist","","","",""
1990-91,"Checklist","","","",""
1990-91,"Checklist","","","",""
1990-91,"Checklist","","","",""
1990-91,"Checklist","","","",""
1990-91,"Checklist","","","",""
1990-91,"Checklist","","","",""
1990-91,"Checklist","","","",""
1990-91,"Checklist","","","",""
1990-91,"Checklist","","","",""
1990-91,"Checklist","","","",""
1990-91,"Checklist","","","",""
1990-91,"Checklist","","","",""
1990-91,"Checklist","","","",""
1990-91,"Checklist","","","",""
1990-91,"Checklist","","","",""
1990-91,"Checklist","","","",""
1990-91,"Checklist","","","",""
1990-91,"Checklist","","","",""
1990-91,"Checklist","","","",""
1990-91,"Checklist","","","",""
1990-91,"Checklist","","","",""
1990-91,"Checklist","","","",""
1990-91,"Checklist","","","",""
1990-91,"Checklist","","","",""
1990-91,"Teams","Baseball
        Basketball
        Boxing
        Cricket
        Football
        Gaming
        Golf
        Hockey
        Misc Sports
        MMA
        Multi-Sport
        Non-Sport
        Racing
        Soccer
        Tennis
        Wrestling","","",""
1990-91,"Errors / Variations","Baseball
        Basketball
        Boxing
        Cricket
        Football
        Gaming
        Golf
        Hockey
        Misc Sports
        MMA
        Multi-Sport
        Non-Sport
        Racing
        Soccer
        Tennis
        Wrestling","","",""
1990-91,"Errors / Variations","","","","31a"
1990-91,"Errors / Variations","","","","31b"
1990-91,"Errors / Variations","","","","38a"
1990-91,"Errors / Variations","","","","38b"
1990-91,"Errors / Variations","","","","231a"
1990-91,"Errors / Variations","","","","231b"
1990-91,"Errors / Variations","","","","259a"
1990-91,"Errors / Variations","","","","259b"
1990-91,"Errors / Variations","","","","407a"
1990-91,"Errors / Variations","","","","407b"
1990-91,"Hall of Famers","Baseball
        Basketball
        Boxing
        Cricket
        Football
        Gaming
        Golf
        Hockey
        Misc Sports
        MMA
        Multi-Sport
        Non-Sport
        Racing
        Soccer
        Tennis
        Wrestling","","",""
1990-91,"Hall of Famers","","","","1"
1990-91,"Hall of Famers","","","","2"
1990-91,"Hall of Famers","","","","3"
1990-91,"Hall of Famers","","","","4"
1990-91,"Hall of Famers","","","","5"
1990-91,"Hall of Famers","","","","6"
1990-91,"Hall of Famers","","","","8"
1990-91,"Hall of Famers","","","","10"
1990-91,"Hall of Famers","","","","15"
1990-91,"Hall of Famers","","","","20"
1990-91,"Hall of Famers","","","","30"
1990-91,"Hall of Famers","","","","43"
1990-91,"Hall of Famers","","","","50"
1990-91,"Hall of Famers","","","","52"
1990-91,"Hall of Famers","","","","62"
1990-91,"Hall of Famers","","","","70"
1990-91,"Hall of Famers","","","","71"
1990-91,"Hall of Famers","","","","85"
1990-91,"Hall of Famers","","","","91"
1990-91,"Hall of Famers","","","","96"
1990-91,"Hall of Famers","","","","100"
1990-91,"Hall of Famers","","","","110"
1990-91,"Hall of Famers","","","","114"
1990-91,"Hall of Famers","","","","120"
1990-91,"Hall of Famers","","","","121"
1990-91,"Hall of Famers","","","","123"
1990-91,"Hall of Famers","","","","125"
1990-91,"Hall of Famers","","","","130"
1990-91,"Hall of Famers","","","","145"
1990-91,"Hall of Famers","","","","146"
1990-91,"Hall of Famers","","","","150"
1990-91,"Hall of Famers","","","","155"
1990-91,"Hall of Famers","","","","158"
1990-91,"Hall of Famers","","","","170"
1990-91,"Hall of Famers","","","","179"
1990-91,"Hall of Famers","","","","186"
1990-91,"Hall of Famers","","","","188"
1990-91,"Hall of Famers","","","","189"
1990-91,"Hall of Famers","","","","200"
1990-91,"Hall of Famers","","","","206"
1990-91,"Hall of Famers","","","","208"
1990-91,"Hall of Famers","","","","220"
1990-91,"Hall of Famers","","","","221"
1990-91,"Hall of Famers","","","","225"
1990-91,"Hall of Famers","","","","230"
1990-91,"Hall of Famers","","","","250"
1990-91,"Hall of Famers","","","","252"
1990-91,"Hall of Famers","","","","260"
1990-91,"Hall of Famers","","","","270"
1990-91,"Hall of Famers","","","","275"
1990-91,"Hall of Famers","","","","280"
1990-91,"Hall of Famers","","","","290"
1990-91,"Hall of Famers","","","","300"
1990-91,"Hall of Famers","","","","312"
1990-91,"Hall of Famers","","","","313"
1990-91,"Hall of Famers","","","","314"
1990-91,"Hall of Famers","","","","315"
1990-91,"Hall of Famers","","","","316"
1990-91,"Hall of Famers","","","","317"
1990-91,"Hall of Famers","","","","319"
1990-91,"Hall of Famers","","","","320"
1990-91,"Hall of Famers","","","","321"
1990-91,"Hall of Famers","","","","323"
1990-91,"Hall of Famers","","","","327"
1990-91,"Hall of Famers","","","","329"
1990-91,"Hall of Famers","","","","332"
1990-91,"Hall of Famers","","","","333"
1990-91,"Hall of Famers","","","","335"
1990-91,"Hall of Famers","","","","336"
1990-91,"Hall of Famers","","","","337"
1990-91,"Hall of Famers","","","","338"
1990-91,"Hall of Famers","","","","339"
1990-91,"Hall of Famers","","","","340"
1990-91,"Hall of Famers","","","","341"
1990-91,"Hall of Famers","","","","344"
1990-91,"Hall of Famers","","","","346"
1990-91,"Hall of Famers","","","","347"
1990-91,"Hall of Famers","","","","348"
1990-91,"Hall of Famers","","","","350"
1990-91,"Hall of Famers","","","","351"
1990-91,"Hall of Famers","","","","352"
1990-91,"Hall of Famers","","","","353"
1990-91,"Hall of Famers","","","","354"
1990-91,"Hall of Famers","","","","355"
1990-91,"Hall of Famers","","","","356"
1990-91,"Hall of Famers","","","","357"
1990-91,"Hall of Famers","","","","360"
1990-91,"Hall of Famers","","","","361"
1990-91,"Hall of Famers","","","","362"
1990-91,"Hall of Famers","","","","363"
1990-91,"Hall of Famers","","","","364"
1990-91,"Hall of Famers","","","","366"
1990-91,"Hall of Famers","","","","368"
1990-91,"Hall of Famers","","","","369"
1990-91,"Hall of Famers","","","","398"
1990-91,"Hall of Famers","","","","421"
1990-91,"Hall of Famers","","","","439"
1990-91,"Hall of Famers","","","","440"
1990-91,"Rookies","Baseball
        Basketball
        Boxing
        Cricket
        Football
        Gaming
        Golf
        Hockey
        Misc Sports
        MMA
        Multi-Sport
        Non-Sport
        Racing
        Soccer
        Tennis
        Wrestling","","",""
1990-91,"Rookies","","","11","Doug Houda RC"
1990-91,"Rookies","","","28","Everett Sanipass RC"
1990-91,"Rookies","","","43","Alexander Mogilny RC"
1990-91,"Rookies","","","51","Don Sweeney RC"
1990-91,"Rookies","","","53","Kevin Stevens RC"
1990-91,"Rookies","","","54","Bryan Fogarty RC"
1990-91,"Rookies","","","62","Viacheslav Fetisov RC"
1990-91,"Rookies","","","67","Mike Lalor RC"
1990-91,"Rookies","","","71","Sergei Makarov RC"
1990-91,"Rookies","","","74","Mike Richter RC"
1990-91,"Rookies","","","87","Tim Cheveldae RC"
1990-91,"Rookies","","","92","Curtis Leschyshyn RC"
1990-91,"Rookies","","","99","Brad Shaw RC"
1990-91,"Rookies","","","101","Rick Zombo RC"
1990-91,"Rookies","","","102","Mark Fitzpatrick RC, UER"
1990-91,"Rookies","","","107","Vincent Riendeau RC"
1990-91,"Rookies","","","112","Bob Essensa RC"
1990-91,"Rookies","","","117","Gord Murphy RC"
1990-91,"Rookies","","","120","Mike Modano RC"
1990-91,"Rookies","","","123","Igor Larionov RC"
1990-91,"Rookies","","","127","Mathieu Schneider RC"
1990-91,"Rookies","","","131","Rod Brind'Amour RC"
1990-91,"Rookies","","","132","Jyrki Lumme RC"
1990-91,"Rookies","","","138","Jeff Chychrun RC"
1990-91,"Rookies","","","151","Curtis Joseph RC"
1990-91,"Rookies","","","163","Adam Graves RC"
1990-91,"Rookies","","","167","Craig Wolanin RC"
1990-91,"Rookies","","","176","Teppo Numminen RC"
1990-91,"Rookies","","","179","Jeremy Roenick RC"
1990-91,"Rookies","","","186","Mark Recchi RC"
1990-91,"Rookies","","","201","Joey Kocur RC"
1990-91,"Rookies","","","207","Claude Loiselle RC"
1990-91,"Rookies","","","209","Alexei Kasatonov RC"
1990-91,"Rookies","","","222","Hubie McDonough RC"
1990-91,"Rookies","","","224","Sergio Momesso RC"
1990-91,"Rookies","","","233","Grant Ledyard RC"
1990-91,"Rookies","","","237","Todd Krygier RC"
1990-91,"Rookies","","","239","Chris Terreri RC"
1990-91,"Rookies","","","241","Darren Turcotte RC"
1990-91,"Rookies","","","246","John Druce RC"
1990-91,"Rookies","","","248","Paul Ranheim RC"
1990-91,"Rookies","","","253","Garry Galley RC"
1990-91,"Rookies","","","262","Stephan Lebeau RC"
1990-91,"Rookies","","","265","Ken Baumgartner RC"
1990-91,"Rookies","","","266","Lou Franceschetti RC"
1990-91,"Rookies","","","268","Michal Pivonka RC"
1990-91,"Rookies","","","273","Vladimir Krutov RC"
1990-91,"Rookies","","","282","Stephane Beauregard RC"
1990-91,"Rookies","","","283","John Carter RC"
1990-91,"Rookies","","","284","Don Barber RC"
1990-91,"Rookies","","","288","Troy Mallette RC"
1990-91,"Rookies","","","293","Joe Murphy RC"
1990-91,"Rookies","","","294","Glenn Healy RC"
1990-91,"Rookies","","","297","Todd Elik RC"
1990-91,"Rookies","","","298","Wendell Young RC"
1990-91,"Rookies","","","299","Dean Kennedy RC"
1990-91,"Rookies","","","301","Martin Gelinas RC"
1990-91,"Rookies","","","307","Sylvain Lefebvre RC"
1990-91,"Rookies","","","308","Mark Lamb RC"
1990-91,"Rookies","","","370","Adam Burt RC"
1990-91,"Rookies","","","371","Troy Loney RC"
1990-91,"Rookies","","","372","Dave Chyzowski RC"
1990-91,"Rookies","","","373","Geoff Smith RC"
1990-91,"Rookies","","","377","Daniel Shank RC"
1990-91,"Rookies","","","379","Perry Berezan RC"
1990-91,"Rookies","","","381","Stephane Matteau PROS, RC"
1990-91,"Rookies","","","382","Mario Thyer PROS, RC"
1990-91,"Rookies","","","383","Nelson Emerson PROS, RC"
1990-91,"Rookies","","","384","Kory Kocur PROS, RC"
1990-91,"Rookies","","","385","Bob Beers PROS, RC"
1990-91,"Rookies","","","386","Jim Hrivnak PROS, RC"
1990-91,"Rookies","","","387","Mark Pederson PROS, RC"
1990-91,"Rookies","","","388","Jeff Hackett PROS, RC"
1990-91,"Rookies","","","389","Eric Weinrich PROS, RC"
1990-91,"Rookies","","","390","Steven Rice PROS, RC"
1990-91,"Rookies","","","391","Stu Barnes PROS, RC"
1990-91,"Rookies","","","392","Olaf Kolzig PROS, RC, UER"
1990-91,"Rookies","","","393","Francois Leroux PROS, RC"
1990-91,"Rookies","","","394","Adrien Plavsic PROS, RC"
1990-91,"Rookies","","","395","Michel Mongeau PROS, RC"
1990-91,"Rookies","","","396","Rick Corriveau PROS, RC"
1990-91,"Rookies","","","397","Wayne Doucet PROS, RC"
1990-91,"Rookies","","","398","Mats Sundin PROS, RC"
1990-91,"Rookies","","","399","Murray Baron PROS, RC"
1990-91,"Rookies","","","400","Rick Bennett PROS, RC"
1990-91,"Rookies","","","401","Jon Morris PROS, RC"
1990-91,"Rookies","","","402","Kay Whitmore PROS, RC"
1990-91,"Rookies","","","403","Peter Lappin PROS, RC"
1990-91,"Rookies","","","404","Kris Draper PROS, RC"
1990-91,"Rookies","","","405","Shayne Stevenson PROS, RC"
1990-91,"Rookies","","","406","Paul Ysebaert PROS, RC"
1990-91,"Rookies","","","407","Jimmy Waite PROS, RC, ERR"
1990-91,"Rookies","","","407","Jimmy Waite PROS, RC, COR"
1990-91,"Rookies","","","408","Cam Russell PROS, RC"
1990-91,"Rookies","","","409","Kim Issel PROS, RC"
1990-91,"Rookies","","","410","Darrin Shannon PROS, RC"
1990-91,"Rookies","","","411","Link Gaetz PROS, RC"
1990-91,"Rookies","","","412","Craig Fisher PROS, RC"
1990-91,"Rookies","","","413","Bruce Hoffort PROS, RC"
1990-91,"Rookies","","","414","Peter Ing PROS, RC"
1990-91,"Comments","Baseball
        Basketball
        Boxing
        Cricket
        Football
        Gaming
        Golf
        Hockey
        Misc Sports
        MMA
        Multi-Sport
        Non-Sport
        Racing
        Soccer
        Tennis
        Wrestling","","",""
1990-91,"Comments","Dec 20, 2019 - 6:34PM
althib	

Red Score logo on front: Canadian Edition.
Blue Score logo on front: American Edition.","Dec 20, 2019 - 6:34PM
althib","",""
1990-91,"Comments","Mar 29, 2015 - 1:10PM
reakins	

Factory Set Eric Lindros B1-B5 inserts are the same in American and Canadian sets. There is no bilingual version.","Mar 29, 2015 - 1:10PM
reakins","",""
1990-91,"Comments","May 12, 2013 - 2:02PM
rds332000	

the 30b doesn't exist because the phrase that in error is only in score american. the 407b is error version(407a)","May 12, 2013 - 2:02PM
rds332000","",""
1990-91,"Packaging","Baseball
        Basketball
        Boxing
        Cricket
        Football
        Gaming
        Golf
        Hockey
        Misc Sports
        MMA
        Multi-Sport
        Non-Sport
        Racing
        Soccer
        Tennis
        Wrestling","","",""
1990-91,"Pricing","Baseball
        Basketball
        Boxing
        Cricket
        Football
        Gaming
        Golf
        Hockey
        Misc Sports
        MMA
        Multi-Sport
        Non-Sport
        Racing
        Soccer
        Tennis
        Wrestling","","",""
1990-91,"Pricing","1","","Wayne Gretzky",""
1990-91,"Pricing","2","","Mario Lemieux",""
1990-91,"Pricing","3","","Steve Yzerman",""
1990-91,"Pricing","4","","Cam Neely",""
1990-91,"Pricing","5","","Al MacInnis",""
1990-91,"Pricing","6","","Paul Coffey",""
1990-91,"Pricing","7","","Brian Bellows",""
1990-91,"Pricing","8","","Joe Sakic",""
1990-91,"Pricing","9","","Bernie Nicholls",""
1990-91,"Pricing","10","","Patrick Roy",""
1990-91,"Pricing","11","","Doug Houda RC",""
1990-91,"Pricing","12","","David Volek",""
1990-91,"Pricing","13","","Esa Tikkanen",""
1990-91,"Pricing","14","","Thomas Steen",""
1990-91,"Pricing","15","","Chris Chelios",""
1990-91,"Pricing","16","","Bob Carpenter",""
1990-91,"Pricing","17","","Dirk Graham",""
1990-91,"Pricing","18","","Garth Butcher",""
1990-91,"Pricing","19","","Patrik Sundstrom",""
1990-91,"Pricing","20","","Rod Langway",""
1990-91,"Pricing","21","","Scott Young",""
1990-91,"Pricing","22","","Ulf Dahlen",""
1990-91,"Pricing","23","","Mike Ramsey",""
1990-91,"Pricing","24","","Peter Zezel",""
1990-91,"Pricing","25","","Ron Hextall",""
1990-91,"Pricing","26","","Steve Duchesne",""
1990-91,"Pricing","27","","Allan Bester",""
1990-91,"Pricing","28","","Everett Sanipass RC",""
1990-91,"Pricing","29","","Steve Konroyd",""
1990-91,"Pricing","30","","Joe Nieuwendyk",""
1990-91,"Pricing","31","","Brent Ashton ERR",""
1990-91,"Pricing","31","","Brent Ashton COR",""
1990-91,"Pricing","32","","Trevor Linden",""
1990-91,"Pricing","33","","Mike Ridley",""
1990-91,"Pricing","34","","Sean Burke",""
1990-91,"Pricing","35","","Pat Verbeek",""
1990-91,"Pricing","36","","Rob Ramage",""
1990-91,"Pricing","37","","Kelly Kisio",""
1990-91,"Pricing","38","","Craig Muni ERR",""
1990-91,"Pricing","38","","Craig Muni COR",""
1990-91,"Pricing","39","","Brent Sutter",""
1990-91,"Pricing","40","","Gary Leeman",""
1990-91,"Pricing","41","","Jeff Brown",""
1990-91,"Pricing","42","","Greg Millen",""
1990-91,"Pricing","43","","Alexander Mogilny RC",""
1990-91,"Pricing","44","","Dale Hunter",""
1990-91,"Pricing","45","","Randy Moller",""
1990-91,"Pricing","46","","Peter Sidorkiewicz UER",""
1990-91,"Pricing","47","","Terry Carkner",""
1990-91,"Pricing","48","","Tony Granato",""
1990-91,"Pricing","49","","Shawn Burr",""
1990-91,"Pricing","50","","Dale Hawerchuk",""
1990-91,"Pricing","51","","Don Sweeney RC",""
1990-91,"Pricing","52","","Mike Vernon",""
1990-91,"Pricing","53","","Kevin Stevens RC",""
1990-91,"Pricing","54","","Bryan Fogarty RC",""
1990-91,"Pricing","55","","Dan Quinn",""
1990-91,"Pricing","56","","Murray Craven",""
1990-91,"Pricing","57","","Shawn Chambers",""
1990-91,"Pricing","58","","Craig Simpson",""
1990-91,"Pricing","59","","Doug Crossman UER",""
1990-91,"Pricing","60","","Daren Puppa",""
1990-91,"Pricing","61","","Bobby Smith",""
1990-91,"Pricing","62","","Viacheslav Fetisov RC",""
1990-91,"Pricing","63","","Gino Cavallini",""
1990-91,"Pricing","64","","Jimmy Carson",""
1990-91,"Pricing","65","","Dave Ellett",""
1990-91,"Pricing","66","","Steve Thomas",""
1990-91,"Pricing","67","","Mike Lalor RC",""
1990-91,"Pricing","68","","Mike Liut",""
1990-91,"Pricing","69","","Tom Laidlaw",""
1990-91,"Pricing","70","","Ron Francis",""
1990-91,"Pricing","71","","Sergei Makarov RC",""
1990-91,"Pricing","72","","Randy Burridge",""
1990-91,"Pricing","73","","Doug Lidster",""
1990-91,"Pricing","74","","Mike Richter RC",""
1990-91,"Pricing","75","","Stephane Richer",""
1990-91,"Pricing","76","","Randy Hillier",""
1990-91,"Pricing","77","","Christian Ruuttu",""
1990-91,"Pricing","78","","Marc Fortier",""
1990-91,"Pricing","79","","Bill Ranford",""
1990-91,"Pricing","80","","Rick Tocchet",""
1990-91,"Pricing","81","","Fredrik Olausson",""
1990-91,"Pricing","82","","Adam Creighton",""
1990-91,"Pricing","83","","Sylvain Cote",""
1990-91,"Pricing","84","","Brian Mullen",""
1990-91,"Pricing","85","","Adam Oates",""
1990-91,"Pricing","86","","Gary Nylund",""
1990-91,"Pricing","87","","Tim Cheveldae RC",""
1990-91,"Pricing","88","","Gary Suter",""
1990-91,"Pricing","89","","John Tonelli",""
1990-91,"Pricing","90","","Kevin Hatcher",""
1990-91,"Pricing","91","","Guy Carbonneau",""
1990-91,"Pricing","92","","Curtis Leschyshyn RC",""
1990-91,"Pricing","93","","Kirk McLean",""
1990-91,"Pricing","94","","Curt Giles",""
1990-91,"Pricing","95","","Vincent Damphousse",""
1990-91,"Pricing","96","","Peter Stastny",""
1990-91,"Pricing","97","","Glen Wesley",""
1990-91,"Pricing","98","","David Shaw",""
1990-91,"Sell Sheets / Ads","Baseball
        Basketball
        Boxing
        Cricket
        Football
        Gaming
        Golf
        Hockey
        Misc Sports
        MMA
        Multi-Sport
        Non-Sport
        Racing
        Soccer
        Tennis
        Wrestling","","",""
1990-91,"Trivia","Baseball
        Basketball
        Boxing
        Cricket
        Football
        Gaming
        Golf
        Hockey
        Misc Sports
        MMA
        Multi-Sport
        Non-Sport
        Racing
        Soccer
        Tennis
        Wrestling","","",""
1990-91,"Videos","Baseball
        Basketball
        Boxing
        Cricket
        Football
        Gaming
        Golf
        Hockey
        Misc Sports
        MMA
        Multi-Sport
        Non-Sport
        Racing
        Soccer
        Tennis
        Wrestling","","",""
1990-91,"External Links","Baseball
        Basketball
        Boxing
        Cricket
        Football
        Gaming
        Golf
        Hockey
        Misc Sports
        MMA
        Multi-Sport
        Non-Sport
        Racing
        Soccer
        Tennis
        Wrestling","","",""
1990-91,"Contributors","Baseball
        Basketball
        Boxing
        Cricket
        Football
        Gaming
        Golf
        Hockey
        Misc Sports
        MMA
        Multi-Sport
        Non-Sport
        Racing
        Soccer
        Tennis
        Wrestling","","",""
1990-91,"Contributors","Member	Total
1.	oldcollector	815
2.	Gunny	44
3.	cynicalbuddha	12
4.	Chandler	8
5.	rds332000	4
6.	C2Cigars	3
7.	Dixxy	2
8.	gb24	2","","Member","Total"
1990-91,"Contributors","","Member","Total",""
1990-91,"Contributors","1.","oldcollector","815",""
1990-91,"Contributors","2.","Gunny","44",""
1990-91,"Contributors","3.","cynicalbuddha","12",""
1990-91,"Contributors","4.","Chandler","8",""
1990-91,"Contributors","5.","rds332000","4",""
1990-91,"Contributors","6.","C2Cigars","3",""
1990-91,"Contributors","7.","Dixxy","2",""
1990-91,"Contributors","8.","gb24","2",""
1990-91,"Contributors","Member	Total
1.	althib	1
2.	rds332000	1
3.	reakins	1","","Member","Total"
1990-91,"Contributors","","Member","Total",""
1990-91,"Contributors","1.","althib","1",""
1990-91,"Contributors","2.","rds332000","1",""
1990-91,"Contributors","3.","reakins","1",""
1990-91,"Contributors","Member	Total
1.	NJDevils	4
2.	biotwister	3
3.	reakins	2
4.	dobbie	1
5.	styxscottii	1","","Member","Total"
1990-91,"Contributors","","Member","Total",""
1990-91,"Contributors","1.","NJDevils","4",""
1990-91,"Contributors","2.","biotwister","3",""
1990-91,"Contributors","3.","reakins","2",""
1990-91,"Contributors","4.","dobbie","1",""
1990-91,"Contributors","5.","styxscottii","1",""
1990-91,"Contributors","Member	Total
1.	dollar guy	2
2.	Jarde	1
3.	althib	1","","Member","Total"
1990-91,"Contributors","","Member","Total",""
1990-91,"Contributors","1.","dollar guy","2",""
1990-91,"Contributors","2.","Jarde","1",""
1990-91,"Contributors","3.","althib","1",""
1990-91,"Contributors","Member	Total
1.	jimmyjam	1
2.	wjhipwell	1","","Member","Total"
1990-91,"Contributors","","Member","Total",""
1990-91,"Contributors","1.","jimmyjam","1",""
1990-91,"Contributors","2.","wjhipwell","1",""
1990-91,"Glossary","Baseball
        Basketball
        Boxing
        Cricket
        Football
        Gaming
        Golf
        Hockey
        Misc Sports
        MMA
        Multi-Sport
        Non-Sport
        Racing
        Soccer
        Tennis
        Wrestling","","",""
1990-91,"Eric Lindros Bonus Cards","Baseball
        Basketball
        Boxing
        Cricket
        Football
        Gaming
        Golf
        Hockey
        Misc Sports
        MMA
        Multi-Sport
        Non-Sport
        Racing
        Soccer
        Tennis
        Wrestling","","",""
1990-91,"Eric Lindros Bonus Cards","","","",""
1990-91,"Eric Lindros Bonus Cards","","","",""
1990-91,"Eric Lindros Bonus Cards","","","",""
1990-91,"Eric Lindros Bonus Cards","","","",""
1990-91,"Eric Lindros Bonus Cards","","","",""
1990-91,"Promos","Baseball
        Basketball
        Boxing
        Cricket
        Football
        Gaming
        Golf
        Hockey
        Misc Sports
        MMA
        Multi-Sport
        Non-Sport
        Racing
        Soccer
        Tennis
        Wrestling","","",""
1990-91,"Promos","","","",""
1990-91,"Promos","","","",""
1990-91,"Promos","","","",""
1990-91,"Promos","","","",""
1990-91,"Base Set","Baseball
        Basketball
        Boxing
        Cricket
        Football
        Gaming
        Golf
        Hockey
        Misc Sports
        MMA
        Multi-Sport
        Non-Sport
        Racing
        Soccer
        Tennis
        Wrestling","","",""
1990-91,"Base Set","","","",""
1990-91,"Base Set","","","",""
1990-91,"Base Set","","","",""
1990-91,"Base Set","","","",""
1990-91,"Base Set","","","",""
1990-91,"Base Set","","","",""
1990-91,"Base Set","","","",""
1990-91,"Base Set","","","",""
1990-91,"Base Set","","","",""
1990-91,"Base Set","","","",""
1990-91,"Base Set","","","",""
1990-91,"Base Set","","","",""
1990-91,"Base Set","","","",""
1990-91,"Base Set","","","",""
1990-91,"Base Set","","","",""
1990-91,"Base Set","","","",""
1990-91,"Base Set","","","",""
1990-91,"Base Set","","","",""
1990-91,"Base Set","","","",""
1990-91,"Base Set","","","",""
1990-91,"Base Set","","","",""
1990-91,"Base Set","","","",""
1990-91,"Base Set","","","",""
1990-91,"Base Set","","","",""
1990-91,"Base Set","","","",""
1990-91,"Base Set","","","",""
1990-91,"Base Set","","","",""
1990-91,"Base Set","","","",""
1990-91,"Base Set","","","",""
1990-91,"Base Set","","","",""
1990-91,"Base Set","","","",""
1990-91,"Base Set","","","",""
1990-91,"Base Set","","","",""
1990-91,"Base Set","","","",""
1990-91,"Base Set","","","",""
1990-91,"Base Set","","","",""
1990-91,"Base Set","","","",""
1990-91,"Base Set","","","",""
1990-91,"Base Set","","","",""
1990-91,"Base Set","","","",""
1990-91,"Base Set","","","",""
1990-91,"Base Set","","","",""
1990-91,"Base Set","","","",""
1990-91,"Base Set","","","",""
1990-91,"Base Set","","","",""
1990-91,"Base Set","","","",""
1990-91,"Base Set","","","",""
1990-91,"Base Set","","","",""
1990-91,"Base Set","","","",""
1990-91,"Base Set","","","",""
1990-91,"Base Set","","","",""
1990-91,"Base Set","","","",""
1990-91,"Base Set","","","",""
1990-91,"Base Set","","","",""
1990-91,"Base Set","","","",""
1990-91,"Base Set","","","",""
1990-91,"Base Set","","","",""
1990-91,"Base Set","","","",""
1990-91,"Base Set","","","",""
1990-91,"Base Set","","","",""
1990-91,"Base Set","","","",""
1990-91,"Base Set","","","",""
1990-91,"Base Set","","","",""
1990-91,"Base Set","","","",""
1990-91,"Base Set","","","",""
1990-91,"Base Set","","","",""
1990-91,"Base Set","","","",""
1990-91,"Base Set","","","",""
1990-91,"Base Set","","","",""
1990-91,"Base Set","","","",""
1990-91,"Base Set","","","",""
1990-91,"Base Set","","","",""
1990-91,"Base Set","","","",""
1990-91,"Base Set","","","",""
1990-91,"Base Set","","","",""
1990-91,"Base Set","","","",""
1990-91,"Base Set","","","",""
1990-91,"Base Set","","","",""
1990-91,"Base Set","","","",""
1990-91,"Base Set","","","",""
1990-91,"Base Set","","","",""
1990-91,"Base Set","","","",""
1990-91,"Base Set","","","",""
1990-91,"Base Set","","","",""
1990-91,"Base Set","","","",""
1990-91,"Base Set","","","",""
1990-91,"Base Set","","","",""
1990-91,"Base Set","","","",""
1990-91,"Base Set","","","",""
1990-91,"Base Set","","","",""
1990-91,"Base Set","","","",""
1990-91,"Base Set","","","",""
1990-91,"Base Set","","","",""
1990-91,"Base Set","","","",""
1990-91,"Base Set","","","",""
1990-91,"Base Set","","","",""
1990-91,"Base Set","","","",""
1990-91,"Base Set","","","",""
1990-91,"Base Set","","","",""
1990-91,"Base Set","","","",""
1990-91,"Overview","Baseball
        Basketball
        Boxing
        Cricket
        Football
        Gaming
        Golf
        Hockey
        Misc Sports
        MMA
        Multi-Sport
        Non-Sport
        Racing
        Soccer
        Tennis
        Wrestling","","",""
1990-91,"Overview","","","",""
1990-91,"Overview","","","",""
1990-91,"Overview","","","",""
1990-91,"Overview","","","",""
1990-91,"Overview","","","",""
1990-91,"Overview","","","",""
1990-91,"Overview","","","",""
1990-91,"Overview","","","",""
1990-91,"Overview","","","",""
1990-91,"Overview","","","",""
1990-91,"Overview","","","",""
1990-91,"Overview","","","",""
1990-91,"Overview","","","",""
1990-91,"Overview","","","",""
1990-91,"Overview","","","",""
1990-91,"Overview","","","",""
1990-91,"Overview","","","",""
1990-91,"Overview","","","",""
1990-91,"Overview","","","",""
1990-91,"Overview","","","",""
1990-91,"Overview","","","",""
1990-91,"Overview","","","",""
1990-91,"Overview","","","",""
1990-91,"Overview","","","",""
1990-91,"Overview","","","",""
1990-91,"Overview","","","",""
1990-91,"Overview","","","",""
1990-91,"Overview","","","",""
1990-91,"Overview","","","",""
1990-91,"Overview","","","",""
1990-91,"Overview","","","",""
1990-91,"Overview","","","",""
1990-91,"Overview","","","",""
1990-91,"Overview","","","",""
1990-91,"Overview","","","",""
1990-91,"Overview","","","",""
1990-91,"Overview","","","",""
1990-91,"Overview","","","",""
1990-91,"Overview","","","",""
1990-91,"Overview","","","",""
1990-91,"Overview","","","",""
1990-91,"Overview","","","",""
1990-91,"Overview","","","",""
1990-91,"Overview","","","",""
1990-91,"Overview","","","",""
1990-91,"Overview","","","",""
1990-91,"Overview","","","",""
1990-91,"Overview","","","",""
1990-91,"Overview","","","",""
1990-91,"Overview","","","",""
1990-91,"Overview","","","",""
1990-91,"Overview","","","",""
1990-91,"Overview","","","",""
1990-91,"Overview","","","",""
1990-91,"Overview","","","",""
1990-91,"Overview","","","",""
1990-91,"Overview","","","",""
1990-91,"Overview","","","",""
1990-91,"Overview","","","",""
1990-91,"Overview","","","",""
1990-91,"Overview","","","",""
1990-91,"Overview","","","",""
1990-91,"Overview","","","",""
1990-91,"Overview","","","",""
1990-91,"Overview","","","",""
1990-91,"Overview","","","",""
1990-91,"Overview","","","",""
1990-91,"Overview","","","",""
1990-91,"Overview","","","",""
1990-91,"Overview","","","",""
1990-91,"Overview","","","",""
1990-91,"Overview","","","",""
1990-91,"Overview","","","",""
1990-91,"Overview","","","",""
1990-91,"Overview","","","",""
1990-91,"Overview","","","",""
1990-91,"Overview","","","",""
1990-91,"Overview","","","",""
1990-91,"Overview","","","",""
1990-91,"Overview","","","",""
1990-91,"Overview","","","",""
1990-91,"Overview","","","",""
1990-91,"Overview","","","",""
1990-91,"Overview","","","",""
1990-91,"Overview","","","",""
1990-91,"Overview","","","",""
1990-91,"Overview","","","",""
1990-91,"Overview","","","",""
1990-91,"Overview","","","",""
1990-91,"Overview","","","",""
1990-91,"Overview","","","",""
1990-91,"Overview","","","",""
1990-91,"Overview","","","",""
1990-91,"Overview","","","",""
1990-91,"Overview","","","",""
1990-91,"Overview","","","",""
1990-91,"Overview","","","",""
1990-91,"Overview","","","",""
1990-91,"Overview","","","",""
1990-91,"Overview","","","",""
1990-91,"Rate this set...","Baseball
        Basketball
        Boxing
        Cricket
        Football
        Gaming
        Golf
        Hockey
        Misc Sports
        MMA
        Multi-Sport
        Non-Sport
        Racing
        Soccer
        Tennis
        Wrestling","","",""
1990-91,"Checklist","Baseball
        Basketball
        Boxing
        Cricket
        Football
        Gaming
        Golf
        Hockey
        Misc Sports
        MMA
        Multi-Sport
        Non-Sport
        Racing
        Soccer
        Tennis
        Wrestling","","",""
1990-91,"Checklist","","","",""
1990-91,"Checklist","","","",""
1990-91,"Checklist","","","",""
1990-91,"Checklist","","","",""
1990-91,"Checklist","","","",""
1990-91,"Checklist","","","",""
1990-91,"Checklist","","","",""
1990-91,"Checklist","","","",""
1990-91,"Checklist","","","",""
1990-91,"Checklist","","","",""
1990-91,"Checklist","","","",""
1990-91,"Checklist","","","",""
1990-91,"Checklist","","","",""
1990-91,"Checklist","","","",""
1990-91,"Checklist","","","",""
1990-91,"Checklist","","","",""
1990-91,"Checklist","","","",""
1990-91,"Checklist","","","",""
1990-91,"Checklist","","","",""
1990-91,"Checklist","","","",""
1990-91,"Checklist","","","",""
1990-91,"Checklist","","","",""
1990-91,"Checklist","","","",""
1990-91,"Checklist","","","",""
1990-91,"Checklist","","","",""
1990-91,"Checklist","","","",""
1990-91,"Checklist","","","",""
1990-91,"Checklist","","","",""
1990-91,"Checklist","","","",""
1990-91,"Checklist","","","",""
1990-91,"Checklist","","","",""
1990-91,"Checklist","","","",""
1990-91,"Checklist","","","",""
1990-91,"Checklist","","","",""
1990-91,"Checklist","","","",""
1990-91,"Checklist","","","",""
1990-91,"Checklist","","","",""
1990-91,"Checklist","","","",""
1990-91,"Checklist","","","",""
1990-91,"Checklist","","","",""
1990-91,"Checklist","","","",""
1990-91,"Checklist","","","",""
1990-91,"Checklist","","","",""
1990-91,"Checklist","","","",""
1990-91,"Checklist","","","",""
1990-91,"Checklist","","","",""
1990-91,"Checklist","","","",""
1990-91,"Checklist","","","",""
1990-91,"Checklist","","","",""
1990-91,"Checklist","","","",""
1990-91,"Checklist","","","",""
1990-91,"Checklist","","","",""
1990-91,"Checklist","","","",""
1990-91,"Checklist","","","",""
1990-91,"Checklist","","","",""
1990-91,"Checklist","","","",""
1990-91,"Checklist","","","",""
1990-91,"Checklist","","","",""
1990-91,"Checklist","","","",""
1990-91,"Checklist","","","",""
1990-91,"Checklist","","","",""
1990-91,"Checklist","","","",""
1990-91,"Checklist","","","",""
1990-91,"Checklist","","","",""
1990-91,"Checklist","","","",""
1990-91,"Checklist","","","",""
1990-91,"Checklist","","","",""
1990-91,"Checklist","","","",""
1990-91,"Checklist","","","",""
1990-91,"Checklist","","","",""
1990-91,"Checklist","","","",""
1990-91,"Checklist","","","",""
1990-91,"Checklist","","","",""
1990-91,"Checklist","","","",""
1990-91,"Checklist","","","",""
1990-91,"Checklist","","","",""
1990-91,"Checklist","","","",""
1990-91,"Checklist","","","",""
1990-91,"Checklist","","","",""
1990-91,"Checklist","","","",""
1990-91,"Checklist","","","",""
1990-91,"Checklist","","","",""
1990-91,"Checklist","","","",""
1990-91,"Checklist","","","",""
1990-91,"Checklist","","","",""
1990-91,"Checklist","","","",""
1990-91,"Checklist","","","",""
1990-91,"Checklist","","","",""
1990-91,"Checklist","","","",""
1990-91,"Checklist","","","",""
1990-91,"Checklist","","","",""
1990-91,"Checklist","","","",""
1990-91,"Checklist","","","",""
1990-91,"Checklist","","","",""
1990-91,"Checklist","","","",""
1990-91,"Checklist","","","",""
1990-91,"Checklist","","","",""
1990-91,"Checklist","","","",""
1990-91,"Checklist","","","",""
1990-91,"Checklist","","","",""
1990-91,"Teams","Baseball
        Basketball
        Boxing
        Cricket
        Football
        Gaming
        Golf
        Hockey
        Misc Sports
        MMA
        Multi-Sport
        Non-Sport
        Racing
        Soccer
        Tennis
        Wrestling","","",""
1990-91,"Errors / Variations","Baseball
        Basketball
        Boxing
        Cricket
        Football
        Gaming
        Golf
        Hockey
        Misc Sports
        MMA
        Multi-Sport
        Non-Sport
        Racing
        Soccer
        Tennis
        Wrestling","","",""
1990-91,"Errors / Variations","","","","1a"
1990-91,"Errors / Variations","","","","1b"
1990-91,"Errors / Variations","","","","2a"
1990-91,"Errors / Variations","","","","2b"
1990-91,"Errors / Variations","","","","3a"
1990-91,"Errors / Variations","","","","3b"
1990-91,"Errors / Variations","","","","4a"
1990-91,"Errors / Variations","","","","4b"
1990-91,"Errors / Variations","","","","5a"
1990-91,"Errors / Variations","","","","5b"
1990-91,"Errors / Variations","","","","6a"
1990-91,"Errors / Variations","","","","6b"
1990-91,"Errors / Variations","","","","7a"
1990-91,"Errors / Variations","","","","7b"
1990-91,"Errors / Variations","","","","8a"
1990-91,"Errors / Variations","","","","8b"
1990-91,"Errors / Variations","","","","10a"
1990-91,"Errors / Variations","","","","10b"
1990-91,"Errors / Variations","","","","12a"
1990-91,"Errors / Variations","","","","12b"
1990-91,"Errors / Variations","","","","16a"
1990-91,"Errors / Variations","","","","16b"
1990-91,"Errors / Variations","","","","17a"
1990-91,"Errors / Variations","","","","17b"
1990-91,"Errors / Variations","","","","20a"
1990-91,"Errors / Variations","","","","20b"
1990-91,"Errors / Variations","","","","30a"
1990-91,"Errors / Variations","","","","30b"
1990-91,"Errors / Variations","","","","38a"
1990-91,"Errors / Variations","","","","38b"
1990-91,"Errors / Variations","","","","41a"
1990-91,"Errors / Variations","","","","41b"
1990-91,"Errors / Variations","","","","42a"
1990-91,"Errors / Variations","","","","42b"
1990-91,"Errors / Variations","","","","43a"
1990-91,"Errors / Variations","","","","43b"
1990-91,"Errors / Variations","","","","44a"
1990-91,"Errors / Variations","","","","44b"
1990-91,"Errors / Variations","","","","45a"
1990-91,"Errors / Variations","","","","45b"
1990-91,"Errors / Variations","","","","49a"
1990-91,"Errors / Variations","","","","49b"
1990-91,"Errors / Variations","","","","53a"
1990-91,"Errors / Variations","","","","53b"
1990-91,"Errors / Variations","","","","59a"
1990-91,"Errors / Variations","","","","59b"
1990-91,"Errors / Variations","","","","60a"
1990-91,"Errors / Variations","","","","60b"
1990-91,"Errors / Variations","","","","80a"
1990-91,"Errors / Variations","","","","80b"
1990-91,"Errors / Variations","","","","81a"
1990-91,"Errors / Variations","","","","81b"
1990-91,"Errors / Variations","","","","82a"
1990-91,"Errors / Variations","","","","82b"
1990-91,"Errors / Variations","","","","86a"
1990-91,"Errors / Variations","","","","86b"
1990-91,"Errors / Variations","","","","94a"
1990-91,"Errors / Variations","","","","94b"
1990-91,"Errors / Variations","","","","96a"
1990-91,"Errors / Variations","","","","96b"
1990-91,"Errors / Variations","","","","97a"
1990-91,"Errors / Variations","","","","97b"
1990-91,"Errors / Variations","","","","101a"
1990-91,"Errors / Variations","","","","101b"
1990-91,"Errors / Variations","","","","106a"
1990-91,"Errors / Variations","","","","106b"
1990-91,"Errors / Variations","","","","110a"
1990-91,"Errors / Variations","","","","110b"
1990-91,"Errors / Variations","","","","113a"
1990-91,"Errors / Variations","","","","113b"
1990-91,"Errors / Variations","","","","118a"
1990-91,"Errors / Variations","","","","118b"
1990-91,"Errors / Variations","","","","122a"
1990-91,"Errors / Variations","","","","122b"
1990-91,"Errors / Variations","","","","125a"
1990-91,"Errors / Variations","","","","125b"
1990-91,"Errors / Variations","","","","126a"
1990-91,"Errors / Variations","","","","126b"
1990-91,"Errors / Variations","","","","127a"
1990-91,"Errors / Variations","","","","127b"
1990-91,"Errors / Variations","","","","130a"
1990-91,"Errors / Variations","","","","130b"
1990-91,"Errors / Variations","","","","131a"
1990-91,"Errors / Variations","","","","131b"
1990-91,"Errors / Variations","","","","133a"
1990-91,"Errors / Variations","","","","133b"
1990-91,"Errors / Variations","","","","134a"
1990-91,"Errors / Variations","","","","134b"
1990-91,"Errors / Variations","","","","144a"
1990-91,"Errors / Variations","","","","144b"
1990-91,"Errors / Variations","","","","146a"
1990-91,"Errors / Variations","","","","146b"
1990-91,"Errors / Variations","","","","149a"
1990-91,"Errors / Variations","","","","149b"
1990-91,"Errors / Variations","","","","151a"
1990-91,"Errors / Variations","","","","151b"
1990-91,"Errors / Variations","","","","156a"
1990-91,"Errors / Variations","","","","156b"
1990-91,"Errors / Variations","","","","160a"
1990-91,"Errors / Variations","","","","160b"
1990-91,"Hall of Famers","Baseball
        Basketball
        Boxing
        Cricket
        Football
        Gaming
        Golf
        Hockey
        Misc Sports
        MMA
        Multi-Sport
        Non-Sport
        Racing
        Soccer
        Tennis
        Wrestling","","",""
1990-91,"Hall of Famers","","","","1"
1990-91,"Hall of Famers","","","","1"
1990-91,"Hall of Famers","","","","2"
1990-91,"Hall of Famers","","","","2"
1990-91,"Hall of Famers","","","","3"
1990-91,"Hall of Famers","","","","3"
1990-91,"Hall of Famers","","","","4"
1990-91,"Hall of Famers","","","","4"
1990-91,"Hall of Famers","","","","5"
1990-91,"Hall of Famers","","","","5"
1990-91,"Hall of Famers","","","","6"
1990-91,"Hall of Famers","","","","6"
1990-91,"Hall of Famers","","","","7"
1990-91,"Hall of Famers","","","","7"
1990-91,"Hall of Famers","","","","27"
1990-91,"Hall of Famers","","","","28"
1990-91,"Hall of Famers","","","","29"
1990-91,"Hall of Famers","","","","42"
1990-91,"Hall of Famers","","","","42"
1990-91,"Hall of Famers","","","","43"
1990-91,"Hall of Famers","","","","43"
1990-91,"Hall of Famers","","","","47"
1990-91,"Hall of Famers","","","","60"
1990-91,"Hall of Famers","","","","60"
1990-91,"Hall of Famers","","","","65"
1990-91,"Hall of Famers","","","","66"
1990-91,"Hall of Famers","","","","69"
1990-91,"Hall of Famers","","","","77"
1990-91,"Hall of Famers","","","","87"
1990-91,"Hall of Famers","","","","89"
1990-91,"Hall of Famers","","","","93"
1990-91,"Hall of Famers","","","","100"
1990-91,"Hall of Famers","","","","108"
1990-91,"Hall of Famers","","","","111"
1990-91,"Hall of Famers","","","","116"
1990-91,"Hall of Famers","","","","120"
1990-91,"Hall of Famers","","","","127"
1990-91,"Hall of Famers","","","","127"
1990-91,"Hall of Famers","","","","130"
1990-91,"Hall of Famers","","","","130"
1990-91,"Hall of Famers","","","","133"
1990-91,"Hall of Famers","","","","133"
1990-91,"Hall of Famers","","","","136"
1990-91,"Hall of Famers","","","","141"
1990-91,"Hall of Famers","","","","142"
1990-91,"Hall of Famers","","","","145"
1990-91,"Hall of Famers","","","","149"
1990-91,"Hall of Famers","","","","149"
1990-91,"Hall of Famers","","","","165"
1990-91,"Hall of Famers","","","","165"
1990-91,"Hall of Famers","","","","169"
1990-91,"Hall of Famers","","","","175"
1990-91,"Hall of Famers","","","","184"
1990-91,"Hall of Famers","","","","185"
1990-91,"Hall of Famers","","","","191"
1990-91,"Hall of Famers","","","","191"
1990-91,"Hall of Famers","","","","193"
1990-91,"Hall of Famers","","","","193"
1990-91,"Hall of Famers","","","","194"
1990-91,"Hall of Famers","","","","194"
1990-91,"Hall of Famers","","","","195"
1990-91,"Hall of Famers","","","","195"
1990-91,"Hall of Famers","","","","196"
1990-91,"Hall of Famers","","","","196"
1990-91,"Hall of Famers","","","","197"
1990-91,"Hall of Famers","","","","197"
1990-91,"Hall of Famers","","","","198"
1990-91,"Hall of Famers","","","","198"
1990-91,"Hall of Famers","","","","199"
1990-91,"Hall of Famers","","","","199"
1990-91,"Hall of Famers","","","","201"
1990-91,"Hall of Famers","","","","201"
1990-91,"Hall of Famers","","","","202"
1990-91,"Hall of Famers","","","","202"
1990-91,"Hall of Famers","","","","203"
1990-91,"Hall of Famers","","","","203"
1990-91,"Hall of Famers","","","","209"
1990-91,"Hall of Famers","","","","211"
1990-91,"Hall of Famers","","","","218"
1990-91,"Hall of Famers","","","","219"
1990-91,"Hall of Famers","","","","219"
1990-91,"Hall of Famers","","","","221"
1990-91,"Hall of Famers","","","","222"
1990-91,"Hall of Famers","","","","259"
1990-91,"Hall of Famers","","","","261"
1990-91,"Hall of Famers","","","","262"
1990-91,"Hall of Famers","","","","262"
1990-91,"Hall of Famers","","","","280"
1990-91,"Hall of Famers","","","","280"
1990-91,"Hall of Famers","","","","291"
1990-91,"Hall of Famers","","","","307"
1990-91,"Hall of Famers","","","","311"
1990-91,"Hall of Famers","","","","315"
1990-91,"Hall of Famers","","","","315"
1990-91,"Hall of Famers","","","","321"
1990-91,"Hall of Famers","","","","321"
1990-91,"Hall of Famers","","","","329"
1990-91,"Hall of Famers","","","","334"
1990-91,"Hall of Famers","","","","346"
1990-91,"Hall of Famers","","","","346"
1990-91,"Hall of Famers","","","","348"
1990-91,"Hall of Famers","","","","348"
1990-91,"Hall of Famers","","","","351"
1990-91,"Hall of Famers","","","","353"
1990-91,"Hall of Famers","","","","359"
1990-91,"Hall of Famers","","","","359"
1990-91,"Hall of Famers","","","","373"
1990-91,"Hall of Famers","","","","384"
1990-91,"Hall of Famers","","","","394"
1990-91,"Hall of Famers","","","","394"
1990-91,"Rookies","Baseball
        Basketball
        Boxing
        Cricket
        Football
        Gaming
        Golf
        Hockey
        Misc Sports
        MMA
        Multi-Sport
        Non-Sport
        Racing
        Soccer
        Tennis
        Wrestling","","",""
1990-91,"Rookies","","","7","Jeremy Roenick RC, VAR"
1990-91,"Rookies","","","7","Jeremy Roenick RC, VAR"
1990-91,"Rookies","","","9","Jim Hrivnak TP, RC"
1990-91,"Rookies","","","10","Mick Vukota RC, VAR"
1990-91,"Rookies","","","10","Mick Vukota RC, VAR"
1990-91,"Rookies","","","16","Mike Hartman RC, VAR"
1990-91,"Rookies","","","16","Mike Hartman RC, VAR"
1990-91,"Rookies","","","20","Paul Ranheim RC, VAR"
1990-91,"Rookies","","","20","Paul Ranheim RC, VAR"
1990-91,"Rookies","","","21","Rick Zombo RC"
1990-91,"Rookies","","","25","Mark Lamb RC"
1990-91,"Rookies","","","27","Viacheslav Fetisov RC"
1990-91,"Rookies","","","30","Janne Ojanen RC, VAR"
1990-91,"Rookies","","","30","Janne Ojanen RC, VAR"
1990-91,"Rookies","","","33","Geoff Smith RC"
1990-91,"Rookies","","","34","Daniel Shank RC"
1990-91,"Rookies","","","35","Mikael Andersson RC"
1990-91,"Rookies","","","37","Rob Murphy TP, RC"
1990-91,"Rookies","","","40","Craig Wolanin RC"
1990-91,"Rookies","","","42","Alexander Mogilny RC, VAR"
1990-91,"Rookies","","","42","Alexander Mogilny RC, VAR"
1990-91,"Rookies","","","46","Bob Kudelski RC, UER"
1990-91,"Rookies","","","48","Darren Turcotte RC"
1990-91,"Rookies","","","49","Paul Ysebaert TP, RC, VAR"
1990-91,"Rookies","","","49","Paul Ysebaert TP, RC, VAR"
1990-91,"Rookies","","","53","Don Barber RC, VAR"
1990-91,"Rookies","","","53","Don Barber RC, VAR"
1990-91,"Rookies","","","55","Joe Kocur RC"
1990-91,"Rookies","","","60","Sergei Makarov RC, VAR"
1990-91,"Rookies","","","60","Sergei Makarov RC, VAR"
1990-91,"Rookies","","","64","Martin Gelinas RC"
1990-91,"Rookies","","","68","Michal Pivonka RC"
1990-91,"Rookies","","","82","Mark Pederson TP, RC, VAR"
1990-91,"Rookies","","","82","Mark Pederson TP, RC, VAR"
1990-91,"Rookies","","","95","Mike Tomlak RC"
1990-91,"Rookies","","","96","Roger Johansson TP, RC, VAR"
1990-91,"Rookies","","","96","Roger Johansson TP, RC, VAR"
1990-91,"Rookies","","","113","Bob Beers TP, RC, VAR"
1990-91,"Rookies","","","113","Bob Beers TP, RC, VAR"
1990-91,"Rookies","","","119","Bob Essensa RC"
1990-91,"Rookies","","","126","Craig Fisher TP, RC, VAR"
1990-91,"Rookies","","","126","Craig Fisher TP, RC, VAR"
1990-91,"Rookies","","","146","Dave Chyzowski TP, RC, VAR"
1990-91,"Rookies","","","146","Dave Chyzowski TP, RC, VAR"
1990-91,"Rookies","","","159","Sylvain Lefebvre RC"
1990-91,"Rookies","","","170","Dave Capuano RC, VAR"
1990-91,"Rookies","","","170","Dave Capuano RC, VAR"
1990-91,"Rookies","","","171","Curtis Joseph TP, RC, VAR"
1990-91,"Rookies","","","171","Curtis Joseph TP, RC, VAR"
1990-91,"Rookies","","","177","Vincent Riendeau RC"
1990-91,"Rookies","","","181","Robb Stauber TP, RC, VAR"
1990-91,"Rookies","","","181","Robb Stauber TP, RC, VAR"
1990-91,"Rookies","","","214","Jimmy Waite TP, RC, VAR"
1990-91,"Rookies","","","214","Jimmy Waite TP, RC, VAR"
1990-91,"Rookies","","","216","Curtis Leschyshyn RC, VAR"
1990-91,"Rookies","","","216","Curtis Leschyshyn RC, VAR"
1990-91,"Rookies","","","223","Steph Beauregard TP, RC, VAR"
1990-91,"Rookies","","","223","Steph Beauregard TP, RC, VAR"
1990-91,"Rookies","","","232","Kay Whitmore TP, RC"
1990-91,"Rookies","","","234","Jiri Hrdina RC, UER"
1990-91,"Rookies","","","237","Jocelyn Lemieux RC"
1990-91,"Rookies","","","244","Sergio Momesso RC, UER, VAR"
1990-91,"Rookies","","","244","Sergio Momesso RC, UER, VAR"
1990-91,"Rookies","","","250","Randy Gilhen RC"
1990-91,"Rookies","","","252","Rick Bennett TP, RC, VAR"
1990-91,"Rookies","","","252","Rick Bennett TP, RC, VAR"
1990-91,"Rookies","","","260","Todd Krygier RC, VAR"
1990-91,"Rookies","","","260","Todd Krygier RC, VAR"
1990-91,"Rookies","","","277","Troy Mallette RC"
1990-91,"Rookies","","","279","Brad Shaw RC, VAR"
1990-91,"Rookies","","","279","Brad Shaw RC, VAR"
1990-91,"Rookies","","","280","Mark Recchi RC, VAR"
1990-91,"Rookies","","","280","Mark Recchi RC, VAR"
1990-91,"Rookies","","","288","Robert Cimetta RC"
1990-91,"Rookies","","","289","Rob Zettler TP, RC"
1990-91,"Rookies","","","290","Dave Reid RC"
1990-91,"Rookies","","","298","John Druce RC"
1990-91,"Rookies","","","302","Gord Murphy RC"
1990-91,"Rookies","","","303","Lou Franceschetti RC"
1990-91,"Rookies","","","309","Wendell Young RC"
1990-91,"Rookies","","","310","Darrin Shannon TP, RC, VAR"
1990-91,"Rookies","","","310","Darrin Shannon TP, RC, VAR"
1990-91,"Rookies","","","312","Stephane Fiset TP, RC"
1990-91,"Rookies","","","325","Mike Keane RC"
1990-91,"Rookies","","","330","Mike Richter RC, VAR"
1990-91,"Rookies","","","330","Mike Richter RC, VAR"
1990-91,"Rookies","","","331","Garry Galley RC"
1990-91,"Rookies","","","332","Rod Brind'Amour RC"
1990-91,"Rookies","","","337","Miloslav Horava RC"
1990-91,"Rookies","","","339","Craig Coxe RC, VAR"
1990-91,"Rookies","","","339","Craig Coxe RC, VAR"
1990-91,"Rookies","","","340","Dave Snuggerud RC"
1990-91,"Rookies","","","341","Mike Lalor RC"
1990-91,"Rookies","","","347","Troy Loney RC"
1990-91,"Rookies","","","348","Mike Modano RC, VAR"
1990-91,"Rookies","","","348","Mike Modano RC, VAR"
1990-91,"Rookies","","","349","Jeff Reese TP, RC"
1990-91,"Rookies","","","352","Todd Elik RC"
1990-91,"Rookies","","","356","Scott Pearson RC"
1990-91,"Rookies","","","357","Perry Berezan RC"
1990-91,"Comments","Baseball
        Basketball
        Boxing
        Cricket
        Football
        Gaming
        Golf
        Hockey
        Misc Sports
        MMA
        Multi-Sport
        Non-Sport
        Racing
        Soccer
        Tennis
        Wrestling","","",""
1990-91,"Comments","Dec 2, 2024 - 11:11AM
E180TEKNO	

I just bought this box, the jumbo box version, with packs containing 31 cards. The design is amazing—I literally love how the back of the cards is made. The stats are clear and precise, and the front of the cards, with that colorful border style, is fantastic. You get a great action shot of the player, and the borders don’t take up the whole card. Honestly, I love the card design from the late '80s to early '90s, but I definitely have a preference for cards from the '80s.

Rating: 9.5","Dec 2, 2024 - 11:11AM
E180TEKNO","",""
1990-91,"Comments","Oct 20, 2023 - 6:25AM
brady101	

There are at least 5 print codes. Would be great if they were all added to the checklist. I have seen A, B, C, D and also 'C* D*'","Oct 20, 2023 - 6:25AM
brady101","",""
1990-91,"Comments","May 20, 2020 - 8:20PM
Phil	

This set was overproduced as it came out when trading cards were hot.
The design was nothing fancy but it works well.
Roenick, Stevens, and Modano are a few of the more popular Rookies.

Rating: 7","May 20, 2020 - 8:20PM
Phil","",""
1990-91,"Packaging","Baseball
        Basketball
        Boxing
        Cricket
        Football
        Gaming
        Golf
        Hockey
        Misc Sports
        MMA
        Multi-Sport
        Non-Sport
        Racing
        Soccer
        Tennis
        Wrestling","","",""
1990-91,"Pricing","Baseball
        Basketball
        Boxing
        Cricket
        Football
        Gaming
        Golf
        Hockey
        Misc Sports
        MMA
        Multi-Sport
        Non-Sport
        Racing
        Soccer
        Tennis
        Wrestling","","",""
1990-91,"Pricing","1","","Wayne Gretzky VAR",""
1990-91,"Pricing","1","","Wayne Gretzky VAR",""
1990-91,"Pricing","2","","Wayne Gretzky VAR",""
1990-91,"Pricing","2","","Wayne Gretzky VAR",""
1990-91,"Pricing","3","","Wayne Gretzky VAR",""
1990-91,"Pricing","3","","Wayne Gretzky VAR",""
1990-91,"Pricing","4","","Brett Hull HL, VAR",""
1990-91,"Pricing","4","","Brett Hull HL, VAR",""
1990-91,"Pricing","5","","Jari Kurri HL, UER, VAR",""
1990-91,"Pricing","5","","Jari Kurri HL, UER, VAR",""
1990-91,"Pricing","6","","Bryan Trottier HL, VAR",""
1990-91,"Pricing","6","","Bryan Trottier HL, VAR",""
1990-91,"Pricing","7","","Jeremy Roenick RC, VAR",""
1990-91,"Pricing","7","","Jeremy Roenick RC, VAR",""
1990-91,"Pricing","8","","Brian Propp VAR",""
1990-91,"Pricing","8","","Brian Propp VAR",""
1990-91,"Pricing","9","","Jim Hrivnak TP, RC",""
1990-91,"Pricing","10","","Mick Vukota RC, VAR",""
1990-91,"Pricing","10","","Mick Vukota RC, VAR",""
1990-91,"Pricing","11","","Tom Kurvers",""
1990-91,"Pricing","12","","Ulf Dahlen VAR",""
1990-91,"Pricing","12","","Ulf Dahlen VAR",""
1990-91,"Pricing","13","","Bernie Nicholls",""
1990-91,"Pricing","14","","Peter Sidorkiewicz",""
1990-91,"Pricing","15","","Peter Zezel",""
1990-91,"Pricing","16","","Mike Hartman RC, VAR",""
1990-91,"Pricing","16","","Mike Hartman RC, VAR",""
1990-91,"Pricing","17","","Los Angeles Kings TC, VAR",""
1990-91,"Pricing","17","","Los Angeles Kings TC, VAR",""
1990-91,"Pricing","18","","Jim Sandlak",""
1990-91,"Pricing","19","","Rob Brown",""
1990-91,"Pricing","20","","Paul Ranheim RC, VAR",""
1990-91,"Pricing","20","","Paul Ranheim RC, VAR",""
1990-91,"Pricing","21","","Rick Zombo RC",""
1990-91,"Pricing","22","","Paul Gillis",""
1990-91,"Pricing","23","","Brian Hayward",""
1990-91,"Pricing","24","","Brent Ashton",""
1990-91,"Pricing","25","","Mark Lamb RC",""
1990-91,"Pricing","26","","Rick Tocchet",""
1990-91,"Pricing","27","","Viacheslav Fetisov RC",""
1990-91,"Pricing","28","","Denis Savard",""
1990-91,"Pricing","29","","Chris Chelios",""
1990-91,"Pricing","30","","Janne Ojanen RC, VAR",""
1990-91,"Pricing","30","","Janne Ojanen RC, VAR",""
1990-91,"Pricing","31","","Don Maloney",""
1990-91,"Pricing","32","","Allan Bester",""
1990-91,"Pricing","33","","Geoff Smith RC",""
1990-91,"Pricing","34","","Daniel Shank RC",""
1990-91,"Pricing","35","","Mikael Andersson RC",""
1990-91,"Pricing","36","","Gino Cavallini",""
1990-91,"Pricing","37","","Rob Murphy TP, RC",""
1990-91,"Pricing","38","","Calgary Flames TC, VAR",""
1990-91,"Pricing","38","","Calgary Flames TC, VAR",""
1990-91,"Pricing","39","","Laurie Boschman",""
1990-91,"Pricing","40","","Craig Wolanin RC",""
1990-91,"Pricing","41","","Phil Bourque VAR",""
1990-91,"Pricing","41","","Phil Bourque VAR",""
1990-91,"Pricing","42","","Alexander Mogilny RC, VAR",""
1990-91,"Pricing","42","","Alexander Mogilny RC, VAR",""
1990-91,"Pricing","43","","Ray Bourque VAR",""
1990-91,"Pricing","43","","Ray Bourque VAR",""
1990-91,"Pricing","44","","Mike Liut VAR",""
1990-91,"Pricing","44","","Mike Liut VAR",""
1990-91,"Pricing","45","","Ron Sutter VAR",""
1990-91,"Pricing","45","","Ron Sutter VAR",""
1990-91,"Pricing","46","","Bob Kudelski RC, UER",""
1990-91,"Pricing","47","","Larry Murphy",""
1990-91,"Pricing","48","","Darren Turcotte RC",""
1990-91,"Pricing","49","","Paul Ysebaert TP, RC, VAR",""
1990-91,"Pricing","49","","Paul Ysebaert TP, RC, VAR",""
1990-91,"Pricing","50","","Alan Kerr",""
1990-91,"Pricing","51","","Randy Carlyle",""
1990-91,"Pricing","52","","Iiro Jarvi",""
1990-91,"Pricing","53","","Don Barber RC, VAR",""
1990-91,"Pricing","53","","Don Barber RC, VAR",""
1990-91,"Pricing","54","","Carey Wilson UER",""
1990-91,"Pricing","55","","Joe Kocur RC",""
1990-91,"Pricing","56","","Steve Larmer",""
1990-91,"Pricing","57","","Paul Cavallini",""
1990-91,"Pricing","58","","Shayne Corson",""
1990-91,"Pricing","59","","Vancouver Canucks TC, VAR",""
1990-91,"Pricing","59","","Vancouver Canucks TC, VAR",""
1990-91,"Pricing","60","","Sergei Makarov RC, VAR",""
1990-91,"Pricing","60","","Sergei Makarov RC, VAR",""
1990-91,"Pricing","61","","Kjell Samuelsson",""
1990-91,"Pricing","62","","Tony Granato",""
1990-91,"Pricing","63","","Tom Fergus",""
1990-91,"Pricing","64","","Martin Gelinas RC",""
1990-91,"Pricing","65","","Tom Barrasso",""
1990-91,"Pricing","66","","Pierre Turgeon",""
1990-91,"Pricing","67","","Randy Cunneyworth",""
1990-91,"Pricing","68","","Michal Pivonka RC",""
1990-91,"Pricing","69","","Cam Neely",""
1990-91,"Pricing","70","","Brian Bellows",""
1990-91,"Pricing","71","","Pat Elynuik",""
1990-91,"Pricing","72","","Doug Crossman UER",""
1990-91,"Pricing","73","","Sylvain Turgeon",""
1990-91,"Pricing","74","","Shawn Burr",""
1990-91,"Pricing","75","","John Vanbiesbrouck",""
1990-91,"Pricing","76","","Steve Bozek",""
1990-91,"Sell Sheets / Ads","Baseball
        Basketball
        Boxing
        Cricket
        Football
        Gaming
        Golf
        Hockey
        Misc Sports
        MMA
        Multi-Sport
        Non-Sport
        Racing
        Soccer
        Tennis
        Wrestling","","",""
1990-91,"Trivia","Baseball
        Basketball
        Boxing
        Cricket
        Football
        Gaming
        Golf
        Hockey
        Misc Sports
        MMA
        Multi-Sport
        Non-Sport
        Racing
        Soccer
        Tennis
        Wrestling","","",""
1990-91,"Videos","Baseball
        Basketball
        Boxing
        Cricket
        Football
        Gaming
        Golf
        Hockey
        Misc Sports
        MMA
        Multi-Sport
        Non-Sport
        Racing
        Soccer
        Tennis
        Wrestling","","",""
1990-91,"Videos","Posted by: jonssportscards
Apr 18, 2022 - 12:14PM","Posted by: jonssportscards
Apr 18, 2022 - 12:14PM","",""
1990-91,"External Links","Baseball
        Basketball
        Boxing
        Cricket
        Football
        Gaming
        Golf
        Hockey
        Misc Sports
        MMA
        Multi-Sport
        Non-Sport
        Racing
        Soccer
        Tennis
        Wrestling","","",""
1990-91,"Contributors","Baseball
        Basketball
        Boxing
        Cricket
        Football
        Gaming
        Golf
        Hockey
        Misc Sports
        MMA
        Multi-Sport
        Non-Sport
        Racing
        Soccer
        Tennis
        Wrestling","","",""
1990-91,"Contributors","Member	Total
1.	thesemers	568
2.	bronnerea	142
3.	Gunny	64
4.	rds332000	59
5.	Dixxy	54
6.	OogaBooga	52
7.	reakins	52
8.	SnoopyB97	12
9.	ssabreman	12
10.	AVAYA	6
11.	Chandler	6
12.	Nigel Taylor	6
13.	Quintessence	4
14.	ChuckyGilz	2
15.	ComposerMike	2
16.	DanD	2
17.	SaveDaKid	2
18.	carthage44	2
19.	dobbie	2
20.	rosconiner1	2
21.	sltyeager	2
22.	srt4gurl	1","","Member","Total"
1990-91,"Contributors","","Member","Total",""
1990-91,"Contributors","1.","thesemers","568",""
1990-91,"Contributors","2.","bronnerea","142",""
1990-91,"Contributors","3.","Gunny","64",""
1990-91,"Contributors","4.","rds332000","59",""
1990-91,"Contributors","5.","Dixxy","54",""
1990-91,"Contributors","6.","OogaBooga","52",""
1990-91,"Contributors","7.","reakins","52",""
1990-91,"Contributors","8.","SnoopyB97","12",""
1990-91,"Contributors","9.","ssabreman","12",""
1990-91,"Contributors","10.","AVAYA","6",""
1990-91,"Contributors","11.","Chandler","6",""
1990-91,"Contributors","12.","Nigel Taylor","6",""
1990-91,"Contributors","13.","Quintessence","4",""
1990-91,"Contributors","14.","ChuckyGilz","2",""
1990-91,"Contributors","15.","ComposerMike","2",""
1990-91,"Contributors","16.","DanD","2",""
1990-91,"Contributors","17.","SaveDaKid","2",""
1990-91,"Contributors","18.","carthage44","2",""
1990-91,"Contributors","19.","dobbie","2",""
1990-91,"Contributors","20.","rosconiner1","2",""
1990-91,"Contributors","21.","sltyeager","2",""
1990-91,"Contributors","22.","srt4gurl","1",""
1990-91,"Contributors","Member	Total
1.	Jimzan	1","","Member","Total"
1990-91,"Contributors","","Member","Total",""
1990-91,"Contributors","1.","Jimzan","1",""
1990-91,"Contributors","Member	Total
1.	E180TEKNO	1
2.	Phil	1
3.	brady101	1","","Member","Total"
1990-91,"Contributors","","Member","Total",""
1990-91,"Contributors","1.","E180TEKNO","1",""
1990-91,"Contributors","2.","Phil","1",""
1990-91,"Contributors","3.","brady101","1",""
1990-91,"Contributors","Member	Total
1.	reakins	12
2.	Billy Kingsley	5
3.	engineer67	3
4.	AVAYA	2
5.	Sturgeonfishie	1
6.	thesemers	1","","Member","Total"
1990-91,"Contributors","","Member","Total",""
1990-91,"Contributors","1.","reakins","12",""
1990-91,"Contributors","2.","Billy Kingsley","5",""
1990-91,"Contributors","3.","engineer67","3",""
1990-91,"Contributors","4.","AVAYA","2",""
1990-91,"Contributors","5.","Sturgeonfishie","1",""
1990-91,"Contributors","6.","thesemers","1",""
1990-91,"Contributors","Member	Total
1.	Jarde	3
2.	dollar guy	2
3.	Theron_Nett	1","","Member","Total"
1990-91,"Contributors","","Member","Total",""
1990-91,"Contributors","1.","Jarde","3",""
1990-91,"Contributors","2.","dollar guy","2",""
1990-91,"Contributors","3.","Theron_Nett","1",""
1990-91,"Contributors","Member	Total
1.	jonssportscards	1","","Member","Total"
1990-91,"Contributors","","Member","Total",""
1990-91,"Contributors","1.","jonssportscards","1",""
1990-91,"Glossary","Baseball
        Basketball
        Boxing
        Cricket
        Football
        Gaming
        Golf
        Hockey
        Misc Sports
        MMA
        Multi-Sport
        Non-Sport
        Racing
        Soccer
        Tennis
        Wrestling","","",""
1990-91,"Gallery","Baseball
        Basketball
        Boxing
        Cricket
        Football
        Gaming
        Golf
        Hockey
        Misc Sports
        MMA
        Multi-Sport
        Non-Sport
        Racing
        Soccer
        Tennis
        Wrestling","","",""
1990-91,"Card Rankings","Baseball
        Basketball
        Boxing
        Cricket
        Football
        Gaming
        Golf
        Hockey
        Misc Sports
        MMA
        Multi-Sport
        Non-Sport
        Racing
        Soccer
        Tennis
        Wrestling","","",""
1990-91,"Card Rankings","1.","","",""
1990-91,"Card Rankings","2.","","",""
1990-91,"Card Rankings","3.","","",""
1990-91,"Card Rankings","4.","","",""
1990-91,"Card Rankings","5.","","",""
1990-91,"Card Rankings","6.","","",""
1990-91,"Card Rankings","7.","","",""
1990-91,"Card Rankings","8.","","",""
1990-91,"Card Rankings","9.","","",""
1990-91,"Card Rankings","10.","","",""
1990-91,"Card Rankings","11.","","",""
1990-91,"Card Rankings","12.","","",""
1990-91,"Card Rankings","13.","","",""
1990-91,"Card Rankings","14.","","",""
1990-91,"Card Rankings","15.","","",""
1990-91,"Card Rankings","16.","","",""
1990-91,"Card Rankings","17.","","",""
1990-91,"Card Rankings","18.","","",""
1990-91,"Card Rankings","19.","","",""
1990-91,"Card Rankings","20.","","",""
1990-91,"Card Rankings","21.","","",""
1990-91,"Card Rankings","22.","","",""
1990-91,"Card Rankings","23.","","",""
1990-91,"Card Rankings","24.","","",""
1990-91,"Card Rankings","25.","","",""
1990-91,"Card Rankings","26.","","",""
1990-91,"Card Rankings","27.","","",""
1990-91,"Card Rankings","28.","","",""
1990-91,"Card Rankings","29.","","",""
1990-91,"Card Rankings","30.","","",""
1990-91,"Card Rankings","31.","","",""
1990-91,"Card Rankings","32.","","",""
1990-91,"Card Rankings","33.","","",""
1990-91,"Card Rankings","34.","","",""
1990-91,"Card Rankings","35.","","",""
1990-91,"Card Rankings","36.","","",""
1990-91,"Card Rankings","37.","","",""
1990-91,"Card Rankings","38.","","",""
1990-91,"Card Rankings","39.","","",""
1990-91,"Card Rankings","40.","","",""
1990-91,"Card Rankings","41.","","",""
1990-91,"Card Rankings","42.","","",""
1990-91,"Card Rankings","43.","","",""
1990-91,"Card Rankings","44.","","",""
1990-91,"Card Rankings","45.","","",""
1990-91,"Card Rankings","46.","","",""
1990-91,"Card Rankings","47.","","",""
1990-91,"Card Rankings","48.","","",""
1990-91,"Card Rankings","49.","","",""
1990-91,"Card Rankings","50.","","",""
1990-91,"Card Rankings","51.","","",""
1990-91,"Card Rankings","52.","","",""
1990-91,"Card Rankings","53.","","",""
1990-91,"Card Rankings","54.","","",""
1990-91,"Card Rankings","55.","","",""
1990-91,"Card Rankings","56.","","",""
1990-91,"Card Rankings","57.","","",""
1990-91,"Card Rankings","58.","","",""
1990-91,"Card Rankings","59.","","",""
1990-91,"Card Rankings","60.","","",""
1990-91,"Card Rankings","61.","","",""
1990-91,"Card Rankings","62.","","",""
1990-91,"Card Rankings","63.","","",""
1990-91,"Card Rankings","64.","","",""
1990-91,"Card Rankings","65.","","",""
1990-91,"Card Rankings","66.","","",""
1990-91,"Card Rankings","67.","","",""
1990-91,"Card Rankings","68.","","",""
1990-91,"Card Rankings","69.","","",""
1990-91,"Card Rankings","70.","","",""
1990-91,"Card Rankings","71.","","",""
1990-91,"Card Rankings","72.","","",""
1990-91,"Card Rankings","73.","","",""
1990-91,"Card Rankings","74.","","",""
1990-91,"Card Rankings","75.","","",""
1990-91,"Card Rankings","76.","","",""
1990-91,"Card Rankings","77.","","",""
1990-91,"Card Rankings","78.","","",""
1990-91,"Card Rankings","79.","","",""
1990-91,"Card Rankings","80.","","",""
1990-91,"Card Rankings","81.","","",""
1990-91,"Card Rankings","82.","","",""
1990-91,"Card Rankings","83.","","",""
1990-91,"Card Rankings","84.","","",""
1990-91,"Card Rankings","85.","","",""
1990-91,"Card Rankings","86.","","",""
1990-91,"Card Rankings","87.","","",""
1990-91,"Card Rankings","88.","","",""
1990-91,"Card Rankings","89.","","",""
1990-91,"Card Rankings","90.","","",""
1990-91,"Card Rankings","91.","","",""
1990-91,"Card Rankings","92.","","",""
1990-91,"Card Rankings","93.","","",""
1990-91,"Card Rankings","94.","","",""
1990-91,"Card Rankings","95.","","",""
1990-91,"Card Rankings","96.","","",""
1990-91,"Card Rankings","97.","","",""
1990-91,"Card Rankings","98.","","",""
1990-91,"Card Rankings","99.","","",""
1990-91,"Card Rankings","100.","","",""
1990-91,"Collection Summary","Baseball
        Basketball
        Boxing
        Cricket
        Football
        Gaming
        Golf
        Hockey
        Misc Sports
        MMA
        Multi-Sport
        Non-Sport
        Racing
        Soccer
        Tennis
        Wrestling","","",""
1990-91,"Box Bottom Panels","Baseball
        Basketball
        Boxing
        Cricket
        Football
        Gaming
        Golf
        Hockey
        Misc Sports
        MMA
        Multi-Sport
        Non-Sport
        Racing
        Soccer
        Tennis
        Wrestling","","",""
1990-91,"Box Bottom Panels","","","",""
1990-91,"Box Bottom Panels","","","",""
1990-91,"Box Bottom Panels","","","",""
1990-91,"Box Bottom Panels","","","",""
1990-91,"Box Bottoms","Baseball
        Basketball
        Boxing
        Cricket
        Football
        Gaming
        Golf
        Hockey
        Misc Sports
        MMA
        Multi-Sport
        Non-Sport
        Racing
        Soccer
        Tennis
        Wrestling","","",""
1990-91,"Box Bottoms","","","",""
1990-91,"Box Bottoms","","","",""
1990-91,"Box Bottoms","","","",""
1990-91,"Box Bottoms","","","",""
1990-91,"Box Bottoms","","","",""
1990-91,"Box Bottoms","","","",""
1990-91,"Box Bottoms","","","",""
1990-91,"Box Bottoms","","","",""
1990-91,"Box Bottoms","","","",""
1990-91,"Box Bottoms","","","",""
1990-91,"Box Bottoms","","","",""
1990-91,"Box Bottoms","","","",""
1990-91,"Box Bottoms","","","",""
1990-91,"Box Bottoms","","","",""
1990-91,"Box Bottoms","","","",""
1990-91,"Box Bottoms","","","",""
1990-91,"Team Scoring Leaders","Baseball
        Basketball
        Boxing
        Cricket
        Football
        Gaming
        Golf
        Hockey
        Misc Sports
        MMA
        Multi-Sport
        Non-Sport
        Racing
        Soccer
        Tennis
        Wrestling","","",""
1990-91,"Team Scoring Leaders","","","",""
1990-91,"Team Scoring Leaders","","","",""
1990-91,"Team Scoring Leaders","","","",""
1990-91,"Team Scoring Leaders","","","",""
1990-91,"Team Scoring Leaders","","","",""
1990-91,"Team Scoring Leaders","","","",""
1990-91,"Team Scoring Leaders","","","",""
1990-91,"Team Scoring Leaders","","","",""
1990-91,"Team Scoring Leaders","","","",""
1990-91,"Team Scoring Leaders","","","",""
1990-91,"Team Scoring Leaders","","","",""
1990-91,"Team Scoring Leaders","","","",""
1990-91,"Team Scoring Leaders","","","",""
1990-91,"Team Scoring Leaders","","","",""
1990-91,"Team Scoring Leaders","","","",""
1990-91,"Team Scoring Leaders","","","",""
1990-91,"Team Scoring Leaders","","","",""
1990-91,"Team Scoring Leaders","","","",""
1990-91,"Team Scoring Leaders","","","",""
1990-91,"Team Scoring Leaders","","","",""
1990-91,"Team Scoring Leaders","","","",""
1990-91,"Team Scoring Leaders Collector's Edition (Tiffany)","Baseball
        Basketball
        Boxing
        Cricket
        Football
        Gaming
        Golf
        Hockey
        Misc Sports
        MMA
        Multi-Sport
        Non-Sport
        Racing
        Soccer
        Tennis
        Wrestling","","",""
1990-91,"Team Scoring Leaders Collector's Edition (Tiffany)","","","",""
1990-91,"Team Scoring Leaders Collector's Edition (Tiffany)","","","",""
1990-91,"Team Scoring Leaders Collector's Edition (Tiffany)","","","",""
1990-91,"Team Scoring Leaders Collector's Edition (Tiffany)","","","",""
1990-91,"Team Scoring Leaders Collector's Edition (Tiffany)","","","",""
1990-91,"Team Scoring Leaders Collector's Edition (Tiffany)","","","",""
1990-91,"Team Scoring Leaders Collector's Edition (Tiffany)","","","",""
1990-91,"Team Scoring Leaders Collector's Edition (Tiffany)","","","",""
1990-91,"Team Scoring Leaders Collector's Edition (Tiffany)","","","",""
1990-91,"Team Scoring Leaders Collector's Edition (Tiffany)","","","",""
1990-91,"Team Scoring Leaders Collector's Edition (Tiffany)","","","",""
1990-91,"Team Scoring Leaders Collector's Edition (Tiffany)","","","",""
1990-91,"Team Scoring Leaders Collector's Edition (Tiffany)","","","",""
1990-91,"Team Scoring Leaders Collector's Edition (Tiffany)","","","",""
1990-91,"Team Scoring Leaders Collector's Edition (Tiffany)","","","",""
1990-91,"Team Scoring Leaders Collector's Edition (Tiffany)","","","",""
1990-91,"Team Scoring Leaders Collector's Edition (Tiffany)","","","",""
1990-91,"Team Scoring Leaders Collector's Edition (Tiffany)","","","",""
1990-91,"Team Scoring Leaders Collector's Edition (Tiffany)","","","",""
1990-91,"Team Scoring Leaders Collector's Edition (Tiffany)","","","",""
1990-91,"Team Scoring Leaders Collector's Edition (Tiffany)","","","",""
1990-91,"Collector's Edition (Tiffany)","Baseball
        Basketball
        Boxing
        Cricket
        Football
        Gaming
        Golf
        Hockey
        Misc Sports
        MMA
        Multi-Sport
        Non-Sport
        Racing
        Soccer
        Tennis
        Wrestling","","",""
1990-91,"Collector's Edition (Tiffany)","","","",""
1990-91,"Collector's Edition (Tiffany)","","","",""
1990-91,"Collector's Edition (Tiffany)","","","",""
1990-91,"Collector's Edition (Tiffany)","","","",""
1990-91,"Collector's Edition (Tiffany)","","","",""
1990-91,"Collector's Edition (Tiffany)","","","",""
1990-91,"Collector's Edition (Tiffany)","","","",""
1990-91,"Collector's Edition (Tiffany)","","","",""
1990-91,"Collector's Edition (Tiffany)","","","",""
1990-91,"Collector's Edition (Tiffany)","","","",""
1990-91,"Collector's Edition (Tiffany)","","","",""
1990-91,"Collector's Edition (Tiffany)","","","",""
1990-91,"Collector's Edition (Tiffany)","","","",""
1990-91,"Collector's Edition (Tiffany)","","","",""
1990-91,"Collector's Edition (Tiffany)","","","",""
1990-91,"Collector's Edition (Tiffany)","","","",""
1990-91,"Collector's Edition (Tiffany)","","","",""
1990-91,"Collector's Edition (Tiffany)","","","",""
1990-91,"Collector's Edition (Tiffany)","","","",""
1990-91,"Collector's Edition (Tiffany)","","","",""
1990-91,"Collector's Edition (Tiffany)","","","",""
1990-91,"Collector's Edition (Tiffany)","","","",""
1990-91,"Collector's Edition (Tiffany)","","","",""
1990-91,"Collector's Edition (Tiffany)","","","",""
1990-91,"Collector's Edition (Tiffany)","","","",""
1990-91,"Collector's Edition (Tiffany)","","","",""
1990-91,"Collector's Edition (Tiffany)","","","",""
1990-91,"Collector's Edition (Tiffany)","","","",""
1990-91,"Collector's Edition (Tiffany)","","","",""
1990-91,"Collector's Edition (Tiffany)","","","",""
1990-91,"Collector's Edition (Tiffany)","","","",""
1990-91,"Collector's Edition (Tiffany)","","","",""
1990-91,"Collector's Edition (Tiffany)","","","",""
1990-91,"Collector's Edition (Tiffany)","","","",""
1990-91,"Collector's Edition (Tiffany)","","","",""
1990-91,"Collector's Edition (Tiffany)","","","",""
1990-91,"Collector's Edition (Tiffany)","","","",""
1990-91,"Collector's Edition (Tiffany)","","","",""
1990-91,"Collector's Edition (Tiffany)","","","",""
1990-91,"Collector's Edition (Tiffany)","","","",""
1990-91,"Collector's Edition (Tiffany)","","","",""
1990-91,"Collector's Edition (Tiffany)","","","",""
1990-91,"Collector's Edition (Tiffany)","","","",""
1990-91,"Collector's Edition (Tiffany)","","","",""
1990-91,"Collector's Edition (Tiffany)","","","",""
1990-91,"Collector's Edition (Tiffany)","","","",""
1990-91,"Collector's Edition (Tiffany)","","","",""
1990-91,"Collector's Edition (Tiffany)","","","",""
1990-91,"Collector's Edition (Tiffany)","","","",""
1990-91,"Collector's Edition (Tiffany)","","","",""
1990-91,"Collector's Edition (Tiffany)","","","",""
1990-91,"Collector's Edition (Tiffany)","","","",""
1990-91,"Collector's Edition (Tiffany)","","","",""
1990-91,"Collector's Edition (Tiffany)","","","",""
1990-91,"Collector's Edition (Tiffany)","","","",""
1990-91,"Collector's Edition (Tiffany)","","","",""
1990-91,"Collector's Edition (Tiffany)","","","",""
1990-91,"Collector's Edition (Tiffany)","","","",""
1990-91,"Collector's Edition (Tiffany)","","","",""
1990-91,"Collector's Edition (Tiffany)","","","",""
1990-91,"Collector's Edition (Tiffany)","","","",""
1990-91,"Collector's Edition (Tiffany)","","","",""
1990-91,"Collector's Edition (Tiffany)","","","",""
1990-91,"Collector's Edition (Tiffany)","","","",""
1990-91,"Collector's Edition (Tiffany)","","","",""
1990-91,"Collector's Edition (Tiffany)","","","",""
1990-91,"Collector's Edition (Tiffany)","","","",""
1990-91,"Collector's Edition (Tiffany)","","","",""
1990-91,"Collector's Edition (Tiffany)","","","",""
1990-91,"Collector's Edition (Tiffany)","","","",""
1990-91,"Collector's Edition (Tiffany)","","","",""
1990-91,"Collector's Edition (Tiffany)","","","",""
1990-91,"Collector's Edition (Tiffany)","","","",""
1990-91,"Collector's Edition (Tiffany)","","","",""
1990-91,"Collector's Edition (Tiffany)","","","",""
1990-91,"Collector's Edition (Tiffany)","","","",""
1990-91,"Collector's Edition (Tiffany)","","","",""
1990-91,"Collector's Edition (Tiffany)","","","",""
1990-91,"Collector's Edition (Tiffany)","","","",""
1990-91,"Collector's Edition (Tiffany)","","","",""
1990-91,"Collector's Edition (Tiffany)","","","",""
1990-91,"Collector's Edition (Tiffany)","","","",""
1990-91,"Collector's Edition (Tiffany)","","","",""
1990-91,"Collector's Edition (Tiffany)","","","",""
1990-91,"Collector's Edition (Tiffany)","","","",""
1990-91,"Collector's Edition (Tiffany)","","","",""
1990-91,"Collector's Edition (Tiffany)","","","",""
1990-91,"Collector's Edition (Tiffany)","","","",""
1990-91,"Collector's Edition (Tiffany)","","","",""
1990-91,"Collector's Edition (Tiffany)","","","",""
1990-91,"Collector's Edition (Tiffany)","","","",""
1990-91,"Collector's Edition (Tiffany)","","","",""
1990-91,"Collector's Edition (Tiffany)","","","",""
1990-91,"Collector's Edition (Tiffany)","","","",""
1990-91,"Collector's Edition (Tiffany)","","","",""
1990-91,"Collector's Edition (Tiffany)","","","",""
1990-91,"Collector's Edition (Tiffany)","","","",""
1990-91,"Collector's Edition (Tiffany)","","","",""
1990-91,"Collector's Edition (Tiffany)","","","",""
1990-91,"Collector's Edition (Tiffany)","","","",""
1990-91,"Base Set","Baseball
        Basketball
        Boxing
        Cricket
        Football
        Gaming
        Golf
        Hockey
        Misc Sports
        MMA
        Multi-Sport
        Non-Sport
        Racing
        Soccer
        Tennis
        Wrestling","","",""
1990-91,"Base Set","","","","1"
1990-91,"Base Set","","","",""
1990-91,"Base Set","","","",""
1990-91,"Base Set","","","",""
1990-91,"Base Set","","","",""
1990-91,"Base Set","","","",""
1990-91,"Base Set","","","","2"
1990-91,"Base Set","","","",""
1990-91,"Base Set","","","",""
1990-91,"Base Set","","","",""
1990-91,"Base Set","","","",""
1990-91,"Base Set","","","",""
1990-91,"Base Set","","","","3"
1990-91,"Base Set","","","",""
1990-91,"Base Set","","","",""
1990-91,"Base Set","","","",""
1990-91,"Base Set","","","",""
1990-91,"Base Set","","","","4"
1990-91,"Base Set","","","",""
1990-91,"Base Set","","","",""
1990-91,"Base Set","","","",""
1990-91,"Base Set","","","",""
1990-91,"Base Set","","","",""
1990-91,"Base Set","","","","5"
1990-91,"Base Set","","","",""
1990-91,"Base Set","","","",""
1990-91,"Base Set","","","",""
1990-91,"Base Set","","","",""
1990-91,"Base Set","","","",""
1990-91,"Base Set","","","","6"
1990-91,"Base Set","","","",""
1990-91,"Base Set","","","",""
1990-91,"Base Set","","","",""
1990-91,"Base Set","","","",""
1990-91,"Base Set","","","",""
1990-91,"Base Set","","","","7"
1990-91,"Base Set","","","",""
1990-91,"Base Set","","","",""
1990-91,"Base Set","","","",""
1990-91,"Base Set","","","",""
1990-91,"Base Set","","","",""
1990-91,"Base Set","","","","8"
1990-91,"Base Set","","","",""
1990-91,"Base Set","","","",""
1990-91,"Base Set","","","",""
1990-91,"Base Set","","","",""
1990-91,"Base Set","","","",""
1990-91,"Base Set","","","","9"
1990-91,"Base Set","","","",""
1990-91,"Base Set","","","",""
1990-91,"Base Set","","","",""
1990-91,"Base Set","","","",""
1990-91,"Base Set","","","",""
1990-91,"Base Set","","","","10"
1990-91,"Base Set","","","",""
1990-91,"Base Set","","","",""
1990-91,"Base Set","","","",""
1990-91,"Base Set","","","",""
1990-91,"Base Set","","","",""
1990-91,"Base Set","","","","11"
1990-91,"Base Set","","","",""
1990-91,"Base Set","","","",""
1990-91,"Base Set","","","",""
1990-91,"Base Set","","","",""
1990-91,"Base Set","","","",""
1990-91,"Base Set","","","","12"
1990-91,"Base Set","","","",""
1990-91,"Base Set","","","",""
1990-91,"Base Set","","","",""
1990-91,"Base Set","","","",""
1990-91,"Base Set","","","",""
1990-91,"Base Set","","","","13"
1990-91,"Base Set","","","",""
1990-91,"Base Set","","","",""
1990-91,"Base Set","","","",""
1990-91,"Base Set","","","",""
1990-91,"Base Set","","","",""
1990-91,"Base Set","","","","14"
1990-91,"Base Set","","","",""
1990-91,"Base Set","","","",""
1990-91,"Base Set","","","",""
1990-91,"Base Set","","","",""
1990-91,"Base Set","","","",""
1990-91,"Base Set","","","","15"
1990-91,"Base Set","","","",""
1990-91,"Base Set","","","",""
1990-91,"Base Set","","","",""
1990-91,"Base Set","","","",""
1990-91,"Base Set","","","",""
1990-91,"Base Set","","","","16"
1990-91,"Base Set","","","",""
1990-91,"Base Set","","","",""
1990-91,"Base Set","","","",""
1990-91,"Base Set","","","",""
1990-91,"Base Set","","","",""
1990-91,"Base Set","","","","17"
1990-91,"Base Set","","","",""
1990-91,"Base Set","","","",""
1990-91,"Base Set","","","",""
1990-91,"Base Set","","","",""
1990-91,"Base Set","","","",""
1990-91,"Base Set","","","","18"
1990-91,"Base Set","","","",""
1990-91,"Base Set","","","",""
1990-91,"Base Set","","","",""
1990-91,"Base Set","","","",""
1990-91,"Base Set","","","",""
1990-91,"Base Set","","","","19"
1990-91,"Base Set","","","",""
1990-91,"Base Set","","","",""
1990-91,"Base Set","","","",""
1990-91,"Base Set","","","",""
1990-91,"Base Set","","","",""
1990-91,"Base Set","","","","20"
1990-91,"Base Set","","","",""
1990-91,"Base Set","","","",""
1990-91,"Base Set","","","",""
1990-91,"Base Set","","","",""
1990-91,"Base Set","","","",""
1990-91,"Base Set","","","","21"
1990-91,"Base Set","","","",""
1990-91,"Base Set","","","",""
1990-91,"Base Set","","","",""
1990-91,"Base Set","","","",""
1990-91,"Base Set","","","",""
1990-91,"Base Set","","","","22"
1990-91,"Base Set","","","",""
1990-91,"Base Set","","","",""
1990-91,"Base Set","","","",""
1990-91,"Base Set","","","",""
1990-91,"Base Set","","","",""
1990-91,"Base Set","","","","23"
1990-91,"Base Set","","","",""
1990-91,"Base Set","","","",""
1990-91,"Base Set","","","",""
1990-91,"Base Set","","","",""
1990-91,"Base Set","","","",""
1990-91,"Base Set","","","","24"
1990-91,"Base Set","","","",""
1990-91,"Base Set","","","",""
1990-91,"Base Set","","","",""
1990-91,"Base Set","","","",""
1990-91,"Base Set","","","",""
1990-91,"Base Set","","","","25"
1990-91,"Base Set","","","",""
1990-91,"Base Set","","","",""
1990-91,"Base Set","","","",""
1990-91,"Base Set","","","",""
1990-91,"Base Set","","","",""
1990-91,"Base Set","","","","26"
1990-91,"Base Set","","","",""
1990-91,"Base Set","","","",""
1990-91,"Base Set","","","",""
1990-91,"Base Set","","","",""
1990-91,"Base Set","","","",""
1990-91,"Base Set","","","","27"
1990-91,"Base Set","","","",""
1990-91,"Base Set","","","",""
1990-91,"Base Set","","","",""
1990-91,"Base Set","","","",""
1990-91,"Base Set","","","",""
1990-91,"Base Set","","","","28"
1990-91,"Base Set","","","",""
1990-91,"Base Set","","","",""
1990-91,"Base Set","","","",""
1990-91,"Base Set","","","",""
1990-91,"Base Set","","","",""
1990-91,"Base Set","","","","29"
1990-91,"Base Set","","","",""
1990-91,"Base Set","","","",""
1990-91,"Base Set","","","",""
1990-91,"Base Set","","","",""
1990-91,"Base Set","","","",""
1990-91,"Base Set","","","","30"
1990-91,"Base Set","","","",""
1990-91,"Base Set","","","",""
1990-91,"Base Set","","","",""
1990-91,"Base Set","","","",""
1990-91,"Base Set","","","",""
1990-91,"Base Set","","","","31"
1990-91,"Base Set","","","",""
1990-91,"Base Set","","","",""
1990-91,"Base Set","","","",""
1990-91,"Base Set","","","",""
1990-91,"Base Set","","","",""
1990-91,"Base Set","","","","32"
1990-91,"Base Set","","","",""
1990-91,"Base Set","","","",""
1990-91,"Base Set","","","",""
1990-91,"Base Set","","","",""
1990-91,"Base Set","","","",""
1990-91,"Base Set","","","","33"
1990-91,"Base Set","","","",""
1990-91,"Base Set","","","",""
1990-91,"Base Set","","","",""
1990-91,"Base Set","","","",""
1990-91,"Base Set","","","",""
1990-91,"Base Set","","","","34"
1990-91,"Base Set","","","",""
1990-91,"Base Set","","","",""
1990-91,"Base Set","","","",""
1990-91,"Base Set","","","",""
1990-91,"Base Set","","","",""
1990-91,"Base Set","","","","35"
1990-91,"Base Set","","","",""
1990-91,"Base Set","","","",""
1990-91,"Base Set","","","",""
1990-91,"Base Set","","","",""
1990-91,"Base Set","","","",""
1990-91,"Base Set","","","","36"
1990-91,"Base Set","","","",""
1990-91,"Base Set","","","",""
1990-91,"Base Set","","","",""
1990-91,"Base Set","","","",""
1990-91,"Base Set","","","",""
1990-91,"Base Set","","","","37"
1990-91,"Base Set","","","",""
1990-91,"Base Set","","","",""
1990-91,"Base Set","","","",""
1990-91,"Base Set","","","",""
1990-91,"Base Set","","","",""
1990-91,"Base Set","","","","38"
1990-91,"Base Set","","","",""
1990-91,"Base Set","","","",""
1990-91,"Base Set","","","",""
1990-91,"Base Set","","","",""
1990-91,"Base Set","","","",""
1990-91,"Base Set","","","","39"
1990-91,"Base Set","","","",""
1990-91,"Base Set","","","",""
1990-91,"Base Set","","","",""
1990-91,"Base Set","","","",""
1990-91,"Base Set","","","",""
1990-91,"Base Set","","","","40"
1990-91,"Base Set","","","",""
1990-91,"Base Set","","","",""
1990-91,"Base Set","","","",""
1990-91,"Base Set","","","",""
1990-91,"Base Set","","","",""
1990-91,"Base Set","","","","41"
1990-91,"Base Set","","","",""
1990-91,"Base Set","","","",""
1990-91,"Base Set","","","",""
1990-91,"Base Set","","","",""
1990-91,"Base Set","","","",""
1990-91,"Base Set","","","","42"
1990-91,"Base Set","","","",""
1990-91,"Base Set","","","",""
1990-91,"Base Set","","","",""
1990-91,"Base Set","","","",""
1990-91,"Base Set","","","",""
1990-91,"Base Set","","","","43"
1990-91,"Base Set","","","",""
1990-91,"Base Set","","","",""
1990-91,"Base Set","","","",""
1990-91,"Base Set","","","",""
1990-91,"Base Set","","","",""
1990-91,"Base Set","","","","44"
1990-91,"Base Set","","","",""
1990-91,"Base Set","","","",""
1990-91,"Base Set","","","",""
1990-91,"Base Set","","","",""
1990-91,"Base Set","","","",""
1990-91,"Base Set","","","","45"
1990-91,"Base Set","","","",""
1990-91,"Base Set","","","",""
1990-91,"Base Set","","","",""
1990-91,"Base Set","","","",""
1990-91,"Base Set","","","",""
1990-91,"Base Set","","","","46"
1990-91,"Base Set","","","",""
1990-91,"Base Set","","","",""
1990-91,"Base Set","","","",""
1990-91,"Base Set","","","",""
1990-91,"Base Set","","","",""
1990-91,"Base Set","","","","47"
1990-91,"Base Set","","","",""
1990-91,"Base Set","","","",""
1990-91,"Base Set","","","",""
1990-91,"Base Set","","","",""
1990-91,"Base Set","","","",""
1990-91,"Base Set","","","","48"
1990-91,"Base Set","","","",""
1990-91,"Base Set","","","",""
1990-91,"Base Set","","","",""
1990-91,"Base Set","","","",""
1990-91,"Base Set","","","",""
1990-91,"Base Set","","","","49"
1990-91,"Base Set","","","",""
1990-91,"Base Set","","","",""
1990-91,"Base Set","","","",""
1990-91,"Base Set","","","",""
1990-91,"Base Set","","","",""
1990-91,"Base Set","","","","50"
1990-91,"Base Set","","","",""
1990-91,"Base Set","","","",""
1990-91,"Base Set","","","",""
1990-91,"Base Set","","","",""
1990-91,"Base Set","","","",""
1990-91,"Base Set","","","","51"
1990-91,"Base Set","","","",""
1990-91,"Base Set","","","",""
1990-91,"Base Set","","","",""
1990-91,"Base Set","","","",""
1990-91,"Base Set","","","",""
1990-91,"Base Set","","","","52"
1990-91,"Base Set","","","",""
1990-91,"Base Set","","","",""
1990-91,"Base Set","","","",""
1990-91,"Base Set","","","",""
1990-91,"Base Set","","","",""
1990-91,"Base Set","","","","53"
1990-91,"Base Set","","","",""
1990-91,"Base Set","","","",""
1990-91,"Base Set","","","",""
1990-91,"Base Set","","","",""
1990-91,"Base Set","","","",""
1990-91,"Base Set","","","","54"
1990-91,"Base Set","","","",""
1990-91,"Base Set","","","",""
1990-91,"Base Set","","","",""
1990-91,"Base Set","","","",""
1990-91,"Base Set","","","",""
1990-91,"Base Set","","","","55"
1990-91,"Base Set","","","",""
1990-91,"Base Set","","","",""
1990-91,"Base Set","","","",""
1990-91,"Base Set","","","",""
1990-91,"Base Set","","","",""
1990-91,"Base Set","","","","56"
1990-91,"Base Set","","","",""
1990-91,"Base Set","","","",""
1990-91,"Base Set","","","",""
1990-91,"Base Set","","","",""
1990-91,"Base Set","","","",""
1990-91,"Base Set","","","","57"
1990-91,"Base Set","","","",""
1990-91,"Base Set","","","",""
1990-91,"Base Set","","","",""
1990-91,"Base Set","","","",""
1990-91,"Base Set","","","",""
1990-91,"Base Set","","","","58"
1990-91,"Base Set","","","",""
1990-91,"Base Set","","","",""
1990-91,"Base Set","","","",""
1990-91,"Base Set","","","",""
1990-91,"Base Set","","","","59"
1990-91,"Base Set","","","",""
1990-91,"Base Set","","","",""
1990-91,"Base Set","","","",""
1990-91,"Base Set","","","",""
1990-91,"Base Set","","","",""
1990-91,"Base Set","","","","60"
1990-91,"Base Set","","","",""
1990-91,"Base Set","","","",""
1990-91,"Base Set","","","",""
1990-91,"Base Set","","","",""
1990-91,"Base Set","","","",""
1990-91,"Base Set","","","","61"
1990-91,"Base Set","","","",""
1990-91,"Base Set","","","",""
1990-91,"Base Set","","","",""
1990-91,"Base Set","","","",""
1990-91,"Base Set","","","",""
1990-91,"Base Set","","","","62"
1990-91,"Base Set","","","",""
1990-91,"Base Set","","","",""
1990-91,"Base Set","","","",""
1990-91,"Base Set","","","",""
1990-91,"Base Set","","","",""
1990-91,"Base Set","","","","63"
1990-91,"Base Set","","","",""
1990-91,"Base Set","","","",""
1990-91,"Base Set","","","",""
1990-91,"Base Set","","","",""
1990-91,"Base Set","","","",""
1990-91,"Base Set","","","","64"
1990-91,"Base Set","","","",""
1990-91,"Base Set","","","",""
1990-91,"Base Set","","","",""
1990-91,"Base Set","","","",""
1990-91,"Base Set","","","",""
1990-91,"Base Set","","","","65"
1990-91,"Base Set","","","",""
1990-91,"Base Set","","","",""
1990-91,"Base Set","","","",""
1990-91,"Base Set","","","",""
1990-91,"Base Set","","","",""
1990-91,"Base Set","","","","66"
1990-91,"Base Set","","","",""
1990-91,"Base Set","","","",""
1990-91,"Base Set","","","",""
1990-91,"Base Set","","","",""
1990-91,"Base Set","","","",""
1990-91,"Base Set","","","","67"
1990-91,"Base Set","","","",""
1990-91,"Base Set","","","",""
1990-91,"Base Set","","","",""
1990-91,"Base Set","","","",""
1990-91,"Base Set","","","",""
1990-91,"Base Set","","","","68"
1990-91,"Base Set","","","",""
1990-91,"Base Set","","","",""
1990-91,"Base Set","","","",""
1990-91,"Base Set","","","",""
1990-91,"Base Set","","","",""
1990-91,"Base Set","","","","69"
1990-91,"Base Set","","","",""
1990-91,"Base Set","","","",""
1990-91,"Base Set","","","",""
1990-91,"Base Set","","","",""
1990-91,"Base Set","","","",""
1990-91,"Base Set","","","","70"
1990-91,"Base Set","","","",""
1990-91,"Base Set","","","",""
1990-91,"Base Set","","","",""
1990-91,"Base Set","","","",""
1990-91,"Base Set","","","",""
1990-91,"Base Set","","","","71"
1990-91,"Base Set","","","",""
1990-91,"Base Set","","","",""
1990-91,"Base Set","","","",""
1990-91,"Base Set","","","",""
1990-91,"Base Set","","","","72"
1990-91,"Base Set","","","",""
1990-91,"Base Set","","","",""
1990-91,"Base Set","","","",""
1990-91,"Base Set","","","",""
1990-91,"Base Set","","","",""
1990-91,"Base Set","","","","73"
1990-91,"Base Set","","","",""
1990-91,"Base Set","","","",""
1990-91,"Base Set","","","",""
1990-91,"Base Set","","","",""
1990-91,"Base Set","","","",""
1990-91,"Base Set","","","","74"
1990-91,"Base Set","","","",""
1990-91,"Base Set","","","",""
1990-91,"Base Set","","","",""
1990-91,"Base Set","","","",""
1990-91,"Base Set","","","",""
1990-91,"Base Set","","","","75"
1990-91,"Base Set","","","",""
1990-91,"Base Set","","","",""
1990-91,"Base Set","","","",""
1990-91,"Base Set","","","",""
1990-91,"Base Set","","","",""
1990-91,"Base Set","","","","76"
1990-91,"Base Set","","","",""
1990-91,"Base Set","","","",""
1990-91,"Base Set","","","",""
1990-91,"Base Set","","","",""
1990-91,"Base Set","","","",""
1990-91,"Base Set","","","","77"
1990-91,"Base Set","","","",""
1990-91,"Base Set","","","",""
1990-91,"Base Set","","","",""
1990-91,"Base Set","","","",""
1990-91,"Base Set","","","",""
1990-91,"Base Set","","","","78"
1990-91,"Base Set","","","",""
1990-91,"Base Set","","","",""
1990-91,"Base Set","","","",""
1990-91,"Base Set","","","",""
1990-91,"Base Set","","","",""
1990-91,"Base Set","","","","79"
1990-91,"Base Set","","","",""
1990-91,"Base Set","","","",""
1990-91,"Base Set","","","",""
1990-91,"Base Set","","","",""
1990-91,"Base Set","","","",""
1990-91,"Base Set","","","","80"
1990-91,"Base Set","","","",""
1990-91,"Base Set","","","",""
1990-91,"Base Set","","","",""
1990-91,"Base Set","","","",""
1990-91,"Base Set","","","",""
1990-91,"Base Set","","","","81"
1990-91,"Base Set","","","",""
1990-91,"Base Set","","","",""
1990-91,"Base Set","","","",""
1990-91,"Base Set","","","",""
1990-91,"Base Set","","","",""
1990-91,"Base Set","","","","82"
1990-91,"Base Set","","","",""
1990-91,"Base Set","","","",""
1990-91,"Base Set","","","",""
1990-91,"Base Set","","","",""
1990-91,"Base Set","","","",""
1990-91,"Base Set","","","","83"
1990-91,"Base Set","","","",""
1990-91,"Base Set","","","",""
1990-91,"Base Set","","","",""
1990-91,"Base Set","","","",""
1990-91,"Base Set","","","",""
1990-91,"Base Set","","","","84"
1990-91,"Base Set","","","",""
1990-91,"Base Set","","","",""
1990-91,"Base Set","","","",""
1990-91,"Base Set","","","",""
1990-91,"Base Set","","","",""
1990-91,"Base Set","","","","85"
1990-91,"Base Set","","","",""
1990-91,"Base Set","","","",""
1990-91,"Base Set","","","",""
1990-91,"Base Set","","","",""
1990-91,"Base Set","","","",""
1990-91,"Base Set","","","","86"
1990-91,"Base Set","","","",""
1990-91,"Base Set","","","",""
1990-91,"Base Set","","","",""
1990-91,"Base Set","","","",""
1990-91,"Base Set","","","",""
1990-91,"Base Set","","","","87"
1990-91,"Base Set","","","",""
1990-91,"Base Set","","","",""
1990-91,"Base Set","","","",""
1990-91,"Base Set","","","",""
1990-91,"Base Set","","","",""
1990-91,"Base Set","","","","88"
1990-91,"Base Set","","","",""
1990-91,"Base Set","","","",""
1990-91,"Base Set","","","",""
1990-91,"Base Set","","","",""
1990-91,"Base Set","","","",""
1990-91,"Base Set","","","","89"
1990-91,"Base Set","","","",""
1990-91,"Base Set","","","",""
1990-91,"Base Set","","","",""
1990-91,"Base Set","","","",""
1990-91,"Base Set","","","",""
1990-91,"Base Set","","","","90"
1990-91,"Base Set","","","",""
1990-91,"Base Set","","","",""
1990-91,"Base Set","","","",""
1990-91,"Base Set","","","",""
1990-91,"Base Set","","","",""
1990-91,"Base Set","","","","91"
1990-91,"Base Set","","","",""
1990-91,"Base Set","","","",""
1990-91,"Base Set","","","",""
1990-91,"Base Set","","","",""
1990-91,"Base Set","","","",""
1990-91,"Base Set","","","","92"
1990-91,"Base Set","","","",""
1990-91,"Base Set","","","",""
1990-91,"Base Set","","","",""
1990-91,"Base Set","","","",""
1990-91,"Base Set","","","",""
1990-91,"Base Set","","","","93"
1990-91,"Base Set","","","",""
1990-91,"Base Set","","","",""
1990-91,"Base Set","","","",""
1990-91,"Base Set","","","",""
1990-91,"Base Set","","","",""
1990-91,"Base Set","","","","94"
1990-91,"Base Set","","","",""
1990-91,"Base Set","","","",""
1990-91,"Base Set","","","",""
1990-91,"Base Set","","","",""
1990-91,"Base Set","","","",""
1990-91,"Base Set","","","","95"
1990-91,"Base Set","","","",""
1990-91,"Base Set","","","",""
1990-91,"Base Set","","","",""
1990-91,"Base Set","","","",""
1990-91,"Base Set","","","",""
1990-91,"Base Set","","","","96"
1990-91,"Base Set","","","",""
1990-91,"Base Set","","","",""
1990-91,"Base Set","","","",""
1990-91,"Base Set","","","",""
1990-91,"Base Set","","","",""
1990-91,"Base Set","","","","97"
1990-91,"Base Set","","","",""
1990-91,"Base Set","","","",""
1990-91,"Base Set","","","",""
1990-91,"Base Set","","","",""
1990-91,"Base Set","","","",""
1990-91,"Base Set","","","","98"
1990-91,"Base Set","","","",""
1990-91,"Base Set","","","",""
1990-91,"Base Set","","","",""
1990-91,"Base Set","","","",""
1990-91,"Base Set","","","",""
1990-91,"Base Set","","","","99"
1990-91,"Base Set","","","",""
1990-91,"Base Set","","","",""
1990-91,"Base Set","","","",""
1990-91,"Base Set","","","",""
1990-91,"Base Set","","","",""
1990-91,"Base Set","","","","100"
1990-91,"Base Set","","","",""
1990-91,"Base Set","","","",""
1990-91,"Base Set","","","",""
1990-91,"Base Set","","","",""
1990-91,"Base Set","","","",""
1990-91,"Overview","Baseball
        Basketball
        Boxing
        Cricket
        Football
        Gaming
        Golf
        Hockey
        Misc Sports
        MMA
        Multi-Sport
        Non-Sport
        Racing
        Soccer
        Tennis
        Wrestling","","",""
1990-91,"Overview","","","","1"
1990-91,"Overview","","","",""
1990-91,"Overview","","","",""
1990-91,"Overview","","","",""
1990-91,"Overview","","","",""
1990-91,"Overview","","","",""
1990-91,"Overview","","","","2"
1990-91,"Overview","","","",""
1990-91,"Overview","","","",""
1990-91,"Overview","","","",""
1990-91,"Overview","","","",""
1990-91,"Overview","","","",""
1990-91,"Overview","","","","3"
1990-91,"Overview","","","",""
1990-91,"Overview","","","",""
1990-91,"Overview","","","",""
1990-91,"Overview","","","",""
1990-91,"Overview","","","","4"
1990-91,"Overview","","","",""
1990-91,"Overview","","","",""
1990-91,"Overview","","","",""
1990-91,"Overview","","","",""
1990-91,"Overview","","","",""
1990-91,"Overview","","","","5"
1990-91,"Overview","","","",""
1990-91,"Overview","","","",""
1990-91,"Overview","","","",""
1990-91,"Overview","","","",""
1990-91,"Overview","","","",""
1990-91,"Overview","","","","6"
1990-91,"Overview","","","",""
1990-91,"Overview","","","",""
1990-91,"Overview","","","",""
1990-91,"Overview","","","",""
1990-91,"Overview","","","",""
1990-91,"Overview","","","","7"
1990-91,"Overview","","","",""
1990-91,"Overview","","","",""
1990-91,"Overview","","","",""
1990-91,"Overview","","","",""
1990-91,"Overview","","","",""
1990-91,"Overview","","","","8"
1990-91,"Overview","","","",""
1990-91,"Overview","","","",""
1990-91,"Overview","","","",""
1990-91,"Overview","","","",""
1990-91,"Overview","","","",""
1990-91,"Overview","","","","9"
1990-91,"Overview","","","",""
1990-91,"Overview","","","",""
1990-91,"Overview","","","",""
1990-91,"Overview","","","",""
1990-91,"Overview","","","",""
1990-91,"Overview","","","","10"
1990-91,"Overview","","","",""
1990-91,"Overview","","","",""
1990-91,"Overview","","","",""
1990-91,"Overview","","","",""
1990-91,"Overview","","","",""
1990-91,"Overview","","","","11"
1990-91,"Overview","","","",""
1990-91,"Overview","","","",""
1990-91,"Overview","","","",""
1990-91,"Overview","","","",""
1990-91,"Overview","","","",""
1990-91,"Overview","","","","12"
1990-91,"Overview","","","",""
1990-91,"Overview","","","",""
1990-91,"Overview","","","",""
1990-91,"Overview","","","",""
1990-91,"Overview","","","",""
1990-91,"Overview","","","","13"
1990-91,"Overview","","","",""
1990-91,"Overview","","","",""
1990-91,"Overview","","","",""
1990-91,"Overview","","","",""
1990-91,"Overview","","","",""
1990-91,"Overview","","","","14"
1990-91,"Overview","","","",""
1990-91,"Overview","","","",""
1990-91,"Overview","","","",""
1990-91,"Overview","","","",""
1990-91,"Overview","","","",""
1990-91,"Overview","","","","15"
1990-91,"Overview","","","",""
1990-91,"Overview","","","",""
1990-91,"Overview","","","",""
1990-91,"Overview","","","",""
1990-91,"Overview","","","",""
1990-91,"Overview","","","","16"
1990-91,"Overview","","","",""
1990-91,"Overview","","","",""
1990-91,"Overview","","","",""
1990-91,"Overview","","","",""
1990-91,"Overview","","","",""
1990-91,"Overview","","","","17"
1990-91,"Overview","","","",""
1990-91,"Overview","","","",""
1990-91,"Overview","","","",""
1990-91,"Overview","","","",""
1990-91,"Overview","","","",""
1990-91,"Overview","","","","18"
1990-91,"Overview","","","",""
1990-91,"Overview","","","",""
1990-91,"Overview","","","",""
1990-91,"Overview","","","",""
1990-91,"Overview","","","",""
1990-91,"Overview","","","","19"
1990-91,"Overview","","","",""
1990-91,"Overview","","","",""
1990-91,"Overview","","","",""
1990-91,"Overview","","","",""
1990-91,"Overview","","","",""
1990-91,"Overview","","","","20"
1990-91,"Overview","","","",""
1990-91,"Overview","","","",""
1990-91,"Overview","","","",""
1990-91,"Overview","","","",""
1990-91,"Overview","","","",""
1990-91,"Overview","","","","21"
1990-91,"Overview","","","",""
1990-91,"Overview","","","",""
1990-91,"Overview","","","",""
1990-91,"Overview","","","",""
1990-91,"Overview","","","",""
1990-91,"Overview","","","","22"
1990-91,"Overview","","","",""
1990-91,"Overview","","","",""
1990-91,"Overview","","","",""
1990-91,"Overview","","","",""
1990-91,"Overview","","","",""
1990-91,"Overview","","","","23"
1990-91,"Overview","","","",""
1990-91,"Overview","","","",""
1990-91,"Overview","","","",""
1990-91,"Overview","","","",""
1990-91,"Overview","","","",""
1990-91,"Overview","","","","24"
1990-91,"Overview","","","",""
1990-91,"Overview","","","",""
1990-91,"Overview","","","",""
1990-91,"Overview","","","",""
1990-91,"Overview","","","",""
1990-91,"Overview","","","","25"
1990-91,"Overview","","","",""
1990-91,"Overview","","","",""
1990-91,"Overview","","","",""
1990-91,"Overview","","","",""
1990-91,"Overview","","","",""
1990-91,"Overview","","","","26"
1990-91,"Overview","","","",""
1990-91,"Overview","","","",""
1990-91,"Overview","","","",""
1990-91,"Overview","","","",""
1990-91,"Overview","","","",""
1990-91,"Overview","","","","27"
1990-91,"Overview","","","",""
1990-91,"Overview","","","",""
1990-91,"Overview","","","",""
1990-91,"Overview","","","",""
1990-91,"Overview","","","",""
1990-91,"Overview","","","","28"
1990-91,"Overview","","","",""
1990-91,"Overview","","","",""
1990-91,"Overview","","","",""
1990-91,"Overview","","","",""
1990-91,"Overview","","","",""
1990-91,"Overview","","","","29"
1990-91,"Overview","","","",""
1990-91,"Overview","","","",""
1990-91,"Overview","","","",""
1990-91,"Overview","","","",""
1990-91,"Overview","","","",""
1990-91,"Overview","","","","30"
1990-91,"Overview","","","",""
1990-91,"Overview","","","",""
1990-91,"Overview","","","",""
1990-91,"Overview","","","",""
1990-91,"Overview","","","",""
1990-91,"Overview","","","","31"
1990-91,"Overview","","","",""
1990-91,"Overview","","","",""
1990-91,"Overview","","","",""
1990-91,"Overview","","","",""
1990-91,"Overview","","","",""
1990-91,"Overview","","","","32"
1990-91,"Overview","","","",""
1990-91,"Overview","","","",""
1990-91,"Overview","","","",""
1990-91,"Overview","","","",""
1990-91,"Overview","","","",""
1990-91,"Overview","","","","33"
1990-91,"Overview","","","",""
1990-91,"Overview","","","",""
1990-91,"Overview","","","",""
1990-91,"Overview","","","",""
1990-91,"Overview","","","",""
1990-91,"Overview","","","","34"
1990-91,"Overview","","","",""
1990-91,"Overview","","","",""
1990-91,"Overview","","","",""
1990-91,"Overview","","","",""
1990-91,"Overview","","","",""
1990-91,"Overview","","","","35"
1990-91,"Overview","","","",""
1990-91,"Overview","","","",""
1990-91,"Overview","","","",""
1990-91,"Overview","","","",""
1990-91,"Overview","","","",""
1990-91,"Overview","","","","36"
1990-91,"Overview","","","",""
1990-91,"Overview","","","",""
1990-91,"Overview","","","",""
1990-91,"Overview","","","",""
1990-91,"Overview","","","",""
1990-91,"Overview","","","","37"
1990-91,"Overview","","","",""
1990-91,"Overview","","","",""
1990-91,"Overview","","","",""
1990-91,"Overview","","","",""
1990-91,"Overview","","","",""
1990-91,"Overview","","","","38"
1990-91,"Overview","","","",""
1990-91,"Overview","","","",""
1990-91,"Overview","","","",""
1990-91,"Overview","","","",""
1990-91,"Overview","","","",""
1990-91,"Overview","","","","39"
1990-91,"Overview","","","",""
1990-91,"Overview","","","",""
1990-91,"Overview","","","",""
1990-91,"Overview","","","",""
1990-91,"Overview","","","",""
1990-91,"Overview","","","","40"
1990-91,"Overview","","","",""
1990-91,"Overview","","","",""
1990-91,"Overview","","","",""
1990-91,"Overview","","","",""
1990-91,"Overview","","","",""
1990-91,"Overview","","","","41"
1990-91,"Overview","","","",""
1990-91,"Overview","","","",""
1990-91,"Overview","","","",""
1990-91,"Overview","","","",""
1990-91,"Overview","","","",""
1990-91,"Overview","","","","42"
1990-91,"Overview","","","",""
1990-91,"Overview","","","",""
1990-91,"Overview","","","",""
1990-91,"Overview","","","",""
1990-91,"Overview","","","",""
1990-91,"Overview","","","","43"
1990-91,"Overview","","","",""
1990-91,"Overview","","","",""
1990-91,"Overview","","","",""
1990-91,"Overview","","","",""
1990-91,"Overview","","","",""
1990-91,"Overview","","","","44"
1990-91,"Overview","","","",""
1990-91,"Overview","","","",""
1990-91,"Overview","","","",""
1990-91,"Overview","","","",""
1990-91,"Overview","","","",""
1990-91,"Overview","","","","45"
1990-91,"Overview","","","",""
1990-91,"Overview","","","",""
1990-91,"Overview","","","",""
1990-91,"Overview","","","",""
1990-91,"Overview","","","",""
1990-91,"Overview","","","","46"
1990-91,"Overview","","","",""
1990-91,"Overview","","","",""
1990-91,"Overview","","","",""
1990-91,"Overview","","","",""
1990-91,"Overview","","","",""
1990-91,"Overview","","","","47"
1990-91,"Overview","","","",""
1990-91,"Overview","","","",""
1990-91,"Overview","","","",""
1990-91,"Overview","","","",""
1990-91,"Overview","","","",""
1990-91,"Overview","","","","48"
1990-91,"Overview","","","",""
1990-91,"Overview","","","",""
1990-91,"Overview","","","",""
1990-91,"Overview","","","",""
1990-91,"Overview","","","",""
1990-91,"Overview","","","","49"
1990-91,"Overview","","","",""
1990-91,"Overview","","","",""
1990-91,"Overview","","","",""
1990-91,"Overview","","","",""
1990-91,"Overview","","","",""
1990-91,"Overview","","","","50"
1990-91,"Overview","","","",""
1990-91,"Overview","","","",""
1990-91,"Overview","","","",""
1990-91,"Overview","","","",""
1990-91,"Overview","","","",""
1990-91,"Overview","","","","51"
1990-91,"Overview","","","",""
1990-91,"Overview","","","",""
1990-91,"Overview","","","",""
1990-91,"Overview","","","",""
1990-91,"Overview","","","",""
1990-91,"Overview","","","","52"
1990-91,"Overview","","","",""
1990-91,"Overview","","","",""
1990-91,"Overview","","","",""
1990-91,"Overview","","","",""
1990-91,"Overview","","","",""
1990-91,"Overview","","","","53"
1990-91,"Overview","","","",""
1990-91,"Overview","","","",""
1990-91,"Overview","","","",""
1990-91,"Overview","","","",""
1990-91,"Overview","","","",""
1990-91,"Overview","","","","54"
1990-91,"Overview","","","",""
1990-91,"Overview","","","",""
1990-91,"Overview","","","",""
1990-91,"Overview","","","",""
1990-91,"Overview","","","",""
1990-91,"Overview","","","","55"
1990-91,"Overview","","","",""
1990-91,"Overview","","","",""
1990-91,"Overview","","","",""
1990-91,"Overview","","","",""
1990-91,"Overview","","","",""
1990-91,"Overview","","","","56"
1990-91,"Overview","","","",""
1990-91,"Overview","","","",""
1990-91,"Overview","","","",""
1990-91,"Overview","","","",""
1990-91,"Overview","","","",""
1990-91,"Overview","","","","57"
1990-91,"Overview","","","",""
1990-91,"Overview","","","",""
1990-91,"Overview","","","",""
1990-91,"Overview","","","",""
1990-91,"Overview","","","",""
1990-91,"Overview","","","","58"
1990-91,"Overview","","","",""
1990-91,"Overview","","","",""
1990-91,"Overview","","","",""
1990-91,"Overview","","","",""
1990-91,"Overview","","","","59"
1990-91,"Overview","","","",""
1990-91,"Overview","","","",""
1990-91,"Overview","","","",""
1990-91,"Overview","","","",""
1990-91,"Overview","","","",""
1990-91,"Overview","","","","60"
1990-91,"Overview","","","",""
1990-91,"Overview","","","",""
1990-91,"Overview","","","",""
1990-91,"Overview","","","",""
1990-91,"Overview","","","",""
1990-91,"Overview","","","","61"
1990-91,"Overview","","","",""
1990-91,"Overview","","","",""
1990-91,"Overview","","","",""
1990-91,"Overview","","","",""
1990-91,"Overview","","","",""
1990-91,"Overview","","","","62"
1990-91,"Overview","","","",""
1990-91,"Overview","","","",""
1990-91,"Overview","","","",""
1990-91,"Overview","","","",""
1990-91,"Overview","","","",""
1990-91,"Overview","","","","63"
1990-91,"Overview","","","",""
1990-91,"Overview","","","",""
1990-91,"Overview","","","",""
1990-91,"Overview","","","",""
1990-91,"Overview","","","",""
1990-91,"Overview","","","","64"
1990-91,"Overview","","","",""
1990-91,"Overview","","","",""
1990-91,"Overview","","","",""
1990-91,"Overview","","","",""
1990-91,"Overview","","","",""
1990-91,"Overview","","","","65"
1990-91,"Overview","","","",""
1990-91,"Overview","","","",""
1990-91,"Overview","","","",""
1990-91,"Overview","","","",""
1990-91,"Overview","","","",""
1990-91,"Overview","","","","66"
1990-91,"Overview","","","",""
1990-91,"Overview","","","",""
1990-91,"Overview","","","",""
1990-91,"Overview","","","",""
1990-91,"Overview","","","",""
1990-91,"Overview","","","","67"
1990-91,"Overview","","","",""
1990-91,"Overview","","","",""
1990-91,"Overview","","","",""
1990-91,"Overview","","","",""
1990-91,"Overview","","","",""
1990-91,"Overview","","","","68"
1990-91,"Overview","","","",""
1990-91,"Overview","","","",""
1990-91,"Overview","","","",""
1990-91,"Overview","","","",""
1990-91,"Overview","","","",""
1990-91,"Overview","","","","69"
1990-91,"Overview","","","",""
1990-91,"Overview","","","",""
1990-91,"Overview","","","",""
1990-91,"Overview","","","",""
1990-91,"Overview","","","",""
1990-91,"Overview","","","","70"
1990-91,"Overview","","","",""
1990-91,"Overview","","","",""
1990-91,"Overview","","","",""
1990-91,"Overview","","","",""
1990-91,"Overview","","","",""
1990-91,"Overview","","","","71"
1990-91,"Overview","","","",""
1990-91,"Overview","","","",""
1990-91,"Overview","","","",""
1990-91,"Overview","","","",""
1990-91,"Overview","","","","72"
1990-91,"Overview","","","",""
1990-91,"Overview","","","",""
1990-91,"Overview","","","",""
1990-91,"Overview","","","",""
1990-91,"Overview","","","",""
1990-91,"Overview","","","","73"
1990-91,"Overview","","","",""
1990-91,"Overview","","","",""
1990-91,"Overview","","","",""
1990-91,"Overview","","","",""
1990-91,"Overview","","","",""
1990-91,"Overview","","","","74"
1990-91,"Overview","","","",""
1990-91,"Overview","","","",""
1990-91,"Overview","","","",""
1990-91,"Overview","","","",""
1990-91,"Overview","","","",""
1990-91,"Overview","","","","75"
1990-91,"Overview","","","",""
1990-91,"Overview","","","",""
1990-91,"Overview","","","",""
1990-91,"Overview","","","",""
1990-91,"Overview","","","",""
1990-91,"Overview","","","","76"
1990-91,"Overview","","","",""
1990-91,"Overview","","","",""
1990-91,"Overview","","","",""
1990-91,"Overview","","","",""
1990-91,"Overview","","","",""
1990-91,"Overview","","","","77"
1990-91,"Overview","","","",""
1990-91,"Overview","","","",""
1990-91,"Overview","","","",""
1990-91,"Overview","","","",""
1990-91,"Overview","","","",""
1990-91,"Overview","","","","78"
1990-91,"Overview","","","",""
1990-91,"Overview","","","",""
1990-91,"Overview","","","",""
1990-91,"Overview","","","",""
1990-91,"Overview","","","",""
1990-91,"Overview","","","","79"
1990-91,"Overview","","","",""
1990-91,"Overview","","","",""
1990-91,"Overview","","","",""
1990-91,"Overview","","","",""
1990-91,"Overview","","","",""
1990-91,"Overview","","","","80"
1990-91,"Overview","","","",""
1990-91,"Overview","","","",""
1990-91,"Overview","","","",""
1990-91,"Overview","","","",""
1990-91,"Overview","","","",""
1990-91,"Overview","","","","81"
1990-91,"Overview","","","",""
1990-91,"Overview","","","",""
1990-91,"Overview","","","",""
1990-91,"Overview","","","",""
1990-91,"Overview","","","",""
1990-91,"Overview","","","","82"
1990-91,"Overview","","","",""
1990-91,"Overview","","","",""
1990-91,"Overview","","","",""
1990-91,"Overview","","","",""
1990-91,"Overview","","","",""
1990-91,"Overview","","","","83"
1990-91,"Overview","","","",""
1990-91,"Overview","","","",""
1990-91,"Overview","","","",""
1990-91,"Overview","","","",""
1990-91,"Overview","","","",""
1990-91,"Overview","","","","84"
1990-91,"Overview","","","",""
1990-91,"Overview","","","",""
1990-91,"Overview","","","",""
1990-91,"Overview","","","",""
1990-91,"Overview","","","",""
1990-91,"Overview","","","","85"
1990-91,"Overview","","","",""
1990-91,"Overview","","","",""
1990-91,"Overview","","","",""
1990-91,"Overview","","","",""
1990-91,"Overview","","","",""
1990-91,"Overview","","","","86"
1990-91,"Overview","","","",""
1990-91,"Overview","","","",""
1990-91,"Overview","","","",""
1990-91,"Overview","","","",""
1990-91,"Overview","","","",""
1990-91,"Overview","","","","87"
1990-91,"Overview","","","",""
1990-91,"Overview","","","",""
1990-91,"Overview","","","",""
1990-91,"Overview","","","",""
1990-91,"Overview","","","",""
1990-91,"Overview","","","","88"
1990-91,"Overview","","","",""
1990-91,"Overview","","","",""
1990-91,"Overview","","","",""
1990-91,"Overview","","","",""
1990-91,"Overview","","","",""
1990-91,"Overview","","","","89"
1990-91,"Overview","","","",""
1990-91,"Overview","","","",""
1990-91,"Overview","","","",""
1990-91,"Overview","","","",""
1990-91,"Overview","","","",""
1990-91,"Overview","","","","90"
1990-91,"Overview","","","",""
1990-91,"Overview","","","",""
1990-91,"Overview","","","",""
1990-91,"Overview","","","",""
1990-91,"Overview","","","",""
1990-91,"Overview","","","","91"
1990-91,"Overview","","","",""
1990-91,"Overview","","","",""
1990-91,"Overview","","","",""
1990-91,"Overview","","","",""
1990-91,"Overview","","","",""
1990-91,"Overview","","","","92"
1990-91,"Overview","","","",""
1990-91,"Overview","","","",""
1990-91,"Overview","","","",""
1990-91,"Overview","","","",""
1990-91,"Overview","","","",""
1990-91,"Overview","","","","93"
1990-91,"Overview","","","",""
1990-91,"Overview","","","",""
1990-91,"Overview","","","",""
1990-91,"Overview","","","",""
1990-91,"Overview","","","",""
1990-91,"Overview","","","","94"
1990-91,"Overview","","","",""
1990-91,"Overview","","","",""
1990-91,"Overview","","","",""
1990-91,"Overview","","","",""
1990-91,"Overview","","","",""
1990-91,"Overview","","","","95"
1990-91,"Overview","","","",""
1990-91,"Overview","","","",""
1990-91,"Overview","","","",""
1990-91,"Overview","","","",""
1990-91,"Overview","","","",""
1990-91,"Overview","","","","96"
1990-91,"Overview","","","",""
1990-91,"Overview","","","",""
1990-91,"Overview","","","",""
1990-91,"Overview","","","",""
1990-91,"Overview","","","",""
1990-91,"Overview","","","","97"
1990-91,"Overview","","","",""
1990-91,"Overview","","","",""
1990-91,"Overview","","","",""
1990-91,"Overview","","","",""
1990-91,"Overview","","","",""
1990-91,"Overview","","","","98"
1990-91,"Overview","","","",""
1990-91,"Overview","","","",""
1990-91,"Overview","","","",""
1990-91,"Overview","","","",""
1990-91,"Overview","","","",""
1990-91,"Overview","","","","99"
1990-91,"Overview","","","",""
1990-91,"Overview","","","",""
1990-91,"Overview","","","",""
1990-91,"Overview","","","",""
1990-91,"Overview","","","",""
1990-91,"Overview","","","","100"
1990-91,"Overview","","","",""
1990-91,"Overview","","","",""
1990-91,"Overview","","","",""
1990-91,"Overview","","","",""
1990-91,"Overview","","","",""
1990-91,"Rate this set...","Baseball
        Basketball
        Boxing
        Cricket
        Football
        Gaming
        Golf
        Hockey
        Misc Sports
        MMA
        Multi-Sport
        Non-Sport
        Racing
        Soccer
        Tennis
        Wrestling","","",""
1990-91,"Checklist","Baseball
        Basketball
        Boxing
        Cricket
        Football
        Gaming
        Golf
        Hockey
        Misc Sports
        MMA
        Multi-Sport
        Non-Sport
        Racing
        Soccer
        Tennis
        Wrestling","","",""
1990-91,"Checklist","","","","1"
1990-91,"Checklist","","","",""
1990-91,"Checklist","","","",""
1990-91,"Checklist","","","",""
1990-91,"Checklist","","","",""
1990-91,"Checklist","","","",""
1990-91,"Checklist","","","","2"
1990-91,"Checklist","","","",""
1990-91,"Checklist","","","",""
1990-91,"Checklist","","","",""
1990-91,"Checklist","","","",""
1990-91,"Checklist","","","",""
1990-91,"Checklist","","","","3"
1990-91,"Checklist","","","",""
1990-91,"Checklist","","","",""
1990-91,"Checklist","","","",""
1990-91,"Checklist","","","",""
1990-91,"Checklist","","","","4"
1990-91,"Checklist","","","",""
1990-91,"Checklist","","","",""
1990-91,"Checklist","","","",""
1990-91,"Checklist","","","",""
1990-91,"Checklist","","","",""
1990-91,"Checklist","","","","5"
1990-91,"Checklist","","","",""
1990-91,"Checklist","","","",""
1990-91,"Checklist","","","",""
1990-91,"Checklist","","","",""
1990-91,"Checklist","","","",""
1990-91,"Checklist","","","","6"
1990-91,"Checklist","","","",""
1990-91,"Checklist","","","",""
1990-91,"Checklist","","","",""
1990-91,"Checklist","","","",""
1990-91,"Checklist","","","",""
1990-91,"Checklist","","","","7"
1990-91,"Checklist","","","",""
1990-91,"Checklist","","","",""
1990-91,"Checklist","","","",""
1990-91,"Checklist","","","",""
1990-91,"Checklist","","","",""
1990-91,"Checklist","","","","8"
1990-91,"Checklist","","","",""
1990-91,"Checklist","","","",""
1990-91,"Checklist","","","",""
1990-91,"Checklist","","","",""
1990-91,"Checklist","","","",""
1990-91,"Checklist","","","","9"
1990-91,"Checklist","","","",""
1990-91,"Checklist","","","",""
1990-91,"Checklist","","","",""
1990-91,"Checklist","","","",""
1990-91,"Checklist","","","",""
1990-91,"Checklist","","","","10"
1990-91,"Checklist","","","",""
1990-91,"Checklist","","","",""
1990-91,"Checklist","","","",""
1990-91,"Checklist","","","",""
1990-91,"Checklist","","","",""
1990-91,"Checklist","","","","11"
1990-91,"Checklist","","","",""
1990-91,"Checklist","","","",""
1990-91,"Checklist","","","",""
1990-91,"Checklist","","","",""
1990-91,"Checklist","","","",""
1990-91,"Checklist","","","","12"
1990-91,"Checklist","","","",""
1990-91,"Checklist","","","",""
1990-91,"Checklist","","","",""
1990-91,"Checklist","","","",""
1990-91,"Checklist","","","",""
1990-91,"Checklist","","","","13"
1990-91,"Checklist","","","",""
1990-91,"Checklist","","","",""
1990-91,"Checklist","","","",""
1990-91,"Checklist","","","",""
1990-91,"Checklist","","","",""
1990-91,"Checklist","","","","14"
1990-91,"Checklist","","","",""
1990-91,"Checklist","","","",""
1990-91,"Checklist","","","",""
1990-91,"Checklist","","","",""
1990-91,"Checklist","","","",""
1990-91,"Checklist","","","","15"
1990-91,"Checklist","","","",""
1990-91,"Checklist","","","",""
1990-91,"Checklist","","","",""
1990-91,"Checklist","","","",""
1990-91,"Checklist","","","",""
1990-91,"Checklist","","","","16"
1990-91,"Checklist","","","",""
1990-91,"Checklist","","","",""
1990-91,"Checklist","","","",""
1990-91,"Checklist","","","",""
1990-91,"Checklist","","","",""
1990-91,"Checklist","","","","17"
1990-91,"Checklist","","","",""
1990-91,"Checklist","","","",""
1990-91,"Checklist","","","",""
1990-91,"Checklist","","","",""
1990-91,"Checklist","","","",""
1990-91,"Checklist","","","","18"
1990-91,"Checklist","","","",""
1990-91,"Checklist","","","",""
1990-91,"Checklist","","","",""
1990-91,"Checklist","","","",""
1990-91,"Checklist","","","",""
1990-91,"Checklist","","","","19"
1990-91,"Checklist","","","",""
1990-91,"Checklist","","","",""
1990-91,"Checklist","","","",""
1990-91,"Checklist","","","",""
1990-91,"Checklist","","","",""
1990-91,"Checklist","","","","20"
1990-91,"Checklist","","","",""
1990-91,"Checklist","","","",""
1990-91,"Checklist","","","",""
1990-91,"Checklist","","","",""
1990-91,"Checklist","","","",""
1990-91,"Checklist","","","","21"
1990-91,"Checklist","","","",""
1990-91,"Checklist","","","",""
1990-91,"Checklist","","","",""
1990-91,"Checklist","","","",""
1990-91,"Checklist","","","",""
1990-91,"Checklist","","","","22"
1990-91,"Checklist","","","",""
1990-91,"Checklist","","","",""
1990-91,"Checklist","","","",""
1990-91,"Checklist","","","",""
1990-91,"Checklist","","","",""
1990-91,"Checklist","","","","23"
1990-91,"Checklist","","","",""
1990-91,"Checklist","","","",""
1990-91,"Checklist","","","",""
1990-91,"Checklist","","","",""
1990-91,"Checklist","","","",""
1990-91,"Checklist","","","","24"
1990-91,"Checklist","","","",""
1990-91,"Checklist","","","",""
1990-91,"Checklist","","","",""
1990-91,"Checklist","","","",""
1990-91,"Checklist","","","",""
1990-91,"Checklist","","","","25"
1990-91,"Checklist","","","",""
1990-91,"Checklist","","","",""
1990-91,"Checklist","","","",""
1990-91,"Checklist","","","",""
1990-91,"Checklist","","","",""
1990-91,"Checklist","","","","26"
1990-91,"Checklist","","","",""
1990-91,"Checklist","","","",""
1990-91,"Checklist","","","",""
1990-91,"Checklist","","","",""
1990-91,"Checklist","","","",""
1990-91,"Checklist","","","","27"
1990-91,"Checklist","","","",""
1990-91,"Checklist","","","",""
1990-91,"Checklist","","","",""
1990-91,"Checklist","","","",""
1990-91,"Checklist","","","",""
1990-91,"Checklist","","","","28"
1990-91,"Checklist","","","",""
1990-91,"Checklist","","","",""
1990-91,"Checklist","","","",""
1990-91,"Checklist","","","",""
1990-91,"Checklist","","","",""
1990-91,"Checklist","","","","29"
1990-91,"Checklist","","","",""
1990-91,"Checklist","","","",""
1990-91,"Checklist","","","",""
1990-91,"Checklist","","","",""
1990-91,"Checklist","","","",""
1990-91,"Checklist","","","","30"
1990-91,"Checklist","","","",""
1990-91,"Checklist","","","",""
1990-91,"Checklist","","","",""
1990-91,"Checklist","","","",""
1990-91,"Checklist","","","",""
1990-91,"Checklist","","","","31"
1990-91,"Checklist","","","",""
1990-91,"Checklist","","","",""
1990-91,"Checklist","","","",""
1990-91,"Checklist","","","",""
1990-91,"Checklist","","","",""
1990-91,"Checklist","","","","32"
1990-91,"Checklist","","","",""
1990-91,"Checklist","","","",""
1990-91,"Checklist","","","",""
1990-91,"Checklist","","","",""
1990-91,"Checklist","","","",""
1990-91,"Checklist","","","","33"
1990-91,"Checklist","","","",""
1990-91,"Checklist","","","",""
1990-91,"Checklist","","","",""
1990-91,"Checklist","","","",""
1990-91,"Checklist","","","",""
1990-91,"Checklist","","","","34"
1990-91,"Checklist","","","",""
1990-91,"Checklist","","","",""
1990-91,"Checklist","","","",""
1990-91,"Checklist","","","",""
1990-91,"Checklist","","","",""
1990-91,"Checklist","","","","35"
1990-91,"Checklist","","","",""
1990-91,"Checklist","","","",""
1990-91,"Checklist","","","",""
1990-91,"Checklist","","","",""
1990-91,"Checklist","","","",""
1990-91,"Checklist","","","","36"
1990-91,"Checklist","","","",""
1990-91,"Checklist","","","",""
1990-91,"Checklist","","","",""
1990-91,"Checklist","","","",""
1990-91,"Checklist","","","",""
1990-91,"Checklist","","","","37"
1990-91,"Checklist","","","",""
1990-91,"Checklist","","","",""
1990-91,"Checklist","","","",""
1990-91,"Checklist","","","",""
1990-91,"Checklist","","","",""
1990-91,"Checklist","","","","38"
1990-91,"Checklist","","","",""
1990-91,"Checklist","","","",""
1990-91,"Checklist","","","",""
1990-91,"Checklist","","","",""
1990-91,"Checklist","","","",""
1990-91,"Checklist","","","","39"
1990-91,"Checklist","","","",""
1990-91,"Checklist","","","",""
1990-91,"Checklist","","","",""
1990-91,"Checklist","","","",""
1990-91,"Checklist","","","",""
1990-91,"Checklist","","","","40"
1990-91,"Checklist","","","",""
1990-91,"Checklist","","","",""
1990-91,"Checklist","","","",""
1990-91,"Checklist","","","",""
1990-91,"Checklist","","","",""
1990-91,"Checklist","","","","41"
1990-91,"Checklist","","","",""
1990-91,"Checklist","","","",""
1990-91,"Checklist","","","",""
1990-91,"Checklist","","","",""
1990-91,"Checklist","","","",""
1990-91,"Checklist","","","","42"
1990-91,"Checklist","","","",""
1990-91,"Checklist","","","",""
1990-91,"Checklist","","","",""
1990-91,"Checklist","","","",""
1990-91,"Checklist","","","",""
1990-91,"Checklist","","","","43"
1990-91,"Checklist","","","",""
1990-91,"Checklist","","","",""
1990-91,"Checklist","","","",""
1990-91,"Checklist","","","",""
1990-91,"Checklist","","","",""
1990-91,"Checklist","","","","44"
1990-91,"Checklist","","","",""
1990-91,"Checklist","","","",""
1990-91,"Checklist","","","",""
1990-91,"Checklist","","","",""
1990-91,"Checklist","","","",""
1990-91,"Checklist","","","","45"
1990-91,"Checklist","","","",""
1990-91,"Checklist","","","",""
1990-91,"Checklist","","","",""
1990-91,"Checklist","","","",""
1990-91,"Checklist","","","",""
1990-91,"Checklist","","","","46"
1990-91,"Checklist","","","",""
1990-91,"Checklist","","","",""
1990-91,"Checklist","","","",""
1990-91,"Checklist","","","",""
1990-91,"Checklist","","","",""
1990-91,"Checklist","","","","47"
1990-91,"Checklist","","","",""
1990-91,"Checklist","","","",""
1990-91,"Checklist","","","",""
1990-91,"Checklist","","","",""
1990-91,"Checklist","","","",""
1990-91,"Checklist","","","","48"
1990-91,"Checklist","","","",""
1990-91,"Checklist","","","",""
1990-91,"Checklist","","","",""
1990-91,"Checklist","","","",""
1990-91,"Checklist","","","",""
1990-91,"Checklist","","","","49"
1990-91,"Checklist","","","",""
1990-91,"Checklist","","","",""
1990-91,"Checklist","","","",""
1990-91,"Checklist","","","",""
1990-91,"Checklist","","","",""
1990-91,"Checklist","","","","50"
1990-91,"Checklist","","","",""
1990-91,"Checklist","","","",""
1990-91,"Checklist","","","",""
1990-91,"Checklist","","","",""
1990-91,"Checklist","","","",""
1990-91,"Checklist","","","","51"
1990-91,"Checklist","","","",""
1990-91,"Checklist","","","",""
1990-91,"Checklist","","","",""
1990-91,"Checklist","","","",""
1990-91,"Checklist","","","",""
1990-91,"Checklist","","","","52"
1990-91,"Checklist","","","",""
1990-91,"Checklist","","","",""
1990-91,"Checklist","","","",""
1990-91,"Checklist","","","",""
1990-91,"Checklist","","","",""
1990-91,"Checklist","","","","53"
1990-91,"Checklist","","","",""
1990-91,"Checklist","","","",""
1990-91,"Checklist","","","",""
1990-91,"Checklist","","","",""
1990-91,"Checklist","","","",""
1990-91,"Checklist","","","","54"
1990-91,"Checklist","","","",""
1990-91,"Checklist","","","",""
1990-91,"Checklist","","","",""
1990-91,"Checklist","","","",""
1990-91,"Checklist","","","",""
1990-91,"Checklist","","","","55"
1990-91,"Checklist","","","",""
1990-91,"Checklist","","","",""
1990-91,"Checklist","","","",""
1990-91,"Checklist","","","",""
1990-91,"Checklist","","","",""
1990-91,"Checklist","","","","56"
1990-91,"Checklist","","","",""
1990-91,"Checklist","","","",""
1990-91,"Checklist","","","",""
1990-91,"Checklist","","","",""
1990-91,"Checklist","","","",""
1990-91,"Checklist","","","","57"
1990-91,"Checklist","","","",""
1990-91,"Checklist","","","",""
1990-91,"Checklist","","","",""
1990-91,"Checklist","","","",""
1990-91,"Checklist","","","",""
1990-91,"Checklist","","","","58"
1990-91,"Checklist","","","",""
1990-91,"Checklist","","","",""
1990-91,"Checklist","","","",""
1990-91,"Checklist","","","",""
1990-91,"Checklist","","","","59"
1990-91,"Checklist","","","",""
1990-91,"Checklist","","","",""
1990-91,"Checklist","","","",""
1990-91,"Checklist","","","",""
1990-91,"Checklist","","","",""
1990-91,"Checklist","","","","60"
1990-91,"Checklist","","","",""
1990-91,"Checklist","","","",""
1990-91,"Checklist","","","",""
1990-91,"Checklist","","","",""
1990-91,"Checklist","","","",""
1990-91,"Checklist","","","","61"
1990-91,"Checklist","","","",""
1990-91,"Checklist","","","",""
1990-91,"Checklist","","","",""
1990-91,"Checklist","","","",""
1990-91,"Checklist","","","",""
1990-91,"Checklist","","","","62"
1990-91,"Checklist","","","",""
1990-91,"Checklist","","","",""
1990-91,"Checklist","","","",""
1990-91,"Checklist","","","",""
1990-91,"Checklist","","","",""
1990-91,"Checklist","","","","63"
1990-91,"Checklist","","","",""
1990-91,"Checklist","","","",""
1990-91,"Checklist","","","",""
1990-91,"Checklist","","","",""
1990-91,"Checklist","","","",""
1990-91,"Checklist","","","","64"
1990-91,"Checklist","","","",""
1990-91,"Checklist","","","",""
1990-91,"Checklist","","","",""
1990-91,"Checklist","","","",""
1990-91,"Checklist","","","",""
1990-91,"Checklist","","","","65"
1990-91,"Checklist","","","",""
1990-91,"Checklist","","","",""
1990-91,"Checklist","","","",""
1990-91,"Checklist","","","",""
1990-91,"Checklist","","","",""
1990-91,"Checklist","","","","66"
1990-91,"Checklist","","","",""
1990-91,"Checklist","","","",""
1990-91,"Checklist","","","",""
1990-91,"Checklist","","","",""
1990-91,"Checklist","","","",""
1990-91,"Checklist","","","","67"
1990-91,"Checklist","","","",""
1990-91,"Checklist","","","",""
1990-91,"Checklist","","","",""
1990-91,"Checklist","","","",""
1990-91,"Checklist","","","",""
1990-91,"Checklist","","","","68"
1990-91,"Checklist","","","",""
1990-91,"Checklist","","","",""
1990-91,"Checklist","","","",""
1990-91,"Checklist","","","",""
1990-91,"Checklist","","","",""
1990-91,"Checklist","","","","69"
1990-91,"Checklist","","","",""
1990-91,"Checklist","","","",""
1990-91,"Checklist","","","",""
1990-91,"Checklist","","","",""
1990-91,"Checklist","","","",""
1990-91,"Checklist","","","","70"
1990-91,"Checklist","","","",""
1990-91,"Checklist","","","",""
1990-91,"Checklist","","","",""
1990-91,"Checklist","","","",""
1990-91,"Checklist","","","",""
1990-91,"Checklist","","","","71"
1990-91,"Checklist","","","",""
1990-91,"Checklist","","","",""
1990-91,"Checklist","","","",""
1990-91,"Checklist","","","",""
1990-91,"Checklist","","","","72"
1990-91,"Checklist","","","",""
1990-91,"Checklist","","","",""
1990-91,"Checklist","","","",""
1990-91,"Checklist","","","",""
1990-91,"Checklist","","","",""
1990-91,"Checklist","","","","73"
1990-91,"Checklist","","","",""
1990-91,"Checklist","","","",""
1990-91,"Checklist","","","",""
1990-91,"Checklist","","","",""
1990-91,"Checklist","","","",""
1990-91,"Checklist","","","","74"
1990-91,"Checklist","","","",""
1990-91,"Checklist","","","",""
1990-91,"Checklist","","","",""
1990-91,"Checklist","","","",""
1990-91,"Checklist","","","",""
1990-91,"Checklist","","","","75"
1990-91,"Checklist","","","",""
1990-91,"Checklist","","","",""
1990-91,"Checklist","","","",""
1990-91,"Checklist","","","",""
1990-91,"Checklist","","","",""
1990-91,"Checklist","","","","76"
1990-91,"Checklist","","","",""
1990-91,"Checklist","","","",""
1990-91,"Checklist","","","",""
1990-91,"Checklist","","","",""
1990-91,"Checklist","","","",""
1990-91,"Checklist","","","","77"
1990-91,"Checklist","","","",""
1990-91,"Checklist","","","",""
1990-91,"Checklist","","","",""
1990-91,"Checklist","","","",""
1990-91,"Checklist","","","",""
1990-91,"Checklist","","","","78"
1990-91,"Checklist","","","",""
1990-91,"Checklist","","","",""
1990-91,"Checklist","","","",""
1990-91,"Checklist","","","",""
1990-91,"Checklist","","","",""
1990-91,"Checklist","","","","79"
1990-91,"Checklist","","","",""
1990-91,"Checklist","","","",""
1990-91,"Checklist","","","",""
1990-91,"Checklist","","","",""
1990-91,"Checklist","","","",""
1990-91,"Checklist","","","","80"
1990-91,"Checklist","","","",""
1990-91,"Checklist","","","",""
1990-91,"Checklist","","","",""
1990-91,"Checklist","","","",""
1990-91,"Checklist","","","",""
1990-91,"Checklist","","","","81"
1990-91,"Checklist","","","",""
1990-91,"Checklist","","","",""
1990-91,"Checklist","","","",""
1990-91,"Checklist","","","",""
1990-91,"Checklist","","","",""
1990-91,"Checklist","","","","82"
1990-91,"Checklist","","","",""
1990-91,"Checklist","","","",""
1990-91,"Checklist","","","",""
1990-91,"Checklist","","","",""
1990-91,"Checklist","","","",""
1990-91,"Checklist","","","","83"
1990-91,"Checklist","","","",""
1990-91,"Checklist","","","",""
1990-91,"Checklist","","","",""
1990-91,"Checklist","","","",""
1990-91,"Checklist","","","",""
1990-91,"Checklist","","","","84"
1990-91,"Checklist","","","",""
1990-91,"Checklist","","","",""
1990-91,"Checklist","","","",""
1990-91,"Checklist","","","",""
1990-91,"Checklist","","","",""
1990-91,"Checklist","","","","85"
1990-91,"Checklist","","","",""
1990-91,"Checklist","","","",""
1990-91,"Checklist","","","",""
1990-91,"Checklist","","","",""
1990-91,"Checklist","","","",""
1990-91,"Checklist","","","","86"
1990-91,"Checklist","","","",""
1990-91,"Checklist","","","",""
1990-91,"Checklist","","","",""
1990-91,"Checklist","","","",""
1990-91,"Checklist","","","",""
1990-91,"Checklist","","","","87"
1990-91,"Checklist","","","",""
1990-91,"Checklist","","","",""
1990-91,"Checklist","","","",""
1990-91,"Checklist","","","",""
1990-91,"Checklist","","","",""
1990-91,"Checklist","","","","88"
1990-91,"Checklist","","","",""
1990-91,"Checklist","","","",""
1990-91,"Checklist","","","",""
1990-91,"Checklist","","","",""
1990-91,"Checklist","","","",""
1990-91,"Checklist","","","","89"
1990-91,"Checklist","","","",""
1990-91,"Checklist","","","",""
1990-91,"Checklist","","","",""
1990-91,"Checklist","","","",""
1990-91,"Checklist","","","",""
1990-91,"Checklist","","","","90"
1990-91,"Checklist","","","",""
1990-91,"Checklist","","","",""
1990-91,"Checklist","","","",""
1990-91,"Checklist","","","",""
1990-91,"Checklist","","","",""
1990-91,"Checklist","","","","91"
1990-91,"Checklist","","","",""
1990-91,"Checklist","","","",""
1990-91,"Checklist","","","",""
1990-91,"Checklist","","","",""
1990-91,"Checklist","","","",""
1990-91,"Checklist","","","","92"
1990-91,"Checklist","","","",""
1990-91,"Checklist","","","",""
1990-91,"Checklist","","","",""
1990-91,"Checklist","","","",""
1990-91,"Checklist","","","",""
1990-91,"Checklist","","","","93"
1990-91,"Checklist","","","",""
1990-91,"Checklist","","","",""
1990-91,"Checklist","","","",""
1990-91,"Checklist","","","",""
1990-91,"Checklist","","","",""
1990-91,"Checklist","","","","94"
1990-91,"Checklist","","","",""
1990-91,"Checklist","","","",""
1990-91,"Checklist","","","",""
1990-91,"Checklist","","","",""
1990-91,"Checklist","","","",""
1990-91,"Checklist","","","","95"
1990-91,"Checklist","","","",""
1990-91,"Checklist","","","",""
1990-91,"Checklist","","","",""
1990-91,"Checklist","","","",""
1990-91,"Checklist","","","",""
1990-91,"Checklist","","","","96"
1990-91,"Checklist","","","",""
1990-91,"Checklist","","","",""
1990-91,"Checklist","","","",""
1990-91,"Checklist","","","",""
1990-91,"Checklist","","","",""
1990-91,"Checklist","","","","97"
1990-91,"Checklist","","","",""
1990-91,"Checklist","","","",""
1990-91,"Checklist","","","",""
1990-91,"Checklist","","","",""
1990-91,"Checklist","","","",""
1990-91,"Checklist","","","","98"
1990-91,"Checklist","","","",""
1990-91,"Checklist","","","",""
1990-91,"Checklist","","","",""
1990-91,"Checklist","","","",""
1990-91,"Checklist","","","",""
1990-91,"Checklist","","","","99"
1990-91,"Checklist","","","",""
1990-91,"Checklist","","","",""
1990-91,"Checklist","","","",""
1990-91,"Checklist","","","",""
1990-91,"Checklist","","","",""
1990-91,"Checklist","","","","100"
1990-91,"Checklist","","","",""
1990-91,"Checklist","","","",""
1990-91,"Checklist","","","",""
1990-91,"Checklist","","","",""
1990-91,"Checklist","","","",""
1990-91,"Teams","Baseball
        Basketball
        Boxing
        Cricket
        Football
        Gaming
        Golf
        Hockey
        Misc Sports
        MMA
        Multi-Sport
        Non-Sport
        Racing
        Soccer
        Tennis
        Wrestling","","",""
1990-91,"Errors / Variations","Baseball
        Basketball
        Boxing
        Cricket
        Football
        Gaming
        Golf
        Hockey
        Misc Sports
        MMA
        Multi-Sport
        Non-Sport
        Racing
        Soccer
        Tennis
        Wrestling","","",""
1990-91,"Errors / Variations","","","","1a"
1990-91,"Errors / Variations","","","","1b"
1990-91,"Errors / Variations","","","","1c"
1990-91,"Errors / Variations","","","","1d"
1990-91,"Errors / Variations","","","","2a"
1990-91,"Errors / Variations","","","","2b"
1990-91,"Errors / Variations","","","","2c"
1990-91,"Errors / Variations","","","","2d"
1990-91,"Errors / Variations","","","","3a"
1990-91,"Errors / Variations","","","","3b"
1990-91,"Errors / Variations","","","","3c"
1990-91,"Errors / Variations","","","","4a"
1990-91,"Errors / Variations","","","","4b"
1990-91,"Errors / Variations","","","","4c"
1990-91,"Errors / Variations","","","","4d"
1990-91,"Errors / Variations","","","","5a"
1990-91,"Errors / Variations","","","","5b"
1990-91,"Errors / Variations","","","","5c"
1990-91,"Errors / Variations","","","","5d"
1990-91,"Errors / Variations","","","","6a"
1990-91,"Errors / Variations","","","","6b"
1990-91,"Errors / Variations","","","","6c"
1990-91,"Errors / Variations","","","","6d"
1990-91,"Errors / Variations","","","","7a"
1990-91,"Errors / Variations","","","","7b"
1990-91,"Errors / Variations","","","","7c"
1990-91,"Errors / Variations","","","","7d"
1990-91,"Errors / Variations","","","","8a"
1990-91,"Errors / Variations","","","","8b"
1990-91,"Errors / Variations","","","","8c"
1990-91,"Errors / Variations","","","","8d"
1990-91,"Errors / Variations","","","","9a"
1990-91,"Errors / Variations","","","","9b"
1990-91,"Errors / Variations","","","","9c"
1990-91,"Errors / Variations","","","","9d"
1990-91,"Errors / Variations","","","","10a"
1990-91,"Errors / Variations","","","","10b"
1990-91,"Errors / Variations","","","","10c"
1990-91,"Errors / Variations","","","","10d"
1990-91,"Errors / Variations","","","","11a"
1990-91,"Errors / Variations","","","","11b"
1990-91,"Errors / Variations","","","","11c"
1990-91,"Errors / Variations","","","","11d"
1990-91,"Errors / Variations","","","","12a"
1990-91,"Errors / Variations","","","","12b"
1990-91,"Errors / Variations","","","","12c"
1990-91,"Errors / Variations","","","","12d"
1990-91,"Errors / Variations","","","","13a"
1990-91,"Errors / Variations","","","","13b"
1990-91,"Errors / Variations","","","","13c"
1990-91,"Errors / Variations","","","","13d"
1990-91,"Errors / Variations","","","","14a"
1990-91,"Errors / Variations","","","","14b"
1990-91,"Errors / Variations","","","","14c"
1990-91,"Errors / Variations","","","","14d"
1990-91,"Errors / Variations","","","","15a"
1990-91,"Errors / Variations","","","","15b"
1990-91,"Errors / Variations","","","","15c"
1990-91,"Errors / Variations","","","","15d"
1990-91,"Errors / Variations","","","","16a"
1990-91,"Errors / Variations","","","","16b"
1990-91,"Errors / Variations","","","","16c"
1990-91,"Errors / Variations","","","","16d"
1990-91,"Errors / Variations","","","","17a"
1990-91,"Errors / Variations","","","","17b"
1990-91,"Errors / Variations","","","","17c"
1990-91,"Errors / Variations","","","","17d"
1990-91,"Errors / Variations","","","","18a"
1990-91,"Errors / Variations","","","","18b"
1990-91,"Errors / Variations","","","","18c"
1990-91,"Errors / Variations","","","","18d"
1990-91,"Errors / Variations","","","","19a"
1990-91,"Errors / Variations","","","","19b"
1990-91,"Errors / Variations","","","","19c"
1990-91,"Errors / Variations","","","","19d"
1990-91,"Errors / Variations","","","","20a"
1990-91,"Errors / Variations","","","","20b"
1990-91,"Errors / Variations","","","","20c"
1990-91,"Errors / Variations","","","","20d"
1990-91,"Errors / Variations","","","","21a"
1990-91,"Errors / Variations","","","","21b"
1990-91,"Errors / Variations","","","","21c"
1990-91,"Errors / Variations","","","","21d"
1990-91,"Errors / Variations","","","","22a"
1990-91,"Errors / Variations","","","","22b"
1990-91,"Errors / Variations","","","","22c"
1990-91,"Errors / Variations","","","","22d"
1990-91,"Errors / Variations","","","","23a"
1990-91,"Errors / Variations","","","","23b"
1990-91,"Errors / Variations","","","","23c"
1990-91,"Errors / Variations","","","","23d"
1990-91,"Errors / Variations","","","","24a"
1990-91,"Errors / Variations","","","","24b"
1990-91,"Errors / Variations","","","","24c"
1990-91,"Errors / Variations","","","","24d"
1990-91,"Errors / Variations","","","","25a"
1990-91,"Errors / Variations","","","","25b"
1990-91,"Errors / Variations","","","","25c"
1990-91,"Errors / Variations","","","","25d"
1990-91,"Errors / Variations","","","","26a"
1990-91,"Hall of Famers","Baseball
        Basketball
        Boxing
        Cricket
        Football
        Gaming
        Golf
        Hockey
        Misc Sports
        MMA
        Multi-Sport
        Non-Sport
        Racing
        Soccer
        Tennis
        Wrestling","","",""
1990-91,"Hall of Famers","","","","22"
1990-91,"Hall of Famers","","","","22"
1990-91,"Hall of Famers","","","","22"
1990-91,"Hall of Famers","","","","22"
1990-91,"Hall of Famers","","","","24"
1990-91,"Hall of Famers","","","","24"
1990-91,"Hall of Famers","","","","24"
1990-91,"Hall of Famers","","","","24"
1990-91,"Hall of Famers","","","","26"
1990-91,"Hall of Famers","","","","26"
1990-91,"Hall of Famers","","","","26"
1990-91,"Hall of Famers","","","","26"
1990-91,"Hall of Famers","","","","41"
1990-91,"Hall of Famers","","","","41"
1990-91,"Hall of Famers","","","","41"
1990-91,"Hall of Famers","","","","41"
1990-91,"Hall of Famers","","","","43"
1990-91,"Hall of Famers","","","","43"
1990-91,"Hall of Famers","","","","43"
1990-91,"Hall of Famers","","","","43"
1990-91,"Hall of Famers","","","","44"
1990-91,"Hall of Famers","","","","44"
1990-91,"Hall of Famers","","","","44"
1990-91,"Hall of Famers","","","","44"
1990-91,"Hall of Famers","","","","45"
1990-91,"Hall of Famers","","","","45"
1990-91,"Hall of Famers","","","","45"
1990-91,"Hall of Famers","","","","45"
1990-91,"Hall of Famers","","","","46"
1990-91,"Hall of Famers","","","","46"
1990-91,"Hall of Famers","","","","46"
1990-91,"Hall of Famers","","","","46"
1990-91,"Hall of Famers","","","","52"
1990-91,"Hall of Famers","","","","52"
1990-91,"Hall of Famers","","","","52"
1990-91,"Hall of Famers","","","","52"
1990-91,"Hall of Famers","","","","53"
1990-91,"Hall of Famers","","","","53"
1990-91,"Hall of Famers","","","","53"
1990-91,"Hall of Famers","","","","53"
1990-91,"Hall of Famers","","","","54"
1990-91,"Hall of Famers","","","","54"
1990-91,"Hall of Famers","","","","54"
1990-91,"Hall of Famers","","","","54"
1990-91,"Hall of Famers","","","","55"
1990-91,"Hall of Famers","","","","55"
1990-91,"Hall of Famers","","","","55"
1990-91,"Hall of Famers","","","","55"
1990-91,"Hall of Famers","","","","56"
1990-91,"Hall of Famers","","","","56"
1990-91,"Hall of Famers","","","","56"
1990-91,"Hall of Famers","","","","56"
1990-91,"Hall of Famers","","","","57"
1990-91,"Hall of Famers","","","","57"
1990-91,"Hall of Famers","","","","57"
1990-91,"Hall of Famers","","","","57"
1990-91,"Hall of Famers","","","","58"
1990-91,"Hall of Famers","","","","58"
1990-91,"Hall of Famers","","","","58"
1990-91,"Hall of Famers","","","","59"
1990-91,"Hall of Famers","","","","59"
1990-91,"Hall of Famers","","","","59"
1990-91,"Hall of Famers","","","","59"
1990-91,"Hall of Famers","","","","63"
1990-91,"Hall of Famers","","","","63"
1990-91,"Hall of Famers","","","","63"
1990-91,"Hall of Famers","","","","63"
1990-91,"Hall of Famers","","","","64"
1990-91,"Hall of Famers","","","","64"
1990-91,"Hall of Famers","","","","64"
1990-91,"Hall of Famers","","","","64"
1990-91,"Hall of Famers","","","","67"
1990-91,"Hall of Famers","","","","67"
1990-91,"Hall of Famers","","","","67"
1990-91,"Hall of Famers","","","","67"
1990-91,"Hall of Famers","","","","73"
1990-91,"Hall of Famers","","","","73"
1990-91,"Hall of Famers","","","","73"
1990-91,"Hall of Famers","","","","73"
1990-91,"Hall of Famers","","","","76"
1990-91,"Hall of Famers","","","","76"
1990-91,"Hall of Famers","","","","76"
1990-91,"Hall of Famers","","","","76"
1990-91,"Hall of Famers","","","","121"
1990-91,"Hall of Famers","","","","121"
1990-91,"Hall of Famers","","","","121"
1990-91,"Hall of Famers","","","","123"
1990-91,"Hall of Famers","","","","123"
1990-91,"Hall of Famers","","","","123"
1990-91,"Hall of Famers","","","","123"
1990-91,"Hall of Famers","","","","124"
1990-91,"Hall of Famers","","","","124"
1990-91,"Hall of Famers","","","","124"
1990-91,"Hall of Famers","","","","128"
1990-91,"Hall of Famers","","","","128"
1990-91,"Hall of Famers","","","","128"
1990-91,"Hall of Famers","","","","133"
1990-91,"Hall of Famers","","","","133"
1990-91,"Hall of Famers","","","","133"
1990-91,"Hall of Famers","","","","137"
1990-91,"Hall of Famers","","","","137"
1990-91,"Hall of Famers","","","","137"
1990-91,"Hall of Famers","","","","137"
1990-91,"Hall of Famers","","","","143"
1990-91,"Hall of Famers","","","","143"
1990-91,"Hall of Famers","","","","143"
1990-91,"Hall of Famers","","","","144"
1990-91,"Hall of Famers","","","","144"
1990-91,"Hall of Famers","","","","144"
1990-91,"Hall of Famers","","","","146"
1990-91,"Hall of Famers","","","","146"
1990-91,"Hall of Famers","","","","146"
1990-91,"Hall of Famers","","","","146"
1990-91,"Hall of Famers","","","","153"
1990-91,"Hall of Famers","","","","153"
1990-91,"Hall of Famers","","","","153"
1990-91,"Hall of Famers","","","","153"
1990-91,"Hall of Famers","","","","153"
1990-91,"Hall of Famers","","","","154"
1990-91,"Hall of Famers","","","","154"
1990-91,"Hall of Famers","","","","154"
1990-91,"Hall of Famers","","","","156"
1990-91,"Hall of Famers","","","","156"
1990-91,"Hall of Famers","","","","156"
1990-91,"Hall of Famers","","","","162"
1990-91,"Hall of Famers","","","","162"
1990-91,"Hall of Famers","","","","162"
1990-91,"Hall of Famers","","","","163"
1990-91,"Hall of Famers","","","","163"
1990-91,"Hall of Famers","","","","163"
1990-91,"Hall of Famers","","","","163"
1990-91,"Hall of Famers","","","","164"
1990-91,"Hall of Famers","","","","164"
1990-91,"Hall of Famers","","","","164"
1990-91,"Hall of Famers","","","","164"
1990-91,"Hall of Famers","","","","173"
1990-91,"Hall of Famers","","","","173"
1990-91,"Hall of Famers","","","","173"
1990-91,"Hall of Famers","","","","174"
1990-91,"Hall of Famers","","","","174"
1990-91,"Hall of Famers","","","","174"
1990-91,"Hall of Famers","","","","174"
1990-91,"Hall of Famers","","","","176"
1990-91,"Hall of Famers","","","","176"
1990-91,"Hall of Famers","","","","176"
1990-91,"Hall of Famers","","","","178"
1990-91,"Hall of Famers","","","","178"
1990-91,"Hall of Famers","","","","178"
1990-91,"Hall of Famers","","","","178"
1990-91,"Hall of Famers","","","","188"
1990-91,"Hall of Famers","","","","188"
1990-91,"Hall of Famers","","","","188"
1990-91,"Hall of Famers","","","","188"
1990-91,"Hall of Famers","","","","202"
1990-91,"Hall of Famers","","","","202"
1990-91,"Hall of Famers","","","","202"
1990-91,"Hall of Famers","","","","202"
1990-91,"Hall of Famers","","","","203"
1990-91,"Hall of Famers","","","","203"
1990-91,"Hall of Famers","","","","203"
1990-91,"Hall of Famers","","","","203"
1990-91,"Hall of Famers","","","","204"
1990-91,"Hall of Famers","","","","204"
1990-91,"Hall of Famers","","","","204"
1990-91,"Hall of Famers","","","","204"
1990-91,"Hall of Famers","","","","205"
1990-91,"Hall of Famers","","","","205"
1990-91,"Hall of Famers","","","","205"
1990-91,"Hall of Famers","","","","205"
1990-91,"Hall of Famers","","","","206"
1990-91,"Hall of Famers","","","","206"
1990-91,"Hall of Famers","","","","206"
1990-91,"Hall of Famers","","","","206"
1990-91,"Hall of Famers","","","","207"
1990-91,"Hall of Famers","","","","207"
1990-91,"Hall of Famers","","","","207"
1990-91,"Hall of Famers","","","","207"
1990-91,"Hall of Famers","","","","223"
1990-91,"Hall of Famers","","","","223"
1990-91,"Hall of Famers","","","","223"
1990-91,"Hall of Famers","","","","223"
1990-91,"Hall of Famers","","","","229"
1990-91,"Hall of Famers","","","","229"
1990-91,"Hall of Famers","","","","229"
1990-91,"Hall of Famers","","","","229"
1990-91,"Hall of Famers","","","","236"
1990-91,"Hall of Famers","","","","236"
1990-91,"Hall of Famers","","","","236"
1990-91,"Hall of Famers","","","","236"
1990-91,"Hall of Famers","","","","244"
1990-91,"Hall of Famers","","","","244"
1990-91,"Hall of Famers","","","","244"
1990-91,"Hall of Famers","","","","244"
1990-91,"Hall of Famers","","","","246"
1990-91,"Hall of Famers","","","","246"
1990-91,"Hall of Famers","","","","246"
1990-91,"Hall of Famers","","","","246"
1990-91,"Hall of Famers","","","","252"
1990-91,"Hall of Famers","","","","252"
1990-91,"Hall of Famers","","","","252"
1990-91,"Hall of Famers","","","","252"
1990-91,"Hall of Famers","","","","253"
1990-91,"Hall of Famers","","","","253"
1990-91,"Hall of Famers","","","","253"
1990-91,"Hall of Famers","","","","253"
1990-91,"Hall of Famers","","","","254"
1990-91,"Hall of Famers","","","","254"
1990-91,"Hall of Famers","","","","254"
1990-91,"Hall of Famers","","","","254"
1990-91,"Hall of Famers","","","","261"
1990-91,"Hall of Famers","","","","261"
1990-91,"Hall of Famers","","","","261"
1990-91,"Hall of Famers","","","","261"
1990-91,"Hall of Famers","","","","262"
1990-91,"Hall of Famers","","","","262"
1990-91,"Hall of Famers","","","","262"
1990-91,"Hall of Famers","","","","262"
1990-91,"Hall of Famers","","","","264"
1990-91,"Hall of Famers","","","","264"
1990-91,"Hall of Famers","","","","264"
1990-91,"Hall of Famers","","","","264"
1990-91,"Hall of Famers","","","","269"
1990-91,"Hall of Famers","","","","269"
1990-91,"Hall of Famers","","","","269"
1990-91,"Hall of Famers","","","","269"
1990-91,"Hall of Famers","","","","271"
1990-91,"Hall of Famers","","","","271"
1990-91,"Hall of Famers","","","","271"
1990-91,"Hall of Famers","","","","271"
1990-91,"Hall of Famers","","","","277"
1990-91,"Hall of Famers","","","","277"
1990-91,"Hall of Famers","","","","277"
1990-91,"Hall of Famers","","","","277"
1990-91,"Hall of Famers","","","","284"
1990-91,"Hall of Famers","","","","284"
1990-91,"Hall of Famers","","","","284"
1990-91,"Hall of Famers","","","","284"
1990-91,"Hall of Famers","","","","301"
1990-91,"Hall of Famers","","","","301"
1990-91,"Hall of Famers","","","","301"
1990-91,"Hall of Famers","","","","301"
1990-91,"Hall of Famers","","","","303"
1990-91,"Hall of Famers","","","","303"
1990-91,"Hall of Famers","","","","303"
1990-91,"Hall of Famers","","","","303"
1990-91,"Hall of Famers","","","","305"
1990-91,"Hall of Famers","","","","305"
1990-91,"Hall of Famers","","","","305"
1990-91,"Hall of Famers","","","","305"
1990-91,"Hall of Famers","","","","306"
1990-91,"Hall of Famers","","","","306"
1990-91,"Hall of Famers","","","","306"
1990-91,"Hall of Famers","","","","307"
1990-91,"Hall of Famers","","","","307"
1990-91,"Hall of Famers","","","","307"
1990-91,"Hall of Famers","","","","307"
1990-91,"Hall of Famers","","","","309"
1990-91,"Hall of Famers","","","","309"
1990-91,"Hall of Famers","","","","309"
1990-91,"Hall of Famers","","","","312"
1990-91,"Hall of Famers","","","","312"
1990-91,"Hall of Famers","","","","312"
1990-91,"Hall of Famers","","","","312"
1990-91,"Hall of Famers","","","","314"
1990-91,"Hall of Famers","","","","314"
1990-91,"Hall of Famers","","","","314"
1990-91,"Hall of Famers","","","","314"
1990-91,"Hall of Famers","","","","315"
1990-91,"Hall of Famers","","","","315"
1990-91,"Hall of Famers","","","","315"
1990-91,"Hall of Famers","","","","315"
1990-91,"Hall of Famers","","","","316"
1990-91,"Hall of Famers","","","","316"
1990-91,"Hall of Famers","","","","316"
1990-91,"Hall of Famers","","","","316"
1990-91,"Hall of Famers","","","","317"
1990-91,"Hall of Famers","","","","317"
1990-91,"Hall of Famers","","","","317"
1990-91,"Hall of Famers","","","","317"
1990-91,"Hall of Famers","","","","318"
1990-91,"Hall of Famers","","","","318"
1990-91,"Hall of Famers","","","","318"
1990-91,"Hall of Famers","","","","318"
1990-91,"Hall of Famers","","","","319"
1990-91,"Hall of Famers","","","","319"
1990-91,"Hall of Famers","","","","319"
1990-91,"Hall of Famers","","","","319"
1990-91,"Hall of Famers","","","","320"
1990-91,"Hall of Famers","","","","320"
1990-91,"Hall of Famers","","","","320"
1990-91,"Hall of Famers","","","","320"
1990-91,"Hall of Famers","","","","321"
1990-91,"Hall of Famers","","","","321"
1990-91,"Hall of Famers","","","","321"
1990-91,"Hall of Famers","","","","321"
1990-91,"Hall of Famers","","","","336"
1990-91,"Hall of Famers","","","","336"
1990-91,"Hall of Famers","","","","336"
1990-91,"Hall of Famers","","","","336"
1990-91,"Hall of Famers","","","","346"
1990-91,"Hall of Famers","","","","346"
1990-91,"Hall of Famers","","","","346"
1990-91,"Hall of Famers","","","","346"
1990-91,"Hall of Famers","","","","365"
1990-91,"Hall of Famers","","","","365"
1990-91,"Hall of Famers","","","","365"
1990-91,"Hall of Famers","","","","365"
1990-91,"Hall of Famers","","","","422"
1990-91,"Hall of Famers","","","","422"
1990-91,"Hall of Famers","","","","422"
1990-91,"Hall of Famers","","","","423"
1990-91,"Hall of Famers","","","","423"
1990-91,"Hall of Famers","","","","425"
1990-91,"Hall of Famers","","","","425"
1990-91,"Hall of Famers","","","","425"
1990-91,"Hall of Famers","","","","426"
1990-91,"Hall of Famers","","","","426"
1990-91,"Hall of Famers","","","","426"
1990-91,"Hall of Famers","","","","435"
1990-91,"Hall of Famers","","","","435"
1990-91,"Hall of Famers","","","","435"
1990-91,"Hall of Famers","","","","436"
1990-91,"Hall of Famers","","","","436"
1990-91,"Hall of Famers","","","","436"
1990-91,"Hall of Famers","","","","443"
1990-91,"Hall of Famers","","","","443"
1990-91,"Hall of Famers","","","","443"
1990-91,"Hall of Famers","","","","461"
1990-91,"Hall of Famers","","","","461"
1990-91,"Hall of Famers","","","","473"
1990-91,"Hall of Famers","","","","473"
1990-91,"Hall of Famers","","","","474"
1990-91,"Hall of Famers","","","","474"
1990-91,"Hall of Famers","","","","474"
1990-91,"Hall of Famers","","","","476"
1990-91,"Hall of Famers","","","","476"
1990-91,"Hall of Famers","","","","476"
1990-91,"Hall of Famers","","","","477"
1990-91,"Hall of Famers","","","","477"
1990-91,"Hall of Famers","","","","477"
1990-91,"Hall of Famers","","","","479"
1990-91,"Hall of Famers","","","","479"
1990-91,"Hall of Famers","","","","479"
1990-91,"Hall of Famers","","","","481"
1990-91,"Hall of Famers","","","","481"
1990-91,"Hall of Famers","","","","481"
1990-91,"Hall of Famers","","","","482"
1990-91,"Hall of Famers","","","","482"
1990-91,"Hall of Famers","","","","482"
1990-91,"Hall of Famers","","","","483"
1990-91,"Hall of Famers","","","","483"
1990-91,"Hall of Famers","","","","483"
1990-91,"Hall of Famers","","","","485"
1990-91,"Hall of Famers","","","","485"
1990-91,"Hall of Famers","","","","485"
1990-91,"Hall of Famers","","","","487"
1990-91,"Hall of Famers","","","","487"
1990-91,"Hall of Famers","","","","487"
1990-91,"Hall of Famers","","","","489"
1990-91,"Hall of Famers","","","","489"
1990-91,"Hall of Famers","","","","489"
1990-91,"Hall of Famers","","","","490"
1990-91,"Hall of Famers","","","","490"
1990-91,"Hall of Famers","","","","490"
1990-91,"Hall of Famers","","","","491"
1990-91,"Hall of Famers","","","","491"
1990-91,"Hall of Famers","","","","491"
1990-91,"Hall of Famers","","","","493"
1990-91,"Hall of Famers","","","","493"
1990-91,"Hall of Famers","","","","493"
1990-91,"Hall of Famers","","","","494"
1990-91,"Hall of Famers","","","","494"
1990-91,"Hall of Famers","","","","494"
1990-91,"Hall of Famers","","","","495"
1990-91,"Hall of Famers","","","","495"
1990-91,"Hall of Famers","","","","495"
1990-91,"Hall of Famers","","","","496"
1990-91,"Hall of Famers","","","","496"
1990-91,"Hall of Famers","","","","496"
1990-91,"Hall of Famers","","","","496"
1990-91,"Hall of Famers","","","","496"
1990-91,"Hall of Famers","","","","497"
1990-91,"Hall of Famers","","","","497"
1990-91,"Hall of Famers","","","","497"
1990-91,"Hall of Famers","","","","498"
1990-91,"Hall of Famers","","","","498"
1990-91,"Hall of Famers","","","","498"
1990-91,"Hall of Famers","","","","502"
1990-91,"Hall of Famers","","","","502"
1990-91,"Hall of Famers","","","","502"
1990-91,"Hall of Famers","","","","504"
1990-91,"Hall of Famers","","","","504"
1990-91,"Hall of Famers","","","","504"
1990-91,"Hall of Famers","","","","506"
1990-91,"Hall of Famers","","","","506"
1990-91,"Hall of Famers","","","","506"
1990-91,"Hall of Famers","","","","508"
1990-91,"Hall of Famers","","","","508"
1990-91,"Hall of Famers","","","","508"
1990-91,"Hall of Famers","","","","509"
1990-91,"Hall of Famers","","","","509"
1990-91,"Hall of Famers","","","","509"
1990-91,"Hall of Famers","","","","510"
1990-91,"Hall of Famers","","","","510"
1990-91,"Hall of Famers","","","","510"
1990-91,"Hall of Famers","","","","511"
1990-91,"Hall of Famers","","","","511"
1990-91,"Hall of Famers","","","","511"
1990-91,"Hall of Famers","","","","512"
1990-91,"Hall of Famers","","","","512"
1990-91,"Hall of Famers","","","","512"
1990-91,"Hall of Famers","","","","515"
1990-91,"Hall of Famers","","","","515"
1990-91,"Hall of Famers","","","","515"
1990-91,"Hall of Famers","","","","521"
1990-91,"Hall of Famers","","","","521"
1990-91,"Hall of Famers","","","","521"
1990-91,"Hall of Famers","","","","525"
1990-91,"Hall of Famers","","","","525"
1990-91,"Hall of Famers","","","","525"
1990-91,"Hall of Famers","","","","526"
1990-91,"Hall of Famers","","","","526"
1990-91,"Hall of Famers","","","","526"
1990-91,"Hall of Famers","","","","545"
1990-91,"Hall of Famers","","","","545"
1990-91,"Hall of Famers","","","","545"
1990-91,"Hall of Famers","","","","546"
1990-91,"Hall of Famers","","","","546"
1990-91,"Hall of Famers","","","","546"
1990-91,"Rookies","Baseball
        Basketball
        Boxing
        Cricket
        Football
        Gaming
        Golf
        Hockey
        Misc Sports
        MMA
        Multi-Sport
        Non-Sport
        Racing
        Soccer
        Tennis
        Wrestling","","",""
1990-91,"Rookies","","","11","Troy Mallette RC, VAR"
1990-91,"Rookies","","","11","Troy Mallette RC, VAR"
1990-91,"Rookies","","","11","Troy Mallette RC, VAR"
1990-91,"Rookies","","","11","Troy Mallette RC, VAR"
1990-91,"Rookies","","","13","Miloslav Horava RC, VAR"
1990-91,"Rookies","","","13","Miloslav Horava RC, VAR"
1990-91,"Rookies","","","13","Miloslav Horava RC, VAR"
1990-91,"Rookies","","","13","Miloslav Horava RC, VAR"
1990-91,"Rookies","","","14","Kevin Stevens RC, VAR"
1990-91,"Rookies","","","14","Kevin Stevens RC, VAR"
1990-91,"Rookies","","","14","Kevin Stevens RC, VAR"
1990-91,"Rookies","","","14","Kevin Stevens RC, VAR"
1990-91,"Rookies","","","18","Glenn Healy RC, VAR"
1990-91,"Rookies","","","18","Glenn Healy RC, VAR"
1990-91,"Rookies","","","18","Glenn Healy RC, VAR"
1990-91,"Rookies","","","18","Glenn Healy RC, VAR"
1990-91,"Rookies","","","19","Sergio Momesso RC, VAR"
1990-91,"Rookies","","","19","Sergio Momesso RC, VAR"
1990-91,"Rookies","","","19","Sergio Momesso RC, VAR"
1990-91,"Rookies","","","19","Sergio Momesso RC, VAR"
1990-91,"Rookies","","","23","Martin Gelinas RC, VAR"
1990-91,"Rookies","","","23","Martin Gelinas RC, VAR"
1990-91,"Rookies","","","23","Martin Gelinas RC, VAR"
1990-91,"Rookies","","","23","Martin Gelinas RC, VAR"
1990-91,"Rookies","","","24","Alexander Mogilny RC, VAR"
1990-91,"Rookies","","","24","Alexander Mogilny RC, VAR"
1990-91,"Rookies","","","24","Alexander Mogilny RC, VAR"
1990-91,"Rookies","","","24","Alexander Mogilny RC, VAR"
1990-91,"Rookies","","","25","John Byce RC, VAR"
1990-91,"Rookies","","","25","John Byce RC, VAR"
1990-91,"Rookies","","","25","John Byce RC, VAR"
1990-91,"Rookies","","","25","John Byce RC, VAR"
1990-91,"Rookies","","","28","Don Barber RC, VAR"
1990-91,"Rookies","","","28","Don Barber RC, VAR"
1990-91,"Rookies","","","28","Don Barber RC, VAR"
1990-91,"Rookies","","","28","Don Barber RC, VAR"
1990-91,"Rookies","","","32","Mike Richter RC, VAR"
1990-91,"Rookies","","","32","Mike Richter RC, VAR"
1990-91,"Rookies","","","32","Mike Richter RC, VAR"
1990-91,"Rookies","","","32","Mike Richter RC, VAR"
1990-91,"Rookies","","","35","Bob Corkum SR, RC, VAR"
1990-91,"Rookies","","","35","Bob Corkum SR, RC, VAR"
1990-91,"Rookies","","","35","Bob Corkum SR, RC, VAR"
1990-91,"Rookies","","","35","Bob Corkum SR, RC, VAR"
1990-91,"Rookies","","","36","Rod Brind'Amour RC, VAR"
1990-91,"Rookies","","","36","Rod Brind'Amour RC, VAR"
1990-91,"Rookies","","","36","Rod Brind'Amour RC, VAR"
1990-91,"Rookies","","","36","Rod Brind'Amour RC, VAR"
1990-91,"Rookies","","","37","Mark Fitzpatrick RC, VAR"
1990-91,"Rookies","","","37","Mark Fitzpatrick RC, VAR"
1990-91,"Rookies","","","37","Mark Fitzpatrick RC, VAR"
1990-91,"Rookies","","","37","Mark Fitzpatrick RC, VAR"
1990-91,"Rookies","","","39","Mick Vukota RC, VAR"
1990-91,"Rookies","","","39","Mick Vukota RC, VAR"
1990-91,"Rookies","","","39","Mick Vukota RC, VAR"
1990-91,"Rookies","","","39","Mick Vukota RC, VAR"
1990-91,"Rookies","","","40","Mike Lalor RC, VAR"
1990-91,"Rookies","","","40","Mike Lalor RC, VAR"
1990-91,"Rookies","","","40","Mike Lalor RC, VAR"
1990-91,"Rookies","","","40","Mike Lalor RC, VAR"
1990-91,"Rookies","","","45","Rob Blake SR, RC, VAR"
1990-91,"Rookies","","","45","Rob Blake SR, RC, VAR"
1990-91,"Rookies","","","45","Rob Blake SR, RC, VAR"
1990-91,"Rookies","","","45","Rob Blake SR, RC, VAR"
1990-91,"Rookies","","","46","Mike Modano RC, VAR"
1990-91,"Rookies","","","46","Mike Modano RC, VAR"
1990-91,"Rookies","","","46","Mike Modano RC, VAR"
1990-91,"Rookies","","","46","Mike Modano RC, VAR"
1990-91,"Rookies","","","51","Stephan Lebeau RC, VAR"
1990-91,"Rookies","","","51","Stephan Lebeau RC, VAR"
1990-91,"Rookies","","","51","Stephan Lebeau RC, VAR"
1990-91,"Rookies","","","51","Stephan Lebeau RC, VAR"
1990-91,"Rookies","","","55","Ed Belfour SR, RC, VAR"
1990-91,"Rookies","","","55","Ed Belfour SR, RC, VAR"
1990-91,"Rookies","","","55","Ed Belfour SR, RC, VAR"
1990-91,"Rookies","","","55","Ed Belfour SR, RC, VAR"
1990-91,"Rookies","","","63","Jeremy Roenick RC, VAR"
1990-91,"Rookies","","","63","Jeremy Roenick RC, VAR"
1990-91,"Rookies","","","63","Jeremy Roenick RC, VAR"
1990-91,"Rookies","","","63","Jeremy Roenick RC, VAR"
1990-91,"Rookies","","","65","Jon Morris SR, RC, VAR"
1990-91,"Rookies","","","65","Jon Morris SR, RC, VAR"
1990-91,"Rookies","","","65","Jon Morris SR, RC, VAR"
1990-91,"Rookies","","","65","Jon Morris SR, RC, VAR"
1990-91,"Rookies","","","75","Jason Soules SR, RC, VAR"
1990-91,"Rookies","","","75","Jason Soules SR, RC, VAR"
1990-91,"Rookies","","","75","Jason Soules SR, RC, VAR"
1990-91,"Rookies","","","75","Jason Soules SR, RC, VAR"
1990-91,"Rookies","","","77","Vladimir Krutov RC, VAR"
1990-91,"Rookies","","","77","Vladimir Krutov RC, VAR"
1990-91,"Rookies","","","77","Vladimir Krutov RC, VAR"
1990-91,"Rookies","","","80","Michal Pivonka RC, VAR"
1990-91,"Rookies","","","80","Michal Pivonka RC, VAR"
1990-91,"Rookies","","","80","Michal Pivonka RC, VAR"
1990-91,"Rookies","","","80","Michal Pivonka RC, VAR"
1990-91,"Rookies","","","81","Mark Laforest RC, UER, VAR"
1990-91,"Rookies","","","81","Mark Laforest RC, UER, VAR"
1990-91,"Rookies","","","81","Mark Laforest RC, UER, VAR"
1990-91,"Rookies","","","81","Mark Laforest RC, UER, VAR"
1990-91,"Rookies","","","86","Gord Murphy RC, VAR"
1990-91,"Comments","Baseball
        Basketball
        Boxing
        Cricket
        Football
        Gaming
        Golf
        Hockey
        Misc Sports
        MMA
        Multi-Sport
        Non-Sport
        Racing
        Soccer
        Tennis
        Wrestling","","",""
1990-91,"Comments","Sep 20, 2025 - 8:59PM
SaintOrm	

I opened a pack of the Premier Series cards & got two #341 Charlie Huddy cards. One had the "90 hockey sticks" hologram and the other had the "90 carrots" hologram. Two different holograms from the same pack!

Rating: 9","Sep 20, 2025 - 8:59PM
SaintOrm","",""
1990-91,"Comments","Dec 3, 2023 - 9:36PM
E180TEKNO	

I' have so happy , i have shooted a card hologrma of Wayne Gretzky ,By the way, I pulled 4 holograms from this box. I still have 4 packs to open, and I think without a doubt that getting 4 holograms from a box is quite decent.

in fact i have open just at the time a new pack and i finded a news card hologram , mayny five holo for the moment


Edited on: Dec 3, 2023 - 9:39PM

  1","Dec 3, 2023 - 9:36PM
E180TEKNO","",""
1990-91,"Comments","Mar 2, 2023 - 10:04PM
SheeFoo	

I was forever hooked by this set...the cards were beautiful when they came out. Soon after I acquired a Steve Yzerman 84 OPC rookie card. I have never looked back. That's not quite true. I did get out of collecting for many years. But I'm back now. The first upper deck sets were exciting for me as I was truly a fan of the Russian players, and the Russian 5 man unit in the wings. What an era.","Mar 2, 2023 - 10:04PM
SheeFoo","",""
1990-91,"Comments","Dec 23, 2021 - 11:22PM
Glitchy	

i have found card 467 martin lapointe and 469 pat falloon missing the hologram","Dec 23, 2021 - 11:22PM
Glitchy","",""
1990-91,"Comments","Sep 21, 2021 - 12:51AM
Brien	

I also found card number 390 Gerald Diduck is missing the hologram logo on the reverse

Rating: 8","Sep 21, 2021 - 12:51AM
Brien","",""
1990-91,"Comments","Sep 21, 2021 - 12:48AM
Brien	

I found 2 cards with the same error or variation on the reverse first card is number 101 Jamie Macoun and the second card is number 511 Harry Howell they both have 2 holograms on the back. Macoun has one just to the right of the NHL logo and the other is above and to the right of his picture. Howell's card has the 2 holograms in his bio, the first one is on the last line of the bio and the other one is above and to the right of the first one.

Rating: 8","Sep 21, 2021 - 12:48AM
Brien","",""
1990-91,"Comments","Aug 10, 2021 - 8:55AM
LMoose	

This set is great, really fun to go through but the amount of hologram variations makes it a nightmare for completionists. These are the ones I identified and all the different holograms that came in the same box (high and low series):

The first "90" hologram is the horizontal/upside down upper deck text with a row of small 90s and a row of carrots.

The second "90" hologram is the same horizontal/upside down upper deck text but with large 90s and a row of crossed hockey sticks

The third variation is the upper deck text stacked on two lines directly above each other with baseballs. The upper deck text is shinier here than in the "90" variations but there is no "90" or "91" in the hologram.

Lastly, the "91" hologram; upper deck text but one word right-side up, one upside down and a glossy "91" can be seen. Just like the baseball variation, the upper deck text is shinier than the "90" variations.

If you thought you were done collecting that PC player there might be a few more variations to hunt for!","Aug 10, 2021 - 8:55AM
LMoose","",""
1990-91,"Comments","Dec 20, 2020 - 12:41PM
reakins	

The 1990 hologram usually has a "90" visible, along with the words "UPPER DECK" aligned horizontal with both words the same way up. Both words can be upside down or right side up, but the same. The 1991 hologram is text with the words "UPPER DECK" but each word is not the same way up. For example, if "UPPER" is the right way up, DECK is upside down (and vise versa). Each word is different. Sometimes a small "91" is visible.


Edited on: Dec 20, 2020 - 1:20PM

Rating: 9","Dec 20, 2020 - 12:41PM
reakins","",""
1990-91,"Comments","May 12, 2018 - 8:40PM
TeeJay	

This set was a game changer back in the day, quality next level photography front and back..Those early 90's were fun collecting.

Rating: 9","May 12, 2018 - 8:40PM
TeeJay","",""
1990-91,"Comments","Jun 2, 2017 - 1:37PM
mcdonald	

I found my first rookie card..Jaromir Jagr. An unknown player who as of today still a player.","Jun 2, 2017 - 1:37PM
mcdonald","",""
1990-91,"Comments","Mar 23, 2015 - 9:43PM
mcg324	

This was my first collector's experience in hockey cards. Loved it.","Mar 23, 2015 - 9:43PM
mcg324","",""
1990-91,"Comments","Sep 17, 2014 - 5:42PM
Rimar1955	

- Taken from Beckett.com

The 1990-91 Upper Deck Hockey set contains 550 standard-size cards. The set was released in two series of 400 and 150 cards, respectively. The card fronts feature color action photos, bordered on the right and bottom in the team's colors with the team logo in the lower right hand corner. The player's name and position in black lettering appear in a pale blue bar at the top of the card front. Two-thirds of back shows another color action photo, while the remaining third presents biographical information and career statistics in pale blue box running the length of the card. The second (or extended) series contains 150 cards and includes newest rookies, traded players, All Stars, Heroes of the NHL, and members of the Canadian National Junior Team. It should also be noted that the Canada's Captains card (473) shows Eric Lindros along with Kris Draper and Steven Rice. The French version of 1990-91 Upper Deck was produced in smaller quantities compared to the English version; multipliers can be found in the header below to determine values for these.","Sep 17, 2014 - 5:42PM
Rimar1955","",""
1990-91,"Comments","May 4, 2013 - 10:57PM
biggiofn7	

Awesome set. The best place to start a hockey card collection. Many rookies and Hall of Famers.

Rating: 8","May 4, 2013 - 10:57PM
biggiofn7","",""
1990-91,"Comments","Mar 4, 2013 - 11:26PM
captain_canuck	

Landmark set! Signalled the end of the simple days of hockey card collecting. High quality photos and card stock and the first use of holograms on hockey cards. Loaded with rookies, awesome set!

Rating: 9.5","Mar 4, 2013 - 11:26PM
captain_canuck","",""
1990-91,"Packaging","Baseball
        Basketball
        Boxing
        Cricket
        Football
        Gaming
        Golf
        Hockey
        Misc Sports
        MMA
        Multi-Sport
        Non-Sport
        Racing
        Soccer
        Tennis
        Wrestling","","",""
1990-91,"Pricing","Baseball
        Basketball
        Boxing
        Cricket
        Football
        Gaming
        Golf
        Hockey
        Misc Sports
        MMA
        Multi-Sport
        Non-Sport
        Racing
        Soccer
        Tennis
        Wrestling","","",""
1990-91,"Pricing","1","","David Volek VAR",""
1990-91,"Pricing","1","","David Volek VAR",""
1990-91,"Pricing","1","","David Volek VAR",""
1990-91,"Pricing","1","","David Volek VAR",""
1990-91,"Pricing","2","","Brian Propp VAR",""
1990-91,"Pricing","2","","Brian Propp VAR",""
1990-91,"Pricing","2","","Brian Propp VAR",""
1990-91,"Pricing","2","","Brian Propp VAR",""
1990-91,"Pricing","3","","Wendel Clark VAR",""
1990-91,"Pricing","3","","Wendel Clark VAR",""
1990-91,"Pricing","3","","Wendel Clark VAR",""
1990-91,"Pricing","4","","Adam Creighton VAR",""
1990-91,"Pricing","4","","Adam Creighton VAR",""
1990-91,"Pricing","4","","Adam Creighton VAR",""
1990-91,"Pricing","4","","Adam Creighton VAR",""
1990-91,"Pricing","5","","Mark Osborne VAR",""
1990-91,"Pricing","5","","Mark Osborne VAR",""
1990-91,"Pricing","5","","Mark Osborne VAR",""
1990-91,"Pricing","5","","Mark Osborne VAR",""
1990-91,"Pricing","6","","Murray Craven VAR",""
1990-91,"Pricing","6","","Murray Craven VAR",""
1990-91,"Pricing","6","","Murray Craven VAR",""
1990-91,"Pricing","6","","Murray Craven VAR",""
1990-91,"Pricing","7","","Doug Crossman VAR",""
1990-91,"Pricing","7","","Doug Crossman VAR",""
1990-91,"Pricing","7","","Doug Crossman VAR",""
1990-91,"Pricing","7","","Doug Crossman VAR",""
1990-91,"Pricing","8","","Mario Marois VAR",""
1990-91,"Pricing","8","","Mario Marois VAR",""
1990-91,"Pricing","8","","Mario Marois VAR",""
1990-91,"Pricing","8","","Mario Marois VAR",""
1990-91,"Pricing","9","","Curt Giles VAR",""
1990-91,"Pricing","9","","Curt Giles VAR",""
1990-91,"Pricing","9","","Curt Giles VAR",""
1990-91,"Pricing","9","","Curt Giles VAR",""
1990-91,"Pricing","10","","Rick Wamsley VAR",""
1990-91,"Pricing","10","","Rick Wamsley VAR",""
1990-91,"Pricing","10","","Rick Wamsley VAR",""
1990-91,"Pricing","10","","Rick Wamsley VAR",""
1990-91,"Pricing","11","","Troy Mallette RC, VAR",""
1990-91,"Pricing","11","","Troy Mallette RC, VAR",""
1990-91,"Pricing","11","","Troy Mallette RC, VAR",""
1990-91,"Pricing","11","","Troy Mallette RC, VAR",""
1990-91,"Pricing","12","","John Cullen VAR",""
1990-91,"Pricing","12","","John Cullen VAR",""
1990-91,"Pricing","12","","John Cullen VAR",""
1990-91,"Pricing","12","","John Cullen VAR",""
1990-91,"Pricing","13","","Miloslav Horava RC, VAR",""
1990-91,"Pricing","13","","Miloslav Horava RC, VAR",""
1990-91,"Pricing","13","","Miloslav Horava RC, VAR",""
1990-91,"Pricing","13","","Miloslav Horava RC, VAR",""
1990-91,"Pricing","14","","Kevin Stevens RC, VAR",""
1990-91,"Pricing","14","","Kevin Stevens RC, VAR",""
1990-91,"Pricing","14","","Kevin Stevens RC, VAR",""
1990-91,"Pricing","14","","Kevin Stevens RC, VAR",""
1990-91,"Pricing","15","","David Shaw VAR",""
1990-91,"Pricing","15","","David Shaw VAR",""
1990-91,"Pricing","15","","David Shaw VAR",""
1990-91,"Pricing","15","","David Shaw VAR",""
1990-91,"Pricing","16","","Randy Wood VAR",""
1990-91,"Pricing","16","","Randy Wood VAR",""
1990-91,"Pricing","16","","Randy Wood VAR",""
1990-91,"Pricing","16","","Randy Wood VAR",""
1990-91,"Pricing","17","","Peter Zezel VAR",""
1990-91,"Pricing","17","","Peter Zezel VAR",""
1990-91,"Pricing","17","","Peter Zezel VAR",""
1990-91,"Pricing","17","","Peter Zezel VAR",""
1990-91,"Pricing","18","","Glenn Healy RC, VAR",""
1990-91,"Pricing","18","","Glenn Healy RC, VAR",""
1990-91,"Pricing","18","","Glenn Healy RC, VAR",""
1990-91,"Pricing","18","","Glenn Healy RC, VAR",""
1990-91,"Pricing","19","","Sergio Momesso RC, VAR",""
1990-91,"Pricing","19","","Sergio Momesso RC, VAR",""
1990-91,"Pricing","19","","Sergio Momesso RC, VAR",""
1990-91,"Pricing","19","","Sergio Momesso RC, VAR",""
1990-91,"Pricing","20","","Don Maloney VAR",""
1990-91,"Pricing","20","","Don Maloney VAR",""
1990-91,"Pricing","20","","Don Maloney VAR",""
1990-91,"Pricing","20","","Don Maloney VAR",""
1990-91,"Pricing","21","","Craig Muni VAR",""
1990-91,"Pricing","21","","Craig Muni VAR",""
1990-91,"Pricing","21","","Craig Muni VAR",""
1990-91,"Pricing","21","","Craig Muni VAR",""
1990-91,"Pricing","22","","Phil Housley VAR",""
1990-91,"Pricing","22","","Phil Housley VAR",""
1990-91,"Pricing","22","","Phil Housley VAR",""
1990-91,"Pricing","22","","Phil Housley VAR",""
1990-91,"Pricing","23","","Martin Gelinas RC, VAR",""
1990-91,"Pricing","23","","Martin Gelinas RC, VAR",""
1990-91,"Pricing","23","","Martin Gelinas RC, VAR",""
1990-91,"Pricing","23","","Martin Gelinas RC, VAR",""
1990-91,"Pricing","24","","Alexander Mogilny RC, VAR",""
1990-91,"Pricing","24","","Alexander Mogilny RC, VAR",""
1990-91,"Pricing","24","","Alexander Mogilny RC, VAR",""
1990-91,"Pricing","24","","Alexander Mogilny RC, VAR",""
1990-91,"Pricing","25","","John Byce RC, VAR",""
1990-91,"Pricing","25","","John Byce RC, VAR",""
1990-91,"Pricing","25","","John Byce RC, VAR",""
1990-91,"Pricing","25","","John Byce RC, VAR",""
1990-91,"Pricing","26","","Joe Nieuwendyk VAR",""
1990-91,"Sell Sheets / Ads","Baseball
        Basketball
        Boxing
        Cricket
        Football
        Gaming
        Golf
        Hockey
        Misc Sports
        MMA
        Multi-Sport
        Non-Sport
        Racing
        Soccer
        Tennis
        Wrestling","","",""
1990-91,"Trivia","Baseball
        Basketball
        Boxing
        Cricket
        Football
        Gaming
        Golf
        Hockey
        Misc Sports
        MMA
        Multi-Sport
        Non-Sport
        Racing
        Soccer
        Tennis
        Wrestling","","",""
1990-91,"Videos","Baseball
        Basketball
        Boxing
        Cricket
        Football
        Gaming
        Golf
        Hockey
        Misc Sports
        MMA
        Multi-Sport
        Non-Sport
        Racing
        Soccer
        Tennis
        Wrestling","","",""
1990-91,"Videos","Posted by: BigEd76
Jun 11, 2020 - 8:56PM","Posted by: BigEd76
Jun 11, 2020 - 8:56PM","",""
1990-91,"External Links","Baseball
        Basketball
        Boxing
        Cricket
        Football
        Gaming
        Golf
        Hockey
        Misc Sports
        MMA
        Multi-Sport
        Non-Sport
        Racing
        Soccer
        Tennis
        Wrestling","","",""
1990-91,"Contributors","Baseball
        Basketball
        Boxing
        Cricket
        Football
        Gaming
        Golf
        Hockey
        Misc Sports
        MMA
        Multi-Sport
        Non-Sport
        Racing
        Soccer
        Tennis
        Wrestling","","",""
1990-91,"Contributors","Member	Total
1.	ssabreman	993
2.	oldcollector	941
3.	bobfetta	402
4.	PapaG321	366
5.	Luffarn21	125
6.	mcg324	115
7.	Gregory_kyle	105
8.	Pennytendencies	94
9.	Gunny	86
10.	reakins	75
11.	Michel St-Pierre	65
12.	Chandler	60
13.	Dakota14KK	39
14.	rds332000	37
15.	hawkking	29
16.	Eriqulous	28
17.	CollectorTBNL	23
18.	bronnerea	18
19.	rbelanger13	18
20.	OogaBooga	15
21.	jankasecky	11
22.	Sturgeonfishie	8
23.	FlyingWhales	6
24.	doogie_13	6
25.	rosconiner1	6
26.	Jarde	5
27.	Sarge137	5
28.	ShowStorm	5
29.	TomSas	5
30.	Haddixco	4
31.	NJDevils	4
32.	dcoulmanjr	4
33.	OTP_CT	3
34.	bigcountry98	3
35.	dann443	3
36.	ebernerd	3
37.	Quintessence	2
38.	Shaw Racing	2
39.	Sportzcommish	2
40.	Vader099	2
41.	galop92	2
42.	iffie99	2
43.	numbern9ne	2
44.	Dacious	1
45.	Genki	1
46.	KQuinner	1
47.	LO212257	1
48.	Lappen	1
49.	Opera_of_Death	1
50.	Rick_B	1
51.	Stevie Jay	1
52.	Tripredacus	1
53.	avsbruins65	1
54.	bcmeeker	1
55.	mac412	1
56.	michael1206	1
57.	schwitz	1
58.	sundin	1","","Member","Total"
1990-91,"Contributors","","Member","Total",""
1990-91,"Contributors","1.","ssabreman","993",""
1990-91,"Contributors","2.","oldcollector","941",""
1990-91,"Contributors","3.","bobfetta","402",""
1990-91,"Contributors","4.","PapaG321","366",""
1990-91,"Contributors","5.","Luffarn21","125",""
1990-91,"Contributors","6.","mcg324","115",""
1990-91,"Contributors","7.","Gregory_kyle","105",""
1990-91,"Contributors","8.","Pennytendencies","94",""
1990-91,"Contributors","9.","Gunny","86",""
1990-91,"Contributors","10.","reakins","75",""
1990-91,"Contributors","11.","Michel St-Pierre","65",""
1990-91,"Contributors","12.","Chandler","60",""
1990-91,"Contributors","13.","Dakota14KK","39",""
1990-91,"Contributors","14.","rds332000","37",""
1990-91,"Contributors","15.","hawkking","29",""
1990-91,"Contributors","16.","Eriqulous","28",""
1990-91,"Contributors","17.","CollectorTBNL","23",""
1990-91,"Contributors","18.","bronnerea","18",""
1990-91,"Contributors","19.","rbelanger13","18",""
1990-91,"Contributors","20.","OogaBooga","15",""
1990-91,"Contributors","21.","jankasecky","11",""
1990-91,"Contributors","22.","Sturgeonfishie","8",""
1990-91,"Contributors","23.","FlyingWhales","6",""
1990-91,"Contributors","24.","doogie_13","6",""
1990-91,"Contributors","25.","rosconiner1","6",""
1990-91,"Contributors","26.","Jarde","5",""
1990-91,"Contributors","27.","Sarge137","5",""
1990-91,"Contributors","28.","ShowStorm","5",""
1990-91,"Contributors","29.","TomSas","5",""
1990-91,"Contributors","30.","Haddixco","4",""
1990-91,"Contributors","31.","NJDevils","4",""
1990-91,"Contributors","32.","dcoulmanjr","4",""
1990-91,"Contributors","33.","OTP_CT","3",""
1990-91,"Contributors","34.","bigcountry98","3",""
1990-91,"Contributors","35.","dann443","3",""
1990-91,"Contributors","36.","ebernerd","3",""
1990-91,"Contributors","37.","Quintessence","2",""
1990-91,"Contributors","38.","Shaw Racing","2",""
1990-91,"Contributors","39.","Sportzcommish","2",""
1990-91,"Contributors","40.","Vader099","2",""
1990-91,"Contributors","41.","galop92","2",""
1990-91,"Contributors","42.","iffie99","2",""
1990-91,"Contributors","43.","numbern9ne","2",""
1990-91,"Contributors","44.","Dacious","1",""
1990-91,"Contributors","45.","Genki","1",""
1990-91,"Contributors","46.","KQuinner","1",""
1990-91,"Contributors","47.","LO212257","1",""
1990-91,"Contributors","48.","Lappen","1",""
1990-91,"Contributors","49.","Opera_of_Death","1",""
1990-91,"Contributors","50.","Rick_B","1",""
1990-91,"Contributors","51.","Stevie Jay","1",""
1990-91,"Contributors","52.","Tripredacus","1",""
1990-91,"Contributors","53.","avsbruins65","1",""
1990-91,"Contributors","54.","bcmeeker","1",""
1990-91,"Contributors","55.","mac412","1",""
1990-91,"Contributors","56.","michael1206","1",""
1990-91,"Contributors","57.","schwitz","1",""
1990-91,"Contributors","58.","sundin","1",""
1990-91,"Contributors","Member	Total
1.	DarthTempest	1
2.	One8	1
3.	galemann	1
4.	galop92	1","","Member","Total"
1990-91,"Contributors","","Member","Total",""
1990-91,"Contributors","1.","DarthTempest","1",""
1990-91,"Contributors","2.","One8","1",""
1990-91,"Contributors","3.","galemann","1",""
1990-91,"Contributors","4.","galop92","1",""
1990-91,"Contributors","Member	Total
1.	Brien	2
2.	E180TEKNO	1
3.	Glitchy	1
4.	LMoose	1
5.	Rimar1955	1
6.	SaintOrm	1
7.	SheeFoo	1
8.	TeeJay	1
9.	biggiofn7	1
10.	captain_canuck	1
11.	mcdonald	1
12.	mcg324	1
13.	reakins	1","","Member","Total"
1990-91,"Contributors","","Member","Total",""
1990-91,"Contributors","1.","Brien","2",""
1990-91,"Contributors","2.","E180TEKNO","1",""
1990-91,"Contributors","3.","Glitchy","1",""
1990-91,"Contributors","4.","LMoose","1",""
1990-91,"Contributors","5.","Rimar1955","1",""
1990-91,"Contributors","6.","SaintOrm","1",""
1990-91,"Contributors","7.","SheeFoo","1",""
1990-91,"Contributors","8.","TeeJay","1",""
1990-91,"Contributors","9.","biggiofn7","1",""
1990-91,"Contributors","10.","captain_canuck","1",""
1990-91,"Contributors","11.","mcdonald","1",""
1990-91,"Contributors","12.","mcg324","1",""
1990-91,"Contributors","13.","reakins","1",""
1990-91,"Contributors","Member	Total
1.	Billy Kingsley	7
2.	dobbie	3
3.	reakins	3
4.	Shaw Racing	2
5.	biotwister	2
6.	engineer67	2
7.	styxscottii	2
8.	DanD	1
9.	Jon Cantrell	1
10.	jmnovff	1","","Member","Total"
1990-91,"Contributors","","Member","Total",""
1990-91,"Contributors","1.","Billy Kingsley","7",""
1990-91,"Contributors","2.","dobbie","3",""
1990-91,"Contributors","3.","reakins","3",""
1990-91,"Contributors","4.","Shaw Racing","2",""
1990-91,"Contributors","5.","biotwister","2",""
1990-91,"Contributors","6.","engineer67","2",""
1990-91,"Contributors","7.","styxscottii","2",""
1990-91,"Contributors","8.","DanD","1",""
1990-91,"Contributors","9.","Jon Cantrell","1",""
1990-91,"Contributors","10.","jmnovff","1",""
1990-91,"Contributors","Member	Total
1.	wjhipwell	3","","Member","Total"
1990-91,"Contributors","","Member","Total",""
1990-91,"Contributors","1.","wjhipwell","3",""
1990-91,"Contributors","Member	Total
1.	BigEd76	28
2.	C2Cigars	7
3.	Jarde	6
4.	dollar guy	3
5.	Dmenko	1
6.	richardson	1","","Member","Total"
1990-91,"Contributors","","Member","Total",""
1990-91,"Contributors","1.","BigEd76","28",""
1990-91,"Contributors","2.","C2Cigars","7",""
1990-91,"Contributors","3.","Jarde","6",""
1990-91,"Contributors","4.","dollar guy","3",""
1990-91,"Contributors","5.","Dmenko","1",""
1990-91,"Contributors","6.","richardson","1",""
1990-91,"Contributors","Member	Total
1.	BigEd76	1","","Member","Total"
1990-91,"Contributors","","Member","Total",""
1990-91,"Contributors","1.","BigEd76","1",""
1990-91,"Contributors","Member	Total
1.	wjhipwell	1","","Member","Total"
1990-91,"Contributors","","Member","Total",""
1990-91,"Contributors","1.","wjhipwell","1",""
1990-91,"Glossary","Baseball
        Basketball
        Boxing
        Cricket
        Football
        Gaming
        Golf
        Hockey
        Misc Sports
        MMA
        Multi-Sport
        Non-Sport
        Racing
        Soccer
        Tennis
        Wrestling","","",""
1990-91,"Gallery","Baseball
        Basketball
        Boxing
        Cricket
        Football
        Gaming
        Golf
        Hockey
        Misc Sports
        MMA
        Multi-Sport
        Non-Sport
        Racing
        Soccer
        Tennis
        Wrestling","","",""
1990-91,"Stats","Baseball
        Basketball
        Boxing
        Cricket
        Football
        Gaming
        Golf
        Hockey
        Misc Sports
        MMA
        Multi-Sport
        Non-Sport
        Racing
        Soccer
        Tennis
        Wrestling","","",""
1990-91,"Collection Summary","Baseball
        Basketball
        Boxing
        Cricket
        Football
        Gaming
        Golf
        Hockey
        Misc Sports
        MMA
        Multi-Sport
        Non-Sport
        Racing
        Soccer
        Tennis
        Wrestling","","",""
1990-91,"Overview","Baseball
        Basketball
        Boxing
        Cricket
        Football
        Gaming
        Golf
        Hockey
        Misc Sports
        MMA
        Multi-Sport
        Non-Sport
        Racing
        Soccer
        Tennis
        Wrestling","","",""
1990-91,"Overview","","","","1"
1990-91,"Overview","","","",""
1990-91,"Overview","","","",""
1990-91,"Overview","","","",""
1990-91,"Overview","","","",""
1990-91,"Overview","","","",""
1990-91,"Overview","","","","2"
1990-91,"Overview","","","",""
1990-91,"Overview","","","",""
1990-91,"Overview","","","",""
1990-91,"Overview","","","",""
1990-91,"Overview","","","",""
1990-91,"Overview","","","","3"
1990-91,"Overview","","","",""
1990-91,"Overview","","","",""
1990-91,"Overview","","","",""
1990-91,"Overview","","","",""
1990-91,"Overview","","","","4"
1990-91,"Overview","","","",""
1990-91,"Overview","","","",""
1990-91,"Overview","","","",""
1990-91,"Overview","","","",""
1990-91,"Overview","","","",""
1990-91,"Overview","","","","5"
1990-91,"Overview","","","",""
1990-91,"Overview","","","",""
1990-91,"Overview","","","",""
1990-91,"Overview","","","",""
1990-91,"Overview","","","",""
1990-91,"Overview","","","","6"
1990-91,"Overview","","","",""
1990-91,"Overview","","","",""
1990-91,"Overview","","","",""
1990-91,"Overview","","","",""
1990-91,"Overview","","","",""
1990-91,"Overview","","","","7"
1990-91,"Overview","","","",""
1990-91,"Overview","","","",""
1990-91,"Overview","","","",""
1990-91,"Overview","","","",""
1990-91,"Overview","","","",""
1990-91,"Overview","","","","8"
1990-91,"Overview","","","",""
1990-91,"Overview","","","",""
1990-91,"Overview","","","",""
1990-91,"Overview","","","",""
1990-91,"Overview","","","",""
1990-91,"Overview","","","","9"
1990-91,"Overview","","","",""
1990-91,"Overview","","","",""
1990-91,"Overview","","","",""
1990-91,"Overview","","","",""
1990-91,"Overview","","","",""
1990-91,"Overview","","","","10"
1990-91,"Overview","","","",""
1990-91,"Overview","","","",""
1990-91,"Overview","","","",""
1990-91,"Overview","","","",""
1990-91,"Overview","","","",""
1990-91,"Overview","","","","11"
1990-91,"Overview","","","",""
1990-91,"Overview","","","",""
1990-91,"Overview","","","",""
1990-91,"Overview","","","",""
1990-91,"Overview","","","",""
1990-91,"Overview","","","","12"
1990-91,"Overview","","","",""
1990-91,"Overview","","","",""
1990-91,"Overview","","","",""
1990-91,"Overview","","","",""
1990-91,"Overview","","","",""
1990-91,"Overview","","","","13"
1990-91,"Overview","","","",""
1990-91,"Overview","","","",""
1990-91,"Overview","","","",""
1990-91,"Overview","","","",""
1990-91,"Overview","","","",""
1990-91,"Overview","","","","14"
1990-91,"Overview","","","",""
1990-91,"Overview","","","",""
1990-91,"Overview","","","",""
1990-91,"Overview","","","",""
1990-91,"Overview","","","",""
1990-91,"Overview","","","","15"
1990-91,"Overview","","","",""
1990-91,"Overview","","","",""
1990-91,"Overview","","","",""
1990-91,"Overview","","","",""
1990-91,"Overview","","","",""
1990-91,"Overview","","","","16"
1990-91,"Overview","","","",""
1990-91,"Overview","","","",""
1990-91,"Overview","","","",""
1990-91,"Overview","","","",""
1990-91,"Overview","","","",""
1990-91,"Overview","","","","17"
1990-91,"Overview","","","",""
1990-91,"Overview","","","",""
1990-91,"Overview","","","",""
1990-91,"Overview","","","",""
1990-91,"Overview","","","",""
1990-91,"Overview","","","","18"
1990-91,"Overview","","","",""
1990-91,"Overview","","","",""
1990-91,"Overview","","","",""
1990-91,"Overview","","","",""
1990-91,"Overview","","","",""
1990-91,"Overview","","","","19"
1990-91,"Overview","","","",""
1990-91,"Overview","","","",""
1990-91,"Overview","","","",""
1990-91,"Overview","","","",""
1990-91,"Overview","","","",""
1990-91,"Overview","","","","20"
1990-91,"Overview","","","",""
1990-91,"Overview","","","",""
1990-91,"Overview","","","",""
1990-91,"Overview","","","",""
1990-91,"Overview","","","",""
1990-91,"Overview","","","","21"
1990-91,"Overview","","","",""
1990-91,"Overview","","","",""
1990-91,"Overview","","","",""
1990-91,"Overview","","","",""
1990-91,"Overview","","","",""
1990-91,"Overview","","","","22"
1990-91,"Overview","","","",""
1990-91,"Overview","","","",""
1990-91,"Overview","","","",""
1990-91,"Overview","","","",""
1990-91,"Overview","","","",""
1990-91,"Overview","","","","23"
1990-91,"Overview","","","",""
1990-91,"Overview","","","",""
1990-91,"Overview","","","",""
1990-91,"Overview","","","",""
1990-91,"Overview","","","",""
1990-91,"Overview","","","","24"
1990-91,"Overview","","","",""
1990-91,"Overview","","","",""
1990-91,"Overview","","","",""
1990-91,"Overview","","","",""
1990-91,"Overview","","","",""
1990-91,"Overview","","","","25"
1990-91,"Overview","","","",""
1990-91,"Overview","","","",""
1990-91,"Overview","","","",""
1990-91,"Overview","","","",""
1990-91,"Overview","","","",""
1990-91,"Overview","","","","26"
1990-91,"Overview","","","",""
1990-91,"Overview","","","",""
1990-91,"Overview","","","",""
1990-91,"Overview","","","",""
1990-91,"Overview","","","",""
1990-91,"Overview","","","","27"
1990-91,"Overview","","","",""
1990-91,"Overview","","","",""
1990-91,"Overview","","","",""
1990-91,"Overview","","","",""
1990-91,"Overview","","","",""
1990-91,"Overview","","","","28"
1990-91,"Overview","","","",""
1990-91,"Overview","","","",""
1990-91,"Overview","","","",""
1990-91,"Overview","","","",""
1990-91,"Overview","","","",""
1990-91,"Overview","","","","29"
1990-91,"Overview","","","",""
1990-91,"Overview","","","",""
1990-91,"Overview","","","",""
1990-91,"Overview","","","",""
1990-91,"Overview","","","",""
1990-91,"Overview","","","","30"
1990-91,"Overview","","","",""
1990-91,"Overview","","","",""
1990-91,"Overview","","","",""
1990-91,"Overview","","","",""
1990-91,"Overview","","","",""
1990-91,"Overview","","","","31"
1990-91,"Overview","","","",""
1990-91,"Overview","","","",""
1990-91,"Overview","","","",""
1990-91,"Overview","","","",""
1990-91,"Overview","","","",""
1990-91,"Overview","","","","32"
1990-91,"Overview","","","",""
1990-91,"Overview","","","",""
1990-91,"Overview","","","",""
1990-91,"Overview","","","",""
1990-91,"Overview","","","",""
1990-91,"Overview","","","","33"
1990-91,"Overview","","","",""
1990-91,"Overview","","","",""
1990-91,"Overview","","","",""
1990-91,"Overview","","","",""
1990-91,"Overview","","","",""
1990-91,"Overview","","","","34"
1990-91,"Overview","","","",""
1990-91,"Overview","","","",""
1990-91,"Overview","","","",""
1990-91,"Overview","","","",""
1990-91,"Overview","","","",""
1990-91,"Overview","","","","35"
1990-91,"Overview","","","",""
1990-91,"Overview","","","",""
1990-91,"Overview","","","",""
1990-91,"Overview","","","",""
1990-91,"Overview","","","",""
1990-91,"Overview","","","","36"
1990-91,"Overview","","","",""
1990-91,"Overview","","","",""
1990-91,"Overview","","","",""
1990-91,"Overview","","","",""
1990-91,"Overview","","","",""
1990-91,"Overview","","","","37"
1990-91,"Overview","","","",""
1990-91,"Overview","","","",""
1990-91,"Overview","","","",""
1990-91,"Overview","","","",""
1990-91,"Overview","","","",""
1990-91,"Overview","","","","38"
1990-91,"Overview","","","",""
1990-91,"Overview","","","",""
1990-91,"Overview","","","",""
1990-91,"Overview","","","",""
1990-91,"Overview","","","",""
1990-91,"Overview","","","","39"
1990-91,"Overview","","","",""
1990-91,"Overview","","","",""
1990-91,"Overview","","","",""
1990-91,"Overview","","","",""
1990-91,"Overview","","","",""
1990-91,"Overview","","","","40"
1990-91,"Overview","","","",""
1990-91,"Overview","","","",""
1990-91,"Overview","","","",""
1990-91,"Overview","","","",""
1990-91,"Overview","","","",""
1990-91,"Overview","","","","41"
1990-91,"Overview","","","",""
1990-91,"Overview","","","",""
1990-91,"Overview","","","",""
1990-91,"Overview","","","",""
1990-91,"Overview","","","",""
1990-91,"Overview","","","","42"
1990-91,"Overview","","","",""
1990-91,"Overview","","","",""
1990-91,"Overview","","","",""
1990-91,"Overview","","","",""
1990-91,"Overview","","","",""
1990-91,"Overview","","","","43"
1990-91,"Overview","","","",""
1990-91,"Overview","","","",""
1990-91,"Overview","","","",""
1990-91,"Overview","","","",""
1990-91,"Overview","","","",""
1990-91,"Overview","","","","44"
1990-91,"Overview","","","",""
1990-91,"Overview","","","",""
1990-91,"Overview","","","",""
1990-91,"Overview","","","",""
1990-91,"Overview","","","",""
1990-91,"Overview","","","","45"
1990-91,"Overview","","","",""
1990-91,"Overview","","","",""
1990-91,"Overview","","","",""
1990-91,"Overview","","","",""
1990-91,"Overview","","","",""
1990-91,"Overview","","","","46"
1990-91,"Overview","","","",""
1990-91,"Overview","","","",""
1990-91,"Overview","","","",""
1990-91,"Overview","","","",""
1990-91,"Overview","","","",""
1990-91,"Overview","","","","47"
1990-91,"Overview","","","",""
1990-91,"Overview","","","",""
1990-91,"Overview","","","",""
1990-91,"Overview","","","",""
1990-91,"Overview","","","",""
1990-91,"Overview","","","","48"
1990-91,"Overview","","","",""
1990-91,"Overview","","","",""
1990-91,"Overview","","","",""
1990-91,"Overview","","","",""
1990-91,"Overview","","","",""
1990-91,"Overview","","","","49"
1990-91,"Overview","","","",""
1990-91,"Overview","","","",""
1990-91,"Overview","","","",""
1990-91,"Overview","","","",""
1990-91,"Overview","","","",""
1990-91,"Overview","","","","50"
1990-91,"Overview","","","",""
1990-91,"Overview","","","",""
1990-91,"Overview","","","",""
1990-91,"Overview","","","",""
1990-91,"Overview","","","",""
1990-91,"Overview","","","","51"
1990-91,"Overview","","","",""
1990-91,"Overview","","","",""
1990-91,"Overview","","","",""
1990-91,"Overview","","","",""
1990-91,"Overview","","","",""
1990-91,"Overview","","","","52"
1990-91,"Overview","","","",""
1990-91,"Overview","","","",""
1990-91,"Overview","","","",""
1990-91,"Overview","","","",""
1990-91,"Overview","","","",""
1990-91,"Overview","","","","53"
1990-91,"Overview","","","",""
1990-91,"Overview","","","",""
1990-91,"Overview","","","",""
1990-91,"Overview","","","",""
1990-91,"Overview","","","",""
1990-91,"Overview","","","","54"
1990-91,"Overview","","","",""
1990-91,"Overview","","","",""
1990-91,"Overview","","","",""
1990-91,"Overview","","","",""
1990-91,"Overview","","","",""
1990-91,"Overview","","","","55"
1990-91,"Overview","","","",""
1990-91,"Overview","","","",""
1990-91,"Overview","","","",""
1990-91,"Overview","","","",""
1990-91,"Overview","","","",""
1990-91,"Overview","","","","56"
1990-91,"Overview","","","",""
1990-91,"Overview","","","",""
1990-91,"Overview","","","",""
1990-91,"Overview","","","",""
1990-91,"Overview","","","",""
1990-91,"Overview","","","","57"
1990-91,"Overview","","","",""
1990-91,"Overview","","","",""
1990-91,"Overview","","","",""
1990-91,"Overview","","","",""
1990-91,"Overview","","","",""
1990-91,"Overview","","","","58"
1990-91,"Overview","","","",""
1990-91,"Overview","","","",""
1990-91,"Overview","","","",""
1990-91,"Overview","","","",""
1990-91,"Overview","","","","59"
1990-91,"Overview","","","",""
1990-91,"Overview","","","",""
1990-91,"Overview","","","",""
1990-91,"Overview","","","",""
1990-91,"Overview","","","",""
1990-91,"Overview","","","","60"
1990-91,"Overview","","","",""
1990-91,"Overview","","","",""
1990-91,"Overview","","","",""
1990-91,"Overview","","","",""
1990-91,"Overview","","","",""
1990-91,"Overview","","","","61"
1990-91,"Overview","","","",""
1990-91,"Overview","","","",""
1990-91,"Overview","","","",""
1990-91,"Overview","","","",""
1990-91,"Overview","","","",""
1990-91,"Overview","","","","62"
1990-91,"Overview","","","",""
1990-91,"Overview","","","",""
1990-91,"Overview","","","",""
1990-91,"Overview","","","",""
1990-91,"Overview","","","",""
1990-91,"Overview","","","","63"
1990-91,"Overview","","","",""
1990-91,"Overview","","","",""
1990-91,"Overview","","","",""
1990-91,"Overview","","","",""
1990-91,"Overview","","","",""
1990-91,"Overview","","","","64"
1990-91,"Overview","","","",""
1990-91,"Overview","","","",""
1990-91,"Overview","","","",""
1990-91,"Overview","","","",""
1990-91,"Overview","","","",""
1990-91,"Overview","","","","65"
1990-91,"Overview","","","",""
1990-91,"Overview","","","",""
1990-91,"Overview","","","",""
1990-91,"Overview","","","",""
1990-91,"Overview","","","",""
1990-91,"Overview","","","","66"
1990-91,"Overview","","","",""
1990-91,"Overview","","","",""
1990-91,"Overview","","","",""
1990-91,"Overview","","","",""
1990-91,"Overview","","","",""
1990-91,"Overview","","","","67"
1990-91,"Overview","","","",""
1990-91,"Overview","","","",""
1990-91,"Overview","","","",""
1990-91,"Overview","","","",""
1990-91,"Overview","","","",""
1990-91,"Overview","","","","68"
1990-91,"Overview","","","",""
1990-91,"Overview","","","",""
1990-91,"Overview","","","",""
1990-91,"Overview","","","",""
1990-91,"Overview","","","",""
1990-91,"Overview","","","","69"
1990-91,"Overview","","","",""
1990-91,"Overview","","","",""
1990-91,"Overview","","","",""
1990-91,"Overview","","","",""
1990-91,"Overview","","","",""
1990-91,"Overview","","","","70"
1990-91,"Overview","","","",""
1990-91,"Overview","","","",""
1990-91,"Overview","","","",""
1990-91,"Overview","","","",""
1990-91,"Overview","","","",""
1990-91,"Overview","","","","71"
1990-91,"Overview","","","",""
1990-91,"Overview","","","",""
1990-91,"Overview","","","",""
1990-91,"Overview","","","",""
1990-91,"Overview","","","","72"
1990-91,"Overview","","","",""
1990-91,"Overview","","","",""
1990-91,"Overview","","","",""
1990-91,"Overview","","","",""
1990-91,"Overview","","","",""
1990-91,"Overview","","","","73"
1990-91,"Overview","","","",""
1990-91,"Overview","","","",""
1990-91,"Overview","","","",""
1990-91,"Overview","","","",""
1990-91,"Overview","","","",""
1990-91,"Overview","","","","74"
1990-91,"Overview","","","",""
1990-91,"Overview","","","",""
1990-91,"Overview","","","",""
1990-91,"Overview","","","",""
1990-91,"Overview","","","",""
1990-91,"Overview","","","","75"
1990-91,"Overview","","","",""
1990-91,"Overview","","","",""
1990-91,"Overview","","","",""
1990-91,"Overview","","","",""
1990-91,"Overview","","","",""
1990-91,"Overview","","","","76"
1990-91,"Overview","","","",""
1990-91,"Overview","","","",""
1990-91,"Overview","","","",""
1990-91,"Overview","","","",""
1990-91,"Overview","","","",""
1990-91,"Overview","","","","77"
1990-91,"Overview","","","",""
1990-91,"Overview","","","",""
1990-91,"Overview","","","",""
1990-91,"Overview","","","",""
1990-91,"Overview","","","",""
1990-91,"Overview","","","","78"
1990-91,"Overview","","","",""
1990-91,"Overview","","","",""
1990-91,"Overview","","","",""
1990-91,"Overview","","","",""
1990-91,"Overview","","","",""
1990-91,"Overview","","","","79"
1990-91,"Overview","","","",""
1990-91,"Overview","","","",""
1990-91,"Overview","","","",""
1990-91,"Overview","","","",""
1990-91,"Overview","","","",""
1990-91,"Overview","","","","80"
1990-91,"Overview","","","",""
1990-91,"Overview","","","",""
1990-91,"Overview","","","",""
1990-91,"Overview","","","",""
1990-91,"Overview","","","",""
1990-91,"Overview","","","","81"
1990-91,"Overview","","","",""
1990-91,"Overview","","","",""
1990-91,"Overview","","","",""
1990-91,"Overview","","","",""
1990-91,"Overview","","","",""
1990-91,"Overview","","","","82"
1990-91,"Overview","","","",""
1990-91,"Overview","","","",""
1990-91,"Overview","","","",""
1990-91,"Overview","","","",""
1990-91,"Overview","","","",""
1990-91,"Overview","","","","83"
1990-91,"Overview","","","",""
1990-91,"Overview","","","",""
1990-91,"Overview","","","",""
1990-91,"Overview","","","",""
1990-91,"Overview","","","",""
1990-91,"Overview","","","","84"
1990-91,"Overview","","","",""
1990-91,"Overview","","","",""
1990-91,"Overview","","","",""
1990-91,"Overview","","","",""
1990-91,"Overview","","","",""
1990-91,"Overview","","","","85"
1990-91,"Overview","","","",""
1990-91,"Overview","","","",""
1990-91,"Overview","","","",""
1990-91,"Overview","","","",""
1990-91,"Overview","","","",""
1990-91,"Overview","","","","86"
1990-91,"Overview","","","",""
1990-91,"Overview","","","",""
1990-91,"Overview","","","",""
1990-91,"Overview","","","",""
1990-91,"Overview","","","",""
1990-91,"Overview","","","","87"
1990-91,"Overview","","","",""
1990-91,"Overview","","","",""
1990-91,"Overview","","","",""
1990-91,"Overview","","","",""
1990-91,"Overview","","","",""
1990-91,"Overview","","","","88"
1990-91,"Overview","","","",""
1990-91,"Overview","","","",""
1990-91,"Overview","","","",""
1990-91,"Overview","","","",""
1990-91,"Overview","","","",""
1990-91,"Overview","","","","89"
1990-91,"Overview","","","",""
1990-91,"Overview","","","",""
1990-91,"Overview","","","",""
1990-91,"Overview","","","",""
1990-91,"Overview","","","",""
1990-91,"Overview","","","","90"
1990-91,"Overview","","","",""
1990-91,"Overview","","","",""
1990-91,"Overview","","","",""
1990-91,"Overview","","","",""
1990-91,"Overview","","","",""
1990-91,"Overview","","","","91"
1990-91,"Overview","","","",""
1990-91,"Overview","","","",""
1990-91,"Overview","","","",""
1990-91,"Overview","","","",""
1990-91,"Overview","","","",""
1990-91,"Overview","","","","92"
1990-91,"Overview","","","",""
1990-91,"Overview","","","",""
1990-91,"Overview","","","",""
1990-91,"Overview","","","",""
1990-91,"Overview","","","",""
1990-91,"Overview","","","","93"
1990-91,"Overview","","","",""
1990-91,"Overview","","","",""
1990-91,"Overview","","","",""
1990-91,"Overview","","","",""
1990-91,"Overview","","","",""
1990-91,"Overview","","","","94"
1990-91,"Overview","","","",""
1990-91,"Overview","","","",""
1990-91,"Overview","","","",""
1990-91,"Overview","","","",""
1990-91,"Overview","","","",""
1990-91,"Overview","","","","95"
1990-91,"Overview","","","",""
1990-91,"Overview","","","",""
1990-91,"Overview","","","",""
1990-91,"Overview","","","",""
1990-91,"Overview","","","",""
1990-91,"Overview","","","","96"
1990-91,"Overview","","","",""
1990-91,"Overview","","","",""
1990-91,"Overview","","","",""
1990-91,"Overview","","","",""
1990-91,"Overview","","","",""
1990-91,"Overview","","","","97"
1990-91,"Overview","","","",""
1990-91,"Overview","","","",""
1990-91,"Overview","","","",""
1990-91,"Overview","","","",""
1990-91,"Overview","","","",""
1990-91,"Overview","","","","98"
1990-91,"Overview","","","",""
1990-91,"Overview","","","",""
1990-91,"Overview","","","",""
1990-91,"Overview","","","",""
1990-91,"Overview","","","",""
1990-91,"Overview","","","","99"
1990-91,"Overview","","","",""
1990-91,"Overview","","","",""
1990-91,"Overview","","","",""
1990-91,"Overview","","","",""
1990-91,"Overview","","","",""
1990-91,"Overview","","","","100"
1990-91,"Overview","","","",""
1990-91,"Overview","","","",""
1990-91,"Overview","","","",""
1990-91,"Overview","","","",""
1990-91,"Overview","","","",""
1990-91,"Checklist","Baseball
        Basketball
        Boxing
        Cricket
        Football
        Gaming
        Golf
        Hockey
        Misc Sports
        MMA
        Multi-Sport
        Non-Sport
        Racing
        Soccer
        Tennis
        Wrestling","","",""
1990-91,"Checklist","","","","1"
1990-91,"Checklist","","","",""
1990-91,"Checklist","","","",""
1990-91,"Checklist","","","",""
1990-91,"Checklist","","","",""
1990-91,"Checklist","","","",""
1990-91,"Checklist","","","","2"
1990-91,"Checklist","","","",""
1990-91,"Checklist","","","",""
1990-91,"Checklist","","","",""
1990-91,"Checklist","","","",""
1990-91,"Checklist","","","",""
1990-91,"Checklist","","","","3"
1990-91,"Checklist","","","",""
1990-91,"Checklist","","","",""
1990-91,"Checklist","","","",""
1990-91,"Checklist","","","",""
1990-91,"Checklist","","","","4"
1990-91,"Checklist","","","",""
1990-91,"Checklist","","","",""
1990-91,"Checklist","","","",""
1990-91,"Checklist","","","",""
1990-91,"Checklist","","","",""
1990-91,"Checklist","","","","5"
1990-91,"Checklist","","","",""
1990-91,"Checklist","","","",""
1990-91,"Checklist","","","",""
1990-91,"Checklist","","","",""
1990-91,"Checklist","","","",""
1990-91,"Checklist","","","","6"
1990-91,"Checklist","","","",""
1990-91,"Checklist","","","",""
1990-91,"Checklist","","","",""
1990-91,"Checklist","","","",""
1990-91,"Checklist","","","",""
1990-91,"Checklist","","","","7"
1990-91,"Checklist","","","",""
1990-91,"Checklist","","","",""
1990-91,"Checklist","","","",""
1990-91,"Checklist","","","",""
1990-91,"Checklist","","","",""
1990-91,"Checklist","","","","8"
1990-91,"Checklist","","","",""
1990-91,"Checklist","","","",""
1990-91,"Checklist","","","",""
1990-91,"Checklist","","","",""
1990-91,"Checklist","","","",""
1990-91,"Checklist","","","","9"
1990-91,"Checklist","","","",""
1990-91,"Checklist","","","",""
1990-91,"Checklist","","","",""
1990-91,"Checklist","","","",""
1990-91,"Checklist","","","",""
1990-91,"Checklist","","","","10"
1990-91,"Checklist","","","",""
1990-91,"Checklist","","","",""
1990-91,"Checklist","","","",""
1990-91,"Checklist","","","",""
1990-91,"Checklist","","","",""
1990-91,"Checklist","","","","11"
1990-91,"Checklist","","","",""
1990-91,"Checklist","","","",""
1990-91,"Checklist","","","",""
1990-91,"Checklist","","","",""
1990-91,"Checklist","","","",""
1990-91,"Checklist","","","","12"
1990-91,"Checklist","","","",""
1990-91,"Checklist","","","",""
1990-91,"Checklist","","","",""
1990-91,"Checklist","","","",""
1990-91,"Checklist","","","",""
1990-91,"Checklist","","","","13"
1990-91,"Checklist","","","",""
1990-91,"Checklist","","","",""
1990-91,"Checklist","","","",""
1990-91,"Checklist","","","",""
1990-91,"Checklist","","","",""
1990-91,"Checklist","","","","14"
1990-91,"Checklist","","","",""
1990-91,"Checklist","","","",""
1990-91,"Checklist","","","",""
1990-91,"Checklist","","","",""
1990-91,"Checklist","","","",""
1990-91,"Checklist","","","","15"
1990-91,"Checklist","","","",""
1990-91,"Checklist","","","",""
1990-91,"Checklist","","","",""
1990-91,"Checklist","","","",""
1990-91,"Checklist","","","",""
1990-91,"Checklist","","","","16"
1990-91,"Checklist","","","",""
1990-91,"Checklist","","","",""
1990-91,"Checklist","","","",""
1990-91,"Checklist","","","",""
1990-91,"Checklist","","","",""
1990-91,"Checklist","","","","17"
1990-91,"Checklist","","","",""
1990-91,"Checklist","","","",""
1990-91,"Checklist","","","",""
1990-91,"Checklist","","","",""
1990-91,"Checklist","","","",""
1990-91,"Checklist","","","","18"
1990-91,"Checklist","","","",""
1990-91,"Checklist","","","",""
1990-91,"Checklist","","","",""
1990-91,"Checklist","","","",""
1990-91,"Checklist","","","",""
1990-91,"Checklist","","","","19"
1990-91,"Checklist","","","",""
1990-91,"Checklist","","","",""
1990-91,"Checklist","","","",""
1990-91,"Checklist","","","",""
1990-91,"Checklist","","","",""
1990-91,"Checklist","","","","20"
1990-91,"Checklist","","","",""
1990-91,"Checklist","","","",""
1990-91,"Checklist","","","",""
1990-91,"Checklist","","","",""
1990-91,"Checklist","","","",""
1990-91,"Checklist","","","","21"
1990-91,"Checklist","","","",""
1990-91,"Checklist","","","",""
1990-91,"Checklist","","","",""
1990-91,"Checklist","","","",""
1990-91,"Checklist","","","",""
1990-91,"Checklist","","","","22"
1990-91,"Checklist","","","",""
1990-91,"Checklist","","","",""
1990-91,"Checklist","","","",""
1990-91,"Checklist","","","",""
1990-91,"Checklist","","","",""
1990-91,"Checklist","","","","23"
1990-91,"Checklist","","","",""
1990-91,"Checklist","","","",""
1990-91,"Checklist","","","",""
1990-91,"Checklist","","","",""
1990-91,"Checklist","","","",""
1990-91,"Checklist","","","","24"
1990-91,"Checklist","","","",""
1990-91,"Checklist","","","",""
1990-91,"Checklist","","","",""
1990-91,"Checklist","","","",""
1990-91,"Checklist","","","",""
1990-91,"Checklist","","","","25"
1990-91,"Checklist","","","",""
1990-91,"Checklist","","","",""
1990-91,"Checklist","","","",""
1990-91,"Checklist","","","",""
1990-91,"Checklist","","","",""
1990-91,"Checklist","","","","26"
1990-91,"Checklist","","","",""
1990-91,"Checklist","","","",""
1990-91,"Checklist","","","",""
1990-91,"Checklist","","","",""
1990-91,"Checklist","","","",""
1990-91,"Checklist","","","","27"
1990-91,"Checklist","","","",""
1990-91,"Checklist","","","",""
1990-91,"Checklist","","","",""
1990-91,"Checklist","","","",""
1990-91,"Checklist","","","",""
1990-91,"Checklist","","","","28"
1990-91,"Checklist","","","",""
1990-91,"Checklist","","","",""
1990-91,"Checklist","","","",""
1990-91,"Checklist","","","",""
1990-91,"Checklist","","","",""
1990-91,"Checklist","","","","29"
1990-91,"Checklist","","","",""
1990-91,"Checklist","","","",""
1990-91,"Checklist","","","",""
1990-91,"Checklist","","","",""
1990-91,"Checklist","","","",""
1990-91,"Checklist","","","","30"
1990-91,"Checklist","","","",""
1990-91,"Checklist","","","",""
1990-91,"Checklist","","","",""
1990-91,"Checklist","","","",""
1990-91,"Checklist","","","",""
1990-91,"Checklist","","","","31"
1990-91,"Checklist","","","",""
1990-91,"Checklist","","","",""
1990-91,"Checklist","","","",""
1990-91,"Checklist","","","",""
1990-91,"Checklist","","","",""
1990-91,"Checklist","","","","32"
1990-91,"Checklist","","","",""
1990-91,"Checklist","","","",""
1990-91,"Checklist","","","",""
1990-91,"Checklist","","","",""
1990-91,"Checklist","","","",""
1990-91,"Checklist","","","","33"
1990-91,"Checklist","","","",""
1990-91,"Checklist","","","",""
1990-91,"Checklist","","","",""
1990-91,"Checklist","","","",""
1990-91,"Checklist","","","",""
1990-91,"Checklist","","","","34"
1990-91,"Checklist","","","",""
1990-91,"Checklist","","","",""
1990-91,"Checklist","","","",""
1990-91,"Checklist","","","",""
1990-91,"Checklist","","","",""
1990-91,"Checklist","","","","35"
1990-91,"Checklist","","","",""
1990-91,"Checklist","","","",""
1990-91,"Checklist","","","",""
1990-91,"Checklist","","","",""
1990-91,"Checklist","","","",""
1990-91,"Checklist","","","","36"
1990-91,"Checklist","","","",""
1990-91,"Checklist","","","",""
1990-91,"Checklist","","","",""
1990-91,"Checklist","","","",""
1990-91,"Checklist","","","",""
1990-91,"Checklist","","","","37"
1990-91,"Checklist","","","",""
1990-91,"Checklist","","","",""
1990-91,"Checklist","","","",""
1990-91,"Checklist","","","",""
1990-91,"Checklist","","","",""
1990-91,"Checklist","","","","38"
1990-91,"Checklist","","","",""
1990-91,"Checklist","","","",""
1990-91,"Checklist","","","",""
1990-91,"Checklist","","","",""
1990-91,"Checklist","","","",""
1990-91,"Checklist","","","","39"
1990-91,"Checklist","","","",""
1990-91,"Checklist","","","",""
1990-91,"Checklist","","","",""
1990-91,"Checklist","","","",""
1990-91,"Checklist","","","",""
1990-91,"Checklist","","","","40"
1990-91,"Checklist","","","",""
1990-91,"Checklist","","","",""
1990-91,"Checklist","","","",""
1990-91,"Checklist","","","",""
1990-91,"Checklist","","","",""
1990-91,"Checklist","","","","41"
1990-91,"Checklist","","","",""
1990-91,"Checklist","","","",""
1990-91,"Checklist","","","",""
1990-91,"Checklist","","","",""
1990-91,"Checklist","","","",""
1990-91,"Checklist","","","","42"
1990-91,"Checklist","","","",""
1990-91,"Checklist","","","",""
1990-91,"Checklist","","","",""
1990-91,"Checklist","","","",""
1990-91,"Checklist","","","",""
1990-91,"Checklist","","","","43"
1990-91,"Checklist","","","",""
1990-91,"Checklist","","","",""
1990-91,"Checklist","","","",""
1990-91,"Checklist","","","",""
1990-91,"Checklist","","","",""
1990-91,"Checklist","","","","44"
1990-91,"Checklist","","","",""
1990-91,"Checklist","","","",""
1990-91,"Checklist","","","",""
1990-91,"Checklist","","","",""
1990-91,"Checklist","","","",""
1990-91,"Checklist","","","","45"
1990-91,"Checklist","","","",""
1990-91,"Checklist","","","",""
1990-91,"Checklist","","","",""
1990-91,"Checklist","","","",""
1990-91,"Checklist","","","",""
1990-91,"Checklist","","","","46"
1990-91,"Checklist","","","",""
1990-91,"Checklist","","","",""
1990-91,"Checklist","","","",""
1990-91,"Checklist","","","",""
1990-91,"Checklist","","","",""
1990-91,"Checklist","","","","47"
1990-91,"Checklist","","","",""
1990-91,"Checklist","","","",""
1990-91,"Checklist","","","",""
1990-91,"Checklist","","","",""
1990-91,"Checklist","","","",""
1990-91,"Checklist","","","","48"
1990-91,"Checklist","","","",""
1990-91,"Checklist","","","",""
1990-91,"Checklist","","","",""
1990-91,"Checklist","","","",""
1990-91,"Checklist","","","",""
1990-91,"Checklist","","","","49"
1990-91,"Checklist","","","",""
1990-91,"Checklist","","","",""
1990-91,"Checklist","","","",""
1990-91,"Checklist","","","",""
1990-91,"Checklist","","","",""
1990-91,"Checklist","","","","50"
1990-91,"Checklist","","","",""
1990-91,"Checklist","","","",""
1990-91,"Checklist","","","",""
1990-91,"Checklist","","","",""
1990-91,"Checklist","","","",""
1990-91,"Checklist","","","","51"
1990-91,"Checklist","","","",""
1990-91,"Checklist","","","",""
1990-91,"Checklist","","","",""
1990-91,"Checklist","","","",""
1990-91,"Checklist","","","",""
1990-91,"Checklist","","","","52"
1990-91,"Checklist","","","",""
1990-91,"Checklist","","","",""
1990-91,"Checklist","","","",""
1990-91,"Checklist","","","",""
1990-91,"Checklist","","","",""
1990-91,"Checklist","","","","53"
1990-91,"Checklist","","","",""
1990-91,"Checklist","","","",""
1990-91,"Checklist","","","",""
1990-91,"Checklist","","","",""
1990-91,"Checklist","","","",""
1990-91,"Checklist","","","","54"
1990-91,"Checklist","","","",""
1990-91,"Checklist","","","",""
1990-91,"Checklist","","","",""
1990-91,"Checklist","","","",""
1990-91,"Checklist","","","",""
1990-91,"Checklist","","","","55"
1990-91,"Checklist","","","",""
1990-91,"Checklist","","","",""
1990-91,"Checklist","","","",""
1990-91,"Checklist","","","",""
1990-91,"Checklist","","","",""
1990-91,"Checklist","","","","56"
1990-91,"Checklist","","","",""
1990-91,"Checklist","","","",""
1990-91,"Checklist","","","",""
1990-91,"Checklist","","","",""
1990-91,"Checklist","","","",""
1990-91,"Checklist","","","","57"
1990-91,"Checklist","","","",""
1990-91,"Checklist","","","",""
1990-91,"Checklist","","","",""
1990-91,"Checklist","","","",""
1990-91,"Checklist","","","",""
1990-91,"Checklist","","","","58"
1990-91,"Checklist","","","",""
1990-91,"Checklist","","","",""
1990-91,"Checklist","","","",""
1990-91,"Checklist","","","",""
1990-91,"Checklist","","","","59"
1990-91,"Checklist","","","",""
1990-91,"Checklist","","","",""
1990-91,"Checklist","","","",""
1990-91,"Checklist","","","",""
1990-91,"Checklist","","","",""
1990-91,"Checklist","","","","60"
1990-91,"Checklist","","","",""
1990-91,"Checklist","","","",""
1990-91,"Checklist","","","",""
1990-91,"Checklist","","","",""
1990-91,"Checklist","","","",""
1990-91,"Checklist","","","","61"
1990-91,"Checklist","","","",""
1990-91,"Checklist","","","",""
1990-91,"Checklist","","","",""
1990-91,"Checklist","","","",""
1990-91,"Checklist","","","",""
1990-91,"Checklist","","","","62"
1990-91,"Checklist","","","",""
1990-91,"Checklist","","","",""
1990-91,"Checklist","","","",""
1990-91,"Checklist","","","",""
1990-91,"Checklist","","","",""
1990-91,"Checklist","","","","63"
1990-91,"Checklist","","","",""
1990-91,"Checklist","","","",""
1990-91,"Checklist","","","",""
1990-91,"Checklist","","","",""
1990-91,"Checklist","","","",""
1990-91,"Checklist","","","","64"
1990-91,"Checklist","","","",""
1990-91,"Checklist","","","",""
1990-91,"Checklist","","","",""
1990-91,"Checklist","","","",""
1990-91,"Checklist","","","",""
1990-91,"Checklist","","","","65"
1990-91,"Checklist","","","",""
1990-91,"Checklist","","","",""
1990-91,"Checklist","","","",""
1990-91,"Checklist","","","",""
1990-91,"Checklist","","","",""
1990-91,"Checklist","","","","66"
1990-91,"Checklist","","","",""
1990-91,"Checklist","","","",""
1990-91,"Checklist","","","",""
1990-91,"Checklist","","","",""
1990-91,"Checklist","","","",""
1990-91,"Checklist","","","","67"
1990-91,"Checklist","","","",""
1990-91,"Checklist","","","",""
1990-91,"Checklist","","","",""
1990-91,"Checklist","","","",""
1990-91,"Checklist","","","",""
1990-91,"Checklist","","","","68"
1990-91,"Checklist","","","",""
1990-91,"Checklist","","","",""
1990-91,"Checklist","","","",""
1990-91,"Checklist","","","",""
1990-91,"Checklist","","","",""
1990-91,"Checklist","","","","69"
1990-91,"Checklist","","","",""
1990-91,"Checklist","","","",""
1990-91,"Checklist","","","",""
1990-91,"Checklist","","","",""
1990-91,"Checklist","","","",""
1990-91,"Checklist","","","","70"
1990-91,"Checklist","","","",""
1990-91,"Checklist","","","",""
1990-91,"Checklist","","","",""
1990-91,"Checklist","","","",""
1990-91,"Checklist","","","",""
1990-91,"Checklist","","","","71"
1990-91,"Checklist","","","",""
1990-91,"Checklist","","","",""
1990-91,"Checklist","","","",""
1990-91,"Checklist","","","",""
1990-91,"Checklist","","","","72"
1990-91,"Checklist","","","",""
1990-91,"Checklist","","","",""
1990-91,"Checklist","","","",""
1990-91,"Checklist","","","",""
1990-91,"Checklist","","","",""
1990-91,"Checklist","","","","73"
1990-91,"Checklist","","","",""
1990-91,"Checklist","","","",""
1990-91,"Checklist","","","",""
1990-91,"Checklist","","","",""
1990-91,"Checklist","","","",""
1990-91,"Checklist","","","","74"
1990-91,"Checklist","","","",""
1990-91,"Checklist","","","",""
1990-91,"Checklist","","","",""
1990-91,"Checklist","","","",""
1990-91,"Checklist","","","",""
1990-91,"Checklist","","","","75"
1990-91,"Checklist","","","",""
1990-91,"Checklist","","","",""
1990-91,"Checklist","","","",""
1990-91,"Checklist","","","",""
1990-91,"Checklist","","","",""
1990-91,"Checklist","","","","76"
1990-91,"Checklist","","","",""
1990-91,"Checklist","","","",""
1990-91,"Checklist","","","",""
1990-91,"Checklist","","","",""
1990-91,"Checklist","","","",""
1990-91,"Checklist","","","","77"
1990-91,"Checklist","","","",""
1990-91,"Checklist","","","",""
1990-91,"Checklist","","","",""
1990-91,"Checklist","","","",""
1990-91,"Checklist","","","",""
1990-91,"Checklist","","","","78"
1990-91,"Checklist","","","",""
1990-91,"Checklist","","","",""
1990-91,"Checklist","","","",""
1990-91,"Checklist","","","",""
1990-91,"Checklist","","","",""
1990-91,"Checklist","","","","79"
1990-91,"Checklist","","","",""
1990-91,"Checklist","","","",""
1990-91,"Checklist","","","",""
1990-91,"Checklist","","","",""
1990-91,"Checklist","","","",""
1990-91,"Checklist","","","","80"
1990-91,"Checklist","","","",""
1990-91,"Checklist","","","",""
1990-91,"Checklist","","","",""
1990-91,"Checklist","","","",""
1990-91,"Checklist","","","",""
1990-91,"Checklist","","","","81"
1990-91,"Checklist","","","",""
1990-91,"Checklist","","","",""
1990-91,"Checklist","","","",""
1990-91,"Checklist","","","",""
1990-91,"Checklist","","","",""
1990-91,"Checklist","","","","82"
1990-91,"Checklist","","","",""
1990-91,"Checklist","","","",""
1990-91,"Checklist","","","",""
1990-91,"Checklist","","","",""
1990-91,"Checklist","","","",""
1990-91,"Checklist","","","","83"
1990-91,"Checklist","","","",""
1990-91,"Checklist","","","",""
1990-91,"Checklist","","","",""
1990-91,"Checklist","","","",""
1990-91,"Checklist","","","",""
1990-91,"Checklist","","","","84"
1990-91,"Checklist","","","",""
1990-91,"Checklist","","","",""
1990-91,"Checklist","","","",""
1990-91,"Checklist","","","",""
1990-91,"Checklist","","","",""
1990-91,"Checklist","","","","85"
1990-91,"Checklist","","","",""
1990-91,"Checklist","","","",""
1990-91,"Checklist","","","",""
1990-91,"Checklist","","","",""
1990-91,"Checklist","","","",""
1990-91,"Checklist","","","","86"
1990-91,"Checklist","","","",""
1990-91,"Checklist","","","",""
1990-91,"Checklist","","","",""
1990-91,"Checklist","","","",""
1990-91,"Checklist","","","",""
1990-91,"Checklist","","","","87"
1990-91,"Checklist","","","",""
1990-91,"Checklist","","","",""
1990-91,"Checklist","","","",""
1990-91,"Checklist","","","",""
1990-91,"Checklist","","","",""
1990-91,"Checklist","","","","88"
1990-91,"Checklist","","","",""
1990-91,"Checklist","","","",""
1990-91,"Checklist","","","",""
1990-91,"Checklist","","","",""
1990-91,"Checklist","","","",""
1990-91,"Checklist","","","","89"
1990-91,"Checklist","","","",""
1990-91,"Checklist","","","",""
1990-91,"Checklist","","","",""
1990-91,"Checklist","","","",""
1990-91,"Checklist","","","",""
1990-91,"Checklist","","","","90"
1990-91,"Checklist","","","",""
1990-91,"Checklist","","","",""
1990-91,"Checklist","","","",""
1990-91,"Checklist","","","",""
1990-91,"Checklist","","","",""
1990-91,"Checklist","","","","91"
1990-91,"Checklist","","","",""
1990-91,"Checklist","","","",""
1990-91,"Checklist","","","",""
1990-91,"Checklist","","","",""
1990-91,"Checklist","","","",""
1990-91,"Checklist","","","","92"
1990-91,"Checklist","","","",""
1990-91,"Checklist","","","",""
1990-91,"Checklist","","","",""
1990-91,"Checklist","","","",""
1990-91,"Checklist","","","",""
1990-91,"Checklist","","","","93"
1990-91,"Checklist","","","",""
1990-91,"Checklist","","","",""
1990-91,"Checklist","","","",""
1990-91,"Checklist","","","",""
1990-91,"Checklist","","","",""
1990-91,"Checklist","","","","94"
1990-91,"Checklist","","","",""
1990-91,"Checklist","","","",""
1990-91,"Checklist","","","",""
1990-91,"Checklist","","","",""
1990-91,"Checklist","","","",""
1990-91,"Checklist","","","","95"
1990-91,"Checklist","","","",""
1990-91,"Checklist","","","",""
1990-91,"Checklist","","","",""
1990-91,"Checklist","","","",""
1990-91,"Checklist","","","",""
1990-91,"Checklist","","","","96"
1990-91,"Checklist","","","",""
1990-91,"Checklist","","","",""
1990-91,"Checklist","","","",""
1990-91,"Checklist","","","",""
1990-91,"Checklist","","","",""
1990-91,"Checklist","","","","97"
1990-91,"Checklist","","","",""
1990-91,"Checklist","","","",""
1990-91,"Checklist","","","",""
1990-91,"Checklist","","","",""
1990-91,"Checklist","","","",""
1990-91,"Checklist","","","","98"
1990-91,"Checklist","","","",""
1990-91,"Checklist","","","",""
1990-91,"Checklist","","","",""
1990-91,"Checklist","","","",""
1990-91,"Checklist","","","",""
1990-91,"Checklist","","","","99"
1990-91,"Checklist","","","",""
1990-91,"Checklist","","","",""
1990-91,"Checklist","","","",""
1990-91,"Checklist","","","",""
1990-91,"Checklist","","","",""
1990-91,"Checklist","","","","100"
1990-91,"Checklist","","","",""
1990-91,"Checklist","","","",""
1990-91,"Checklist","","","",""
1990-91,"Checklist","","","",""
1990-91,"Checklist","","","",""
1990-91,"Teams","Baseball
        Basketball
        Boxing
        Cricket
        Football
        Gaming
        Golf
        Hockey
        Misc Sports
        MMA
        Multi-Sport
        Non-Sport
        Racing
        Soccer
        Tennis
        Wrestling","","",""
1990-91,"Errors / Variations","Baseball
        Basketball
        Boxing
        Cricket
        Football
        Gaming
        Golf
        Hockey
        Misc Sports
        MMA
        Multi-Sport
        Non-Sport
        Racing
        Soccer
        Tennis
        Wrestling","","",""
1990-91,"Errors / Variations","","","","1a"
1990-91,"Errors / Variations","","","","1b"
1990-91,"Errors / Variations","","","","1c"
1990-91,"Errors / Variations","","","","1d"
1990-91,"Errors / Variations","","","","2a"
1990-91,"Errors / Variations","","","","2b"
1990-91,"Errors / Variations","","","","2c"
1990-91,"Errors / Variations","","","","2d"
1990-91,"Errors / Variations","","","","3a"
1990-91,"Errors / Variations","","","","3b"
1990-91,"Errors / Variations","","","","3c"
1990-91,"Errors / Variations","","","","4a"
1990-91,"Errors / Variations","","","","4b"
1990-91,"Errors / Variations","","","","4c"
1990-91,"Errors / Variations","","","","4d"
1990-91,"Errors / Variations","","","","5a"
1990-91,"Errors / Variations","","","","5b"
1990-91,"Errors / Variations","","","","5c"
1990-91,"Errors / Variations","","","","5d"
1990-91,"Errors / Variations","","","","6a"
1990-91,"Errors / Variations","","","","6b"
1990-91,"Errors / Variations","","","","6c"
1990-91,"Errors / Variations","","","","6d"
1990-91,"Errors / Variations","","","","7a"
1990-91,"Errors / Variations","","","","7b"
1990-91,"Errors / Variations","","","","7c"
1990-91,"Errors / Variations","","","","7d"
1990-91,"Errors / Variations","","","","8a"
1990-91,"Errors / Variations","","","","8b"
1990-91,"Errors / Variations","","","","8c"
1990-91,"Errors / Variations","","","","8d"
1990-91,"Errors / Variations","","","","9a"
1990-91,"Errors / Variations","","","","9b"
1990-91,"Errors / Variations","","","","9c"
1990-91,"Errors / Variations","","","","9d"
1990-91,"Errors / Variations","","","","10a"
1990-91,"Errors / Variations","","","","10b"
1990-91,"Errors / Variations","","","","10c"
1990-91,"Errors / Variations","","","","10d"
1990-91,"Errors / Variations","","","","11a"
1990-91,"Errors / Variations","","","","11b"
1990-91,"Errors / Variations","","","","11c"
1990-91,"Errors / Variations","","","","11d"
1990-91,"Errors / Variations","","","","12a"
1990-91,"Errors / Variations","","","","12b"
1990-91,"Errors / Variations","","","","12c"
1990-91,"Errors / Variations","","","","12d"
1990-91,"Errors / Variations","","","","13a"
1990-91,"Errors / Variations","","","","13b"
1990-91,"Errors / Variations","","","","13c"
1990-91,"Errors / Variations","","","","13d"
1990-91,"Errors / Variations","","","","14a"
1990-91,"Errors / Variations","","","","14b"
1990-91,"Errors / Variations","","","","14c"
1990-91,"Errors / Variations","","","","14d"
1990-91,"Errors / Variations","","","","15a"
1990-91,"Errors / Variations","","","","15b"
1990-91,"Errors / Variations","","","","15c"
1990-91,"Errors / Variations","","","","15d"
1990-91,"Errors / Variations","","","","16a"
1990-91,"Errors / Variations","","","","16b"
1990-91,"Errors / Variations","","","","16c"
1990-91,"Errors / Variations","","","","16d"
1990-91,"Errors / Variations","","","","17a"
1990-91,"Errors / Variations","","","","17b"
1990-91,"Errors / Variations","","","","17c"
1990-91,"Errors / Variations","","","","17d"
1990-91,"Errors / Variations","","","","18a"
1990-91,"Errors / Variations","","","","18b"
1990-91,"Errors / Variations","","","","18c"
1990-91,"Errors / Variations","","","","18d"
1990-91,"Errors / Variations","","","","19a"
1990-91,"Errors / Variations","","","","19b"
1990-91,"Errors / Variations","","","","19c"
1990-91,"Errors / Variations","","","","19d"
1990-91,"Errors / Variations","","","","20a"
1990-91,"Errors / Variations","","","","20b"
1990-91,"Errors / Variations","","","","20c"
1990-91,"Errors / Variations","","","","20d"
1990-91,"Errors / Variations","","","","21a"
1990-91,"Errors / Variations","","","","21b"
1990-91,"Errors / Variations","","","","21c"
1990-91,"Errors / Variations","","","","21d"
1990-91,"Errors / Variations","","","","22a"
1990-91,"Errors / Variations","","","","22b"
1990-91,"Errors / Variations","","","","22c"
1990-91,"Errors / Variations","","","","22d"
1990-91,"Errors / Variations","","","","23a"
1990-91,"Errors / Variations","","","","23b"
1990-91,"Errors / Variations","","","","23c"
1990-91,"Errors / Variations","","","","23d"
1990-91,"Errors / Variations","","","","24a"
1990-91,"Errors / Variations","","","","24b"
1990-91,"Errors / Variations","","","","24c"
1990-91,"Errors / Variations","","","","24d"
1990-91,"Errors / Variations","","","","25a"
1990-91,"Errors / Variations","","","","25b"
1990-91,"Errors / Variations","","","","25c"
1990-91,"Errors / Variations","","","","25d"
1990-91,"Errors / Variations","","","","26a"
1990-91,"Hall of Famers","Baseball
        Basketball
        Boxing
        Cricket
        Football
        Gaming
        Golf
        Hockey
        Misc Sports
        MMA
        Multi-Sport
        Non-Sport
        Racing
        Soccer
        Tennis
        Wrestling","","",""
1990-91,"Hall of Famers","","","","22"
1990-91,"Hall of Famers","","","","22"
1990-91,"Hall of Famers","","","","22"
1990-91,"Hall of Famers","","","","22"
1990-91,"Hall of Famers","","","","24"
1990-91,"Hall of Famers","","","","24"
1990-91,"Hall of Famers","","","","24"
1990-91,"Hall of Famers","","","","24"
1990-91,"Hall of Famers","","","","26"
1990-91,"Hall of Famers","","","","26"
1990-91,"Hall of Famers","","","","26"
1990-91,"Hall of Famers","","","","26"
1990-91,"Hall of Famers","","","","41"
1990-91,"Hall of Famers","","","","41"
1990-91,"Hall of Famers","","","","41"
1990-91,"Hall of Famers","","","","41"
1990-91,"Hall of Famers","","","","43"
1990-91,"Hall of Famers","","","","43"
1990-91,"Hall of Famers","","","","43"
1990-91,"Hall of Famers","","","","43"
1990-91,"Hall of Famers","","","","44"
1990-91,"Hall of Famers","","","","44"
1990-91,"Hall of Famers","","","","44"
1990-91,"Hall of Famers","","","","44"
1990-91,"Hall of Famers","","","","45"
1990-91,"Hall of Famers","","","","45"
1990-91,"Hall of Famers","","","","45"
1990-91,"Hall of Famers","","","","45"
1990-91,"Hall of Famers","","","","46"
1990-91,"Hall of Famers","","","","46"
1990-91,"Hall of Famers","","","","46"
1990-91,"Hall of Famers","","","","46"
1990-91,"Hall of Famers","","","","52"
1990-91,"Hall of Famers","","","","52"
1990-91,"Hall of Famers","","","","52"
1990-91,"Hall of Famers","","","","52"
1990-91,"Hall of Famers","","","","53"
1990-91,"Hall of Famers","","","","53"
1990-91,"Hall of Famers","","","","53"
1990-91,"Hall of Famers","","","","53"
1990-91,"Hall of Famers","","","","54"
1990-91,"Hall of Famers","","","","54"
1990-91,"Hall of Famers","","","","54"
1990-91,"Hall of Famers","","","","54"
1990-91,"Hall of Famers","","","","55"
1990-91,"Hall of Famers","","","","55"
1990-91,"Hall of Famers","","","","55"
1990-91,"Hall of Famers","","","","55"
1990-91,"Hall of Famers","","","","56"
1990-91,"Hall of Famers","","","","56"
1990-91,"Hall of Famers","","","","56"
1990-91,"Hall of Famers","","","","56"
1990-91,"Hall of Famers","","","","57"
1990-91,"Hall of Famers","","","","57"
1990-91,"Hall of Famers","","","","57"
1990-91,"Hall of Famers","","","","57"
1990-91,"Hall of Famers","","","","58"
1990-91,"Hall of Famers","","","","58"
1990-91,"Hall of Famers","","","","58"
1990-91,"Hall of Famers","","","","59"
1990-91,"Hall of Famers","","","","59"
1990-91,"Hall of Famers","","","","59"
1990-91,"Hall of Famers","","","","59"
1990-91,"Hall of Famers","","","","63"
1990-91,"Hall of Famers","","","","63"
1990-91,"Hall of Famers","","","","63"
1990-91,"Hall of Famers","","","","63"
1990-91,"Hall of Famers","","","","64"
1990-91,"Hall of Famers","","","","64"
1990-91,"Hall of Famers","","","","64"
1990-91,"Hall of Famers","","","","64"
1990-91,"Hall of Famers","","","","67"
1990-91,"Hall of Famers","","","","67"
1990-91,"Hall of Famers","","","","67"
1990-91,"Hall of Famers","","","","67"
1990-91,"Hall of Famers","","","","73"
1990-91,"Hall of Famers","","","","73"
1990-91,"Hall of Famers","","","","73"
1990-91,"Hall of Famers","","","","73"
1990-91,"Hall of Famers","","","","76"
1990-91,"Hall of Famers","","","","76"
1990-91,"Hall of Famers","","","","76"
1990-91,"Hall of Famers","","","","76"
1990-91,"Hall of Famers","","","","121"
1990-91,"Hall of Famers","","","","121"
1990-91,"Hall of Famers","","","","121"
1990-91,"Hall of Famers","","","","123"
1990-91,"Hall of Famers","","","","123"
1990-91,"Hall of Famers","","","","123"
1990-91,"Hall of Famers","","","","123"
1990-91,"Hall of Famers","","","","124"
1990-91,"Hall of Famers","","","","124"
1990-91,"Hall of Famers","","","","124"
1990-91,"Hall of Famers","","","","128"
1990-91,"Hall of Famers","","","","128"
1990-91,"Hall of Famers","","","","128"
1990-91,"Hall of Famers","","","","133"
1990-91,"Hall of Famers","","","","133"
1990-91,"Hall of Famers","","","","133"
1990-91,"Hall of Famers","","","","137"
1990-91,"Hall of Famers","","","","137"
1990-91,"Hall of Famers","","","","137"
1990-91,"Hall of Famers","","","","137"
1990-91,"Hall of Famers","","","","143"
1990-91,"Hall of Famers","","","","143"
1990-91,"Hall of Famers","","","","143"
1990-91,"Hall of Famers","","","","144"
1990-91,"Hall of Famers","","","","144"
1990-91,"Hall of Famers","","","","144"
1990-91,"Hall of Famers","","","","146"
1990-91,"Hall of Famers","","","","146"
1990-91,"Hall of Famers","","","","146"
1990-91,"Hall of Famers","","","","146"
1990-91,"Hall of Famers","","","","153"
1990-91,"Hall of Famers","","","","153"
1990-91,"Hall of Famers","","","","153"
1990-91,"Hall of Famers","","","","153"
1990-91,"Hall of Famers","","","","153"
1990-91,"Hall of Famers","","","","154"
1990-91,"Hall of Famers","","","","154"
1990-91,"Hall of Famers","","","","154"
1990-91,"Hall of Famers","","","","156"
1990-91,"Hall of Famers","","","","156"
1990-91,"Hall of Famers","","","","156"
1990-91,"Hall of Famers","","","","162"
1990-91,"Hall of Famers","","","","162"
1990-91,"Hall of Famers","","","","162"
1990-91,"Hall of Famers","","","","163"
1990-91,"Hall of Famers","","","","163"
1990-91,"Hall of Famers","","","","163"
1990-91,"Hall of Famers","","","","163"
1990-91,"Hall of Famers","","","","164"
1990-91,"Hall of Famers","","","","164"
1990-91,"Hall of Famers","","","","164"
1990-91,"Hall of Famers","","","","164"
1990-91,"Hall of Famers","","","","173"
1990-91,"Hall of Famers","","","","173"
1990-91,"Hall of Famers","","","","173"
1990-91,"Hall of Famers","","","","174"
1990-91,"Hall of Famers","","","","174"
1990-91,"Hall of Famers","","","","174"
1990-91,"Hall of Famers","","","","174"
1990-91,"Hall of Famers","","","","176"
1990-91,"Hall of Famers","","","","176"
1990-91,"Hall of Famers","","","","176"
1990-91,"Hall of Famers","","","","178"
1990-91,"Hall of Famers","","","","178"
1990-91,"Hall of Famers","","","","178"
1990-91,"Hall of Famers","","","","178"
1990-91,"Hall of Famers","","","","188"
1990-91,"Hall of Famers","","","","188"
1990-91,"Hall of Famers","","","","188"
1990-91,"Hall of Famers","","","","188"
1990-91,"Hall of Famers","","","","202"
1990-91,"Hall of Famers","","","","202"
1990-91,"Hall of Famers","","","","202"
1990-91,"Hall of Famers","","","","202"
1990-91,"Hall of Famers","","","","203"
1990-91,"Hall of Famers","","","","203"
1990-91,"Hall of Famers","","","","203"
1990-91,"Hall of Famers","","","","203"
1990-91,"Hall of Famers","","","","204"
1990-91,"Hall of Famers","","","","204"
1990-91,"Hall of Famers","","","","204"
1990-91,"Hall of Famers","","","","204"
1990-91,"Hall of Famers","","","","205"
1990-91,"Hall of Famers","","","","205"
1990-91,"Hall of Famers","","","","205"
1990-91,"Hall of Famers","","","","205"
1990-91,"Hall of Famers","","","","206"
1990-91,"Hall of Famers","","","","206"
1990-91,"Hall of Famers","","","","206"
1990-91,"Hall of Famers","","","","206"
1990-91,"Hall of Famers","","","","207"
1990-91,"Hall of Famers","","","","207"
1990-91,"Hall of Famers","","","","207"
1990-91,"Hall of Famers","","","","207"
1990-91,"Hall of Famers","","","","223"
1990-91,"Hall of Famers","","","","223"
1990-91,"Hall of Famers","","","","223"
1990-91,"Hall of Famers","","","","223"
1990-91,"Hall of Famers","","","","229"
1990-91,"Hall of Famers","","","","229"
1990-91,"Hall of Famers","","","","229"
1990-91,"Hall of Famers","","","","229"
1990-91,"Hall of Famers","","","","236"
1990-91,"Hall of Famers","","","","236"
1990-91,"Hall of Famers","","","","236"
1990-91,"Hall of Famers","","","","236"
1990-91,"Hall of Famers","","","","244"
1990-91,"Hall of Famers","","","","244"
1990-91,"Hall of Famers","","","","244"
1990-91,"Hall of Famers","","","","244"
1990-91,"Hall of Famers","","","","246"
1990-91,"Hall of Famers","","","","246"
1990-91,"Hall of Famers","","","","246"
1990-91,"Hall of Famers","","","","246"
1990-91,"Hall of Famers","","","","252"
1990-91,"Hall of Famers","","","","252"
1990-91,"Hall of Famers","","","","252"
1990-91,"Hall of Famers","","","","252"
1990-91,"Hall of Famers","","","","253"
1990-91,"Hall of Famers","","","","253"
1990-91,"Hall of Famers","","","","253"
1990-91,"Hall of Famers","","","","253"
1990-91,"Hall of Famers","","","","254"
1990-91,"Hall of Famers","","","","254"
1990-91,"Hall of Famers","","","","254"
1990-91,"Hall of Famers","","","","254"
1990-91,"Hall of Famers","","","","261"
1990-91,"Hall of Famers","","","","261"
1990-91,"Hall of Famers","","","","261"
1990-91,"Hall of Famers","","","","261"
1990-91,"Hall of Famers","","","","262"
1990-91,"Hall of Famers","","","","262"
1990-91,"Hall of Famers","","","","262"
1990-91,"Hall of Famers","","","","262"
1990-91,"Hall of Famers","","","","264"
1990-91,"Hall of Famers","","","","264"
1990-91,"Hall of Famers","","","","264"
1990-91,"Hall of Famers","","","","264"
1990-91,"Hall of Famers","","","","269"
1990-91,"Hall of Famers","","","","269"
1990-91,"Hall of Famers","","","","269"
1990-91,"Hall of Famers","","","","269"
1990-91,"Hall of Famers","","","","271"
1990-91,"Hall of Famers","","","","271"
1990-91,"Hall of Famers","","","","271"
1990-91,"Hall of Famers","","","","271"
1990-91,"Hall of Famers","","","","277"
1990-91,"Hall of Famers","","","","277"
1990-91,"Hall of Famers","","","","277"
1990-91,"Hall of Famers","","","","277"
1990-91,"Hall of Famers","","","","284"
1990-91,"Hall of Famers","","","","284"
1990-91,"Hall of Famers","","","","284"
1990-91,"Hall of Famers","","","","284"
1990-91,"Hall of Famers","","","","301"
1990-91,"Hall of Famers","","","","301"
1990-91,"Hall of Famers","","","","301"
1990-91,"Hall of Famers","","","","301"
1990-91,"Hall of Famers","","","","303"
1990-91,"Hall of Famers","","","","303"
1990-91,"Hall of Famers","","","","303"
1990-91,"Hall of Famers","","","","303"
1990-91,"Hall of Famers","","","","305"
1990-91,"Hall of Famers","","","","305"
1990-91,"Hall of Famers","","","","305"
1990-91,"Hall of Famers","","","","305"
1990-91,"Hall of Famers","","","","306"
1990-91,"Hall of Famers","","","","306"
1990-91,"Hall of Famers","","","","306"
1990-91,"Hall of Famers","","","","307"
1990-91,"Hall of Famers","","","","307"
1990-91,"Hall of Famers","","","","307"
1990-91,"Hall of Famers","","","","307"
1990-91,"Hall of Famers","","","","309"
1990-91,"Hall of Famers","","","","309"
1990-91,"Hall of Famers","","","","309"
1990-91,"Hall of Famers","","","","312"
1990-91,"Hall of Famers","","","","312"
1990-91,"Hall of Famers","","","","312"
1990-91,"Hall of Famers","","","","312"
1990-91,"Hall of Famers","","","","314"
1990-91,"Hall of Famers","","","","314"
1990-91,"Hall of Famers","","","","314"
1990-91,"Hall of Famers","","","","314"
1990-91,"Hall of Famers","","","","315"
1990-91,"Hall of Famers","","","","315"
1990-91,"Hall of Famers","","","","315"
1990-91,"Hall of Famers","","","","315"
1990-91,"Hall of Famers","","","","316"
1990-91,"Hall of Famers","","","","316"
1990-91,"Hall of Famers","","","","316"
1990-91,"Hall of Famers","","","","316"
1990-91,"Hall of Famers","","","","317"
1990-91,"Hall of Famers","","","","317"
1990-91,"Hall of Famers","","","","317"
1990-91,"Hall of Famers","","","","317"
1990-91,"Hall of Famers","","","","318"
1990-91,"Hall of Famers","","","","318"
1990-91,"Hall of Famers","","","","318"
1990-91,"Hall of Famers","","","","318"
1990-91,"Hall of Famers","","","","319"
1990-91,"Hall of Famers","","","","319"
1990-91,"Hall of Famers","","","","319"
1990-91,"Hall of Famers","","","","319"
1990-91,"Hall of Famers","","","","320"
1990-91,"Hall of Famers","","","","320"
1990-91,"Hall of Famers","","","","320"
1990-91,"Hall of Famers","","","","320"
1990-91,"Hall of Famers","","","","321"
1990-91,"Hall of Famers","","","","321"
1990-91,"Hall of Famers","","","","321"
1990-91,"Hall of Famers","","","","321"
1990-91,"Hall of Famers","","","","336"
1990-91,"Hall of Famers","","","","336"
1990-91,"Hall of Famers","","","","336"
1990-91,"Hall of Famers","","","","336"
1990-91,"Hall of Famers","","","","346"
1990-91,"Hall of Famers","","","","346"
1990-91,"Hall of Famers","","","","346"
1990-91,"Hall of Famers","","","","346"
1990-91,"Hall of Famers","","","","365"
1990-91,"Hall of Famers","","","","365"
1990-91,"Hall of Famers","","","","365"
1990-91,"Hall of Famers","","","","365"
1990-91,"Hall of Famers","","","","422"
1990-91,"Hall of Famers","","","","422"
1990-91,"Hall of Famers","","","","422"
1990-91,"Hall of Famers","","","","423"
1990-91,"Hall of Famers","","","","423"
1990-91,"Hall of Famers","","","","425"
1990-91,"Hall of Famers","","","","425"
1990-91,"Hall of Famers","","","","425"
1990-91,"Hall of Famers","","","","426"
1990-91,"Hall of Famers","","","","426"
1990-91,"Hall of Famers","","","","426"
1990-91,"Hall of Famers","","","","435"
1990-91,"Hall of Famers","","","","435"
1990-91,"Hall of Famers","","","","435"
1990-91,"Hall of Famers","","","","436"
1990-91,"Hall of Famers","","","","436"
1990-91,"Hall of Famers","","","","436"
1990-91,"Hall of Famers","","","","443"
1990-91,"Hall of Famers","","","","443"
1990-91,"Hall of Famers","","","","443"
1990-91,"Hall of Famers","","","","461"
1990-91,"Hall of Famers","","","","461"
1990-91,"Hall of Famers","","","","473"
1990-91,"Hall of Famers","","","","473"
1990-91,"Hall of Famers","","","","474"
1990-91,"Hall of Famers","","","","474"
1990-91,"Hall of Famers","","","","474"
1990-91,"Hall of Famers","","","","476"
1990-91,"Hall of Famers","","","","476"
1990-91,"Hall of Famers","","","","476"
1990-91,"Hall of Famers","","","","477"
1990-91,"Hall of Famers","","","","477"
1990-91,"Hall of Famers","","","","477"
1990-91,"Hall of Famers","","","","479"
1990-91,"Hall of Famers","","","","479"
1990-91,"Hall of Famers","","","","479"
1990-91,"Hall of Famers","","","","481"
1990-91,"Hall of Famers","","","","481"
1990-91,"Hall of Famers","","","","481"
1990-91,"Hall of Famers","","","","482"
1990-91,"Hall of Famers","","","","482"
1990-91,"Hall of Famers","","","","482"
1990-91,"Hall of Famers","","","","483"
1990-91,"Hall of Famers","","","","483"
1990-91,"Hall of Famers","","","","483"
1990-91,"Hall of Famers","","","","485"
1990-91,"Hall of Famers","","","","485"
1990-91,"Hall of Famers","","","","485"
1990-91,"Hall of Famers","","","","487"
1990-91,"Hall of Famers","","","","487"
1990-91,"Hall of Famers","","","","487"
1990-91,"Hall of Famers","","","","489"
1990-91,"Hall of Famers","","","","489"
1990-91,"Hall of Famers","","","","489"
1990-91,"Hall of Famers","","","","490"
1990-91,"Hall of Famers","","","","490"
1990-91,"Hall of Famers","","","","490"
1990-91,"Hall of Famers","","","","491"
1990-91,"Hall of Famers","","","","491"
1990-91,"Hall of Famers","","","","491"
1990-91,"Hall of Famers","","","","493"
1990-91,"Hall of Famers","","","","493"
1990-91,"Hall of Famers","","","","493"
1990-91,"Hall of Famers","","","","494"
1990-91,"Hall of Famers","","","","494"
1990-91,"Hall of Famers","","","","494"
1990-91,"Hall of Famers","","","","495"
1990-91,"Hall of Famers","","","","495"
1990-91,"Hall of Famers","","","","495"
1990-91,"Hall of Famers","","","","496"
1990-91,"Hall of Famers","","","","496"
1990-91,"Hall of Famers","","","","496"
1990-91,"Hall of Famers","","","","496"
1990-91,"Hall of Famers","","","","496"
1990-91,"Hall of Famers","","","","497"
1990-91,"Hall of Famers","","","","497"
1990-91,"Hall of Famers","","","","497"
1990-91,"Hall of Famers","","","","498"
1990-91,"Hall of Famers","","","","498"
1990-91,"Hall of Famers","","","","498"
1990-91,"Hall of Famers","","","","502"
1990-91,"Hall of Famers","","","","502"
1990-91,"Hall of Famers","","","","502"
1990-91,"Hall of Famers","","","","504"
1990-91,"Hall of Famers","","","","504"
1990-91,"Hall of Famers","","","","504"
1990-91,"Hall of Famers","","","","506"
1990-91,"Hall of Famers","","","","506"
1990-91,"Hall of Famers","","","","506"
1990-91,"Hall of Famers","","","","508"
1990-91,"Hall of Famers","","","","508"
1990-91,"Hall of Famers","","","","508"
1990-91,"Hall of Famers","","","","509"
1990-91,"Hall of Famers","","","","509"
1990-91,"Hall of Famers","","","","509"
1990-91,"Hall of Famers","","","","510"
1990-91,"Hall of Famers","","","","510"
1990-91,"Hall of Famers","","","","510"
1990-91,"Hall of Famers","","","","511"
1990-91,"Hall of Famers","","","","511"
1990-91,"Hall of Famers","","","","511"
1990-91,"Hall of Famers","","","","512"
1990-91,"Hall of Famers","","","","512"
1990-91,"Hall of Famers","","","","512"
1990-91,"Hall of Famers","","","","515"
1990-91,"Hall of Famers","","","","515"
1990-91,"Hall of Famers","","","","515"
1990-91,"Hall of Famers","","","","521"
1990-91,"Hall of Famers","","","","521"
1990-91,"Hall of Famers","","","","521"
1990-91,"Hall of Famers","","","","525"
1990-91,"Hall of Famers","","","","525"
1990-91,"Hall of Famers","","","","525"
1990-91,"Hall of Famers","","","","526"
1990-91,"Hall of Famers","","","","526"
1990-91,"Hall of Famers","","","","526"
1990-91,"Hall of Famers","","","","545"
1990-91,"Hall of Famers","","","","545"
1990-91,"Hall of Famers","","","","545"
1990-91,"Hall of Famers","","","","546"
1990-91,"Hall of Famers","","","","546"
1990-91,"Hall of Famers","","","","546"
1990-91,"Rookies","Baseball
        Basketball
        Boxing
        Cricket
        Football
        Gaming
        Golf
        Hockey
        Misc Sports
        MMA
        Multi-Sport
        Non-Sport
        Racing
        Soccer
        Tennis
        Wrestling","","",""
1990-91,"Rookies","","","11","Troy Mallette RC, VAR"
1990-91,"Rookies","","","11","Troy Mallette RC, VAR"
1990-91,"Rookies","","","11","Troy Mallette RC, VAR"
1990-91,"Rookies","","","11","Troy Mallette RC, VAR"
1990-91,"Rookies","","","13","Miloslav Horava RC, VAR"
1990-91,"Rookies","","","13","Miloslav Horava RC, VAR"
1990-91,"Rookies","","","13","Miloslav Horava RC, VAR"
1990-91,"Rookies","","","13","Miloslav Horava RC, VAR"
1990-91,"Rookies","","","14","Kevin Stevens RC, VAR"
1990-91,"Rookies","","","14","Kevin Stevens RC, VAR"
1990-91,"Rookies","","","14","Kevin Stevens RC, VAR"
1990-91,"Rookies","","","14","Kevin Stevens RC, VAR"
1990-91,"Rookies","","","18","Glenn Healy RC, VAR"
1990-91,"Rookies","","","18","Glenn Healy RC, VAR"
1990-91,"Rookies","","","18","Glenn Healy RC, VAR"
1990-91,"Rookies","","","18","Glenn Healy RC, VAR"
1990-91,"Rookies","","","19","Sergio Momesso RC, VAR"
1990-91,"Rookies","","","19","Sergio Momesso RC, VAR"
1990-91,"Rookies","","","19","Sergio Momesso RC, VAR"
1990-91,"Rookies","","","19","Sergio Momesso RC, VAR"
1990-91,"Rookies","","","23","Martin Gelinas RC, VAR"
1990-91,"Rookies","","","23","Martin Gelinas RC, VAR"
1990-91,"Rookies","","","23","Martin Gelinas RC, VAR"
1990-91,"Rookies","","","23","Martin Gelinas RC, VAR"
1990-91,"Rookies","","","24","Alexander Mogilny RC, VAR"
1990-91,"Rookies","","","24","Alexander Mogilny RC, VAR"
1990-91,"Rookies","","","24","Alexander Mogilny RC, VAR"
1990-91,"Rookies","","","24","Alexander Mogilny RC, VAR"
1990-91,"Rookies","","","25","John Byce RC, VAR"
1990-91,"Rookies","","","25","John Byce RC, VAR"
1990-91,"Rookies","","","25","John Byce RC, VAR"
1990-91,"Rookies","","","25","John Byce RC, VAR"
1990-91,"Rookies","","","28","Don Barber RC, VAR"
1990-91,"Rookies","","","28","Don Barber RC, VAR"
1990-91,"Rookies","","","28","Don Barber RC, VAR"
1990-91,"Rookies","","","28","Don Barber RC, VAR"
1990-91,"Rookies","","","32","Mike Richter RC, VAR"
1990-91,"Rookies","","","32","Mike Richter RC, VAR"
1990-91,"Rookies","","","32","Mike Richter RC, VAR"
1990-91,"Rookies","","","32","Mike Richter RC, VAR"
1990-91,"Rookies","","","35","Bob Corkum SR, RC, VAR"
1990-91,"Rookies","","","35","Bob Corkum SR, RC, VAR"
1990-91,"Rookies","","","35","Bob Corkum SR, RC, VAR"
1990-91,"Rookies","","","35","Bob Corkum SR, RC, VAR"
1990-91,"Rookies","","","36","Rod Brind'Amour RC, VAR"
1990-91,"Rookies","","","36","Rod Brind'Amour RC, VAR"
1990-91,"Rookies","","","36","Rod Brind'Amour RC, VAR"
1990-91,"Rookies","","","36","Rod Brind'Amour RC, VAR"
1990-91,"Rookies","","","37","Mark Fitzpatrick RC, VAR"
1990-91,"Rookies","","","37","Mark Fitzpatrick RC, VAR"
1990-91,"Rookies","","","37","Mark Fitzpatrick RC, VAR"
1990-91,"Rookies","","","37","Mark Fitzpatrick RC, VAR"
1990-91,"Rookies","","","39","Mick Vukota RC, VAR"
1990-91,"Rookies","","","39","Mick Vukota RC, VAR"
1990-91,"Rookies","","","39","Mick Vukota RC, VAR"
1990-91,"Rookies","","","39","Mick Vukota RC, VAR"
1990-91,"Rookies","","","40","Mike Lalor RC, VAR"
1990-91,"Rookies","","","40","Mike Lalor RC, VAR"
1990-91,"Rookies","","","40","Mike Lalor RC, VAR"
1990-91,"Rookies","","","40","Mike Lalor RC, VAR"
1990-91,"Rookies","","","45","Rob Blake SR, RC, VAR"
1990-91,"Rookies","","","45","Rob Blake SR, RC, VAR"
1990-91,"Rookies","","","45","Rob Blake SR, RC, VAR"
1990-91,"Rookies","","","45","Rob Blake SR, RC, VAR"
1990-91,"Rookies","","","46","Mike Modano RC, VAR"
1990-91,"Rookies","","","46","Mike Modano RC, VAR"
1990-91,"Rookies","","","46","Mike Modano RC, VAR"
1990-91,"Rookies","","","46","Mike Modano RC, VAR"
1990-91,"Rookies","","","51","Stephan Lebeau RC, VAR"
1990-91,"Rookies","","","51","Stephan Lebeau RC, VAR"
1990-91,"Rookies","","","51","Stephan Lebeau RC, VAR"
1990-91,"Rookies","","","51","Stephan Lebeau RC, VAR"
1990-91,"Rookies","","","55","Ed Belfour SR, RC, VAR"
1990-91,"Rookies","","","55","Ed Belfour SR, RC, VAR"
1990-91,"Rookies","","","55","Ed Belfour SR, RC, VAR"
1990-91,"Rookies","","","55","Ed Belfour SR, RC, VAR"
1990-91,"Rookies","","","63","Jeremy Roenick RC, VAR"
1990-91,"Rookies","","","63","Jeremy Roenick RC, VAR"
1990-91,"Rookies","","","63","Jeremy Roenick RC, VAR"
1990-91,"Rookies","","","63","Jeremy Roenick RC, VAR"
1990-91,"Rookies","","","65","Jon Morris SR, RC, VAR"
1990-91,"Rookies","","","65","Jon Morris SR, RC, VAR"
1990-91,"Rookies","","","65","Jon Morris SR, RC, VAR"
1990-91,"Rookies","","","65","Jon Morris SR, RC, VAR"
1990-91,"Rookies","","","75","Jason Soules SR, RC, VAR"
1990-91,"Rookies","","","75","Jason Soules SR, RC, VAR"
1990-91,"Rookies","","","75","Jason Soules SR, RC, VAR"
1990-91,"Rookies","","","75","Jason Soules SR, RC, VAR"
1990-91,"Rookies","","","77","Vladimir Krutov RC, VAR"
1990-91,"Rookies","","","77","Vladimir Krutov RC, VAR"
1990-91,"Rookies","","","77","Vladimir Krutov RC, VAR"
1990-91,"Rookies","","","80","Michal Pivonka RC, VAR"
1990-91,"Rookies","","","80","Michal Pivonka RC, VAR"
1990-91,"Rookies","","","80","Michal Pivonka RC, VAR"
1990-91,"Rookies","","","80","Michal Pivonka RC, VAR"
1990-91,"Rookies","","","81","Mark Laforest RC, UER, VAR"
1990-91,"Rookies","","","81","Mark Laforest RC, UER, VAR"
1990-91,"Rookies","","","81","Mark Laforest RC, UER, VAR"
1990-91,"Rookies","","","81","Mark Laforest RC, UER, VAR"
1990-91,"Rookies","","","86","Gord Murphy RC, VAR"
1990-91,"Comments","Baseball
        Basketball
        Boxing
        Cricket
        Football
        Gaming
        Golf
        Hockey
        Misc Sports
        MMA
        Multi-Sport
        Non-Sport
        Racing
        Soccer
        Tennis
        Wrestling","","",""
1990-91,"Comments","Sep 20, 2025 - 8:59PM
SaintOrm	

I opened a pack of the Premier Series cards & got two #341 Charlie Huddy cards. One had the "90 hockey sticks" hologram and the other had the "90 carrots" hologram. Two different holograms from the same pack!

Rating: 9","Sep 20, 2025 - 8:59PM
SaintOrm","",""
1990-91,"Comments","Dec 3, 2023 - 9:36PM
E180TEKNO	

I' have so happy , i have shooted a card hologrma of Wayne Gretzky ,By the way, I pulled 4 holograms from this box. I still have 4 packs to open, and I think without a doubt that getting 4 holograms from a box is quite decent.

in fact i have open just at the time a new pack and i finded a news card hologram , mayny five holo for the moment


Edited on: Dec 3, 2023 - 9:39PM

  1","Dec 3, 2023 - 9:36PM
E180TEKNO","",""
1990-91,"Comments","Mar 2, 2023 - 10:04PM
SheeFoo	

I was forever hooked by this set...the cards were beautiful when they came out. Soon after I acquired a Steve Yzerman 84 OPC rookie card. I have never looked back. That's not quite true. I did get out of collecting for many years. But I'm back now. The first upper deck sets were exciting for me as I was truly a fan of the Russian players, and the Russian 5 man unit in the wings. What an era.","Mar 2, 2023 - 10:04PM
SheeFoo","",""
1990-91,"Comments","Dec 23, 2021 - 11:22PM
Glitchy	

i have found card 467 martin lapointe and 469 pat falloon missing the hologram","Dec 23, 2021 - 11:22PM
Glitchy","",""
1990-91,"Comments","Sep 21, 2021 - 12:51AM
Brien	

I also found card number 390 Gerald Diduck is missing the hologram logo on the reverse

Rating: 8","Sep 21, 2021 - 12:51AM
Brien","",""
1990-91,"Comments","Sep 21, 2021 - 12:48AM
Brien	

I found 2 cards with the same error or variation on the reverse first card is number 101 Jamie Macoun and the second card is number 511 Harry Howell they both have 2 holograms on the back. Macoun has one just to the right of the NHL logo and the other is above and to the right of his picture. Howell's card has the 2 holograms in his bio, the first one is on the last line of the bio and the other one is above and to the right of the first one.

Rating: 8","Sep 21, 2021 - 12:48AM
Brien","",""
1990-91,"Comments","Aug 10, 2021 - 8:55AM
LMoose	

This set is great, really fun to go through but the amount of hologram variations makes it a nightmare for completionists. These are the ones I identified and all the different holograms that came in the same box (high and low series):

The first "90" hologram is the horizontal/upside down upper deck text with a row of small 90s and a row of carrots.

The second "90" hologram is the same horizontal/upside down upper deck text but with large 90s and a row of crossed hockey sticks

The third variation is the upper deck text stacked on two lines directly above each other with baseballs. The upper deck text is shinier here than in the "90" variations but there is no "90" or "91" in the hologram.

Lastly, the "91" hologram; upper deck text but one word right-side up, one upside down and a glossy "91" can be seen. Just like the baseball variation, the upper deck text is shinier than the "90" variations.

If you thought you were done collecting that PC player there might be a few more variations to hunt for!","Aug 10, 2021 - 8:55AM
LMoose","",""
1990-91,"Comments","Dec 20, 2020 - 12:41PM
reakins	

The 1990 hologram usually has a "90" visible, along with the words "UPPER DECK" aligned horizontal with both words the same way up. Both words can be upside down or right side up, but the same. The 1991 hologram is text with the words "UPPER DECK" but each word is not the same way up. For example, if "UPPER" is the right way up, DECK is upside down (and vise versa). Each word is different. Sometimes a small "91" is visible.


Edited on: Dec 20, 2020 - 1:20PM

Rating: 9","Dec 20, 2020 - 12:41PM
reakins","",""
1990-91,"Comments","May 12, 2018 - 8:40PM
TeeJay	

This set was a game changer back in the day, quality next level photography front and back..Those early 90's were fun collecting.

Rating: 9","May 12, 2018 - 8:40PM
TeeJay","",""
1990-91,"Comments","Jun 2, 2017 - 1:37PM
mcdonald	

I found my first rookie card..Jaromir Jagr. An unknown player who as of today still a player.","Jun 2, 2017 - 1:37PM
mcdonald","",""
1990-91,"Comments","Mar 23, 2015 - 9:43PM
mcg324	

This was my first collector's experience in hockey cards. Loved it.","Mar 23, 2015 - 9:43PM
mcg324","",""
1990-91,"Comments","Sep 17, 2014 - 5:42PM
Rimar1955	

- Taken from Beckett.com

The 1990-91 Upper Deck Hockey set contains 550 standard-size cards. The set was released in two series of 400 and 150 cards, respectively. The card fronts feature color action photos, bordered on the right and bottom in the team's colors with the team logo in the lower right hand corner. The player's name and position in black lettering appear in a pale blue bar at the top of the card front. Two-thirds of back shows another color action photo, while the remaining third presents biographical information and career statistics in pale blue box running the length of the card. The second (or extended) series contains 150 cards and includes newest rookies, traded players, All Stars, Heroes of the NHL, and members of the Canadian National Junior Team. It should also be noted that the Canada's Captains card (473) shows Eric Lindros along with Kris Draper and Steven Rice. The French version of 1990-91 Upper Deck was produced in smaller quantities compared to the English version; multipliers can be found in the header below to determine values for these.","Sep 17, 2014 - 5:42PM
Rimar1955","",""
1990-91,"Comments","May 4, 2013 - 10:57PM
biggiofn7	

Awesome set. The best place to start a hockey card collection. Many rookies and Hall of Famers.

Rating: 8","May 4, 2013 - 10:57PM
biggiofn7","",""
1990-91,"Comments","Mar 4, 2013 - 11:26PM
captain_canuck	

Landmark set! Signalled the end of the simple days of hockey card collecting. High quality photos and card stock and the first use of holograms on hockey cards. Loaded with rookies, awesome set!

Rating: 9.5","Mar 4, 2013 - 11:26PM
captain_canuck","",""
1990-91,"Packaging","Baseball
        Basketball
        Boxing
        Cricket
        Football
        Gaming
        Golf
        Hockey
        Misc Sports
        MMA
        Multi-Sport
        Non-Sport
        Racing
        Soccer
        Tennis
        Wrestling","","",""
1990-91,"Pricing","Baseball
        Basketball
        Boxing
        Cricket
        Football
        Gaming
        Golf
        Hockey
        Misc Sports
        MMA
        Multi-Sport
        Non-Sport
        Racing
        Soccer
        Tennis
        Wrestling","","",""
1990-91,"Pricing","1","","David Volek VAR",""
1990-91,"Pricing","1","","David Volek VAR",""
1990-91,"Pricing","1","","David Volek VAR",""
1990-91,"Pricing","1","","David Volek VAR",""
1990-91,"Pricing","2","","Brian Propp VAR",""
1990-91,"Pricing","2","","Brian Propp VAR",""
1990-91,"Pricing","2","","Brian Propp VAR",""
1990-91,"Pricing","2","","Brian Propp VAR",""
1990-91,"Pricing","3","","Wendel Clark VAR",""
1990-91,"Pricing","3","","Wendel Clark VAR",""
1990-91,"Pricing","3","","Wendel Clark VAR",""
1990-91,"Pricing","4","","Adam Creighton VAR",""
1990-91,"Pricing","4","","Adam Creighton VAR",""
1990-91,"Pricing","4","","Adam Creighton VAR",""
1990-91,"Pricing","4","","Adam Creighton VAR",""
1990-91,"Pricing","5","","Mark Osborne VAR",""
1990-91,"Pricing","5","","Mark Osborne VAR",""
1990-91,"Pricing","5","","Mark Osborne VAR",""
1990-91,"Pricing","5","","Mark Osborne VAR",""
1990-91,"Pricing","6","","Murray Craven VAR",""
1990-91,"Pricing","6","","Murray Craven VAR",""
1990-91,"Pricing","6","","Murray Craven VAR",""
1990-91,"Pricing","6","","Murray Craven VAR",""
1990-91,"Pricing","7","","Doug Crossman VAR",""
1990-91,"Pricing","7","","Doug Crossman VAR",""
1990-91,"Pricing","7","","Doug Crossman VAR",""
1990-91,"Pricing","7","","Doug Crossman VAR",""
1990-91,"Pricing","8","","Mario Marois VAR",""
1990-91,"Pricing","8","","Mario Marois VAR",""
1990-91,"Pricing","8","","Mario Marois VAR",""
1990-91,"Pricing","8","","Mario Marois VAR",""
1990-91,"Pricing","9","","Curt Giles VAR",""
1990-91,"Pricing","9","","Curt Giles VAR",""
1990-91,"Pricing","9","","Curt Giles VAR",""
1990-91,"Pricing","9","","Curt Giles VAR",""
1990-91,"Pricing","10","","Rick Wamsley VAR",""
1990-91,"Pricing","10","","Rick Wamsley VAR",""
1990-91,"Pricing","10","","Rick Wamsley VAR",""
1990-91,"Pricing","10","","Rick Wamsley VAR",""
1990-91,"Pricing","11","","Troy Mallette RC, VAR",""
1990-91,"Pricing","11","","Troy Mallette RC, VAR",""
1990-91,"Pricing","11","","Troy Mallette RC, VAR",""
1990-91,"Pricing","11","","Troy Mallette RC, VAR",""
1990-91,"Pricing","12","","John Cullen VAR",""
1990-91,"Pricing","12","","John Cullen VAR",""
1990-91,"Pricing","12","","John Cullen VAR",""
1990-91,"Pricing","12","","John Cullen VAR",""
1990-91,"Pricing","13","","Miloslav Horava RC, VAR",""
1990-91,"Pricing","13","","Miloslav Horava RC, VAR",""
1990-91,"Pricing","13","","Miloslav Horava RC, VAR",""
1990-91,"Pricing","13","","Miloslav Horava RC, VAR",""
1990-91,"Pricing","14","","Kevin Stevens RC, VAR",""
1990-91,"Pricing","14","","Kevin Stevens RC, VAR",""
1990-91,"Pricing","14","","Kevin Stevens RC, VAR",""
1990-91,"Pricing","14","","Kevin Stevens RC, VAR",""
1990-91,"Pricing","15","","David Shaw VAR",""
1990-91,"Pricing","15","","David Shaw VAR",""
1990-91,"Pricing","15","","David Shaw VAR",""
1990-91,"Pricing","15","","David Shaw VAR",""
1990-91,"Pricing","16","","Randy Wood VAR",""
1990-91,"Pricing","16","","Randy Wood VAR",""
1990-91,"Pricing","16","","Randy Wood VAR",""
1990-91,"Pricing","16","","Randy Wood VAR",""
1990-91,"Pricing","17","","Peter Zezel VAR",""
1990-91,"Pricing","17","","Peter Zezel VAR",""
1990-91,"Pricing","17","","Peter Zezel VAR",""
1990-91,"Pricing","17","","Peter Zezel VAR",""
1990-91,"Pricing","18","","Glenn Healy RC, VAR",""
1990-91,"Pricing","18","","Glenn Healy RC, VAR",""
1990-91,"Pricing","18","","Glenn Healy RC, VAR",""
1990-91,"Pricing","18","","Glenn Healy RC, VAR",""
1990-91,"Pricing","19","","Sergio Momesso RC, VAR",""
1990-91,"Pricing","19","","Sergio Momesso RC, VAR",""
1990-91,"Pricing","19","","Sergio Momesso RC, VAR",""
1990-91,"Pricing","19","","Sergio Momesso RC, VAR",""
1990-91,"Pricing","20","","Don Maloney VAR",""
1990-91,"Pricing","20","","Don Maloney VAR",""
1990-91,"Pricing","20","","Don Maloney VAR",""
1990-91,"Pricing","20","","Don Maloney VAR",""
1990-91,"Pricing","21","","Craig Muni VAR",""
1990-91,"Pricing","21","","Craig Muni VAR",""
1990-91,"Pricing","21","","Craig Muni VAR",""
1990-91,"Pricing","21","","Craig Muni VAR",""
1990-91,"Pricing","22","","Phil Housley VAR",""
1990-91,"Pricing","22","","Phil Housley VAR",""
1990-91,"Pricing","22","","Phil Housley VAR",""
1990-91,"Pricing","22","","Phil Housley VAR",""
1990-91,"Pricing","23","","Martin Gelinas RC, VAR",""
1990-91,"Pricing","23","","Martin Gelinas RC, VAR",""
1990-91,"Pricing","23","","Martin Gelinas RC, VAR",""
1990-91,"Pricing","23","","Martin Gelinas RC, VAR",""
1990-91,"Pricing","24","","Alexander Mogilny RC, VAR",""
1990-91,"Pricing","24","","Alexander Mogilny RC, VAR",""
1990-91,"Pricing","24","","Alexander Mogilny RC, VAR",""
1990-91,"Pricing","24","","Alexander Mogilny RC, VAR",""
1990-91,"Pricing","25","","John Byce RC, VAR",""
1990-91,"Pricing","25","","John Byce RC, VAR",""
1990-91,"Pricing","25","","John Byce RC, VAR",""
1990-91,"Pricing","25","","John Byce RC, VAR",""
1990-91,"Pricing","26","","Joe Nieuwendyk VAR",""
1990-91,"Sell Sheets / Ads","Baseball
        Basketball
        Boxing
        Cricket
        Football
        Gaming
        Golf
        Hockey
        Misc Sports
        MMA
        Multi-Sport
        Non-Sport
        Racing
        Soccer
        Tennis
        Wrestling","","",""
1990-91,"Trivia","Baseball
        Basketball
        Boxing
        Cricket
        Football
        Gaming
        Golf
        Hockey
        Misc Sports
        MMA
        Multi-Sport
        Non-Sport
        Racing
        Soccer
        Tennis
        Wrestling","","",""
1990-91,"Videos","Baseball
        Basketball
        Boxing
        Cricket
        Football
        Gaming
        Golf
        Hockey
        Misc Sports
        MMA
        Multi-Sport
        Non-Sport
        Racing
        Soccer
        Tennis
        Wrestling","","",""
1990-91,"Videos","Posted by: BigEd76
Jun 11, 2020 - 8:56PM","Posted by: BigEd76
Jun 11, 2020 - 8:56PM","",""
1990-91,"External Links","Baseball
        Basketball
        Boxing
        Cricket
        Football
        Gaming
        Golf
        Hockey
        Misc Sports
        MMA
        Multi-Sport
        Non-Sport
        Racing
        Soccer
        Tennis
        Wrestling","","",""
1990-91,"Contributors","Baseball
        Basketball
        Boxing
        Cricket
        Football
        Gaming
        Golf
        Hockey
        Misc Sports
        MMA
        Multi-Sport
        Non-Sport
        Racing
        Soccer
        Tennis
        Wrestling","","",""
1990-91,"Contributors","Member	Total
1.	ssabreman	993
2.	oldcollector	941
3.	bobfetta	402
4.	PapaG321	366
5.	Luffarn21	125
6.	mcg324	115
7.	Gregory_kyle	105
8.	Pennytendencies	94
9.	Gunny	86
10.	reakins	75
11.	Michel St-Pierre	65
12.	Chandler	60
13.	Dakota14KK	39
14.	rds332000	37
15.	hawkking	29
16.	Eriqulous	28
17.	CollectorTBNL	23
18.	bronnerea	18
19.	rbelanger13	18
20.	OogaBooga	15
21.	jankasecky	11
22.	Sturgeonfishie	8
23.	FlyingWhales	6
24.	doogie_13	6
25.	rosconiner1	6
26.	Jarde	5
27.	Sarge137	5
28.	ShowStorm	5
29.	TomSas	5
30.	Haddixco	4
31.	NJDevils	4
32.	dcoulmanjr	4
33.	OTP_CT	3
34.	bigcountry98	3
35.	dann443	3
36.	ebernerd	3
37.	Quintessence	2
38.	Shaw Racing	2
39.	Sportzcommish	2
40.	Vader099	2
41.	galop92	2
42.	iffie99	2
43.	numbern9ne	2
44.	Dacious	1
45.	Genki	1
46.	KQuinner	1
47.	LO212257	1
48.	Lappen	1
49.	Opera_of_Death	1
50.	Rick_B	1
51.	Stevie Jay	1
52.	Tripredacus	1
53.	avsbruins65	1
54.	bcmeeker	1
55.	mac412	1
56.	michael1206	1
57.	schwitz	1
58.	sundin	1","","Member","Total"
1990-91,"Contributors","","Member","Total",""
1990-91,"Contributors","1.","ssabreman","993",""
1990-91,"Contributors","2.","oldcollector","941",""
1990-91,"Contributors","3.","bobfetta","402",""
1990-91,"Contributors","4.","PapaG321","366",""
1990-91,"Contributors","5.","Luffarn21","125",""
1990-91,"Contributors","6.","mcg324","115",""
1990-91,"Contributors","7.","Gregory_kyle","105",""
1990-91,"Contributors","8.","Pennytendencies","94",""
1990-91,"Contributors","9.","Gunny","86",""
1990-91,"Contributors","10.","reakins","75",""
1990-91,"Contributors","11.","Michel St-Pierre","65",""
1990-91,"Contributors","12.","Chandler","60",""
1990-91,"Contributors","13.","Dakota14KK","39",""
1990-91,"Contributors","14.","rds332000","37",""
1990-91,"Contributors","15.","hawkking","29",""
1990-91,"Contributors","16.","Eriqulous","28",""
1990-91,"Contributors","17.","CollectorTBNL","23",""
1990-91,"Contributors","18.","bronnerea","18",""
1990-91,"Contributors","19.","rbelanger13","18",""
1990-91,"Contributors","20.","OogaBooga","15",""
1990-91,"Contributors","21.","jankasecky","11",""
1990-91,"Contributors","22.","Sturgeonfishie","8",""
1990-91,"Contributors","23.","FlyingWhales","6",""
1990-91,"Contributors","24.","doogie_13","6",""
1990-91,"Contributors","25.","rosconiner1","6",""
1990-91,"Contributors","26.","Jarde","5",""
1990-91,"Contributors","27.","Sarge137","5",""
1990-91,"Contributors","28.","ShowStorm","5",""
1990-91,"Contributors","29.","TomSas","5",""
1990-91,"Contributors","30.","Haddixco","4",""
1990-91,"Contributors","31.","NJDevils","4",""
1990-91,"Contributors","32.","dcoulmanjr","4",""
1990-91,"Contributors","33.","OTP_CT","3",""
1990-91,"Contributors","34.","bigcountry98","3",""
1990-91,"Contributors","35.","dann443","3",""
1990-91,"Contributors","36.","ebernerd","3",""
1990-91,"Contributors","37.","Quintessence","2",""
1990-91,"Contributors","38.","Shaw Racing","2",""
1990-91,"Contributors","39.","Sportzcommish","2",""
1990-91,"Contributors","40.","Vader099","2",""
1990-91,"Contributors","41.","galop92","2",""
1990-91,"Contributors","42.","iffie99","2",""
1990-91,"Contributors","43.","numbern9ne","2",""
1990-91,"Contributors","44.","Dacious","1",""
1990-91,"Contributors","45.","Genki","1",""
1990-91,"Contributors","46.","KQuinner","1",""
1990-91,"Contributors","47.","LO212257","1",""
1990-91,"Contributors","48.","Lappen","1",""
1990-91,"Contributors","49.","Opera_of_Death","1",""
1990-91,"Contributors","50.","Rick_B","1",""
1990-91,"Contributors","51.","Stevie Jay","1",""
1990-91,"Contributors","52.","Tripredacus","1",""
1990-91,"Contributors","53.","avsbruins65","1",""
1990-91,"Contributors","54.","bcmeeker","1",""
1990-91,"Contributors","55.","mac412","1",""
1990-91,"Contributors","56.","michael1206","1",""
1990-91,"Contributors","57.","schwitz","1",""
1990-91,"Contributors","58.","sundin","1",""
1990-91,"Contributors","Member	Total
1.	DarthTempest	1
2.	One8	1
3.	galemann	1
4.	galop92	1","","Member","Total"
1990-91,"Contributors","","Member","Total",""
1990-91,"Contributors","1.","DarthTempest","1",""
1990-91,"Contributors","2.","One8","1",""
1990-91,"Contributors","3.","galemann","1",""
1990-91,"Contributors","4.","galop92","1",""
1990-91,"Contributors","Member	Total
1.	Brien	2
2.	E180TEKNO	1
3.	Glitchy	1
4.	LMoose	1
5.	Rimar1955	1
6.	SaintOrm	1
7.	SheeFoo	1
8.	TeeJay	1
9.	biggiofn7	1
10.	captain_canuck	1
11.	mcdonald	1
12.	mcg324	1
13.	reakins	1","","Member","Total"
1990-91,"Contributors","","Member","Total",""
1990-91,"Contributors","1.","Brien","2",""
1990-91,"Contributors","2.","E180TEKNO","1",""
1990-91,"Contributors","3.","Glitchy","1",""
1990-91,"Contributors","4.","LMoose","1",""
1990-91,"Contributors","5.","Rimar1955","1",""
1990-91,"Contributors","6.","SaintOrm","1",""
1990-91,"Contributors","7.","SheeFoo","1",""
1990-91,"Contributors","8.","TeeJay","1",""
1990-91,"Contributors","9.","biggiofn7","1",""
1990-91,"Contributors","10.","captain_canuck","1",""
1990-91,"Contributors","11.","mcdonald","1",""
1990-91,"Contributors","12.","mcg324","1",""
1990-91,"Contributors","13.","reakins","1",""
1990-91,"Contributors","Member	Total
1.	Billy Kingsley	7
2.	dobbie	3
3.	reakins	3
4.	Shaw Racing	2
5.	biotwister	2
6.	engineer67	2
7.	styxscottii	2
8.	DanD	1
9.	Jon Cantrell	1
10.	jmnovff	1","","Member","Total"
1990-91,"Contributors","","Member","Total",""
1990-91,"Contributors","1.","Billy Kingsley","7",""
1990-91,"Contributors","2.","dobbie","3",""
1990-91,"Contributors","3.","reakins","3",""
1990-91,"Contributors","4.","Shaw Racing","2",""
1990-91,"Contributors","5.","biotwister","2",""
1990-91,"Contributors","6.","engineer67","2",""
1990-91,"Contributors","7.","styxscottii","2",""
1990-91,"Contributors","8.","DanD","1",""
1990-91,"Contributors","9.","Jon Cantrell","1",""
1990-91,"Contributors","10.","jmnovff","1",""
1990-91,"Contributors","Member	Total
1.	wjhipwell	3","","Member","Total"
1990-91,"Contributors","","Member","Total",""
1990-91,"Contributors","1.","wjhipwell","3",""
1990-91,"Contributors","Member	Total
1.	BigEd76	28
2.	C2Cigars	7
3.	Jarde	6
4.	dollar guy	3
5.	Dmenko	1
6.	richardson	1","","Member","Total"
1990-91,"Contributors","","Member","Total",""
1990-91,"Contributors","1.","BigEd76","28",""
1990-91,"Contributors","2.","C2Cigars","7",""
1990-91,"Contributors","3.","Jarde","6",""
1990-91,"Contributors","4.","dollar guy","3",""
1990-91,"Contributors","5.","Dmenko","1",""
1990-91,"Contributors","6.","richardson","1",""
1990-91,"Contributors","Member	Total
1.	BigEd76	1","","Member","Total"
1990-91,"Contributors","","Member","Total",""
1990-91,"Contributors","1.","BigEd76","1",""
1990-91,"Contributors","Member	Total
1.	wjhipwell	1","","Member","Total"
1990-91,"Contributors","","Member","Total",""
1990-91,"Contributors","1.","wjhipwell","1",""
1990-91,"Glossary","Baseball
        Basketball
        Boxing
        Cricket
        Football
        Gaming
        Golf
        Hockey
        Misc Sports
        MMA
        Multi-Sport
        Non-Sport
        Racing
        Soccer
        Tennis
        Wrestling","","",""
1990-91,"Stats","Baseball
        Basketball
        Boxing
        Cricket
        Football
        Gaming
        Golf
        Hockey
        Misc Sports
        MMA
        Multi-Sport
        Non-Sport
        Racing
        Soccer
        Tennis
        Wrestling","","",""
1990-91,"Hockey Superstars Holograms/Stickers","Baseball
        Basketball
        Boxing
        Cricket
        Football
        Gaming
        Golf
        Hockey
        Misc Sports
        MMA
        Multi-Sport
        Non-Sport
        Racing
        Soccer
        Tennis
        Wrestling","","",""
1990-91,"Hockey Superstars Holograms/Stickers","","","",""
1990-91,"Hockey Superstars Holograms/Stickers","","","",""
1990-91,"Hockey Superstars Holograms/Stickers","","","",""
1990-91,"Hockey Superstars Holograms/Stickers","","","",""
1990-91,"Hockey Superstars Holograms/Stickers","","","",""
1990-91,"Hockey Superstars Holograms/Stickers","","","",""
1990-91,"Hockey Superstars Holograms/Stickers","","","",""
1990-91,"Hockey Superstars Holograms/Stickers","","","",""
1990-91,"Hockey Superstars Holograms/Stickers","","","",""
1990-91,"Commemorative Sheets","Baseball
        Basketball
        Boxing
        Cricket
        Football
        Gaming
        Golf
        Hockey
        Misc Sports
        MMA
        Multi-Sport
        Non-Sport
        Racing
        Soccer
        Tennis
        Wrestling","","",""
1990-91,"Commemorative Sheets","","","",""
1990-91,"Commemorative Sheets","","","",""
1990-91,"Commemorative Sheets","","","",""
1990-91,"Commemorative Sheets","","","",""
1990-91,"Commemorative Sheets","","","",""
1990-91,"Commemorative Sheets","","","",""
1990-91,"Commemorative Sheets","","","",""
1990-91,"Commemorative Sheets","","","",""
1990-91,"Commemorative Sheets","","","",""
1990-91,"Commemorative Sheets","","","",""
1990-91,"Commemorative Sheets","","","",""
1990-91,"Prototypes","Baseball
        Basketball
        Boxing
        Cricket
        Football
        Gaming
        Golf
        Hockey
        Misc Sports
        MMA
        Multi-Sport
        Non-Sport
        Racing
        Soccer
        Tennis
        Wrestling","","",""
1990-91,"Prototypes","","","",""
1990-91,"Prototypes","","","",""
1991-92,"Base Set","Baseball
        Basketball
        Boxing
        Cricket
        Football
        Gaming
        Golf
        Hockey
        Misc Sports
        MMA
        Multi-Sport
        Non-Sport
        Racing
        Soccer
        Tennis
        Wrestling","","",""
1991-92,"Base Set","","","",""
1991-92,"Base Set","","","",""
1991-92,"Base Set","","","",""
1991-92,"Base Set","","","",""
1991-92,"Base Set","","","",""
1991-92,"Base Set","","","",""
1991-92,"Base Set","","","",""
1991-92,"Base Set","","","",""
1991-92,"Base Set","","","",""
1991-92,"Base Set","","","",""
1991-92,"Base Set","","","",""
1991-92,"Base Set","","","",""
1991-92,"Base Set","","","",""
1991-92,"Base Set","","","",""
1991-92,"Base Set","","","",""
1991-92,"Base Set","","","",""
1991-92,"Base Set","","","",""
1991-92,"Base Set","","","",""
1991-92,"Base Set","","","",""
1991-92,"Base Set","","","",""
1991-92,"Base Set","","","",""
1991-92,"Base Set","","","",""
1991-92,"Base Set","","","",""
1991-92,"Base Set","","","",""
1991-92,"Base Set","","","",""
1991-92,"Base Set","","","",""
1991-92,"Base Set","","","",""
1991-92,"Base Set","","","",""
1991-92,"Base Set","","","",""
1991-92,"Base Set","","","",""
1991-92,"Base Set","","","",""
1991-92,"Base Set","","","",""
1991-92,"Base Set","","","",""
1991-92,"Base Set","","","",""
1991-92,"Base Set","","","",""
1991-92,"Base Set","","","",""
1991-92,"Base Set","","","",""
1991-92,"Base Set","","","",""
1991-92,"Base Set","","","",""
1991-92,"Base Set","","","",""
1991-92,"Base Set","","","",""
1991-92,"Base Set","","","",""
1991-92,"Base Set","","","",""
1991-92,"Base Set","","","",""
1991-92,"Base Set","","","",""
1991-92,"Base Set","","","",""
1991-92,"Base Set","","","",""
1991-92,"Base Set","","","",""
1991-92,"Base Set","","","",""
1991-92,"Base Set","","","",""
1991-92,"Base Set","","","",""
1991-92,"Base Set","","","",""
1991-92,"Base Set","","","",""
1991-92,"Base Set","","","",""
1991-92,"Base Set","","","",""
1991-92,"Base Set","","","",""
1991-92,"Base Set","","","",""
1991-92,"Base Set","","","",""
1991-92,"Base Set","","","",""
1991-92,"Base Set","","","",""
1991-92,"Base Set","","","",""
1991-92,"Base Set","","","",""
1991-92,"Base Set","","","",""
1991-92,"Base Set","","","",""
1991-92,"Base Set","","","",""
1991-92,"Base Set","","","",""
1991-92,"Base Set","","","",""
1991-92,"Base Set","","","",""
1991-92,"Base Set","","","",""
1991-92,"Base Set","","","",""
1991-92,"Base Set","","","",""
1991-92,"Base Set","","","",""
1991-92,"Base Set","","","",""
1991-92,"Base Set","","","",""
1991-92,"Base Set","","","",""
1991-92,"Base Set","","","",""
1991-92,"Base Set","","","",""
1991-92,"Base Set","","","",""
1991-92,"Base Set","","","",""
1991-92,"Base Set","","","",""
1991-92,"Base Set","","","",""
1991-92,"Base Set","","","",""
1991-92,"Base Set","","","",""
1991-92,"Base Set","","","",""
1991-92,"Base Set","","","",""
1991-92,"Base Set","","","",""
1991-92,"Base Set","","","",""
1991-92,"Base Set","","","",""
1991-92,"Base Set","","","",""
1991-92,"Base Set","","","",""
1991-92,"Base Set","","","",""
1991-92,"Base Set","","","",""
1991-92,"Base Set","","","",""
1991-92,"Base Set","","","",""
1991-92,"Base Set","","","",""
1991-92,"Base Set","","","",""
1991-92,"Base Set","","","",""
1991-92,"Base Set","","","",""
1991-92,"Base Set","","","",""
1991-92,"Base Set","","","",""
1991-92,"Overview","Baseball
        Basketball
        Boxing
        Cricket
        Football
        Gaming
        Golf
        Hockey
        Misc Sports
        MMA
        Multi-Sport
        Non-Sport
        Racing
        Soccer
        Tennis
        Wrestling","","",""
1991-92,"Overview","","","",""
1991-92,"Overview","","","",""
1991-92,"Overview","","","",""
1991-92,"Overview","","","",""
1991-92,"Overview","","","",""
1991-92,"Overview","","","",""
1991-92,"Overview","","","",""
1991-92,"Overview","","","",""
1991-92,"Overview","","","",""
1991-92,"Overview","","","",""
1991-92,"Overview","","","",""
1991-92,"Overview","","","",""
1991-92,"Overview","","","",""
1991-92,"Overview","","","",""
1991-92,"Overview","","","",""
1991-92,"Overview","","","",""
1991-92,"Overview","","","",""
1991-92,"Overview","","","",""
1991-92,"Overview","","","",""
1991-92,"Overview","","","",""
1991-92,"Overview","","","",""
1991-92,"Overview","","","",""
1991-92,"Overview","","","",""
1991-92,"Overview","","","",""
1991-92,"Overview","","","",""
1991-92,"Overview","","","",""
1991-92,"Overview","","","",""
1991-92,"Overview","","","",""
1991-92,"Overview","","","",""
1991-92,"Overview","","","",""
1991-92,"Overview","","","",""
1991-92,"Overview","","","",""
1991-92,"Overview","","","",""
1991-92,"Overview","","","",""
1991-92,"Overview","","","",""
1991-92,"Overview","","","",""
1991-92,"Overview","","","",""
1991-92,"Overview","","","",""
1991-92,"Overview","","","",""
1991-92,"Overview","","","",""
1991-92,"Overview","","","",""
1991-92,"Overview","","","",""
1991-92,"Overview","","","",""
1991-92,"Overview","","","",""
1991-92,"Overview","","","",""
1991-92,"Overview","","","",""
1991-92,"Overview","","","",""
1991-92,"Overview","","","",""
1991-92,"Overview","","","",""
1991-92,"Overview","","","",""
1991-92,"Overview","","","",""
1991-92,"Overview","","","",""
1991-92,"Overview","","","",""
1991-92,"Overview","","","",""
1991-92,"Overview","","","",""
1991-92,"Overview","","","",""
1991-92,"Overview","","","",""
1991-92,"Overview","","","",""
1991-92,"Overview","","","",""
1991-92,"Overview","","","",""
1991-92,"Overview","","","",""
1991-92,"Overview","","","",""
1991-92,"Overview","","","",""
1991-92,"Overview","","","",""
1991-92,"Overview","","","",""
1991-92,"Overview","","","",""
1991-92,"Overview","","","",""
1991-92,"Overview","","","",""
1991-92,"Overview","","","",""
1991-92,"Overview","","","",""
1991-92,"Overview","","","",""
1991-92,"Overview","","","",""
1991-92,"Overview","","","",""
1991-92,"Overview","","","",""
1991-92,"Overview","","","",""
1991-92,"Overview","","","",""
1991-92,"Overview","","","",""
1991-92,"Overview","","","",""
1991-92,"Overview","","","",""
1991-92,"Overview","","","",""
1991-92,"Overview","","","",""
1991-92,"Overview","","","",""
1991-92,"Overview","","","",""
1991-92,"Overview","","","",""
1991-92,"Overview","","","",""
1991-92,"Overview","","","",""
1991-92,"Overview","","","",""
1991-92,"Overview","","","",""
1991-92,"Overview","","","",""
1991-92,"Overview","","","",""
1991-92,"Overview","","","",""
1991-92,"Overview","","","",""
1991-92,"Overview","","","",""
1991-92,"Overview","","","",""
1991-92,"Overview","","","",""
1991-92,"Overview","","","",""
1991-92,"Overview","","","",""
1991-92,"Overview","","","",""
1991-92,"Overview","","","",""
1991-92,"Overview","","","",""
1991-92,"Rate this set...","Baseball
        Basketball
        Boxing
        Cricket
        Football
        Gaming
        Golf
        Hockey
        Misc Sports
        MMA
        Multi-Sport
        Non-Sport
        Racing
        Soccer
        Tennis
        Wrestling","","",""
1991-92,"Checklist","Baseball
        Basketball
        Boxing
        Cricket
        Football
        Gaming
        Golf
        Hockey
        Misc Sports
        MMA
        Multi-Sport
        Non-Sport
        Racing
        Soccer
        Tennis
        Wrestling","","",""
1991-92,"Checklist","","","",""
1991-92,"Checklist","","","",""
1991-92,"Checklist","","","",""
1991-92,"Checklist","","","",""
1991-92,"Checklist","","","",""
1991-92,"Checklist","","","",""
1991-92,"Checklist","","","",""
1991-92,"Checklist","","","",""
1991-92,"Checklist","","","",""
1991-92,"Checklist","","","",""
1991-92,"Checklist","","","",""
1991-92,"Checklist","","","",""
1991-92,"Checklist","","","",""
1991-92,"Checklist","","","",""
1991-92,"Checklist","","","",""
1991-92,"Checklist","","","",""
1991-92,"Checklist","","","",""
1991-92,"Checklist","","","",""
1991-92,"Checklist","","","",""
1991-92,"Checklist","","","",""
1991-92,"Checklist","","","",""
1991-92,"Checklist","","","",""
1991-92,"Checklist","","","",""
1991-92,"Checklist","","","",""
1991-92,"Checklist","","","",""
1991-92,"Checklist","","","",""
1991-92,"Checklist","","","",""
1991-92,"Checklist","","","",""
1991-92,"Checklist","","","",""
1991-92,"Checklist","","","",""
1991-92,"Checklist","","","",""
1991-92,"Checklist","","","",""
1991-92,"Checklist","","","",""
1991-92,"Checklist","","","",""
1991-92,"Checklist","","","",""
1991-92,"Checklist","","","",""
1991-92,"Checklist","","","",""
1991-92,"Checklist","","","",""
1991-92,"Checklist","","","",""
1991-92,"Checklist","","","",""
1991-92,"Checklist","","","",""
1991-92,"Checklist","","","",""
1991-92,"Checklist","","","",""
1991-92,"Checklist","","","",""
1991-92,"Checklist","","","",""
1991-92,"Checklist","","","",""
1991-92,"Checklist","","","",""
1991-92,"Checklist","","","",""
1991-92,"Checklist","","","",""
1991-92,"Checklist","","","",""
1991-92,"Checklist","","","",""
1991-92,"Checklist","","","",""
1991-92,"Checklist","","","",""
1991-92,"Checklist","","","",""
1991-92,"Checklist","","","",""
1991-92,"Checklist","","","",""
1991-92,"Checklist","","","",""
1991-92,"Checklist","","","",""
1991-92,"Checklist","","","",""
1991-92,"Checklist","","","",""
1991-92,"Checklist","","","",""
1991-92,"Checklist","","","",""
1991-92,"Checklist","","","",""
1991-92,"Checklist","","","",""
1991-92,"Checklist","","","",""
1991-92,"Checklist","","","",""
1991-92,"Checklist","","","",""
1991-92,"Checklist","","","",""
1991-92,"Checklist","","","",""
1991-92,"Checklist","","","",""
1991-92,"Checklist","","","",""
1991-92,"Checklist","","","",""
1991-92,"Checklist","","","",""
1991-92,"Checklist","","","",""
1991-92,"Checklist","","","",""
1991-92,"Checklist","","","",""
1991-92,"Checklist","","","",""
1991-92,"Checklist","","","",""
1991-92,"Checklist","","","",""
1991-92,"Checklist","","","",""
1991-92,"Checklist","","","",""
1991-92,"Checklist","","","",""
1991-92,"Checklist","","","",""
1991-92,"Checklist","","","",""
1991-92,"Checklist","","","",""
1991-92,"Checklist","","","",""
1991-92,"Checklist","","","",""
1991-92,"Checklist","","","",""
1991-92,"Checklist","","","",""
1991-92,"Checklist","","","",""
1991-92,"Checklist","","","",""
1991-92,"Checklist","","","",""
1991-92,"Checklist","","","",""
1991-92,"Checklist","","","",""
1991-92,"Checklist","","","",""
1991-92,"Checklist","","","",""
1991-92,"Checklist","","","",""
1991-92,"Checklist","","","",""
1991-92,"Checklist","","","",""
1991-92,"Checklist","","","",""
1991-92,"Teams","Baseball
        Basketball
        Boxing
        Cricket
        Football
        Gaming
        Golf
        Hockey
        Misc Sports
        MMA
        Multi-Sport
        Non-Sport
        Racing
        Soccer
        Tennis
        Wrestling","","",""
1991-92,"Errors / Variations","Baseball
        Basketball
        Boxing
        Cricket
        Football
        Gaming
        Golf
        Hockey
        Misc Sports
        MMA
        Multi-Sport
        Non-Sport
        Racing
        Soccer
        Tennis
        Wrestling","","",""
1991-92,"Hall of Famers","Baseball
        Basketball
        Boxing
        Cricket
        Football
        Gaming
        Golf
        Hockey
        Misc Sports
        MMA
        Multi-Sport
        Non-Sport
        Racing
        Soccer
        Tennis
        Wrestling","","",""
1991-92,"Hall of Famers","","","","1"
1991-92,"Hall of Famers","","","","2"
1991-92,"Hall of Famers","","","","3"
1991-92,"Hall of Famers","","","","4"
1991-92,"Hall of Famers","","","","6"
1991-92,"Hall of Famers","","","","8"
1991-92,"Hall of Famers","","","","12"
1991-92,"Hall of Famers","","","","16"
1991-92,"Hall of Famers","","","","20"
1991-92,"Hall of Famers","","","","32"
1991-92,"Hall of Famers","","","","38"
1991-92,"Hall of Famers","","","","46"
1991-92,"Hall of Famers","","","","49"
1991-92,"Hall of Famers","","","","54"
1991-92,"Hall of Famers","","","","60"
1991-92,"Hall of Famers","","","","65"
1991-92,"Hall of Famers","","","","66"
1991-92,"Hall of Famers","","","","69"
1991-92,"Hall of Famers","","","","80"
1991-92,"Hall of Famers","","","","84"
1991-92,"Hall of Famers","","","","96"
1991-92,"Hall of Famers","","","","105"
1991-92,"Hall of Famers","","","","106"
1991-92,"Hall of Famers","","","","107"
1991-92,"Hall of Famers","","","","108"
1991-92,"Hall of Famers","","","","112"
1991-92,"Hall of Famers","","","","124"
1991-92,"Hall of Famers","","","","130"
1991-92,"Hall of Famers","","","","140"
1991-92,"Hall of Famers","","","","153"
1991-92,"Hall of Famers","","","","170"
1991-92,"Hall of Famers","","","","171"
1991-92,"Hall of Famers","","","","175"
1991-92,"Hall of Famers","","","","183"
1991-92,"Hall of Famers","","","","190"
1991-92,"Hall of Famers","","","","191"
1991-92,"Hall of Famers","","","","192"
1991-92,"Hall of Famers","","","","196"
1991-92,"Hall of Famers","","","","201"
1991-92,"Hall of Famers","","","","208"
1991-92,"Hall of Famers","","","","215"
1991-92,"Hall of Famers","","","","219"
1991-92,"Hall of Famers","","","","220"
1991-92,"Hall of Famers","","","","223"
1991-92,"Hall of Famers","","","","224"
1991-92,"Hall of Famers","","","","233"
1991-92,"Hall of Famers","","","","247"
1991-92,"Hall of Famers","","","","257"
1991-92,"Hall of Famers","","","","258"
1991-92,"Hall of Famers","","","","259"
1991-92,"Hall of Famers","","","","260"
1991-92,"Hall of Famers","","","","261"
1991-92,"Hall of Famers","","","","262"
1991-92,"Hall of Famers","","","","263"
1991-92,"Hall of Famers","","","","265"
1991-92,"Hall of Famers","","","","266"
1991-92,"Hall of Famers","","","","268"
1991-92,"Hall of Famers","","","","269"
1991-92,"Hall of Famers","","","","270"
1991-92,"Hall of Famers","","","","271"
1991-92,"Hall of Famers","","","","275"
1991-92,"Hall of Famers","","","","277"
1991-92,"Hall of Famers","","","","288"
1991-92,"Hall of Famers","","","","295"
1991-92,"Hall of Famers","","","","303"
1991-92,"Hall of Famers","","","","321"
1991-92,"Hall of Famers","","","","330"
1991-92,"Hall of Famers","","","","336"
1991-92,"Hall of Famers","","","","346"
1991-92,"Hall of Famers","","","","347"
1991-92,"Hall of Famers","","","","367"
1991-92,"Hall of Famers","","","","372"
1991-92,"Hall of Famers","","","","395"
1991-92,"Hall of Famers","","","","401"
1991-92,"Hall of Famers","","","","402"
1991-92,"Hall of Famers","","","","403"
1991-92,"Hall of Famers","","","","405"
1991-92,"Hall of Famers","","","","413"
1991-92,"Hall of Famers","","","","416"
1991-92,"Hall of Famers","","","","424"
1991-92,"Hall of Famers","","","","425"
1991-92,"Hall of Famers","","","","429"
1991-92,"Hall of Famers","","","","430"
1991-92,"Hall of Famers","","","","448"
1991-92,"Hall of Famers","","","","458"
1991-92,"Hall of Famers","","","","466"
1991-92,"Hall of Famers","","","","472"
1991-92,"Hall of Famers","","","","480"
1991-92,"Hall of Famers","","","","481"
1991-92,"Hall of Famers","","","","482"
1991-92,"Hall of Famers","","","","491"
1991-92,"Hall of Famers","","","","504"
1991-92,"Hall of Famers","","","","516"
1991-92,"Hall of Famers","","","","517"
1991-92,"Hall of Famers","","","","518"
1991-92,"Hall of Famers","","","","519"
1991-92,"Hall of Famers","","","","520"
1991-92,"Hall of Famers","","","","522"
1991-92,"Hall of Famers","","","","523"
1991-92,"Hall of Famers","","","","524"
1991-92,"Rookies","Baseball
        Basketball
        Boxing
        Cricket
        Football
        Gaming
        Golf
        Hockey
        Misc Sports
        MMA
        Multi-Sport
        Non-Sport
        Racing
        Soccer
        Tennis
        Wrestling","","",""
1991-92,"Rookies","","","24","Jim McKenzie RC"
1991-92,"Rookies","","","26","Tony Amonte TP, RC"
1991-92,"Rookies","","","28","Jay Mazur RC"
1991-92,"Rookies","","","36","Bill Armstrong TP, RC"
1991-92,"Rookies","","","116","Bryan Marchment TP, RC"
1991-92,"Rookies","","","122","Bill Berg RC"
1991-92,"Rookies","","","209","John LeClair TP, RC"
1991-92,"Rookies","","","230","Dennis Vaske TP, RC"
1991-92,"Rookies","","","246","Pat Jablonski TP, RC"
1991-92,"Rookies","","","355","Alexei Gusarov RC"
1991-92,"Rookies","","","380","Jeff Lazaro RC"
1991-92,"Rookies","","","400","Kevin Todd RC"
1991-92,"Rookies","","","414","Shaun Van Allen TP, RC"
1991-92,"Rookies","","","431","Claude Lapointe RC, UER"
1991-92,"Rookies","","","437","Jim Paek TP, RC"
1991-92,"Rookies","","","450","Andre Racicot RC"
1991-92,"Rookies","","","461","Corey Millen RC"
1991-92,"Rookies","","","471","Alexander Godynyuk RC, UER"
1991-92,"Rookies","","","473","Kevin Haller RC"
1991-92,"Rookies","","","478","Brad Jones RC"
1991-92,"Rookies","","","501","Perry Anderson RC"
1991-92,"Rookies","","","506","Brian Glynn RC"
1991-92,"Rookies","","","509","Myles O'Connor RC"
1991-92,"Rookies","","","513","Valeri Kamensky FN, RC"
1991-92,"Comments","Baseball
        Basketball
        Boxing
        Cricket
        Football
        Gaming
        Golf
        Hockey
        Misc Sports
        MMA
        Multi-Sport
        Non-Sport
        Racing
        Soccer
        Tennis
        Wrestling","","",""
1991-92,"Comments","Feb 14, 2021 - 10:35PM
galemann	

I like the card stock, feels vintage. I also really like the blue backs. Sets after this tend to be glossy and white. This feels like the last set at an end of an era, especially since they stopped putting gum in the cards with this year.


Edited on: Feb 14, 2021 - 10:36PM","Feb 14, 2021 - 10:35PM
galemann","",""
1991-92,"Comments","May 24, 2020 - 7:34PM
Phil	

Not a bad set but 528 cards are too much.
Photos are rather dark looking on a good portion of the cards.
Design is adequate.
6.5

Rating: 6.5","May 24, 2020 - 7:34PM
Phil","",""
1991-92,"Packaging","Baseball
        Basketball
        Boxing
        Cricket
        Football
        Gaming
        Golf
        Hockey
        Misc Sports
        MMA
        Multi-Sport
        Non-Sport
        Racing
        Soccer
        Tennis
        Wrestling","","",""
1991-92,"Pricing","Baseball
        Basketball
        Boxing
        Cricket
        Football
        Gaming
        Golf
        Hockey
        Misc Sports
        MMA
        Multi-Sport
        Non-Sport
        Racing
        Soccer
        Tennis
        Wrestling","","",""
1991-92,"Pricing","1","","Guy Lafleur TRIB",""
1991-92,"Pricing","2","","Guy Lafleur TRIB",""
1991-92,"Pricing","3","","Guy Lafleur TRIB",""
1991-92,"Pricing","4","","Ed Belfour SR",""
1991-92,"Pricing","5","","Ken Hodge SR",""
1991-92,"Pricing","6","","Rob Blake SR, UER",""
1991-92,"Pricing","7","","Bobby Holik SR",""
1991-92,"Pricing","8","","Sergei Fedorov SR, UER",""
1991-92,"Pricing","9","","Jaromir Jagr SR",""
1991-92,"Pricing","10","","Eric Weinrich SR",""
1991-92,"Pricing","11","","Mike Richter SR",""
1991-92,"Pricing","12","","Mats Sundin SR",""
1991-92,"Pricing","13","","Mike Ricci SR",""
1991-92,"Pricing","14","","Eric Desjardins",""
1991-92,"Pricing","15","","Paul Ranheim",""
1991-92,"Pricing","16","","Joe Sakic",""
1991-92,"Pricing","17","","Curt Giles",""
1991-92,"Pricing","18","","Mike Foligno",""
1991-92,"Pricing","19","","Brad Marsh",""
1991-92,"Pricing","20","","Ed Belfour",""
1991-92,"Pricing","21","","Steve Smith",""
1991-92,"Pricing","22","","Kirk Muller",""
1991-92,"Pricing","23","","Kelly Chase",""
1991-92,"Pricing","24","","Jim McKenzie RC",""
1991-92,"Pricing","25","","Mick Vukota",""
1991-92,"Pricing","26","","Tony Amonte TP, RC",""
1991-92,"Pricing","27","","Danton Cole",""
1991-92,"Pricing","28","","Jay Mazur RC",""
1991-92,"Pricing","29","","Pete Peeters",""
1991-92,"Pricing","30","","Petri Skriko",""
1991-92,"Pricing","31","","Steve Duchesne",""
1991-92,"Pricing","32","","Buffalo Sabres TC",""
1991-92,"Pricing","33","","Phil Bourque UER",""
1991-92,"Pricing","34","","Tim Bergland",""
1991-92,"Pricing","35","","Tim Cheveldae",""
1991-92,"Pricing","36","","Bill Armstrong TP, RC",""
1991-92,"Pricing","37","","John McIntyre",""
1991-92,"Pricing","38","","Dave Andreychuk",""
1991-92,"Pricing","39","","Curtis Leschyshyn",""
1991-92,"Pricing","40","","Jaromir Jagr",""
1991-92,"Pricing","41","","Craig Janney",""
1991-92,"Pricing","42","","Doug Brown",""
1991-92,"Pricing","43","","Ken Sabourin",""
1991-92,"Pricing","44","","Minnesota North Stars TC",""
1991-92,"Pricing","45","","Fredrik Olausson UER",""
1991-92,"Pricing","46","","Mike Gartner",""
1991-92,"Pricing","47","","Mark Fitzpatrick",""
1991-92,"Pricing","48","","Joe Murphy",""
1991-92,"Pricing","49","","Doug Wilson",""
1991-92,"Pricing","50","","Brian MacLellan",""
1991-92,"Pricing","51","","Bob Bassen",""
1991-92,"Pricing","52","","Robert Kron",""
1991-92,"Pricing","53","","Roger Johansson",""
1991-92,"Pricing","54","","Guy Carbonneau",""
1991-92,"Pricing","55","","Rob Ramage",""
1991-92,"Pricing","56","","Bobby Holik",""
1991-92,"Pricing","57","","Alan May",""
1991-92,"Pricing","58","","Rick Meagher",""
1991-92,"Pricing","59","","Cliff Ronning",""
1991-92,"Pricing","60","","Detroit Red Wings TC",""
1991-92,"Pricing","61","","Bob Kudelski UER",""
1991-92,"Pricing","62","","Wayne McBean",""
1991-92,"Pricing","63","","Craig MacTavish",""
1991-92,"Pricing","64","","Owen Nolan",""
1991-92,"Pricing","65","","Dale Hawerchuk",""
1991-92,"Pricing","66","","Ray Bourque",""
1991-92,"Pricing","67","","Sean Burke",""
1991-92,"Pricing","68","","Frantisek Musil",""
1991-92,"Pricing","69","","Joe Mullen",""
1991-92,"Pricing","70","","Drake Berehowsky TP",""
1991-92,"Pricing","71","","Darren Turcotte",""
1991-92,"Pricing","72","","Randy Carlyle",""
1991-92,"Pricing","73","","Paul Cyr",""
1991-92,"Pricing","74","","Dave Gagner",""
1991-92,"Pricing","75","","Steve Larmer",""
1991-92,"Pricing","76","","Petr Svoboda",""
1991-92,"Pricing","77","","Keith Acton",""
1991-92,"Pricing","78","","Dmitri Khristich",""
1991-92,"Pricing","79","","Brad McCrimmon",""
1991-92,"Pricing","80","","Pat LaFontaine UER",""
1991-92,"Pricing","81","","Jeff Reese",""
1991-92,"Pricing","82","","Mario Marois",""
1991-92,"Pricing","83","","Rob Brown",""
1991-92,"Pricing","84","","Grant Fuhr",""
1991-92,"Pricing","85","","Carey Wilson",""
1991-92,"Pricing","86","","Garry Galley",""
1991-92,"Pricing","87","","Troy Murray",""
1991-92,"Pricing","88","","Tony Granato",""
1991-92,"Pricing","89","","Gord Murphy",""
1991-92,"Pricing","90","","Brent Gilchrist",""
1991-92,"Pricing","91","","Mike Richter",""
1991-92,"Pricing","92","","Eric Weinrich",""
1991-92,"Pricing","93","","Marc Bureau",""
1991-92,"Pricing","94","","Bob Errey",""
1991-92,"Pricing","95","","Dave McLlwain",""
1991-92,"Pricing","96","","Quebec Nordiques TC",""
1991-92,"Pricing","97","","Clint Malarchuk UER",""
1991-92,"Pricing","98","","Shawn Antoski TP, UER",""
1991-92,"Pricing","99","","Bob Sweeney",""
1991-92,"Pricing","100","","Stephen Leach",""
1991-92,"Sell Sheets / Ads","Baseball
        Basketball
        Boxing
        Cricket
        Football
        Gaming
        Golf
        Hockey
        Misc Sports
        MMA
        Multi-Sport
        Non-Sport
        Racing
        Soccer
        Tennis
        Wrestling","","",""
1991-92,"Trivia","Baseball
        Basketball
        Boxing
        Cricket
        Football
        Gaming
        Golf
        Hockey
        Misc Sports
        MMA
        Multi-Sport
        Non-Sport
        Racing
        Soccer
        Tennis
        Wrestling","","",""
1991-92,"Videos","Baseball
        Basketball
        Boxing
        Cricket
        Football
        Gaming
        Golf
        Hockey
        Misc Sports
        MMA
        Multi-Sport
        Non-Sport
        Racing
        Soccer
        Tennis
        Wrestling","","",""
1991-92,"Videos","Posted by: jonssportscards
Apr 18, 2022 - 5:23PM","Posted by: jonssportscards
Apr 18, 2022 - 5:23PM","",""
1991-92,"External Links","Baseball
        Basketball
        Boxing
        Cricket
        Football
        Gaming
        Golf
        Hockey
        Misc Sports
        MMA
        Multi-Sport
        Non-Sport
        Racing
        Soccer
        Tennis
        Wrestling","","",""
1991-92,"Contributors","Baseball
        Basketball
        Boxing
        Cricket
        Football
        Gaming
        Golf
        Hockey
        Misc Sports
        MMA
        Multi-Sport
        Non-Sport
        Racing
        Soccer
        Tennis
        Wrestling","","",""
1991-92,"Contributors","Member	Total
1.	oldcollector	1033
2.	Gunny	20
3.	Quintessence	2
4.	maximus93	1","","Member","Total"
1991-92,"Contributors","","Member","Total",""
1991-92,"Contributors","1.","oldcollector","1033",""
1991-92,"Contributors","2.","Gunny","20",""
1991-92,"Contributors","3.","Quintessence","2",""
1991-92,"Contributors","4.","maximus93","1",""
1991-92,"Contributors","Member	Total
1.	dobbie	1
2.	oldcollector	1","","Member","Total"
1991-92,"Contributors","","Member","Total",""
1991-92,"Contributors","1.","dobbie","1",""
1991-92,"Contributors","2.","oldcollector","1",""
1991-92,"Contributors","Member	Total
1.	Phil	1
2.	galemann	1","","Member","Total"
1991-92,"Contributors","","Member","Total",""
1991-92,"Contributors","1.","Phil","1",""
1991-92,"Contributors","2.","galemann","1",""
1991-92,"Contributors","Member	Total
1.	C2Cigars	4
2.	ComposerMike	4
3.	biotwister	2
4.	Admin	1
5.	Billy Kingsley	1
6.	Classicshowcar	1
7.	DanD	1
8.	reakins	1
9.	wjhipwell	1","","Member","Total"
1991-92,"Contributors","","Member","Total",""
1991-92,"Contributors","1.","C2Cigars","4",""
1991-92,"Contributors","2.","ComposerMike","4",""
1991-92,"Contributors","3.","biotwister","2",""
1991-92,"Contributors","4.","Admin","1",""
1991-92,"Contributors","5.","Billy Kingsley","1",""
1991-92,"Contributors","6.","Classicshowcar","1",""
1991-92,"Contributors","7.","DanD","1",""
1991-92,"Contributors","8.","reakins","1",""
1991-92,"Contributors","9.","wjhipwell","1",""
1991-92,"Contributors","Member	Total
1.	Jarde	3
2.	BigEd76	2
3.	C2Cigars	1
4.	dollar guy	1","","Member","Total"
1991-92,"Contributors","","Member","Total",""
1991-92,"Contributors","1.","Jarde","3",""
1991-92,"Contributors","2.","BigEd76","2",""
1991-92,"Contributors","3.","C2Cigars","1",""
1991-92,"Contributors","4.","dollar guy","1",""
1991-92,"Contributors","Member	Total
1.	jonssportscards	1","","Member","Total"
1991-92,"Contributors","","Member","Total",""
1991-92,"Contributors","1.","jonssportscards","1",""
1991-92,"Contributors","Member	Total
1.	wjhipwell	1","","Member","Total"
1991-92,"Contributors","","Member","Total",""
1991-92,"Contributors","1.","wjhipwell","1",""
1991-92,"Glossary","Baseball
        Basketball
        Boxing
        Cricket
        Football
        Gaming
        Golf
        Hockey
        Misc Sports
        MMA
        Multi-Sport
        Non-Sport
        Racing
        Soccer
        Tennis
        Wrestling","","",""
1991-92,"Gallery","Baseball
        Basketball
        Boxing
        Cricket
        Football
        Gaming
        Golf
        Hockey
        Misc Sports
        MMA
        Multi-Sport
        Non-Sport
        Racing
        Soccer
        Tennis
        Wrestling","","",""
1991-92,"Card Rankings","Baseball
        Basketball
        Boxing
        Cricket
        Football
        Gaming
        Golf
        Hockey
        Misc Sports
        MMA
        Multi-Sport
        Non-Sport
        Racing
        Soccer
        Tennis
        Wrestling","","",""
1991-92,"Card Rankings","1.","","",""
1991-92,"Card Rankings","2.","","",""
1991-92,"Card Rankings","3.","","",""
1991-92,"Card Rankings","4.","","",""
1991-92,"Card Rankings","5.","","",""
1991-92,"Card Rankings","6.","","",""
1991-92,"Card Rankings","7.","","",""
1991-92,"Card Rankings","8.","","",""
1991-92,"Card Rankings","9.","","",""
1991-92,"Card Rankings","10.","","",""
1991-92,"Card Rankings","11.","","",""
1991-92,"Card Rankings","12.","","",""
1991-92,"Card Rankings","13.","","",""
1991-92,"Card Rankings","14.","","",""
1991-92,"Card Rankings","15.","","",""
1991-92,"Card Rankings","16.","","",""
1991-92,"Card Rankings","17.","","",""
1991-92,"Card Rankings","18.","","",""
1991-92,"Card Rankings","19.","","",""
1991-92,"Card Rankings","20.","","",""
1991-92,"Card Rankings","21.","","",""
1991-92,"Card Rankings","22.","","",""
1991-92,"Card Rankings","23.","","",""
1991-92,"Card Rankings","24.","","",""
1991-92,"Card Rankings","25.","","",""
1991-92,"Card Rankings","26.","","",""
1991-92,"Card Rankings","27.","","",""
1991-92,"Card Rankings","28.","","",""
1991-92,"Card Rankings","29.","","",""
1991-92,"Card Rankings","30.","","",""
1991-92,"Card Rankings","31.","","",""
1991-92,"Card Rankings","32.","","",""
1991-92,"Card Rankings","33.","","",""
1991-92,"Card Rankings","34.","","",""
1991-92,"Card Rankings","35.","","",""
1991-92,"Card Rankings","36.","","",""
1991-92,"Card Rankings","37.","","",""
1991-92,"Card Rankings","38.","","",""
1991-92,"Card Rankings","39.","","",""
1991-92,"Card Rankings","40.","","",""
1991-92,"Card Rankings","41.","","",""
1991-92,"Card Rankings","42.","","",""
1991-92,"Card Rankings","43.","","",""
1991-92,"Card Rankings","44.","","",""
1991-92,"Card Rankings","45.","","",""
1991-92,"Card Rankings","46.","","",""
1991-92,"Card Rankings","47.","","",""
1991-92,"Card Rankings","48.","","",""
1991-92,"Card Rankings","49.","","",""
1991-92,"Card Rankings","50.","","",""
1991-92,"Card Rankings","51.","","",""
1991-92,"Card Rankings","52.","","",""
1991-92,"Card Rankings","53.","","",""
1991-92,"Card Rankings","54.","","",""
1991-92,"Card Rankings","55.","","",""
1991-92,"Card Rankings","56.","","",""
1991-92,"Card Rankings","57.","","",""
1991-92,"Card Rankings","58.","","",""
1991-92,"Card Rankings","59.","","",""
1991-92,"Card Rankings","60.","","",""
1991-92,"Card Rankings","61.","","",""
1991-92,"Card Rankings","62.","","",""
1991-92,"Card Rankings","63.","","",""
1991-92,"Card Rankings","64.","","",""
1991-92,"Card Rankings","65.","","",""
1991-92,"Card Rankings","66.","","",""
1991-92,"Card Rankings","67.","","",""
1991-92,"Card Rankings","68.","","",""
1991-92,"Card Rankings","69.","","",""
1991-92,"Card Rankings","70.","","",""
1991-92,"Card Rankings","71.","","",""
1991-92,"Card Rankings","72.","","",""
1991-92,"Card Rankings","73.","","",""
1991-92,"Card Rankings","74.","","",""
1991-92,"Card Rankings","75.","","",""
1991-92,"Card Rankings","76.","","",""
1991-92,"Card Rankings","77.","","",""
1991-92,"Card Rankings","78.","","",""
1991-92,"Card Rankings","79.","","",""
1991-92,"Card Rankings","80.","","",""
1991-92,"Card Rankings","81.","","",""
1991-92,"Card Rankings","82.","","",""
1991-92,"Card Rankings","83.","","",""
1991-92,"Card Rankings","84.","","",""
1991-92,"Card Rankings","85.","","",""
1991-92,"Card Rankings","86.","","",""
1991-92,"Card Rankings","87.","","",""
1991-92,"Card Rankings","88.","","",""
1991-92,"Card Rankings","89.","","",""
1991-92,"Card Rankings","90.","","",""
1991-92,"Card Rankings","91.","","",""
1991-92,"Card Rankings","92.","","",""
1991-92,"Card Rankings","93.","","",""
1991-92,"Card Rankings","94.","","",""
1991-92,"Card Rankings","95.","","",""
1991-92,"Card Rankings","96.","","",""
1991-92,"Card Rankings","97.","","",""
1991-92,"Card Rankings","98.","","",""
1991-92,"Card Rankings","99.","","",""
1991-92,"Card Rankings","100.","","",""
1991-92,"Collection Summary","Baseball
        Basketball
        Boxing
        Cricket
        Football
        Gaming
        Golf
        Hockey
        Misc Sports
        MMA
        Multi-Sport
        Non-Sport
        Racing
        Soccer
        Tennis
        Wrestling","","",""
1991-92,"Sharks & Russians Inserts","Baseball
        Basketball
        Boxing
        Cricket
        Football
        Gaming
        Golf
        Hockey
        Misc Sports
        MMA
        Multi-Sport
        Non-Sport
        Racing
        Soccer
        Tennis
        Wrestling","","",""
1991-92,"Sharks & Russians Inserts","","","",""
1991-92,"Sharks & Russians Inserts","","","",""
1991-92,"Sharks & Russians Inserts","","","",""
1991-92,"Sharks & Russians Inserts","","","",""
1991-92,"Sharks & Russians Inserts","","","",""
1991-92,"Sharks & Russians Inserts","","","",""
1991-92,"Sharks & Russians Inserts","","","",""
1991-92,"Sharks & Russians Inserts","","","",""
1991-92,"Sharks & Russians Inserts","","","",""
1991-92,"Sharks & Russians Inserts","","","",""
1991-92,"Sharks & Russians Inserts","","","",""
1991-92,"Sharks & Russians Inserts","","","",""
1991-92,"Sharks & Russians Inserts","","","",""
1991-92,"Sharks & Russians Inserts","","","",""
1991-92,"Sharks & Russians Inserts","","","",""
1991-92,"Sharks & Russians Inserts","","","",""
1991-92,"Sharks & Russians Inserts","","","",""
1991-92,"Sharks & Russians Inserts","","","",""
1991-92,"Sharks & Russians Inserts","","","",""
1991-92,"Sharks & Russians Inserts","","","",""
1991-92,"Sharks & Russians Inserts","","","",""
1991-92,"Sharks & Russians Inserts","","","",""
1991-92,"Sharks & Russians Inserts","","","",""
1991-92,"Sharks & Russians Inserts","","","",""
1991-92,"Sharks & Russians Inserts","","","",""
1991-92,"Sharks & Russians Inserts","","","",""
1991-92,"Sharks & Russians Inserts","","","",""
1991-92,"Sharks & Russians Inserts","","","",""
1991-92,"Sharks & Russians Inserts","","","",""
1991-92,"Sharks & Russians Inserts","","","",""
1991-92,"Sharks & Russians Inserts","","","",""
1991-92,"Sharks & Russians Inserts","","","",""
1991-92,"Sharks & Russians Inserts","","","",""
1991-92,"Sharks & Russians Inserts","","","",""
1991-92,"Sharks & Russians Inserts","","","",""
1991-92,"Sharks & Russians Inserts","","","",""
1991-92,"Sharks & Russians Inserts","","","",""
1991-92,"Sharks & Russians Inserts","","","",""
1991-92,"Sharks & Russians Inserts","","","",""
1991-92,"Sharks & Russians Inserts","","","",""
1991-92,"Sharks & Russians Inserts","","","",""
1991-92,"Sharks & Russians Inserts","","","",""
1991-92,"Sharks & Russians Inserts","","","",""
1991-92,"Sharks & Russians Inserts","","","",""
1991-92,"Sharks & Russians Inserts","","","",""
1991-92,"Sharks & Russians Inserts","","","",""
1991-92,"Sharks & Russians Inserts","","","",""
1991-92,"Sharks & Russians Inserts","","","",""
1991-92,"Sharks & Russians Inserts","","","",""
1991-92,"Sharks & Russians Inserts","","","",""
1991-92,"Sharks & Russians Inserts","","","",""
1991-92,"Sharks & Russians Inserts","","","",""
1991-92,"Sharks & Russians Inserts","","","",""
1991-92,"Sharks & Russians Inserts","","","",""
1991-92,"Sharks & Russians Inserts","","","",""
1991-92,"Sharks & Russians Inserts","","","",""
1991-92,"Sharks & Russians Inserts","","","",""
1991-92,"Sharks & Russians Inserts","","","",""
1991-92,"Sharks & Russians Inserts","","","",""
1991-92,"Sharks & Russians Inserts","","","",""
1991-92,"Sharks & Russians Inserts","","","",""
1991-92,"Sharks & Russians Inserts","","","",""
1991-92,"Sharks & Russians Inserts","","","",""
1991-92,"Sharks & Russians Inserts","","","",""
1991-92,"Sharks & Russians Inserts","","","",""
1991-92,"Sharks & Russians Inserts","","","",""
1991-92,"Uncut Sheets","Baseball
        Basketball
        Boxing
        Cricket
        Football
        Gaming
        Golf
        Hockey
        Misc Sports
        MMA
        Multi-Sport
        Non-Sport
        Racing
        Soccer
        Tennis
        Wrestling","","",""
1991-92,"Uncut Sheets","","","",""
1991-92,"Uncut Sheets","","","",""
1991-92,"Uncut Sheets","","","",""
1991-92,"Uncut Sheets","","","",""
1991-92,"Base Set","Baseball
        Basketball
        Boxing
        Cricket
        Football
        Gaming
        Golf
        Hockey
        Misc Sports
        MMA
        Multi-Sport
        Non-Sport
        Racing
        Soccer
        Tennis
        Wrestling","","",""
1991-92,"Base Set","","","",""
1991-92,"Base Set","","","",""
1991-92,"Base Set","","","",""
1991-92,"Base Set","","","",""
1991-92,"Base Set","","","",""
1991-92,"Base Set","","","",""
1991-92,"Base Set","","","",""
1991-92,"Base Set","","","",""
1991-92,"Base Set","","","",""
1991-92,"Base Set","","","",""
1991-92,"Base Set","","","",""
1991-92,"Base Set","","","",""
1991-92,"Base Set","","","",""
1991-92,"Base Set","","","",""
1991-92,"Base Set","","","",""
1991-92,"Base Set","","","",""
1991-92,"Base Set","","","",""
1991-92,"Base Set","","","",""
1991-92,"Base Set","","","",""
1991-92,"Base Set","","","",""
1991-92,"Base Set","","","",""
1991-92,"Base Set","","","",""
1991-92,"Base Set","","","",""
1991-92,"Base Set","","","",""
1991-92,"Base Set","","","",""
1991-92,"Base Set","","","",""
1991-92,"Base Set","","","",""
1991-92,"Base Set","","","",""
1991-92,"Base Set","","","",""
1991-92,"Base Set","","","",""
1991-92,"Base Set","","","",""
1991-92,"Base Set","","","",""
1991-92,"Base Set","","","",""
1991-92,"Base Set","","","",""
1991-92,"Base Set","","","",""
1991-92,"Base Set","","","",""
1991-92,"Base Set","","","",""
1991-92,"Base Set","","","",""
1991-92,"Base Set","","","",""
1991-92,"Base Set","","","",""
1991-92,"Base Set","","","",""
1991-92,"Base Set","","","",""
1991-92,"Base Set","","","",""
1991-92,"Base Set","","","",""
1991-92,"Base Set","","","",""
1991-92,"Base Set","","","",""
1991-92,"Base Set","","","",""
1991-92,"Base Set","","","",""
1991-92,"Base Set","","","",""
1991-92,"Base Set","","","",""
1991-92,"Base Set","","","",""
1991-92,"Base Set","","","",""
1991-92,"Base Set","","","",""
1991-92,"Base Set","","","",""
1991-92,"Base Set","","","",""
1991-92,"Base Set","","","",""
1991-92,"Base Set","","","",""
1991-92,"Base Set","","","",""
1991-92,"Base Set","","","",""
1991-92,"Base Set","","","",""
1991-92,"Base Set","","","",""
1991-92,"Base Set","","","",""
1991-92,"Base Set","","","",""
1991-92,"Base Set","","","",""
1991-92,"Base Set","","","",""
1991-92,"Base Set","","","",""
1991-92,"Base Set","","","",""
1991-92,"Base Set","","","",""
1991-92,"Base Set","","","",""
1991-92,"Base Set","","","",""
1991-92,"Base Set","","","",""
1991-92,"Base Set","","","",""
1991-92,"Base Set","","","",""
1991-92,"Base Set","","","",""
1991-92,"Base Set","","","",""
1991-92,"Base Set","","","",""
1991-92,"Base Set","","","",""
1991-92,"Base Set","","","",""
1991-92,"Base Set","","","",""
1991-92,"Base Set","","","",""
1991-92,"Base Set","","","",""
1991-92,"Base Set","","","",""
1991-92,"Base Set","","","",""
1991-92,"Base Set","","","",""
1991-92,"Base Set","","","",""
1991-92,"Base Set","","","",""
1991-92,"Base Set","","","",""
1991-92,"Base Set","","","",""
1991-92,"Base Set","","","",""
1991-92,"Base Set","","","",""
1991-92,"Base Set","","","",""
1991-92,"Base Set","","","",""
1991-92,"Base Set","","","",""
1991-92,"Base Set","","","",""
1991-92,"Base Set","","","",""
1991-92,"Base Set","","","",""
1991-92,"Base Set","","","",""
1991-92,"Base Set","","","",""
1991-92,"Base Set","","","",""
1991-92,"Base Set","","","",""
1991-92,"Browse","Baseball
        Basketball
        Boxing
        Cricket
        Football
        Gaming
        Golf
        Hockey
        Misc Sports
        MMA
        Multi-Sport
        Non-Sport
        Racing
        Soccer
        Tennis
        Wrestling","","",""
1991-92,"Browse","","","",""
1991-92,"Browse","","","",""
1991-92,"Browse","","","",""
1991-92,"Browse","","","",""
1991-92,"Browse","","","",""
1991-92,"Browse","","","",""
1991-92,"Browse","","","",""
1991-92,"Browse","","","",""
1991-92,"Browse","","","",""
1991-92,"Browse","","","",""
1991-92,"Browse","","","",""
1991-92,"Browse","","","",""
1991-92,"Browse","","","",""
1991-92,"Browse","","","",""
1991-92,"Browse","","","",""
1991-92,"Browse","","","",""
1991-92,"Browse","","","",""
1991-92,"Browse","","","",""
1991-92,"Browse","","","",""
1991-92,"Browse","","","",""
1991-92,"Browse","","","",""
1991-92,"Browse","","","",""
1991-92,"Browse","","","",""
1991-92,"Browse","","","",""
1991-92,"Browse","","","",""
1991-92,"Browse","","","",""
1991-92,"Browse","","","",""
1991-92,"Browse","","","",""
1991-92,"Browse","","","",""
1991-92,"Browse","","","",""
1991-92,"Browse","","","",""
1991-92,"Browse","","","",""
1991-92,"Browse","","","",""
1991-92,"Browse","","","",""
1991-92,"Browse","","","",""
1991-92,"Browse","","","",""
1991-92,"Browse","","","",""
1991-92,"Browse","","","",""
1991-92,"Browse","","","",""
1991-92,"Browse","","","",""
1991-92,"Browse","","","",""
1991-92,"Browse","","","",""
1991-92,"Browse","","","",""
1991-92,"Browse","","","",""
1991-92,"Browse","","","",""
1991-92,"Browse","","","",""
1991-92,"Browse","","","",""
1991-92,"Browse","","","",""
1991-92,"Browse","","","",""
1991-92,"Browse","","","",""
1991-92,"Browse","","","",""
1991-92,"Browse","","","",""
1991-92,"Browse","","","",""
1991-92,"Browse","","","",""
1991-92,"Browse","","","",""
1991-92,"Browse","","","",""
1991-92,"Browse","","","",""
1991-92,"Browse","","","",""
1991-92,"Browse","","","",""
1991-92,"Browse","","","",""
1991-92,"Browse","","","",""
1991-92,"Browse","","","",""
1991-92,"Browse","","","",""
1991-92,"Browse","","","",""
1991-92,"Browse","","","",""
1991-92,"Browse","","","",""
1991-92,"Browse","","","",""
1991-92,"Browse","","","",""
1991-92,"Browse","","","",""
1991-92,"Browse","","","",""
1991-92,"Browse","","","",""
1991-92,"Browse","","","",""
1991-92,"Browse","","","",""
1991-92,"Browse","","","",""
1991-92,"Browse","","","",""
1991-92,"Browse","","","",""
1991-92,"Browse","","","",""
1991-92,"Browse","","","",""
1991-92,"Browse","","","",""
1991-92,"Browse","","","",""
1991-92,"Browse","","","",""
1991-92,"Browse","","","",""
1991-92,"Browse","","","",""
1991-92,"Browse","","","",""
1991-92,"Browse","","","",""
1991-92,"Browse","","","",""
1991-92,"Browse","","","",""
1991-92,"Browse","","","",""
1991-92,"Browse","","","",""
1991-92,"Browse","","","",""
1991-92,"Browse","","","",""
1991-92,"Browse","","","",""
1991-92,"Browse","","","",""
1991-92,"Browse","","","",""
1991-92,"Browse","","","",""
1991-92,"Browse","","","",""
1991-92,"Browse","","","",""
1991-92,"Browse","","","",""
1991-92,"Browse","","","",""
1991-92,"Browse","","","",""
1991-92,"More","Baseball
        Basketball
        Boxing
        Cricket
        Football
        Gaming
        Golf
        Hockey
        Misc Sports
        MMA
        Multi-Sport
        Non-Sport
        Racing
        Soccer
        Tennis
        Wrestling","","",""
1991-92,"More","","","",""
1991-92,"More","","","",""
1991-92,"More","","","",""
1991-92,"More","","","",""
1991-92,"More","","","",""
1991-92,"More","","","",""
1991-92,"More","","","",""
1991-92,"More","","","",""
1991-92,"More","","","",""
1991-92,"More","","","",""
1991-92,"More","","","",""
1991-92,"More","","","",""
1991-92,"More","","","",""
1991-92,"More","","","",""
1991-92,"More","","","",""
1991-92,"More","","","",""
1991-92,"More","","","",""
1991-92,"More","","","",""
1991-92,"More","","","",""
1991-92,"More","","","",""
1991-92,"More","","","",""
1991-92,"More","","","",""
1991-92,"More","","","",""
1991-92,"More","","","",""
1991-92,"More","","","",""
1991-92,"More","","","",""
1991-92,"More","","","",""
1991-92,"More","","","",""
1991-92,"More","","","",""
1991-92,"More","","","",""
1991-92,"More","","","",""
1991-92,"More","","","",""
1991-92,"More","","","",""
1991-92,"More","","","",""
1991-92,"More","","","",""
1991-92,"More","","","",""
1991-92,"More","","","",""
1991-92,"More","","","",""
1991-92,"More","","","",""
1991-92,"More","","","",""
1991-92,"More","","","",""
1991-92,"More","","","",""
1991-92,"More","","","",""
1991-92,"More","","","",""
1991-92,"More","","","",""
1991-92,"More","","","",""
1991-92,"More","","","",""
1991-92,"More","","","",""
1991-92,"More","","","",""
1991-92,"More","","","",""
1991-92,"More","","","",""
1991-92,"More","","","",""
1991-92,"More","","","",""
1991-92,"More","","","",""
1991-92,"More","","","",""
1991-92,"More","","","",""
1991-92,"More","","","",""
1991-92,"More","","","",""
1991-92,"More","","","",""
1991-92,"More","","","",""
1991-92,"More","","","",""
1991-92,"More","","","",""
1991-92,"More","","","",""
1991-92,"More","","","",""
1991-92,"More","","","",""
1991-92,"More","","","",""
1991-92,"More","","","",""
1991-92,"More","","","",""
1991-92,"More","","","",""
1991-92,"More","","","",""
1991-92,"More","","","",""
1991-92,"More","","","",""
1991-92,"More","","","",""
1991-92,"More","","","",""
1991-92,"More","","","",""
1991-92,"More","","","",""
1991-92,"More","","","",""
1991-92,"More","","","",""
1991-92,"More","","","",""
1991-92,"More","","","",""
1991-92,"More","","","",""
1991-92,"More","","","",""
1991-92,"More","","","",""
1991-92,"More","","","",""
1991-92,"More","","","",""
1991-92,"More","","","",""
1991-92,"More","","","",""
1991-92,"More","","","",""
1991-92,"More","","","",""
1991-92,"More","","","",""
1991-92,"More","","","",""
1991-92,"More","","","",""
1991-92,"More","","","",""
1991-92,"More","","","",""
1991-92,"More","","","",""
1991-92,"More","","","",""
1991-92,"More","","","",""
1991-92,"More","","","",""
1991-92,"More","","","",""
1991-92,"More","","","",""
1991-92,"Overview","Baseball
        Basketball
        Boxing
        Cricket
        Football
        Gaming
        Golf
        Hockey
        Misc Sports
        MMA
        Multi-Sport
        Non-Sport
        Racing
        Soccer
        Tennis
        Wrestling","","",""
1991-92,"Overview","","","",""
1991-92,"Overview","","","",""
1991-92,"Overview","","","",""
1991-92,"Overview","","","",""
1991-92,"Overview","","","",""
1991-92,"Overview","","","",""
1991-92,"Overview","","","",""
1991-92,"Overview","","","",""
1991-92,"Overview","","","",""
1991-92,"Overview","","","",""
1991-92,"Overview","","","",""
1991-92,"Overview","","","",""
1991-92,"Overview","","","",""
1991-92,"Overview","","","",""
1991-92,"Overview","","","",""
1991-92,"Overview","","","",""
1991-92,"Overview","","","",""
1991-92,"Overview","","","",""
1991-92,"Overview","","","",""
1991-92,"Overview","","","",""
1991-92,"Overview","","","",""
1991-92,"Overview","","","",""
1991-92,"Overview","","","",""
1991-92,"Overview","","","",""
1991-92,"Overview","","","",""
1991-92,"Overview","","","",""
1991-92,"Overview","","","",""
1991-92,"Overview","","","",""
1991-92,"Overview","","","",""
1991-92,"Overview","","","",""
1991-92,"Overview","","","",""
1991-92,"Overview","","","",""
1991-92,"Overview","","","",""
1991-92,"Overview","","","",""
1991-92,"Overview","","","",""
1991-92,"Overview","","","",""
1991-92,"Overview","","","",""
1991-92,"Overview","","","",""
1991-92,"Overview","","","",""
1991-92,"Overview","","","",""
1991-92,"Overview","","","",""
1991-92,"Overview","","","",""
1991-92,"Overview","","","",""
1991-92,"Overview","","","",""
1991-92,"Overview","","","",""
1991-92,"Overview","","","",""
1991-92,"Overview","","","",""
1991-92,"Overview","","","",""
1991-92,"Overview","","","",""
1991-92,"Overview","","","",""
1991-92,"Overview","","","",""
1991-92,"Overview","","","",""
1991-92,"Overview","","","",""
1991-92,"Overview","","","",""
1991-92,"Overview","","","",""
1991-92,"Overview","","","",""
1991-92,"Overview","","","",""
1991-92,"Overview","","","",""
1991-92,"Overview","","","",""
1991-92,"Overview","","","",""
1991-92,"Overview","","","",""
1991-92,"Overview","","","",""
1991-92,"Overview","","","",""
1991-92,"Overview","","","",""
1991-92,"Overview","","","",""
1991-92,"Overview","","","",""
1991-92,"Overview","","","",""
1991-92,"Overview","","","",""
1991-92,"Overview","","","",""
1991-92,"Overview","","","",""
1991-92,"Overview","","","",""
1991-92,"Overview","","","",""
1991-92,"Overview","","","",""
1991-92,"Overview","","","",""
1991-92,"Overview","","","",""
1991-92,"Overview","","","",""
1991-92,"Overview","","","",""
1991-92,"Overview","","","",""
1991-92,"Overview","","","",""
1991-92,"Overview","","","",""
1991-92,"Overview","","","",""
1991-92,"Overview","","","",""
1991-92,"Overview","","","",""
1991-92,"Overview","","","",""
1991-92,"Overview","","","",""
1991-92,"Overview","","","",""
1991-92,"Overview","","","",""
1991-92,"Overview","","","",""
1991-92,"Overview","","","",""
1991-92,"Overview","","","",""
1991-92,"Overview","","","",""
1991-92,"Overview","","","",""
1991-92,"Overview","","","",""
1991-92,"Overview","","","",""
1991-92,"Overview","","","",""
1991-92,"Overview","","","",""
1991-92,"Overview","","","",""
1991-92,"Overview","","","",""
1991-92,"Overview","","","",""
1991-92,"Overview","","","",""
1991-92,"Rate this set...","Baseball
        Basketball
        Boxing
        Cricket
        Football
        Gaming
        Golf
        Hockey
        Misc Sports
        MMA
        Multi-Sport
        Non-Sport
        Racing
        Soccer
        Tennis
        Wrestling","","",""
1991-92,"Teams","Baseball
        Basketball
        Boxing
        Cricket
        Football
        Gaming
        Golf
        Hockey
        Misc Sports
        MMA
        Multi-Sport
        Non-Sport
        Racing
        Soccer
        Tennis
        Wrestling","","",""
1991-92,"Errors / Variations","Baseball
        Basketball
        Boxing
        Cricket
        Football
        Gaming
        Golf
        Hockey
        Misc Sports
        MMA
        Multi-Sport
        Non-Sport
        Racing
        Soccer
        Tennis
        Wrestling","","",""
1991-92,"Errors / Variations","","","","118a"
1991-92,"Errors / Variations","","","","118b"
1991-92,"Hall of Famers","Baseball
        Basketball
        Boxing
        Cricket
        Football
        Gaming
        Golf
        Hockey
        Misc Sports
        MMA
        Multi-Sport
        Non-Sport
        Racing
        Soccer
        Tennis
        Wrestling","","",""
1991-92,"Hall of Famers","","","","1"
1991-92,"Hall of Famers","","","","3"
1991-92,"Hall of Famers","","","","6"
1991-92,"Hall of Famers","","","","7"
1991-92,"Hall of Famers","","","","9"
1991-92,"Hall of Famers","","","","10"
1991-92,"Hall of Famers","","","","14"
1991-92,"Hall of Famers","","","","17"
1991-92,"Hall of Famers","","","","19"
1991-92,"Hall of Famers","","","","34"
1991-92,"Hall of Famers","","","","35"
1991-92,"Hall of Famers","","","","44"
1991-92,"Hall of Famers","","","","45"
1991-92,"Hall of Famers","","","","48"
1991-92,"Hall of Famers","","","","49"
1991-92,"Hall of Famers","","","","50"
1991-92,"Hall of Famers","","","","51"
1991-92,"Hall of Famers","","","","52"
1991-92,"Hall of Famers","","","","57"
1991-92,"Hall of Famers","","","","59"
1991-92,"Hall of Famers","","","","64"
1991-92,"Hall of Famers","","","","67"
1991-92,"Hall of Famers","","","","68"
1991-92,"Hall of Famers","","","","70"
1991-92,"Hall of Famers","","","","71"
1991-92,"Hall of Famers","","","","73"
1991-92,"Hall of Famers","","","","79"
1991-92,"Hall of Famers","","","","81"
1991-92,"Hall of Famers","","","","84"
1991-92,"Hall of Famers","","","","100"
1991-92,"Hall of Famers","","","","103"
1991-92,"Hall of Famers","","","","107"
1991-92,"Hall of Famers","","","","111"
1991-92,"Hall of Famers","","","","114"
1991-92,"Hall of Famers","","","","117"
1991-92,"Hall of Famers","","","","119"
1991-92,"Hall of Famers","","","","120"
1991-92,"Hall of Famers","","","","130"
1991-92,"Hall of Famers","","","","142"
1991-92,"Hall of Famers","","","","147"
1991-92,"Hall of Famers","","","","150"
1991-92,"Hall of Famers","","","","152"
1991-92,"Hall of Famers","","","","153"
1991-92,"Hall of Famers","","","","163"
1991-92,"Hall of Famers","","","","164"
1991-92,"Hall of Famers","","","","170"
1991-92,"Hall of Famers","","","","173"
1991-92,"Hall of Famers","","","","174"
1991-92,"Hall of Famers","","","","183"
1991-92,"Hall of Famers","","","","191"
1991-92,"Hall of Famers","","","","192"
1991-92,"Rookies","Baseball
        Basketball
        Boxing
        Cricket
        Football
        Gaming
        Golf
        Hockey
        Misc Sports
        MMA
        Multi-Sport
        Non-Sport
        Racing
        Soccer
        Tennis
        Wrestling","","",""
1991-92,"Rookies","","","11","Tony Amonte RC"
1991-92,"Rookies","","","16","Yanick Dupre RC"
1991-92,"Rookies","","","20","Michel Picard RC"
1991-92,"Rookies","","","22","Kevin Todd RC"
1991-92,"Rookies","","","29","Pat Jablonski RC"
1991-92,"Rookies","","","31","Tomas Forslund RC"
1991-92,"Rookies","","","32","Doug Weight RC"
1991-92,"Rookies","","","65","Rob Pearson RC"
1991-92,"Rookies","","","87","Pat MacLeod RC"
1991-92,"Rookies","","","96","Matt DelGuidice RC"
1991-92,"Rookies","","","99","Bryan Marchment RC"
1991-92,"Rookies","","","105","John LeClair RC"
1991-92,"Rookies","","","115","Brad Jones RC"
1991-92,"Rookies","","","117","Nicklas Lidstrom RC"
1991-92,"Rookies","","","118","Vladimir Konstantinov RC, ERR"
1991-92,"Rookies","","","118","Vladimir Konstantinov RC, COR"
1991-92,"Rookies","","","149","Josef Beranek RC"
1991-92,"Rookies","","","162","Russ Romaniuk RC"
1991-92,"Comments","Baseball
        Basketball
        Boxing
        Cricket
        Football
        Gaming
        Golf
        Hockey
        Misc Sports
        MMA
        Multi-Sport
        Non-Sport
        Racing
        Soccer
        Tennis
        Wrestling","","",""
1991-92,"Packaging","Baseball
        Basketball
        Boxing
        Cricket
        Football
        Gaming
        Golf
        Hockey
        Misc Sports
        MMA
        Multi-Sport
        Non-Sport
        Racing
        Soccer
        Tennis
        Wrestling","","",""
1991-92,"Pricing","Baseball
        Basketball
        Boxing
        Cricket
        Football
        Gaming
        Golf
        Hockey
        Misc Sports
        MMA
        Multi-Sport
        Non-Sport
        Racing
        Soccer
        Tennis
        Wrestling","","",""
1991-92,"Pricing","1","","Dale Hawerchuk",""
1991-92,"Pricing","2","","Ray Sheppard",""
1991-92,"Pricing","3","","Wayne Gretzky UER",""
1991-92,"Pricing","4","","John MacLean",""
1991-92,"Pricing","5","","Pat Verbeek",""
1991-92,"Pricing","6","","Doug Wilson",""
1991-92,"Pricing","7","","Adam Oates",""
1991-92,"Pricing","8","","Bob McGill",""
1991-92,"Pricing","9","","Mike Vernon",""
1991-92,"Pricing","10","","Glenn Anderson",""
1991-92,"Pricing","11","","Tony Amonte RC",""
1991-92,"Pricing","12","","Stephen Leach",""
1991-92,"Pricing","13","","Steve Duchesne",""
1991-92,"Pricing","14","","Patrick Roy",""
1991-92,"Pricing","15","","Jarmo Myllys",""
1991-92,"Pricing","16","","Yanick Dupre RC",""
1991-92,"Pricing","17","","Chris Chelios",""
1991-92,"Pricing","18","","Bill Ranford",""
1991-92,"Pricing","19","","Ed Belfour",""
1991-92,"Pricing","20","","Michel Picard RC",""
1991-92,"Pricing","21","","Rob Zettler",""
1991-92,"Pricing","22","","Kevin Todd RC",""
1991-92,"Pricing","23","","Mike Ricci",""
1991-92,"Pricing","24","","Jaromir Jagr",""
1991-92,"Pricing","25","","Sergei Nemchinov",""
1991-92,"Pricing","26","","Kevin Stevens",""
1991-92,"Pricing","27","","Dan Quinn",""
1991-92,"Pricing","28","","Adam Graves",""
1991-92,"Pricing","29","","Pat Jablonski RC",""
1991-92,"Pricing","30","","Scott Mellanby",""
1991-92,"Pricing","31","","Tomas Forslund RC",""
1991-92,"Pricing","32","","Doug Weight RC",""
1991-92,"Pricing","33","","Peter Ing",""
1991-92,"Pricing","34","","Luc Robitaille",""
1991-92,"Pricing","35","","Scott Niedermayer",""
1991-92,"Pricing","36","","Dean Evason",""
1991-92,"Pricing","37","","John Tonelli",""
1991-92,"Pricing","38","","Ron Hextall",""
1991-92,"Pricing","39","","Troy Mallette",""
1991-92,"Pricing","40","","Tony Hrkac",""
1991-92,"Pricing","41","","Ken Hodge",""
1991-92,"Pricing","42","","Kip Miller",""
1991-92,"Pricing","43","","Randy Burridge",""
1991-92,"Pricing","44","","Rob Blake",""
1991-92,"Pricing","45","","Sergei Makarov",""
1991-92,"Pricing","46","","Luke Richardson",""
1991-92,"Pricing","47","","Craig Berube",""
1991-92,"Pricing","48","","Joe Nieuwendyk",""
1991-92,"Pricing","49","","Brett Hull",""
1991-92,"Pricing","50","","Phil Housley",""
1991-92,"Pricing","51","","Mark Messier",""
1991-92,"Pricing","52","","Jeremy Roenick",""
1991-92,"Pricing","53","","Dave Christian",""
1991-92,"Pricing","54","","Dave Barr",""
1991-92,"Pricing","55","","Sergio Momesso",""
1991-92,"Pricing","56","","Pat Falloon",""
1991-92,"Pricing","57","","Brian Leetch",""
1991-92,"Pricing","58","","Russ Courtnall",""
1991-92,"Pricing","59","","Pierre Turgeon",""
1991-92,"Pricing","60","","Steve Larmer",""
1991-92,"Pricing","61","","Petr Klima",""
1991-92,"Pricing","62","","Mikhail Tatarinov",""
1991-92,"Pricing","63","","Rick Tocchet",""
1991-92,"Pricing","64","","Pat LaFontaine",""
1991-92,"Pricing","65","","Rob Pearson RC",""
1991-92,"Pricing","66","","Glen Featherstone",""
1991-92,"Pricing","67","","Pavel Bure",""
1991-92,"Pricing","68","","Sergei Fedorov",""
1991-92,"Pricing","69","","Kelly Kisio",""
1991-92,"Pricing","70","","Joe Sakic",""
1991-92,"Pricing","71","","Denis Savard",""
1991-92,"Pricing","72","","Andrew Cassels",""
1991-92,"Pricing","73","","Steve Yzerman",""
1991-92,"Pricing","74","","Todd Elik",""
1991-92,"Pricing","75","","Troy Murray",""
1991-92,"Pricing","76","","Rob Ramage",""
1991-92,"Pricing","77","","Trevor Linden",""
1991-92,"Pricing","78","","Mike Richter",""
1991-92,"Pricing","79","","Paul Coffey",""
1991-92,"Pricing","80","","Craig Ludwig",""
1991-92,"Pricing","81","","Al MacInnis",""
1991-92,"Pricing","82","","Tomas Sandstrom",""
1991-92,"Pricing","83","","Tim Kerr",""
1991-92,"Pricing","84","","Scott Stevens",""
1991-92,"Pricing","85","","Steve Kasper",""
1991-92,"Pricing","86","","Kirk Muller",""
1991-92,"Pricing","87","","Pat MacLeod RC",""
1991-92,"Pricing","88","","Kevin Hatcher",""
1991-92,"Pricing","89","","Wayne Presley",""
1991-92,"Pricing","90","","Darryl Sydor",""
1991-92,"Pricing","91","","Tom Chorske",""
1991-92,"Pricing","92","","Theo Fleury",""
1991-92,"Pricing","93","","Craig Janney",""
1991-92,"Pricing","94","","Rod Brind'Amour",""
1991-92,"Pricing","95","","Ron Sutter",""
1991-92,"Pricing","96","","Matt DelGuidice RC",""
1991-92,"Pricing","97","","Rollie Melanson",""
1991-92,"Pricing","98","","Tom Kurvers",""
1991-92,"Pricing","99","","Bryan Marchment RC",""
1991-92,"Pricing","100","","Grant Fuhr",""
1991-92,"Sell Sheets / Ads","Baseball
        Basketball
        Boxing
        Cricket
        Football
        Gaming
        Golf
        Hockey
        Misc Sports
        MMA
        Multi-Sport
        Non-Sport
        Racing
        Soccer
        Tennis
        Wrestling","","",""
1991-92,"Trivia","Baseball
        Basketball
        Boxing
        Cricket
        Football
        Gaming
        Golf
        Hockey
        Misc Sports
        MMA
        Multi-Sport
        Non-Sport
        Racing
        Soccer
        Tennis
        Wrestling","","",""
1991-92,"Videos","Baseball
        Basketball
        Boxing
        Cricket
        Football
        Gaming
        Golf
        Hockey
        Misc Sports
        MMA
        Multi-Sport
        Non-Sport
        Racing
        Soccer
        Tennis
        Wrestling","","",""
1991-92,"Videos","Posted by: dollar guy
Jun 22, 2020 - 4:00PM","Posted by: dollar guy
Jun 22, 2020 - 4:00PM","",""
1991-92,"Videos","Posted by: dollar guy
Jun 22, 2020 - 3:59PM","Posted by: dollar guy
Jun 22, 2020 - 3:59PM","",""
1991-92,"Videos","Posted by: dollar guy
Jun 22, 2020 - 3:58PM","Posted by: dollar guy
Jun 22, 2020 - 3:58PM","",""
1991-92,"Videos","Posted by: dollar guy
Jun 22, 2020 - 3:57PM","Posted by: dollar guy
Jun 22, 2020 - 3:57PM","",""
1991-92,"Videos","Posted by: dollar guy
Jun 22, 2020 - 3:56PM","Posted by: dollar guy
Jun 22, 2020 - 3:56PM","",""
1991-92,"Videos","Posted by: dollar guy
Jun 22, 2020 - 3:56PM","Posted by: dollar guy
Jun 22, 2020 - 3:56PM","",""
1991-92,"Videos","Posted by: dollar guy
Jun 22, 2020 - 3:55PM","Posted by: dollar guy
Jun 22, 2020 - 3:55PM","",""
1991-92,"Videos","Posted by: dollar guy
Jun 22, 2020 - 3:54PM","Posted by: dollar guy
Jun 22, 2020 - 3:54PM","",""
1991-92,"External Links","Baseball
        Basketball
        Boxing
        Cricket
        Football
        Gaming
        Golf
        Hockey
        Misc Sports
        MMA
        Multi-Sport
        Non-Sport
        Racing
        Soccer
        Tennis
        Wrestling","","",""
1991-92,"Contributors","Baseball
        Basketball
        Boxing
        Cricket
        Football
        Gaming
        Golf
        Hockey
        Misc Sports
        MMA
        Multi-Sport
        Non-Sport
        Racing
        Soccer
        Tennis
        Wrestling","","",""
1991-92,"Contributors","Member	Total
1.	dobbie	208
2.	Dixxy	70
3.	thesemers	46
4.	Gunny	18
5.	DanD	16
6.	Nigel Taylor	12
7.	NJDevils	8
8.	PMB	4
9.	Quintessence	4
10.	rds332000	4
11.	LeV.eL	2
12.	carthage44	2
13.	AVAYA	1
14.	SnoopyB97	1
15.	maximus93	1
16.	srt4gurl	1","","Member","Total"
1991-92,"Contributors","","Member","Total",""
1991-92,"Contributors","1.","dobbie","208",""
1991-92,"Contributors","2.","Dixxy","70",""
1991-92,"Contributors","3.","thesemers","46",""
1991-92,"Contributors","4.","Gunny","18",""
1991-92,"Contributors","5.","DanD","16",""
1991-92,"Contributors","6.","Nigel Taylor","12",""
1991-92,"Contributors","7.","NJDevils","8",""
1991-92,"Contributors","8.","PMB","4",""
1991-92,"Contributors","9.","Quintessence","4",""
1991-92,"Contributors","10.","rds332000","4",""
1991-92,"Contributors","11.","LeV.eL","2",""
1991-92,"Contributors","12.","carthage44","2",""
1991-92,"Contributors","13.","AVAYA","1",""
1991-92,"Contributors","14.","SnoopyB97","1",""
1991-92,"Contributors","15.","maximus93","1",""
1991-92,"Contributors","16.","srt4gurl","1",""
1991-92,"Contributors","Member	Total
1.	oldcollector	1","","Member","Total"
1991-92,"Contributors","","Member","Total",""
1991-92,"Contributors","1.","oldcollector","1",""
1991-92,"Contributors","Member	Total
1.	Billy Kingsley	4
2.	biotwister	3
3.	reakins	3
4.	Ballfan	1
5.	styxscottii	1","","Member","Total"
1991-92,"Contributors","","Member","Total",""
1991-92,"Contributors","1.","Billy Kingsley","4",""
1991-92,"Contributors","2.","biotwister","3",""
1991-92,"Contributors","3.","reakins","3",""
1991-92,"Contributors","4.","Ballfan","1",""
1991-92,"Contributors","5.","styxscottii","1",""
1991-92,"Contributors","Member	Total
1.	dollar guy	1","","Member","Total"
1991-92,"Contributors","","Member","Total",""
1991-92,"Contributors","1.","dollar guy","1",""
1991-92,"Contributors","Member	Total
1.	dollar guy	8","","Member","Total"
1991-92,"Contributors","","Member","Total",""
1991-92,"Contributors","1.","dollar guy","8",""
1991-92,"Contributors","Member	Total
1.	wjhipwell	1","","Member","Total"
1991-92,"Contributors","","Member","Total",""
1991-92,"Contributors","1.","wjhipwell","1",""
1991-92,"Glossary","Baseball
        Basketball
        Boxing
        Cricket
        Football
        Gaming
        Golf
        Hockey
        Misc Sports
        MMA
        Multi-Sport
        Non-Sport
        Racing
        Soccer
        Tennis
        Wrestling","","",""
1991-92,"Gallery","Baseball
        Basketball
        Boxing
        Cricket
        Football
        Gaming
        Golf
        Hockey
        Misc Sports
        MMA
        Multi-Sport
        Non-Sport
        Racing
        Soccer
        Tennis
        Wrestling","","",""
1991-92,"Card Rankings","Baseball
        Basketball
        Boxing
        Cricket
        Football
        Gaming
        Golf
        Hockey
        Misc Sports
        MMA
        Multi-Sport
        Non-Sport
        Racing
        Soccer
        Tennis
        Wrestling","","",""
1991-92,"Card Rankings","1.","","",""
1991-92,"Card Rankings","2.","","",""
1991-92,"Card Rankings","3.","","",""
1991-92,"Card Rankings","4.","","",""
1991-92,"Card Rankings","5.","","",""
1991-92,"Card Rankings","6.","","",""
1991-92,"Card Rankings","7.","","",""
1991-92,"Card Rankings","8.","","",""
1991-92,"Card Rankings","9.","","",""
1991-92,"Card Rankings","10.","","",""
1991-92,"Card Rankings","11.","","",""
1991-92,"Card Rankings","12.","","",""
1991-92,"Card Rankings","13.","","",""
1991-92,"Card Rankings","14.","","",""
1991-92,"Card Rankings","15.","","",""
1991-92,"Card Rankings","16.","","",""
1991-92,"Card Rankings","17.","","",""
1991-92,"Card Rankings","18.","","",""
1991-92,"Card Rankings","19.","","",""
1991-92,"Card Rankings","20.","","",""
1991-92,"Card Rankings","21.","","",""
1991-92,"Card Rankings","22.","","",""
1991-92,"Card Rankings","23.","","",""
1991-92,"Card Rankings","24.","","",""
1991-92,"Card Rankings","25.","","",""
1991-92,"Card Rankings","26.","","",""
1991-92,"Card Rankings","27.","","",""
1991-92,"Card Rankings","28.","","",""
1991-92,"Card Rankings","29.","","",""
1991-92,"Card Rankings","30.","","",""
1991-92,"Card Rankings","31.","","",""
1991-92,"Card Rankings","32.","","",""
1991-92,"Card Rankings","33.","","",""
1991-92,"Card Rankings","34.","","",""
1991-92,"Card Rankings","35.","","",""
1991-92,"Card Rankings","36.","","",""
1991-92,"Card Rankings","37.","","",""
1991-92,"Card Rankings","38.","","",""
1991-92,"Card Rankings","39.","","",""
1991-92,"Card Rankings","40.","","",""
1991-92,"Card Rankings","41.","","",""
1991-92,"Card Rankings","42.","","",""
1991-92,"Card Rankings","43.","","",""
1991-92,"Card Rankings","44.","","",""
1991-92,"Card Rankings","45.","","",""
1991-92,"Card Rankings","46.","","",""
1991-92,"Card Rankings","47.","","",""
1991-92,"Card Rankings","48.","","",""
1991-92,"Card Rankings","49.","","",""
1991-92,"Card Rankings","50.","","",""
1991-92,"Card Rankings","51.","","",""
1991-92,"Card Rankings","52.","","",""
1991-92,"Card Rankings","53.","","",""
1991-92,"Card Rankings","54.","","",""
1991-92,"Card Rankings","55.","","",""
1991-92,"Card Rankings","56.","","",""
1991-92,"Card Rankings","57.","","",""
1991-92,"Card Rankings","58.","","",""
1991-92,"Card Rankings","59.","","",""
1991-92,"Card Rankings","60.","","",""
1991-92,"Card Rankings","61.","","",""
1991-92,"Card Rankings","62.","","",""
1991-92,"Card Rankings","63.","","",""
1991-92,"Card Rankings","64.","","",""
1991-92,"Card Rankings","65.","","",""
1991-92,"Card Rankings","66.","","",""
1991-92,"Card Rankings","67.","","",""
1991-92,"Card Rankings","68.","","",""
1991-92,"Card Rankings","69.","","",""
1991-92,"Card Rankings","70.","","",""
1991-92,"Card Rankings","71.","","",""
1991-92,"Card Rankings","72.","","",""
1991-92,"Card Rankings","73.","","",""
1991-92,"Card Rankings","74.","","",""
1991-92,"Card Rankings","75.","","",""
1991-92,"Card Rankings","76.","","",""
1991-92,"Card Rankings","77.","","",""
1991-92,"Card Rankings","78.","","",""
1991-92,"Card Rankings","79.","","",""
1991-92,"Card Rankings","80.","","",""
1991-92,"Card Rankings","81.","","",""
1991-92,"Card Rankings","82.","","",""
1991-92,"Card Rankings","83.","","",""
1991-92,"Card Rankings","84.","","",""
1991-92,"Card Rankings","85.","","",""
1991-92,"Card Rankings","86.","","",""
1991-92,"Card Rankings","87.","","",""
1991-92,"Card Rankings","88.","","",""
1991-92,"Card Rankings","89.","","",""
1991-92,"Card Rankings","90.","","",""
1991-92,"Card Rankings","91.","","",""
1991-92,"Card Rankings","92.","","",""
1991-92,"Card Rankings","93.","","",""
1991-92,"Card Rankings","94.","","",""
1991-92,"Card Rankings","95.","","",""
1991-92,"Card Rankings","96.","","",""
1991-92,"Card Rankings","97.","","",""
1991-92,"Card Rankings","98.","","",""
1991-92,"Card Rankings","99.","","",""
1991-92,"Card Rankings","100.","","",""
1991-92,"Collection Summary","Baseball
        Basketball
        Boxing
        Cricket
        Football
        Gaming
        Golf
        Hockey
        Misc Sports
        MMA
        Multi-Sport
        Non-Sport
        Racing
        Soccer
        Tennis
        Wrestling","","",""
1991-92,"Click here to let us know","Baseball
        Basketball
        Boxing
        Cricket
        Football
        Gaming
        Golf
        Hockey
        Misc Sports
        MMA
        Multi-Sport
        Non-Sport
        Racing
        Soccer
        Tennis
        Wrestling","","",""
1991-92,"Checklist By Age","Baseball
        Basketball
        Boxing
        Cricket
        Football
        Gaming
        Golf
        Hockey
        Misc Sports
        MMA
        Multi-Sport
        Non-Sport
        Racing
        Soccer
        Tennis
        Wrestling","","",""
1991-92,"Checklist By Age","1.","","","#153"
1991-92,"Checklist By Age","2.","","","#37"
1991-92,"Checklist By Age","3.","","","#159"
1991-92,"Checklist By Age","4.","","","#6"
1991-92,"Checklist By Age","5.","","","#45"
1991-92,"Checklist By Age","6.","","","#76"
1991-92,"Checklist By Age","7.","","","#53"
1991-92,"Checklist By Age","8.","","","#125"
1991-92,"Checklist By Age","9.","","","#131"
1991-92,"Checklist By Age","10.","","","#69"
1991-92,"Checklist By Age","11.","","","#147"
1991-92,"Checklist By Age","12.","","","#164"
1991-92,"Checklist By Age","13.","","","#187"
1991-92,"Checklist By Age","14.","","","#83"
1991-92,"Checklist By Age","15.","","","#133"
1991-92,"Checklist By Age","16.","","","#152"
1991-92,"Checklist By Age","17.","","","#122"
1991-92,"Checklist By Age","18.","","","#189"
1991-92,"Checklist By Age","19.","","","#111"
1991-92,"Checklist By Age","20.","","","#97"
1991-92,"Checklist By Age","21.","","","#10"
1991-92,"Checklist By Age","22.","","","#54"
1991-92,"Checklist By Age","23.","","","#119"
1991-92,"Checklist By Age","24.","","","#192"
1991-92,"Checklist By Age","25.","","","#51"
1991-92,"Checklist By Age","26.","","","#3"
1991-92,"Checklist By Age","27.","","","#71"
1991-92,"Checklist By Age","28.","","","#124"
1991-92,"Checklist By Age","29.","","","#80"
1991-92,"Checklist By Age","30.","","","#79"
1991-92,"Checklist By Age","31.","","","#60"
1991-92,"Checklist By Age","32.","","","#135"
1991-92,"Checklist By Age","33.","","","#85"
1991-92,"Checklist By Age","34.","","","#102"
1991-92,"Checklist By Age","35.","","","#17"
1991-92,"Checklist By Age","36.","","","#150"
1991-92,"Checklist By Age","37.","","","#166"
1991-92,"Checklist By Age","38.","","","#112"
1991-92,"Checklist By Age","39.","","","#8"
1991-92,"Checklist By Age","40.","","","#156"
1991-92,"Checklist By Age","41.","","","#75"
1991-92,"Checklist By Age","42.","","","#101"
1991-92,"Checklist By Age","43.","","","#7"
1991-92,"Checklist By Age","44.","","","#100"
1991-92,"Checklist By Age","45.","","","#191"
1991-92,"Checklist By Age","46.","","","#9"
1991-92,"Checklist By Age","47.","","","#120"
1991-92,"Checklist By Age","48.","","","#136"
1991-92,"Checklist By Age","49.","","","#144"
1991-92,"Checklist By Age","50.","","","#123"
1991-92,"Checklist By Age","51.","","","#172"
1991-92,"Checklist By Age","52.","","","#81"
1991-92,"Checklist By Age","53.","","","#148"
1991-92,"Checklist By Age","54.","","","#195"
1991-92,"Checklist By Age","55.","","","#95"
1991-92,"Checklist By Age","56.","","","#25"
1991-92,"Checklist By Age","57.","","","#106"
1991-92,"Checklist By Age","58.","","","#134"
1991-92,"Checklist By Age","59.","","","#129"
1991-92,"Checklist By Age","60.","","","#50"
1991-92,"Checklist By Age","61.","","","#180"
1991-92,"Checklist By Age","62.","","","#84"
1991-92,"Checklist By Age","63.","","","#63"
1991-92,"Checklist By Age","64.","","","#38"
1991-92,"Checklist By Age","65.","","","#5"
1991-92,"Checklist By Age","66.","","","#151"
1991-92,"Checklist By Age","67.","","","#127"
1991-92,"Checklist By Age","68.","","","#49"
1991-92,"Checklist By Age","69.","","","#36"
1991-92,"Checklist By Age","70.","","","#82"
1991-92,"Checklist By Age","71.","","","#197"
1991-92,"Checklist By Age","72.","","","#4"
1991-92,"Checklist By Age","73.","","","#128"
1991-92,"Checklist By Age","74.","","","#184"
1991-92,"Checklist By Age","75.","","","#185"
1991-92,"Checklist By Age","76.","","","#190"
1991-92,"Checklist By Age","77.","","","#121"
1991-92,"Checklist By Age","78.","","","#64"
1991-92,"Checklist By Age","79.","","","#89"
1991-92,"Checklist By Age","80.","","","#103"
1991-92,"Checklist By Age","81.","","","#26"
1991-92,"Checklist By Age","82.","","","#19"
1991-92,"Checklist By Age","83.","","","#73"
1991-92,"Checklist By Age","84.","","","#142"
1991-92,"Checklist By Age","85.","","","#15"
1991-92,"Checklist By Age","86.","","","#27"
1991-92,"Checklist By Age","87.","","","#58"
1991-92,"Checklist By Age","88.","","","#171"
1991-92,"Checklist By Age","89.","","","#194"
1991-92,"Checklist By Age","90.","","","#107"
1991-92,"Checklist By Age","91.","","","#140"
1991-92,"Checklist By Age","92.","","","#115"
1991-92,"Checklist By Age","93.","","","#13"
1991-92,"Checklist By Age","94.","","","#55"
1991-92,"Checklist By Age","95.","","","#14"
1991-92,"Checklist By Age","96.","","","#114"
1991-92,"Checklist By Age","97.","","","#170"
1991-92,"Checklist By Age","98.","","","#47"
1991-92,"Checklist By Age","99.","","","#43"
1991-92,"Checklist By Age","100.","","","#12"
1991-92,"Checklist By First Name","Baseball
        Basketball
        Boxing
        Cricket
        Football
        Gaming
        Golf
        Hockey
        Misc Sports
        MMA
        Multi-Sport
        Non-Sport
        Racing
        Soccer
        Tennis
        Wrestling","","",""
1991-92,"Checklist By First Name","1.","","","#171"
1991-92,"Checklist By First Name","2.","","","#28"
1991-92,"Checklist By First Name","3.","","","#7"
1991-92,"Checklist By First Name","4.","","","#81"
1991-92,"Checklist By First Name","5.","","","#188"
1991-92,"Checklist By First Name","6.","","","#178"
1991-92,"Checklist By First Name","7.","","","#72"
1991-92,"Checklist By First Name","8.","","","#133"
1991-92,"Checklist By First Name","9.","","","#124"
1991-92,"Checklist By First Name","10.","","","#179"
1991-92,"Checklist By First Name","11.","","","#18"
1991-92,"Checklist By First Name","12.","","","#148"
1991-92,"Checklist By First Name","13.","","","#129"
1991-92,"Checklist By First Name","14.","","","#8"
1991-92,"Checklist By First Name","15.","","","#151"
1991-92,"Checklist By First Name","16.","","","#115"
1991-92,"Checklist By First Name","17.","","","#130"
1991-92,"Checklist By First Name","18.","","","#156"
1991-92,"Checklist By First Name","19.","","","#49"
1991-92,"Checklist By First Name","20.","","","#190"
1991-92,"Checklist By First Name","21.","","","#185"
1991-92,"Checklist By First Name","22.","","","#183"
1991-92,"Checklist By First Name","23.","","","#57"
1991-92,"Checklist By First Name","24.","","","#166"
1991-92,"Checklist By First Name","25.","","","#99"
1991-92,"Checklist By First Name","26.","","","#107"
1991-92,"Checklist By First Name","27.","","","#125"
1991-92,"Checklist By First Name","28.","","","#198"
1991-92,"Checklist By First Name","29.","","","#132"
1991-92,"Checklist By First Name","30.","","","#150"
1991-92,"Checklist By First Name","31.","","","#17"
1991-92,"Checklist By First Name","32.","","","#197"
1991-92,"Checklist By First Name","33.","","","#47"
1991-92,"Checklist By First Name","34.","","","#93"
1991-92,"Checklist By First Name","35.","","","#80"
1991-92,"Checklist By First Name","36.","","","#165"
1991-92,"Checklist By First Name","37.","","","#1"
1991-92,"Checklist By First Name","38.","","","#27"
1991-92,"Checklist By First Name","39.","","","#146"
1991-92,"Checklist By First Name","40.","","","#90"
1991-92,"Checklist By First Name","41.","","","#54"
1991-92,"Checklist By First Name","42.","","","#53"
1991-92,"Checklist By First Name","43.","","","#180"
1991-92,"Checklist By First Name","44.","","","#128"
1991-92,"Checklist By First Name","45.","","","#137"
1991-92,"Checklist By First Name","46.","","","#36"
1991-92,"Checklist By First Name","47.","","","#71"
1991-92,"Checklist By First Name","48.","","","#143"
1991-92,"Checklist By First Name","49.","","","#176"
1991-92,"Checklist By First Name","50.","","","#131"
1991-92,"Checklist By First Name","51.","","","#32"
1991-92,"Checklist By First Name","52.","","","#139"
1991-92,"Checklist By First Name","53.","","","#6"
1991-92,"Checklist By First Name","54.","","","#19"
1991-92,"Checklist By First Name","55.","","","#196"
1991-92,"Checklist By First Name","56.","","","#157"
1991-92,"Checklist By First Name","57.","","","#121"
1991-92,"Checklist By First Name","58.","","","#134"
1991-92,"Checklist By First Name","59.","","","#106"
1991-92,"Checklist By First Name","60.","","","#126"
1991-92,"Checklist By First Name","61.","","","#101"
1991-92,"Checklist By First Name","62.","","","#66"
1991-92,"Checklist By First Name","63.","","","#10"
1991-92,"Checklist By First Name","64.","","","#100"
1991-92,"Checklist By First Name","65.","","","#191"
1991-92,"Checklist By First Name","66.","","","#152"
1991-92,"Checklist By First Name","67.","","","#172"
1991-92,"Checklist By First Name","68.","","","#111"
1991-92,"Checklist By First Name","69.","","","#15"
1991-92,"Checklist By First Name","70.","","","#24"
1991-92,"Checklist By First Name","71.","","","#108"
1991-92,"Checklist By First Name","72.","","","#52"
1991-92,"Checklist By First Name","73.","","","#174"
1991-92,"Checklist By First Name","74.","","","#167"
1991-92,"Checklist By First Name","75.","","","#153"
1991-92,"Checklist By First Name","76.","","","#48"
1991-92,"Checklist By First Name","77.","","","#70"
1991-92,"Checklist By First Name","78.","","","#102"
1991-92,"Checklist By First Name","79.","","","#127"
1991-92,"Checklist By First Name","80.","","","#105"
1991-92,"Checklist By First Name","81.","","","#186"
1991-92,"Checklist By First Name","82.","","","#4"
1991-92,"Checklist By First Name","83.","","","#37"
1991-92,"Checklist By First Name","84.","","","#159"
1991-92,"Checklist By First Name","85.","","","#112"
1991-92,"Checklist By First Name","86.","","","#149"
1991-92,"Checklist By First Name","87.","","","#182"
1991-92,"Checklist By First Name","88.","","","#69"
1991-92,"Checklist By First Name","89.","","","#41"
1991-92,"Checklist By First Name","90.","","","#154"
1991-92,"Checklist By First Name","91.","","","#88"
1991-92,"Checklist By First Name","92.","","","#26"
1991-92,"Checklist By First Name","93.","","","#22"
1991-92,"Checklist By First Name","94.","","","#42"
1991-92,"Checklist By First Name","95.","","","#158"
1991-92,"Checklist By First Name","96.","","","#145"
1991-92,"Checklist By First Name","97.","","","#86"
1991-92,"Checklist By First Name","98.","","","#34"
1991-92,"Checklist By First Name","99.","","","#46"
1991-92,"Checklist By First Name","100.","","","#114"
1991-92,"Checklist By Last Name","Baseball
        Basketball
        Boxing
        Cricket
        Football
        Gaming
        Golf
        Hockey
        Misc Sports
        MMA
        Multi-Sport
        Non-Sport
        Racing
        Soccer
        Tennis
        Wrestling","","",""
1991-92,"Checklist By Last Name","1.","","","#11"
1991-92,"Checklist By Last Name","2.","","","#10"
1991-92,"Checklist By Last Name","3.","","","#109"
1991-92,"Checklist By Last Name","4.","","","#54"
1991-92,"Checklist By Last Name","5.","","","#103"
1991-92,"Checklist By Last Name","6.","","","#19"
1991-92,"Checklist By Last Name","7.","","","#149"
1991-92,"Checklist By Last Name","8.","","","#47"
1991-92,"Checklist By Last Name","9.","","","#44"
1991-92,"Checklist By Last Name","10.","","","#119"
1991-92,"Checklist By Last Name","11.","","","#192"
1991-92,"Checklist By Last Name","12.","","","#185"
1991-92,"Checklist By Last Name","13.","","","#190"
1991-92,"Checklist By Last Name","14.","","","#94"
1991-92,"Checklist By Last Name","15.","","","#67"
1991-92,"Checklist By Last Name","16.","","","#43"
1991-92,"Checklist By Last Name","17.","","","#152"
1991-92,"Checklist By Last Name","18.","","","#148"
1991-92,"Checklist By Last Name","19.","","","#167"
1991-92,"Checklist By Last Name","20.","","","#112"
1991-92,"Checklist By Last Name","21.","","","#72"
1991-92,"Checklist By Last Name","22.","","","#17"
1991-92,"Checklist By Last Name","23.","","","#150"
1991-92,"Checklist By Last Name","24.","","","#175"
1991-92,"Checklist By Last Name","25.","","","#91"
1991-92,"Checklist By Last Name","26.","","","#53"
1991-92,"Checklist By Last Name","27.","","","#160"
1991-92,"Checklist By Last Name","28.","","","#116"
1991-92,"Checklist By Last Name","29.","","","#177"
1991-92,"Checklist By Last Name","30.","","","#79"
1991-92,"Checklist By Last Name","31.","","","#161"
1991-92,"Checklist By Last Name","32.","","","#188"
1991-92,"Checklist By Last Name","33.","","","#101"
1991-92,"Checklist By Last Name","34.","","","#58"
1991-92,"Checklist By Last Name","35.","","","#194"
1991-92,"Checklist By Last Name","36.","","","#171"
1991-92,"Checklist By Last Name","37.","","","#169"
1991-92,"Checklist By Last Name","38.","","","#127"
1991-92,"Checklist By Last Name","39.","","","#104"
1991-92,"Checklist By Last Name","40.","","","#96"
1991-92,"Checklist By Last Name","41.","","","#157"
1991-92,"Checklist By Last Name","42.","","","#141"
1991-92,"Checklist By Last Name","43.","","","#13"
1991-92,"Checklist By Last Name","44.","","","#16"
1991-92,"Checklist By Last Name","45.","","","#74"
1991-92,"Checklist By Last Name","46.","","","#180"
1991-92,"Checklist By Last Name","47.","","","#138"
1991-92,"Checklist By Last Name","48.","","","#36"
1991-92,"Checklist By Last Name","49.","","","#56"
1991-92,"Checklist By Last Name","50.","","","#66"
1991-92,"Checklist By Last Name","51.","","","#68"
1991-92,"Checklist By Last Name","52.","","","#173"
1991-92,"Checklist By Last Name","53.","","","#187"
1991-92,"Checklist By Last Name","54.","","","#92"
1991-92,"Checklist By Last Name","55.","","","#31"
1991-92,"Checklist By Last Name","56.","","","#120"
1991-92,"Checklist By Last Name","57.","","","#100"
1991-92,"Checklist By Last Name","58.","","","#191"
1991-92,"Checklist By Last Name","59.","","","#128"
1991-92,"Checklist By Last Name","60.","","","#147"
1991-92,"Checklist By Last Name","61.","","","#164"
1991-92,"Checklist By Last Name","62.","","","#123"
1991-92,"Checklist By Last Name","63.","","","#131"
1991-92,"Checklist By Last Name","64.","","","#28"
1991-92,"Checklist By Last Name","65.","","","#3"
1991-92,"Checklist By Last Name","66.","","","#108"
1991-92,"Checklist By Last Name","67.","","","#143"
1991-92,"Checklist By Last Name","68.","","","#88"
1991-92,"Checklist By Last Name","69.","","","#1"
1991-92,"Checklist By Last Name","70.","","","#38"
1991-92,"Checklist By Last Name","71.","","","#122"
1991-92,"Checklist By Last Name","72.","","","#41"
1991-92,"Checklist By Last Name","73.","","","#154"
1991-92,"Checklist By Last Name","74.","","","#179"
1991-92,"Checklist By Last Name","75.","","","#50"
1991-92,"Checklist By Last Name","76.","","","#40"
1991-92,"Checklist By Last Name","77.","","","#125"
1991-92,"Checklist By Last Name","78.","","","#49"
1991-92,"Checklist By Last Name","79.","","","#33"
1991-92,"Checklist By Last Name","80.","","","#29"
1991-92,"Checklist By Last Name","81.","","","#24"
1991-92,"Checklist By Last Name","82.","","","#93"
1991-92,"Checklist By Last Name","83.","","","#115"
1991-92,"Checklist By Last Name","84.","","","#165"
1991-92,"Checklist By Last Name","85.","","","#85"
1991-92,"Checklist By Last Name","86.","","","#83"
1991-92,"Checklist By Last Name","87.","","","#176"
1991-92,"Checklist By Last Name","88.","","","#69"
1991-92,"Checklist By Last Name","89.","","","#61"
1991-92,"Checklist By Last Name","90.","","","#118"
1991-92,"Checklist By Last Name","91.","","","#118"
1991-92,"Checklist By Last Name","92.","","","#155"
1991-92,"Checklist By Last Name","93.","","","#140"
1991-92,"Checklist By Last Name","94.","","","#189"
1991-92,"Checklist By Last Name","95.","","","#129"
1991-92,"Checklist By Last Name","96.","","","#111"
1991-92,"Checklist By Last Name","97.","","","#98"
1991-92,"Checklist By Last Name","98.","","","#64"
1991-92,"Checklist By Last Name","99.","","","#60"
1991-92,"Checklist By Last Name","100.","","","#135"
1991-92,"100","Baseball
        Basketball
        Boxing
        Cricket
        Football
        Gaming
        Golf
        Hockey
        Misc Sports
        MMA
        Multi-Sport
        Non-Sport
        Racing
        Soccer
        Tennis
        Wrestling","","",""
1991-92,"100","Share
Facebook
X
Copy Link
Email
Message","Share
Facebook
X
Copy Link
Email
Message","",""
1991-92,"Update your collection...","Baseball
        Basketball
        Boxing
        Cricket
        Football
        Gaming
        Golf
        Hockey
        Misc Sports
        MMA
        Multi-Sport
        Non-Sport
        Racing
        Soccer
        Tennis
        Wrestling","","",""
1991-92,"Base Set","Baseball
        Basketball
        Boxing
        Cricket
        Football
        Gaming
        Golf
        Hockey
        Misc Sports
        MMA
        Multi-Sport
        Non-Sport
        Racing
        Soccer
        Tennis
        Wrestling","","",""
1991-92,"Base Set","","","",""
1991-92,"Base Set","","","",""
1991-92,"Base Set","","","",""
1991-92,"Base Set","","","",""
1991-92,"Base Set","","","",""
1991-92,"Base Set","","","",""
1991-92,"Base Set","","","",""
1991-92,"Base Set","","","",""
1991-92,"Base Set","","","",""
1991-92,"Base Set","","","",""
1991-92,"Base Set","","","",""
1991-92,"Base Set","","","",""
1991-92,"Base Set","","","",""
1991-92,"Base Set","","","",""
1991-92,"Base Set","","","",""
1991-92,"Base Set","","","",""
1991-92,"Base Set","","","",""
1991-92,"Base Set","","","",""
1991-92,"Base Set","","","",""
1991-92,"Base Set","","","",""
1991-92,"Base Set","","","",""
1991-92,"Base Set","","","",""
1991-92,"Base Set","","","",""
1991-92,"Base Set","","","",""
1991-92,"Base Set","","","",""
1991-92,"Base Set","","","",""
1991-92,"Base Set","","","",""
1991-92,"Base Set","","","",""
1991-92,"Base Set","","","",""
1991-92,"Base Set","","","",""
1991-92,"Base Set","","","",""
1991-92,"Base Set","","","",""
1991-92,"Base Set","","","",""
1991-92,"Base Set","","","",""
1991-92,"Base Set","","","",""
1991-92,"Base Set","","","",""
1991-92,"Base Set","","","",""
1991-92,"Base Set","","","",""
1991-92,"Base Set","","","",""
1991-92,"Base Set","","","",""
1991-92,"Base Set","","","",""
1991-92,"Base Set","","","",""
1991-92,"Base Set","","","",""
1991-92,"Base Set","","","",""
1991-92,"Base Set","","","",""
1991-92,"Base Set","","","",""
1991-92,"Base Set","","","",""
1991-92,"Base Set","","","",""
1991-92,"Base Set","","","",""
1991-92,"Base Set","","","",""
1991-92,"Base Set","","","",""
1991-92,"Base Set","","","",""
1991-92,"Base Set","","","",""
1991-92,"Base Set","","","",""
1991-92,"Base Set","","","",""
1991-92,"Base Set","","","",""
1991-92,"Base Set","","","",""
1991-92,"Base Set","","","",""
1991-92,"Base Set","","","",""
1991-92,"Base Set","","","",""
1991-92,"Base Set","","","",""
1991-92,"Base Set","","","",""
1991-92,"Base Set","","","",""
1991-92,"Base Set","","","",""
1991-92,"Base Set","","","",""
1991-92,"Base Set","","","",""
1991-92,"Base Set","","","",""
1991-92,"Base Set","","","",""
1991-92,"Base Set","","","",""
1991-92,"Base Set","","","",""
1991-92,"Base Set","","","",""
1991-92,"Base Set","","","",""
1991-92,"Base Set","","","",""
1991-92,"Base Set","","","",""
1991-92,"Base Set","","","",""
1991-92,"Base Set","","","",""
1991-92,"Base Set","","","",""
1991-92,"Base Set","","","",""
1991-92,"Base Set","","","",""
1991-92,"Base Set","","","",""
1991-92,"Base Set","","","",""
1991-92,"Base Set","","","",""
1991-92,"Base Set","","","",""
1991-92,"Base Set","","","",""
1991-92,"Base Set","","","",""
1991-92,"Base Set","","","",""
1991-92,"Base Set","","","",""
1991-92,"Base Set","","","",""
1991-92,"Base Set","","","",""
1991-92,"Base Set","","","",""
1991-92,"Base Set","","","",""
1991-92,"Base Set","","","",""
1991-92,"Base Set","","","",""
1991-92,"Base Set","","","",""
1991-92,"Base Set","","","",""
1991-92,"Base Set","","","",""
1991-92,"Base Set","","","",""
1991-92,"Base Set","","","",""
1991-92,"Base Set","","","",""
1991-92,"Base Set","","","",""
1991-92,"Overview","Baseball
        Basketball
        Boxing
        Cricket
        Football
        Gaming
        Golf
        Hockey
        Misc Sports
        MMA
        Multi-Sport
        Non-Sport
        Racing
        Soccer
        Tennis
        Wrestling","","",""
1991-92,"Overview","","","",""
1991-92,"Overview","","","",""
1991-92,"Overview","","","",""
1991-92,"Overview","","","",""
1991-92,"Overview","","","",""
1991-92,"Overview","","","",""
1991-92,"Overview","","","",""
1991-92,"Overview","","","",""
1991-92,"Overview","","","",""
1991-92,"Overview","","","",""
1991-92,"Overview","","","",""
1991-92,"Overview","","","",""
1991-92,"Overview","","","",""
1991-92,"Overview","","","",""
1991-92,"Overview","","","",""
1991-92,"Overview","","","",""
1991-92,"Overview","","","",""
1991-92,"Overview","","","",""
1991-92,"Overview","","","",""
1991-92,"Overview","","","",""
1991-92,"Overview","","","",""
1991-92,"Overview","","","",""
1991-92,"Overview","","","",""
1991-92,"Overview","","","",""
1991-92,"Overview","","","",""
1991-92,"Overview","","","",""
1991-92,"Overview","","","",""
1991-92,"Overview","","","",""
1991-92,"Overview","","","",""
1991-92,"Overview","","","",""
1991-92,"Overview","","","",""
1991-92,"Overview","","","",""
1991-92,"Overview","","","",""
1991-92,"Overview","","","",""
1991-92,"Overview","","","",""
1991-92,"Overview","","","",""
1991-92,"Overview","","","",""
1991-92,"Overview","","","",""
1991-92,"Overview","","","",""
1991-92,"Overview","","","",""
1991-92,"Overview","","","",""
1991-92,"Overview","","","",""
1991-92,"Overview","","","",""
1991-92,"Overview","","","",""
1991-92,"Overview","","","",""
1991-92,"Overview","","","",""
1991-92,"Overview","","","",""
1991-92,"Overview","","","",""
1991-92,"Overview","","","",""
1991-92,"Overview","","","",""
1991-92,"Overview","","","",""
1991-92,"Overview","","","",""
1991-92,"Overview","","","",""
1991-92,"Overview","","","",""
1991-92,"Overview","","","",""
1991-92,"Overview","","","",""
1991-92,"Overview","","","",""
1991-92,"Overview","","","",""
1991-92,"Overview","","","",""
1991-92,"Overview","","","",""
1991-92,"Overview","","","",""
1991-92,"Overview","","","",""
1991-92,"Overview","","","",""
1991-92,"Overview","","","",""
1991-92,"Overview","","","",""
1991-92,"Overview","","","",""
1991-92,"Overview","","","",""
1991-92,"Overview","","","",""
1991-92,"Overview","","","",""
1991-92,"Overview","","","",""
1991-92,"Overview","","","",""
1991-92,"Overview","","","",""
1991-92,"Overview","","","",""
1991-92,"Overview","","","",""
1991-92,"Overview","","","",""
1991-92,"Overview","","","",""
1991-92,"Overview","","","",""
1991-92,"Overview","","","",""
1991-92,"Overview","","","",""
1991-92,"Overview","","","",""
1991-92,"Overview","","","",""
1991-92,"Overview","","","",""
1991-92,"Overview","","","",""
1991-92,"Overview","","","",""
1991-92,"Overview","","","",""
1991-92,"Overview","","","",""
1991-92,"Overview","","","",""
1991-92,"Overview","","","",""
1991-92,"Overview","","","",""
1991-92,"Overview","","","",""
1991-92,"Overview","","","",""
1991-92,"Overview","","","",""
1991-92,"Overview","","","",""
1991-92,"Overview","","","",""
1991-92,"Overview","","","",""
1991-92,"Overview","","","",""
1991-92,"Overview","","","",""
1991-92,"Overview","","","",""
1991-92,"Overview","","","",""
1991-92,"Overview","","","",""
1991-92,"Rate this set...","Baseball
        Basketball
        Boxing
        Cricket
        Football
        Gaming
        Golf
        Hockey
        Misc Sports
        MMA
        Multi-Sport
        Non-Sport
        Racing
        Soccer
        Tennis
        Wrestling","","",""
1991-92,"Checklist","Baseball
        Basketball
        Boxing
        Cricket
        Football
        Gaming
        Golf
        Hockey
        Misc Sports
        MMA
        Multi-Sport
        Non-Sport
        Racing
        Soccer
        Tennis
        Wrestling","","",""
1991-92,"Checklist","","","",""
1991-92,"Checklist","","","",""
1991-92,"Checklist","","","",""
1991-92,"Checklist","","","",""
1991-92,"Checklist","","","",""
1991-92,"Checklist","","","",""
1991-92,"Checklist","","","",""
1991-92,"Checklist","","","",""
1991-92,"Checklist","","","",""
1991-92,"Checklist","","","",""
1991-92,"Checklist","","","",""
1991-92,"Checklist","","","",""
1991-92,"Checklist","","","",""
1991-92,"Checklist","","","",""
1991-92,"Checklist","","","",""
1991-92,"Checklist","","","",""
1991-92,"Checklist","","","",""
1991-92,"Checklist","","","",""
1991-92,"Checklist","","","",""
1991-92,"Checklist","","","",""
1991-92,"Checklist","","","",""
1991-92,"Checklist","","","",""
1991-92,"Checklist","","","",""
1991-92,"Checklist","","","",""
1991-92,"Checklist","","","",""
1991-92,"Checklist","","","",""
1991-92,"Checklist","","","",""
1991-92,"Checklist","","","",""
1991-92,"Checklist","","","",""
1991-92,"Checklist","","","",""
1991-92,"Checklist","","","",""
1991-92,"Checklist","","","",""
1991-92,"Checklist","","","",""
1991-92,"Checklist","","","",""
1991-92,"Checklist","","","",""
1991-92,"Checklist","","","",""
1991-92,"Checklist","","","",""
1991-92,"Checklist","","","",""
1991-92,"Checklist","","","",""
1991-92,"Checklist","","","",""
1991-92,"Checklist","","","",""
1991-92,"Checklist","","","",""
1991-92,"Checklist","","","",""
1991-92,"Checklist","","","",""
1991-92,"Checklist","","","",""
1991-92,"Checklist","","","",""
1991-92,"Checklist","","","",""
1991-92,"Checklist","","","",""
1991-92,"Checklist","","","",""
1991-92,"Checklist","","","",""
1991-92,"Checklist","","","",""
1991-92,"Checklist","","","",""
1991-92,"Checklist","","","",""
1991-92,"Checklist","","","",""
1991-92,"Checklist","","","",""
1991-92,"Checklist","","","",""
1991-92,"Checklist","","","",""
1991-92,"Checklist","","","",""
1991-92,"Checklist","","","",""
1991-92,"Checklist","","","",""
1991-92,"Checklist","","","",""
1991-92,"Checklist","","","",""
1991-92,"Checklist","","","",""
1991-92,"Checklist","","","",""
1991-92,"Checklist","","","",""
1991-92,"Checklist","","","",""
1991-92,"Checklist","","","",""
1991-92,"Checklist","","","",""
1991-92,"Checklist","","","",""
1991-92,"Checklist","","","",""
1991-92,"Checklist","","","",""
1991-92,"Checklist","","","",""
1991-92,"Checklist","","","",""
1991-92,"Checklist","","","",""
1991-92,"Checklist","","","",""
1991-92,"Checklist","","","",""
1991-92,"Checklist","","","",""
1991-92,"Checklist","","","",""
1991-92,"Checklist","","","",""
1991-92,"Checklist","","","",""
1991-92,"Checklist","","","",""
1991-92,"Checklist","","","",""
1991-92,"Checklist","","","",""
1991-92,"Checklist","","","",""
1991-92,"Checklist","","","",""
1991-92,"Checklist","","","",""
1991-92,"Checklist","","","",""
1991-92,"Checklist","","","",""
1991-92,"Checklist","","","",""
1991-92,"Checklist","","","",""
1991-92,"Checklist","","","",""
1991-92,"Checklist","","","",""
1991-92,"Checklist","","","",""
1991-92,"Checklist","","","",""
1991-92,"Checklist","","","",""
1991-92,"Checklist","","","",""
1991-92,"Checklist","","","",""
1991-92,"Checklist","","","",""
1991-92,"Checklist","","","",""
1991-92,"Checklist","","","",""
1991-92,"Teams","Baseball
        Basketball
        Boxing
        Cricket
        Football
        Gaming
        Golf
        Hockey
        Misc Sports
        MMA
        Multi-Sport
        Non-Sport
        Racing
        Soccer
        Tennis
        Wrestling","","",""
1991-92,"Errors / Variations","Baseball
        Basketball
        Boxing
        Cricket
        Football
        Gaming
        Golf
        Hockey
        Misc Sports
        MMA
        Multi-Sport
        Non-Sport
        Racing
        Soccer
        Tennis
        Wrestling","","",""
1991-92,"Hall of Famers","Baseball
        Basketball
        Boxing
        Cricket
        Football
        Gaming
        Golf
        Hockey
        Misc Sports
        MMA
        Multi-Sport
        Non-Sport
        Racing
        Soccer
        Tennis
        Wrestling","","",""
1991-92,"Hall of Famers","","","","9"
1991-92,"Hall of Famers","","","","12"
1991-92,"Hall of Famers","","","","16"
1991-92,"Hall of Famers","","","","17"
1991-92,"Hall of Famers","","","","18"
1991-92,"Hall of Famers","","","","23"
1991-92,"Hall of Famers","","","","26"
1991-92,"Hall of Famers","","","","27"
1991-92,"Hall of Famers","","","","28"
1991-92,"Hall of Famers","","","","29"
1991-92,"Hall of Famers","","","","30"
1991-92,"Hall of Famers","","","","32"
1991-92,"Hall of Famers","","","","36"
1991-92,"Hall of Famers","","","","37"
1991-92,"Hall of Famers","","","","38"
1991-92,"Hall of Famers","","","","44"
1991-92,"Hall of Famers","","","","51"
1991-92,"Hall of Famers","","","","68"
1991-92,"Hall of Famers","","","","72"
1991-92,"Hall of Famers","","","","73"
1991-92,"Hall of Famers","","","","74"
1991-92,"Hall of Famers","","","","81"
1991-92,"Hall of Famers","","","","90"
1991-92,"Hall of Famers","","","","92"
1991-92,"Hall of Famers","","","","93"
1991-92,"Hall of Famers","","","","94"
1991-92,"Hall of Famers","","","","96"
1991-92,"Hall of Famers","","","","102"
1991-92,"Hall of Famers","","","","103"
1991-92,"Hall of Famers","","","","106"
1991-92,"Hall of Famers","","","","119"
1991-92,"Hall of Famers","","","","121"
1991-92,"Hall of Famers","","","","122"
1991-92,"Hall of Famers","","","","130"
1991-92,"Hall of Famers","","","","134"
1991-92,"Hall of Famers","","","","137"
1991-92,"Hall of Famers","","","","139"
1991-92,"Hall of Famers","","","","140"
1991-92,"Hall of Famers","","","","141"
1991-92,"Hall of Famers","","","","144"
1991-92,"Hall of Famers","","","","148"
1991-92,"Hall of Famers","","","","153"
1991-92,"Hall of Famers","","","","155"
1991-92,"Hall of Famers","","","","157"
1991-92,"Hall of Famers","","","","168"
1991-92,"Hall of Famers","","","","175"
1991-92,"Hall of Famers","","","","177"
1991-92,"Hall of Famers","","","","193"
1991-92,"Hall of Famers","","","","197"
1991-92,"Hall of Famers","","","","205"
1991-92,"Hall of Famers","","","","207"
1991-92,"Hall of Famers","","","","208"
1991-92,"Hall of Famers","","","","209"
1991-92,"Hall of Famers","","","","210"
1991-92,"Hall of Famers","","","","211"
1991-92,"Hall of Famers","","","","212"
1991-92,"Hall of Famers","","","","213"
1991-92,"Hall of Famers","","","","215"
1991-92,"Hall of Famers","","","","216"
1991-92,"Hall of Famers","","","","218"
1991-92,"Hall of Famers","","","","219"
1991-92,"Hall of Famers","","","","220"
1991-92,"Hall of Famers","","","","221"
1991-92,"Hall of Famers","","","","222"
1991-92,"Hall of Famers","","","","223"
1991-92,"Hall of Famers","","","","224"
1991-92,"Hall of Famers","","","","225"
1991-92,"Hall of Famers","","","","233"
1991-92,"Hall of Famers","","","","247"
1991-92,"Hall of Famers","","","","263"
1991-92,"Hall of Famers","","","","293"
1991-92,"Hall of Famers","","","","297"
1991-92,"Hall of Famers","","","","347"
1991-92,"Hall of Famers","","","","353"
1991-92,"Hall of Famers","","","","358"
1991-92,"Hall of Famers","","","","360"
1991-92,"Hall of Famers","","","","396"
1991-92,"Hall of Famers","","","","404"
1991-92,"Hall of Famers","","","","406"
1991-92,"Hall of Famers","","","","428"
1991-92,"Hall of Famers","","","","429"
1991-92,"Hall of Famers","","","","430"
1991-92,"Hall of Famers","","","","431"
1991-92,"Hall of Famers","","","","432"
1991-92,"Hall of Famers","","","","433"
1991-92,"Hall of Famers","","","","434"
1991-92,"Hall of Famers","","","","437"
1991-92,"Hall of Famers","","","","438"
1991-92,"Hall of Famers","","","","439"
1991-92,"Hall of Famers","","","","442"
1991-92,"Hall of Famers","","","","445"
1991-92,"Hall of Famers","","","","446"
1991-92,"Hall of Famers","","","","449"
1991-92,"Hall of Famers","","","","456"
1991-92,"Hall of Famers","","","","459"
1991-92,"Hall of Famers","","","","461"
1991-92,"Hall of Famers","","","","462"
1991-92,"Hall of Famers","","","","463"
1991-92,"Hall of Famers","","","","464"
1991-92,"Hall of Famers","","","","465"
1991-92,"Hall of Famers","","","","466"
1991-92,"Hall of Famers","","","","467"
1991-92,"Hall of Famers","","","","468"
1991-92,"Hall of Famers","","","","469"
1991-92,"Hall of Famers","","","","470"
1991-92,"Hall of Famers","","","","471"
1991-92,"Hall of Famers","","","","472"
1991-92,"Hall of Famers","","","","474"
1991-92,"Hall of Famers","","","","475"
1991-92,"Rookies","Baseball
        Basketball
        Boxing
        Cricket
        Football
        Gaming
        Golf
        Hockey
        Misc Sports
        MMA
        Multi-Sport
        Non-Sport
        Racing
        Soccer
        Tennis
        Wrestling","","",""
1991-92,"Rookies","","","1","Matt DelGuidice ROO, RC"
1991-92,"Rookies","","","20","Tomas Forslund ROO, RC, UER"
1991-92,"Rookies","","","37","Nicklas Lidstrom ROO, RC, UER"
1991-92,"Rookies","","","46","Vladimir Konstantinov ROO, RC"
1991-92,"Rookies","","","47","Josef Beranek ROO, RC"
1991-92,"Rookies","","","56","Michel Picard ROO, RC"
1991-92,"Rookies","","","57","Geoff Sanderson ROO, RC"
1991-92,"Rookies","","","65","Peter Ahola ROO, RC"
1991-92,"Rookies","","","84","John LeClair ROO, RC"
1991-92,"Rookies","","","97","Kevin Todd ROO, RC"
1991-92,"Rookies","","","114","Tony Amonte ROO, RC, UER"
1991-92,"Rookies","","","116","Doug Weight ROO, RC"
1991-92,"Rookies","","","127","Brad Jones RC"
1991-92,"Rookies","","","133","Jim Paek ROO, RC"
1991-92,"Rookies","","","161","Pat MacLeod ROO, RC"
1991-92,"Rookies","","","164","Perry Anderson RC"
1991-92,"Rookies","","","169","Rob Pearson ROO, RC"
1991-92,"Rookies","","","198","Russ Romaniuk ROO, RC"
1991-92,"Rookies","","","229","Glen Murray ROO, RC"
1991-92,"Rookies","","","230","Ted Donato ROO, RC"
1991-92,"Rookies","","","231","Jozef Stumpel ROO, RC, UER"
1991-92,"Rookies","","","232","Stephen Heinze ROO, RC"
1991-92,"Rookies","","","234","Joe Juneau ROO, RC"
1991-92,"Rookies","","","235","Gord Hynes ROO, RC"
1991-92,"Rookies","","","239","Ken Sutton ROO, RC"
1991-92,"Rookies","","","240","Tom Draper ROO, RC"
1991-92,"Rookies","","","248","Alexander Godynyuk ROO, RC"
1991-92,"Rookies","","","251","Chris Lindberg ROO, RC"
1991-92,"Rookies","","","255","Ray LeBlanc RC"
1991-92,"Rookies","","","257","Igor Kravchuk ROO, RC"
1991-92,"Rookies","","","263","Dominik Hasek ROO, RC"
1991-92,"Rookies","","","266","Vyacheslav Kozlov ROO, RC"
1991-92,"Rookies","","","281","Louie DeBrusk ROO, RC"
1991-92,"Rookies","","","282","Norm Maciver RC"
1991-92,"Rookies","","","292","Corey Millen RC"
1991-92,"Rookies","","","294","Mike Donnelly RC"
1991-92,"Rookies","","","295","Kyosti Karjalainen ROO, RC"
1991-92,"Rookies","","","306","Darcy Wakaluk RC"
1991-92,"Rookies","","","313","Gilbert Dionne ROO, RC"
1991-92,"Rookies","","","320","Craig Billington RC"
1991-92,"Rookies","","","323","Alexander Semak ROO, RC"
1991-92,"Rookies","","","324","Valeri Zelepukin ROO, RC"
1991-92,"Rookies","","","326","Scott Lachance ROO, RC"
1991-92,"Rookies","","","327","Marty McInnis ROO, RC"
1991-92,"Rookies","","","343","Mark Freer ROO, RC"
1991-92,"Rookies","","","344","Corey Foster ROO, RC"
1991-92,"Rookies","","","346","Kimbi Daniels ROO, RC"
1991-92,"Rookies","","","355","Shawn McEachern ROO, RC"
1991-92,"Rookies","","","359","Ken Priestlay RC"
1991-92,"Rookies","","","362","Valeri Kamensky ROO, RC"
1991-92,"Rookies","","","364","Alexei Gusarov RC"
1991-92,"Rookies","","","366","Martin Rucinsky ROO, RC"
1991-92,"Rookies","","","370","Claude Lapointe ROO, RC"
1991-92,"Rookies","","","371","Adam Foote ROO, RC"
1991-92,"Rookies","","","375","Philippe Bozon ROO, RC"
1991-92,"Rookies","","","383","Mike Sullivan RC"
1991-92,"Rookies","","","384","David Bruce RC"
1991-92,"Rookies","","","386","Jeff Odgers ROO, RC"
1991-92,"Rookies","","","387","Jay More ROO, RC"
1991-92,"Rookies","","","390","Darryl Shannon RC"
1991-92,"Rookies","","","395","Joe Sacco ROO, RC"
1991-92,"Rookies","","","399","Guy Larose ROO, RC"
1991-92,"Rookies","","","413","Brad Schlegel ROO, RC"
1991-92,"Rookies","","","421","Igor Ulanov ROO, RC"
1991-92,"Rookies","","","422","Evgeny Davydov ROO, RC"
1991-92,"Rookies","","","424","Keith Tkachuk ROO, RC"
1991-92,"Rookies","","","425","Luciano Borsato ROO, RC"
1991-92,"Rookies","","","452","Trent Klatt ROO, RC"
1991-92,"Rookies","","","453","Bill Guerin ROO, RC"
1991-92,"Rookies","","","454","Ray Whitney ROO, RC"
1991-92,"Comments","Baseball
        Basketball
        Boxing
        Cricket
        Football
        Gaming
        Golf
        Hockey
        Misc Sports
        MMA
        Multi-Sport
        Non-Sport
        Racing
        Soccer
        Tennis
        Wrestling","","",""
1991-92,"Comments","Nov 16, 2024 - 12:52AM
WileEDingo	

According to the Hockey Hobbyist, March 1992, there were 12,500 cases of English and 2,500 cases of French produced.","Nov 16, 2024 - 12:52AM
WileEDingo","",""
1991-92,"Packaging","Baseball
        Basketball
        Boxing
        Cricket
        Football
        Gaming
        Golf
        Hockey
        Misc Sports
        MMA
        Multi-Sport
        Non-Sport
        Racing
        Soccer
        Tennis
        Wrestling","","",""
1991-92,"Pricing","Baseball
        Basketball
        Boxing
        Cricket
        Football
        Gaming
        Golf
        Hockey
        Misc Sports
        MMA
        Multi-Sport
        Non-Sport
        Racing
        Soccer
        Tennis
        Wrestling","","",""
1991-92,"Pricing","1","","Matt DelGuidice ROO, RC",""
1991-92,"Pricing","2","","Ken Hodge",""
1991-92,"Pricing","3","","Vladimir Ruzicka UER",""
1991-92,"Pricing","4","","Craig Janney",""
1991-92,"Pricing","5","","Glen Wesley",""
1991-92,"Pricing","6","","Stephen Leach",""
1991-92,"Pricing","7","","Garry Galley",""
1991-92,"Pricing","8","","Andy Moog",""
1991-92,"Pricing","9","","Ray Bourque",""
1991-92,"Pricing","10","","Brad May ROO",""
1991-92,"Pricing","11","","Donald Audette ROO",""
1991-92,"Pricing","12","","Alexander Mogilny",""
1991-92,"Pricing","13","","Randy Wood",""
1991-92,"Pricing","14","","Daren Puppa",""
1991-92,"Pricing","15","","Doug Bodger",""
1991-92,"Pricing","16","","Pat LaFontaine",""
1991-92,"Pricing","17","","Dave Andreychuk",""
1991-92,"Pricing","18","","Dale Hawerchuk",""
1991-92,"Pricing","19","","Mike Ramsey",""
1991-92,"Pricing","20","","Tomas Forslund ROO, RC, UER",""
1991-92,"Pricing","21","","Robert Reichel",""
1991-92,"Pricing","22","","Theoren Fleury",""
1991-92,"Pricing","23","","Joe Nieuwendyk",""
1991-92,"Pricing","24","","Gary Roberts",""
1991-92,"Pricing","25","","Gary Suter",""
1991-92,"Pricing","26","","Doug Gilmour",""
1991-92,"Pricing","27","","Mike Vernon",""
1991-92,"Pricing","28","","Al MacInnis",""
1991-92,"Pricing","29","","Jeremy Roenick",""
1991-92,"Pricing","30","","Ed Belfour",""
1991-92,"Pricing","31","","Steve Smith",""
1991-92,"Pricing","32","","Chris Chelios",""
1991-92,"Pricing","33","","Dirk Graham",""
1991-92,"Pricing","34","","Steve Larmer",""
1991-92,"Pricing","35","","Brent Sutter",""
1991-92,"Pricing","36","","Michel Goulet",""
1991-92,"Pricing","37","","Nicklas Lidstrom ROO, RC, UER",""
1991-92,"Pricing","38","","Sergei Fedorov",""
1991-92,"Pricing","39","","Tim Cheveldae",""
1991-92,"Pricing","40","","Kevin Miller",""
1991-92,"Pricing","41","","Ray Sheppard",""
1991-92,"Pricing","42","","Paul Ysebaert",""
1991-92,"Pricing","43","","Jimmy Carson",""
1991-92,"Pricing","44","","Steve Yzerman",""
1991-92,"Pricing","45","","Shawn Burr",""
1991-92,"Pricing","46","","Vladimir Konstantinov ROO, RC",""
1991-92,"Pricing","47","","Josef Beranek ROO, RC",""
1991-92,"Pricing","48","","Vincent Damphousse",""
1991-92,"Pricing","49","","Dave Manson",""
1991-92,"Pricing","50","","Scott Mellanby",""
1991-92,"Pricing","51","","Kevin Lowe",""
1991-92,"Pricing","52","","Joe Murphy",""
1991-92,"Pricing","53","","Bill Ranford",""
1991-92,"Pricing","54","","Craig Simpson",""
1991-92,"Pricing","55","","Esa Tikkanen",""
1991-92,"Pricing","56","","Michel Picard ROO, RC",""
1991-92,"Pricing","57","","Geoff Sanderson ROO, RC",""
1991-92,"Pricing","58","","Kay Whitmore",""
1991-92,"Pricing","59","","John Cullen",""
1991-92,"Pricing","60","","Rob Brown",""
1991-92,"Pricing","61","","Zarley Zalapski",""
1991-92,"Pricing","62","","Brad Shaw",""
1991-92,"Pricing","63","","Mikael Andersson",""
1991-92,"Pricing","64","","Pat Verbeek",""
1991-92,"Pricing","65","","Peter Ahola ROO, RC",""
1991-92,"Pricing","66","","Tony Granato",""
1991-92,"Pricing","67","","Dave Taylor",""
1991-92,"Pricing","68","","Luc Robitaille",""
1991-92,"Pricing","69","","Marty McSorley",""
1991-92,"Pricing","70","","Tomas Sandstrom",""
1991-92,"Pricing","71","","Kelly Hrudey",""
1991-92,"Pricing","72","","Jari Kurri",""
1991-92,"Pricing","73","","Wayne Gretzky",""
1991-92,"Pricing","74","","Larry Robinson",""
1991-92,"Pricing","75","","Derian Hatcher ROO",""
1991-92,"Pricing","76","","Ulf Dahlen",""
1991-92,"Pricing","77","","Jon Casey",""
1991-92,"Pricing","78","","Dave Gagner",""
1991-92,"Pricing","79","","Brian Bellows",""
1991-92,"Pricing","80","","Neal Broten",""
1991-92,"Pricing","81","","Mike Modano",""
1991-92,"Pricing","82","","Brian Propp",""
1991-92,"Pricing","83","","Bobby Smith",""
1991-92,"Pricing","84","","John LeClair ROO, RC",""
1991-92,"Pricing","85","","Eric Desjardins",""
1991-92,"Pricing","86","","Shayne Corson",""
1991-92,"Pricing","87","","Stephan Lebeau",""
1991-92,"Pricing","88","","Matt Schneider",""
1991-92,"Pricing","89","","Kirk Muller",""
1991-92,"Pricing","90","","Patrick Roy",""
1991-92,"Pricing","91","","Sylvain Turgeon",""
1991-92,"Pricing","92","","Guy Carbonneau",""
1991-92,"Pricing","93","","Denis Savard",""
1991-92,"Pricing","94","","Scott Niedermayer ROO",""
1991-92,"Pricing","95","","Tom Chorske",""
1991-92,"Pricing","96","","Viacheslav Fetisov",""
1991-92,"Pricing","97","","Kevin Todd ROO, RC",""
1991-92,"Pricing","98","","Chris Terreri",""
1991-92,"Pricing","99","","David Maley",""
1991-92,"Pricing","100","","Stephane Richer",""
1991-92,"Sell Sheets / Ads","Baseball
        Basketball
        Boxing
        Cricket
        Football
        Gaming
        Golf
        Hockey
        Misc Sports
        MMA
        Multi-Sport
        Non-Sport
        Racing
        Soccer
        Tennis
        Wrestling","","",""
1991-92,"Trivia","Baseball
        Basketball
        Boxing
        Cricket
        Football
        Gaming
        Golf
        Hockey
        Misc Sports
        MMA
        Multi-Sport
        Non-Sport
        Racing
        Soccer
        Tennis
        Wrestling","","",""
1991-92,"Videos","Baseball
        Basketball
        Boxing
        Cricket
        Football
        Gaming
        Golf
        Hockey
        Misc Sports
        MMA
        Multi-Sport
        Non-Sport
        Racing
        Soccer
        Tennis
        Wrestling","","",""
1991-92,"Videos","Posted by: JunkWaxSal
Sep 19, 2022 - 6:42PM","Posted by: JunkWaxSal
Sep 19, 2022 - 6:42PM","",""
1991-92,"External Links","Baseball
        Basketball
        Boxing
        Cricket
        Football
        Gaming
        Golf
        Hockey
        Misc Sports
        MMA
        Multi-Sport
        Non-Sport
        Racing
        Soccer
        Tennis
        Wrestling","","",""
1991-92,"Contributors","Baseball
        Basketball
        Boxing
        Cricket
        Football
        Gaming
        Golf
        Hockey
        Misc Sports
        MMA
        Multi-Sport
        Non-Sport
        Racing
        Soccer
        Tennis
        Wrestling","","",""
1991-92,"Contributors","Member	Total
1.	gb24	777
2.	reakins	48
3.	DanD	35
4.	Gunny	32
5.	NJDevils	32
6.	PapaG321	8
7.	rds332000	8
8.	rosconiner1	4
9.	AVAYA	2
10.	Quintessence	2
11.	johnnydc	2
12.	avsbruins65	1
13.	dobbie	1","","Member","Total"
1991-92,"Contributors","","Member","Total",""
1991-92,"Contributors","1.","gb24","777",""
1991-92,"Contributors","2.","reakins","48",""
1991-92,"Contributors","3.","DanD","35",""
1991-92,"Contributors","4.","Gunny","32",""
1991-92,"Contributors","5.","NJDevils","32",""
1991-92,"Contributors","6.","PapaG321","8",""
1991-92,"Contributors","7.","rds332000","8",""
1991-92,"Contributors","8.","rosconiner1","4",""
1991-92,"Contributors","9.","AVAYA","2",""
1991-92,"Contributors","10.","Quintessence","2",""
1991-92,"Contributors","11.","johnnydc","2",""
1991-92,"Contributors","12.","avsbruins65","1",""
1991-92,"Contributors","13.","dobbie","1",""
1991-92,"Contributors","Member	Total
1.	WileEDingo	1","","Member","Total"
1991-92,"Contributors","","Member","Total",""
1991-92,"Contributors","1.","WileEDingo","1",""
1991-92,"Contributors","Member	Total
1.	Billy Kingsley	5
2.	reakins	4
3.	AVAYA	1
4.	Ballfan	1
5.	ThatCardPerson	1","","Member","Total"
1991-92,"Contributors","","Member","Total",""
1991-92,"Contributors","1.","Billy Kingsley","5",""
1991-92,"Contributors","2.","reakins","4",""
1991-92,"Contributors","3.","AVAYA","1",""
1991-92,"Contributors","4.","Ballfan","1",""
1991-92,"Contributors","5.","ThatCardPerson","1",""
1991-92,"Contributors","Member	Total
1.	DaClyde	1","","Member","Total"
1991-92,"Contributors","","Member","Total",""
1991-92,"Contributors","1.","DaClyde","1",""
1991-92,"Contributors","Member	Total
1.	dollar guy	2
2.	reakins	1
3.	richardson	1","","Member","Total"
1991-92,"Contributors","","Member","Total",""
1991-92,"Contributors","1.","dollar guy","2",""
1991-92,"Contributors","2.","reakins","1",""
1991-92,"Contributors","3.","richardson","1",""
1991-92,"Contributors","Member	Total
1.	JunkWaxSal	1","","Member","Total"
1991-92,"Contributors","","Member","Total",""
1991-92,"Contributors","1.","JunkWaxSal","1",""
1991-92,"Contributors","Member	Total
1.	Divchemsvc	1
2.	PuckJunk	1","","Member","Total"
1991-92,"Contributors","","Member","Total",""
1991-92,"Contributors","1.","Divchemsvc","1",""
1991-92,"Contributors","2.","PuckJunk","1",""
1991-92,"Glossary","Baseball
        Basketball
        Boxing
        Cricket
        Football
        Gaming
        Golf
        Hockey
        Misc Sports
        MMA
        Multi-Sport
        Non-Sport
        Racing
        Soccer
        Tennis
        Wrestling","","",""
1991-92,"Gallery","Baseball
        Basketball
        Boxing
        Cricket
        Football
        Gaming
        Golf
        Hockey
        Misc Sports
        MMA
        Multi-Sport
        Non-Sport
        Racing
        Soccer
        Tennis
        Wrestling","","",""
1991-92,"Card Rankings","Baseball
        Basketball
        Boxing
        Cricket
        Football
        Gaming
        Golf
        Hockey
        Misc Sports
        MMA
        Multi-Sport
        Non-Sport
        Racing
        Soccer
        Tennis
        Wrestling","","",""
1991-92,"Card Rankings","1.","","",""
1991-92,"Card Rankings","2.","","",""
1991-92,"Card Rankings","3.","","",""
1991-92,"Card Rankings","4.","","",""
1991-92,"Card Rankings","5.","","",""
1991-92,"Card Rankings","6.","","",""
1991-92,"Card Rankings","7.","","",""
1991-92,"Card Rankings","8.","","",""
1991-92,"Card Rankings","9.","","",""
1991-92,"Card Rankings","10.","","",""
1991-92,"Card Rankings","11.","","",""
1991-92,"Card Rankings","12.","","",""
1991-92,"Card Rankings","13.","","",""
1991-92,"Card Rankings","14.","","",""
1991-92,"Card Rankings","15.","","",""
1991-92,"Card Rankings","16.","","",""
1991-92,"Card Rankings","17.","","",""
1991-92,"Card Rankings","18.","","",""
1991-92,"Card Rankings","19.","","",""
1991-92,"Card Rankings","20.","","",""
1991-92,"Card Rankings","21.","","",""
1991-92,"Card Rankings","22.","","",""
1991-92,"Card Rankings","23.","","",""
1991-92,"Card Rankings","24.","","",""
1991-92,"Card Rankings","25.","","",""
1991-92,"Card Rankings","26.","","",""
1991-92,"Card Rankings","27.","","",""
1991-92,"Card Rankings","28.","","",""
1991-92,"Card Rankings","29.","","",""
1991-92,"Card Rankings","30.","","",""
1991-92,"Card Rankings","31.","","",""
1991-92,"Card Rankings","32.","","",""
1991-92,"Card Rankings","33.","","",""
1991-92,"Card Rankings","34.","","",""
1991-92,"Card Rankings","35.","","",""
1991-92,"Card Rankings","36.","","",""
1991-92,"Card Rankings","37.","","",""
1991-92,"Card Rankings","38.","","",""
1991-92,"Card Rankings","39.","","",""
1991-92,"Card Rankings","40.","","",""
1991-92,"Card Rankings","41.","","",""
1991-92,"Card Rankings","42.","","",""
1991-92,"Card Rankings","43.","","",""
1991-92,"Card Rankings","44.","","",""
1991-92,"Card Rankings","45.","","",""
1991-92,"Card Rankings","46.","","",""
1991-92,"Card Rankings","47.","","",""
1991-92,"Card Rankings","48.","","",""
1991-92,"Card Rankings","49.","","",""
1991-92,"Card Rankings","50.","","",""
1991-92,"Card Rankings","51.","","",""
1991-92,"Card Rankings","52.","","",""
1991-92,"Card Rankings","53.","","",""
1991-92,"Card Rankings","54.","","",""
1991-92,"Card Rankings","55.","","",""
1991-92,"Card Rankings","56.","","",""
1991-92,"Card Rankings","57.","","",""
1991-92,"Card Rankings","58.","","",""
1991-92,"Card Rankings","59.","","",""
1991-92,"Card Rankings","60.","","",""
1991-92,"Card Rankings","61.","","",""
1991-92,"Card Rankings","62.","","",""
1991-92,"Card Rankings","63.","","",""
1991-92,"Card Rankings","64.","","",""
1991-92,"Card Rankings","65.","","",""
1991-92,"Card Rankings","66.","","",""
1991-92,"Card Rankings","67.","","",""
1991-92,"Card Rankings","68.","","",""
1991-92,"Card Rankings","69.","","",""
1991-92,"Card Rankings","70.","","",""
1991-92,"Card Rankings","71.","","",""
1991-92,"Card Rankings","72.","","",""
1991-92,"Card Rankings","73.","","",""
1991-92,"Card Rankings","74.","","",""
1991-92,"Card Rankings","75.","","",""
1991-92,"Card Rankings","76.","","",""
1991-92,"Card Rankings","77.","","",""
1991-92,"Card Rankings","78.","","",""
1991-92,"Card Rankings","79.","","",""
1991-92,"Card Rankings","80.","","",""
1991-92,"Card Rankings","81.","","",""
1991-92,"Card Rankings","82.","","",""
1991-92,"Card Rankings","83.","","",""
1991-92,"Card Rankings","84.","","",""
1991-92,"Card Rankings","85.","","",""
1991-92,"Card Rankings","86.","","",""
1991-92,"Card Rankings","87.","","",""
1991-92,"Card Rankings","88.","","",""
1991-92,"Card Rankings","89.","","",""
1991-92,"Card Rankings","90.","","",""
1991-92,"Card Rankings","91.","","",""
1991-92,"Card Rankings","92.","","",""
1991-92,"Card Rankings","93.","","",""
1991-92,"Card Rankings","94.","","",""
1991-92,"Card Rankings","95.","","",""
1991-92,"Card Rankings","96.","","",""
1991-92,"Card Rankings","97.","","",""
1991-92,"Card Rankings","98.","","",""
1991-92,"Card Rankings","99.","","",""
1991-92,"Card Rankings","100.","","",""
1991-92,"Collection Summary","Baseball
        Basketball
        Boxing
        Cricket
        Football
        Gaming
        Golf
        Hockey
        Misc Sports
        MMA
        Multi-Sport
        Non-Sport
        Racing
        Soccer
        Tennis
        Wrestling","","",""
1991-92,"NNO","Baseball
        Basketball
        Boxing
        Cricket
        Football
        Gaming
        Golf
        Hockey
        Misc Sports
        MMA
        Multi-Sport
        Non-Sport
        Racing
        Soccer
        Tennis
        Wrestling","","",""
1991-92,"NNO","Share
Facebook
X
Copy Link
Email
Message","Share
Facebook
X
Copy Link
Email
Message","",""
1991-92,"Collectibles","Baseball
        Basketball
        Boxing
        Cricket
        Football
        Gaming
        Golf
        Hockey
        Misc Sports
        MMA
        Multi-Sport
        Non-Sport
        Racing
        Soccer
        Tennis
        Wrestling","","",""
1991-92,"Collectibles","","","",""
1991-92,"Collectibles","","","",""
1991-92,"Collectibles","","","",""
1991-92,"Collectibles","","","",""
1991-92,"Collectibles","","","",""
1991-92,"Collectibles","","","",""
1991-92,"Collectibles","","","",""
1991-92,"Collectibles","","","",""
1991-92,"Collectibles","","","",""
1991-92,"Prototypes","Baseball
        Basketball
        Boxing
        Cricket
        Football
        Gaming
        Golf
        Hockey
        Misc Sports
        MMA
        Multi-Sport
        Non-Sport
        Racing
        Soccer
        Tennis
        Wrestling","","",""
1991-92,"Prototypes","","","",""
1991-92,"Prototypes","","","",""
1991-92,"Base Set","Baseball
        Basketball
        Boxing
        Cricket
        Football
        Gaming
        Golf
        Hockey
        Misc Sports
        MMA
        Multi-Sport
        Non-Sport
        Racing
        Soccer
        Tennis
        Wrestling","","",""
1991-92,"Base Set","","","",""
1991-92,"Base Set","","","",""
1991-92,"Base Set","","","",""
1991-92,"Base Set","","","",""
1991-92,"Base Set","","","",""
1991-92,"Base Set","","","",""
1991-92,"Base Set","","","",""
1991-92,"Base Set","","","",""
1991-92,"Base Set","","","",""
1991-92,"Base Set","","","",""
1991-92,"Base Set","","","",""
1991-92,"Base Set","","","",""
1991-92,"Base Set","","","",""
1991-92,"Base Set","","","",""
1991-92,"Base Set","","","",""
1991-92,"Base Set","","","",""
1991-92,"Base Set","","","",""
1991-92,"Base Set","","","",""
1991-92,"Base Set","","","",""
1991-92,"Base Set","","","",""
1991-92,"Base Set","","","",""
1991-92,"Base Set","","","",""
1991-92,"Base Set","","","",""
1991-92,"Base Set","","","",""
1991-92,"Base Set","","","",""
1991-92,"Base Set","","","",""
1991-92,"Base Set","","","",""
1991-92,"Base Set","","","",""
1991-92,"Base Set","","","",""
1991-92,"Base Set","","","",""
1991-92,"Base Set","","","",""
1991-92,"Base Set","","","",""
1991-92,"Base Set","","","",""
1991-92,"Base Set","","","",""
1991-92,"Base Set","","","",""
1991-92,"Base Set","","","",""
1991-92,"Base Set","","","",""
1991-92,"Base Set","","","",""
1991-92,"Base Set","","","",""
1991-92,"Base Set","","","",""
1991-92,"Base Set","","","",""
1991-92,"Base Set","","","",""
1991-92,"Base Set","","","",""
1991-92,"Base Set","","","",""
1991-92,"Base Set","","","",""
1991-92,"Base Set","","","",""
1991-92,"Base Set","","","",""
1991-92,"Base Set","","","",""
1991-92,"Base Set","","","",""
1991-92,"Base Set","","","",""
1991-92,"Base Set","","","",""
1991-92,"Base Set","","","",""
1991-92,"Base Set","","","",""
1991-92,"Base Set","","","",""
1991-92,"Base Set","","","",""
1991-92,"Base Set","","","",""
1991-92,"Base Set","","","",""
1991-92,"Base Set","","","",""
1991-92,"Base Set","","","",""
1991-92,"Base Set","","","",""
1991-92,"Base Set","","","",""
1991-92,"Base Set","","","",""
1991-92,"Base Set","","","",""
1991-92,"Base Set","","","",""
1991-92,"Base Set","","","",""
1991-92,"Base Set","","","",""
1991-92,"Base Set","","","",""
1991-92,"Base Set","","","",""
1991-92,"Base Set","","","",""
1991-92,"Base Set","","","",""
1991-92,"Base Set","","","",""
1991-92,"Base Set","","","",""
1991-92,"Base Set","","","",""
1991-92,"Base Set","","","",""
1991-92,"Base Set","","","",""
1991-92,"Base Set","","","",""
1991-92,"Base Set","","","",""
1991-92,"Base Set","","","",""
1991-92,"Base Set","","","",""
1991-92,"Base Set","","","",""
1991-92,"Base Set","","","",""
1991-92,"Base Set","","","",""
1991-92,"Base Set","","","",""
1991-92,"Base Set","","","",""
1991-92,"Base Set","","","",""
1991-92,"Base Set","","","",""
1991-92,"Base Set","","","",""
1991-92,"Base Set","","","",""
1991-92,"Base Set","","","",""
1991-92,"Base Set","","","",""
1991-92,"Base Set","","","",""
1991-92,"Base Set","","","",""
1991-92,"Base Set","","","",""
1991-92,"Base Set","","","",""
1991-92,"Base Set","","","",""
1991-92,"Base Set","","","",""
1991-92,"Base Set","","","",""
1991-92,"Base Set","","","",""
1991-92,"Base Set","","","",""
1991-92,"Base Set","","","",""
